ISO-10303-21;
HEADER;
/* Generated by software containing ST-Developer
 * from STEP Tools, Inc. (www.steptools.com) 
 */

FILE_DESCRIPTION(
/* description */ (''),
/* implementation_level */ '2;1');

FILE_NAME(
/* name */ 'GB Printhead V3.1 Ender 3 mounting plate Cad.step',
/* time_stamp */ '2025-10-08T20:14:42+02:00',
/* author */ (''),
/* organization */ (''),
/* preprocessor_version */ 'ST-DEVELOPER v20.1',
/* originating_system */ 'Autodesk Translation Framework v14.17.0.0',
/* authorisation */ '');

FILE_SCHEMA (('AUTOMOTIVE_DESIGN { 1 0 10303 214 3 1 1 }'));
ENDSEC;

DATA;
#10=MECHANICAL_DESIGN_GEOMETRIC_PRESENTATION_REPRESENTATION('',(#117,#118,
#119,#120,#121,#122,#123,#124,#125,#126,#127,#128,#129,#130,#131,#132,#133,
#134,#135,#136,#137,#138,#139,#140,#141),#8209);
#11=ITEM_DEFINED_TRANSFORMATION($,$,#4929,#5195);
#12=ITEM_DEFINED_TRANSFORMATION($,$,#5154,#5196);
#13=ITEM_DEFINED_TRANSFORMATION($,$,#5052,#5197);
#14=ITEM_DEFINED_TRANSFORMATION($,$,#5115,#5198);
#15=ITEM_DEFINED_TRANSFORMATION($,$,#5029,#5199);
#16=ITEM_DEFINED_TRANSFORMATION($,$,#5102,#5200);
#17=ITEM_DEFINED_TRANSFORMATION($,$,#5052,#5201);
#18=ITEM_DEFINED_TRANSFORMATION($,$,#5115,#5202);
#19=ITEM_DEFINED_TRANSFORMATION($,$,#5052,#5203);
#20=ITEM_DEFINED_TRANSFORMATION($,$,#5102,#5204);
#21=ITEM_DEFINED_TRANSFORMATION($,$,#5115,#5205);
#22=ITEM_DEFINED_TRANSFORMATION($,$,#5154,#5206);
#23=ITEM_DEFINED_TRANSFORMATION($,$,#5154,#5207);
#24=ITEM_DEFINED_TRANSFORMATION($,$,#4928,#5208);
#25=ITEM_DEFINED_TRANSFORMATION($,$,#4927,#5380);
#26=(
REPRESENTATION_RELATIONSHIP($,$,#8250,#8249)
REPRESENTATION_RELATIONSHIP_WITH_TRANSFORMATION(#11)
SHAPE_REPRESENTATION_RELATIONSHIP()
);
#27=(
REPRESENTATION_RELATIONSHIP($,$,#8255,#8249)
REPRESENTATION_RELATIONSHIP_WITH_TRANSFORMATION(#12)
SHAPE_REPRESENTATION_RELATIONSHIP()
);
#28=(
REPRESENTATION_RELATIONSHIP($,$,#8252,#8249)
REPRESENTATION_RELATIONSHIP_WITH_TRANSFORMATION(#13)
SHAPE_REPRESENTATION_RELATIONSHIP()
);
#29=(
REPRESENTATION_RELATIONSHIP($,$,#8254,#8249)
REPRESENTATION_RELATIONSHIP_WITH_TRANSFORMATION(#14)
SHAPE_REPRESENTATION_RELATIONSHIP()
);
#30=(
REPRESENTATION_RELATIONSHIP($,$,#8251,#8249)
REPRESENTATION_RELATIONSHIP_WITH_TRANSFORMATION(#15)
SHAPE_REPRESENTATION_RELATIONSHIP()
);
#31=(
REPRESENTATION_RELATIONSHIP($,$,#8253,#8249)
REPRESENTATION_RELATIONSHIP_WITH_TRANSFORMATION(#16)
SHAPE_REPRESENTATION_RELATIONSHIP()
);
#32=(
REPRESENTATION_RELATIONSHIP($,$,#8252,#8249)
REPRESENTATION_RELATIONSHIP_WITH_TRANSFORMATION(#17)
SHAPE_REPRESENTATION_RELATIONSHIP()
);
#33=(
REPRESENTATION_RELATIONSHIP($,$,#8254,#8249)
REPRESENTATION_RELATIONSHIP_WITH_TRANSFORMATION(#18)
SHAPE_REPRESENTATION_RELATIONSHIP()
);
#34=(
REPRESENTATION_RELATIONSHIP($,$,#8252,#8249)
REPRESENTATION_RELATIONSHIP_WITH_TRANSFORMATION(#19)
SHAPE_REPRESENTATION_RELATIONSHIP()
);
#35=(
REPRESENTATION_RELATIONSHIP($,$,#8253,#8249)
REPRESENTATION_RELATIONSHIP_WITH_TRANSFORMATION(#20)
SHAPE_REPRESENTATION_RELATIONSHIP()
);
#36=(
REPRESENTATION_RELATIONSHIP($,$,#8254,#8249)
REPRESENTATION_RELATIONSHIP_WITH_TRANSFORMATION(#21)
SHAPE_REPRESENTATION_RELATIONSHIP()
);
#37=(
REPRESENTATION_RELATIONSHIP($,$,#8255,#8249)
REPRESENTATION_RELATIONSHIP_WITH_TRANSFORMATION(#22)
SHAPE_REPRESENTATION_RELATIONSHIP()
);
#38=(
REPRESENTATION_RELATIONSHIP($,$,#8255,#8249)
REPRESENTATION_RELATIONSHIP_WITH_TRANSFORMATION(#23)
SHAPE_REPRESENTATION_RELATIONSHIP()
);
#39=(
REPRESENTATION_RELATIONSHIP($,$,#8249,#8248)
REPRESENTATION_RELATIONSHIP_WITH_TRANSFORMATION(#24)
SHAPE_REPRESENTATION_RELATIONSHIP()
);
#40=(
REPRESENTATION_RELATIONSHIP($,$,#8248,#8247)
REPRESENTATION_RELATIONSHIP_WITH_TRANSFORMATION(#25)
SHAPE_REPRESENTATION_RELATIONSHIP()
);
#41=CONTEXT_DEPENDENT_SHAPE_REPRESENTATION(#26,#8232);
#42=CONTEXT_DEPENDENT_SHAPE_REPRESENTATION(#27,#8233);
#43=CONTEXT_DEPENDENT_SHAPE_REPRESENTATION(#28,#8234);
#44=CONTEXT_DEPENDENT_SHAPE_REPRESENTATION(#29,#8235);
#45=CONTEXT_DEPENDENT_SHAPE_REPRESENTATION(#30,#8236);
#46=CONTEXT_DEPENDENT_SHAPE_REPRESENTATION(#31,#8237);
#47=CONTEXT_DEPENDENT_SHAPE_REPRESENTATION(#32,#8238);
#48=CONTEXT_DEPENDENT_SHAPE_REPRESENTATION(#33,#8239);
#49=CONTEXT_DEPENDENT_SHAPE_REPRESENTATION(#34,#8240);
#50=CONTEXT_DEPENDENT_SHAPE_REPRESENTATION(#35,#8241);
#51=CONTEXT_DEPENDENT_SHAPE_REPRESENTATION(#36,#8242);
#52=CONTEXT_DEPENDENT_SHAPE_REPRESENTATION(#37,#8243);
#53=CONTEXT_DEPENDENT_SHAPE_REPRESENTATION(#38,#8244);
#54=CONTEXT_DEPENDENT_SHAPE_REPRESENTATION(#39,#8245);
#55=CONTEXT_DEPENDENT_SHAPE_REPRESENTATION(#40,#8246);
#56=NEXT_ASSEMBLY_USAGE_OCCURRENCE('Mounting plate:1',
'Mounting plate:1','Mounting plate:1',#8259,#8260,'Mounting plate:1');
#57=NEXT_ASSEMBLY_USAGE_OCCURRENCE('m5 nut:1','m5 nut:1','m5 nut:1',#8259,
#8265,'m5 nut:1');
#58=NEXT_ASSEMBLY_USAGE_OCCURRENCE('M5x30:1','M5x30:1','M5x30:1',#8259,
#8262,'M5x30:1');
#59=NEXT_ASSEMBLY_USAGE_OCCURRENCE('rubber wheel:1','rubber wheel:1',
'rubber wheel:1',#8259,#8264,'rubber wheel:1');
#60=NEXT_ASSEMBLY_USAGE_OCCURRENCE('wheel tensioner:1',
'wheel tensioner:1','wheel tensioner:1',#8259,#8261,'wheel tensioner:1');
#61=NEXT_ASSEMBLY_USAGE_OCCURRENCE('wheel standoff:1',
'wheel standoff:1','wheel standoff:1',#8259,#8263,'wheel standoff:1');
#62=NEXT_ASSEMBLY_USAGE_OCCURRENCE('M5x30:2','M5x30:2','M5x30:2',#8259,
#8262,'M5x30:2');
#63=NEXT_ASSEMBLY_USAGE_OCCURRENCE('rubber wheel:2','rubber wheel:2',
'rubber wheel:2',#8259,#8264,'rubber wheel:2');
#64=NEXT_ASSEMBLY_USAGE_OCCURRENCE('M5x30:3','M5x30:3','M5x30:3',#8259,
#8262,'M5x30:3');
#65=NEXT_ASSEMBLY_USAGE_OCCURRENCE('wheel standoff:2',
'wheel standoff:2','wheel standoff:2',#8259,#8263,'wheel standoff:2');
#66=NEXT_ASSEMBLY_USAGE_OCCURRENCE('rubber wheel:3','rubber wheel:3',
'rubber wheel:3',#8259,#8264,'rubber wheel:3');
#67=NEXT_ASSEMBLY_USAGE_OCCURRENCE('m5 nut:2','m5 nut:2','m5 nut:2',#8259,
#8265,'m5 nut:2');
#68=NEXT_ASSEMBLY_USAGE_OCCURRENCE('m5 nut:3','m5 nut:3','m5 nut:3',#8259,
#8265,'m5 nut:3');
#69=NEXT_ASSEMBLY_USAGE_OCCURRENCE('Ender 3 x carriage (1):1',
'Ender 3 x carriage (1):1','Ender 3 x carriage (1):1',#8258,#8259,
'Ender 3 x carriage (1):1');
#70=NEXT_ASSEMBLY_USAGE_OCCURRENCE('Ender 3 x carriage:1',
'Ender 3 x carriage:1','Ender 3 x carriage:1',#8257,#8258,
'Ender 3 x carriage:1');
#71=(
BOUNDED_CURVE()
B_SPLINE_CURVE(2,(#7374,#7375,#7376),.UNSPECIFIED.,.F.,.F.)
B_SPLINE_CURVE_WITH_KNOTS((3,3),(0.234283887510097,0.468567775020194),
 .UNSPECIFIED.)
CURVE()
GEOMETRIC_REPRESENTATION_ITEM()
RATIONAL_B_SPLINE_CURVE((1.,1.03795484930204,1.))
REPRESENTATION_ITEM('')
);
#72=(
BOUNDED_CURVE()
B_SPLINE_CURVE(2,(#7377,#7378,#7379),.UNSPECIFIED.,.F.,.F.)
B_SPLINE_CURVE_WITH_KNOTS((3,3),(0.,0.234283887510098),.UNSPECIFIED.)
CURVE()
GEOMETRIC_REPRESENTATION_ITEM()
RATIONAL_B_SPLINE_CURVE((1.,1.03795484930204,1.))
REPRESENTATION_ITEM('')
);
#73=(
BOUNDED_CURVE()
B_SPLINE_CURVE(2,(#7382,#7383,#7384),.UNSPECIFIED.,.F.,.F.)
B_SPLINE_CURVE_WITH_KNOTS((3,3),(0.,0.234283887510097),.UNSPECIFIED.)
CURVE()
GEOMETRIC_REPRESENTATION_ITEM()
RATIONAL_B_SPLINE_CURVE((1.,1.03795484930204,1.))
REPRESENTATION_ITEM('')
);
#74=(
BOUNDED_CURVE()
B_SPLINE_CURVE(2,(#7385,#7386,#7387),.UNSPECIFIED.,.F.,.F.)
B_SPLINE_CURVE_WITH_KNOTS((3,3),(0.234283887510098,0.468567775020195),
 .UNSPECIFIED.)
CURVE()
GEOMETRIC_REPRESENTATION_ITEM()
RATIONAL_B_SPLINE_CURVE((1.,1.03795484930206,1.))
REPRESENTATION_ITEM('')
);
#75=(
BOUNDED_CURVE()
B_SPLINE_CURVE(2,(#7390,#7391,#7392),.UNSPECIFIED.,.F.,.F.)
B_SPLINE_CURVE_WITH_KNOTS((3,3),(0.234283887510097,0.468567775020195),
 .UNSPECIFIED.)
CURVE()
GEOMETRIC_REPRESENTATION_ITEM()
RATIONAL_B_SPLINE_CURVE((1.,1.03795484930204,1.))
REPRESENTATION_ITEM('')
);
#76=(
BOUNDED_CURVE()
B_SPLINE_CURVE(2,(#7393,#7394,#7395),.UNSPECIFIED.,.F.,.F.)
B_SPLINE_CURVE_WITH_KNOTS((3,3),(0.,0.234283887510097),.UNSPECIFIED.)
CURVE()
GEOMETRIC_REPRESENTATION_ITEM()
RATIONAL_B_SPLINE_CURVE((1.,1.03795484930204,1.))
REPRESENTATION_ITEM('')
);
#77=(
BOUNDED_CURVE()
B_SPLINE_CURVE(2,(#7398,#7399,#7400),.UNSPECIFIED.,.F.,.F.)
B_SPLINE_CURVE_WITH_KNOTS((3,3),(0.,0.234283887510097),.UNSPECIFIED.)
CURVE()
GEOMETRIC_REPRESENTATION_ITEM()
RATIONAL_B_SPLINE_CURVE((1.,1.03795484930205,1.))
REPRESENTATION_ITEM('')
);
#78=(
BOUNDED_CURVE()
B_SPLINE_CURVE(2,(#7401,#7402,#7403),.UNSPECIFIED.,.F.,.F.)
B_SPLINE_CURVE_WITH_KNOTS((3,3),(0.234283887510097,0.468567775020193),
 .UNSPECIFIED.)
CURVE()
GEOMETRIC_REPRESENTATION_ITEM()
RATIONAL_B_SPLINE_CURVE((1.,1.03795484930205,1.))
REPRESENTATION_ITEM('')
);
#79=(
BOUNDED_CURVE()
B_SPLINE_CURVE(2,(#7406,#7407,#7408),.UNSPECIFIED.,.F.,.F.)
B_SPLINE_CURVE_WITH_KNOTS((3,3),(0.234283887510097,0.468567775020195),
 .UNSPECIFIED.)
CURVE()
GEOMETRIC_REPRESENTATION_ITEM()
RATIONAL_B_SPLINE_CURVE((1.,1.03795484930204,1.))
REPRESENTATION_ITEM('')
);
#80=(
BOUNDED_CURVE()
B_SPLINE_CURVE(2,(#7409,#7410,#7411),.UNSPECIFIED.,.F.,.F.)
B_SPLINE_CURVE_WITH_KNOTS((3,3),(0.,0.234283887510097),.UNSPECIFIED.)
CURVE()
GEOMETRIC_REPRESENTATION_ITEM()
RATIONAL_B_SPLINE_CURVE((1.,1.03795484930204,1.))
REPRESENTATION_ITEM('')
);
#81=(
BOUNDED_CURVE()
B_SPLINE_CURVE(2,(#7414,#7415,#7416),.UNSPECIFIED.,.F.,.F.)
B_SPLINE_CURVE_WITH_KNOTS((3,3),(0.234283887510097,0.468567775020194),
 .UNSPECIFIED.)
CURVE()
GEOMETRIC_REPRESENTATION_ITEM()
RATIONAL_B_SPLINE_CURVE((1.,1.03795484930206,1.))
REPRESENTATION_ITEM('')
);
#82=(
BOUNDED_CURVE()
B_SPLINE_CURVE(2,(#7417,#7418,#7419),.UNSPECIFIED.,.F.,.F.)
B_SPLINE_CURVE_WITH_KNOTS((3,3),(0.,0.234283887510097),.UNSPECIFIED.)
CURVE()
GEOMETRIC_REPRESENTATION_ITEM()
RATIONAL_B_SPLINE_CURVE((1.,1.03795484930205,1.))
REPRESENTATION_ITEM('')
);
#83=(
BOUNDED_CURVE()
B_SPLINE_CURVE(2,(#7422,#7423,#7424),.UNSPECIFIED.,.F.,.F.)
B_SPLINE_CURVE_WITH_KNOTS((3,3),(0.,0.234283887510098),.UNSPECIFIED.)
CURVE()
GEOMETRIC_REPRESENTATION_ITEM()
RATIONAL_B_SPLINE_CURVE((1.,1.03795484930205,1.))
REPRESENTATION_ITEM('')
);
#84=(
BOUNDED_CURVE()
B_SPLINE_CURVE(2,(#7425,#7426,#7427),.UNSPECIFIED.,.F.,.F.)
B_SPLINE_CURVE_WITH_KNOTS((3,3),(0.234283887510097,0.468567775020195),
 .UNSPECIFIED.)
CURVE()
GEOMETRIC_REPRESENTATION_ITEM()
RATIONAL_B_SPLINE_CURVE((1.,1.03795484930205,1.))
REPRESENTATION_ITEM('')
);
#85=(
BOUNDED_CURVE()
B_SPLINE_CURVE(2,(#7430,#7431,#7432),.UNSPECIFIED.,.F.,.F.)
B_SPLINE_CURVE_WITH_KNOTS((3,3),(0.234283887510097,0.468567775020193),
 .UNSPECIFIED.)
CURVE()
GEOMETRIC_REPRESENTATION_ITEM()
RATIONAL_B_SPLINE_CURVE((1.,1.03795484930203,1.))
REPRESENTATION_ITEM('')
);
#86=(
BOUNDED_CURVE()
B_SPLINE_CURVE(2,(#7433,#7434,#7435),.UNSPECIFIED.,.F.,.F.)
B_SPLINE_CURVE_WITH_KNOTS((3,3),(0.,0.234283887510097),.UNSPECIFIED.)
CURVE()
GEOMETRIC_REPRESENTATION_ITEM()
RATIONAL_B_SPLINE_CURVE((1.,1.03795484930203,1.))
REPRESENTATION_ITEM('')
);
#87=(
BOUNDED_CURVE()
B_SPLINE_CURVE(2,(#7438,#7439,#7440),.UNSPECIFIED.,.F.,.F.)
B_SPLINE_CURVE_WITH_KNOTS((3,3),(0.,0.234283887510097),.UNSPECIFIED.)
CURVE()
GEOMETRIC_REPRESENTATION_ITEM()
RATIONAL_B_SPLINE_CURVE((1.,1.03795484930204,1.))
REPRESENTATION_ITEM('')
);
#88=(
BOUNDED_CURVE()
B_SPLINE_CURVE(2,(#7441,#7442,#7443),.UNSPECIFIED.,.F.,.F.)
B_SPLINE_CURVE_WITH_KNOTS((3,3),(0.234283887510098,0.468567775020195),
 .UNSPECIFIED.)
CURVE()
GEOMETRIC_REPRESENTATION_ITEM()
RATIONAL_B_SPLINE_CURVE((1.,1.03795484930203,1.))
REPRESENTATION_ITEM('')
);
#89=(
BOUNDED_CURVE()
B_SPLINE_CURVE(2,(#7446,#7447,#7448),.UNSPECIFIED.,.F.,.F.)
B_SPLINE_CURVE_WITH_KNOTS((3,3),(0.,0.234283887510097),.UNSPECIFIED.)
CURVE()
GEOMETRIC_REPRESENTATION_ITEM()
RATIONAL_B_SPLINE_CURVE((1.,1.03795484930204,1.))
REPRESENTATION_ITEM('')
);
#90=(
BOUNDED_CURVE()
B_SPLINE_CURVE(2,(#7449,#7450,#7451),.UNSPECIFIED.,.F.,.F.)
B_SPLINE_CURVE_WITH_KNOTS((3,3),(0.234283887510097,0.468567775020195),
 .UNSPECIFIED.)
CURVE()
GEOMETRIC_REPRESENTATION_ITEM()
RATIONAL_B_SPLINE_CURVE((1.,1.03795484930204,1.))
REPRESENTATION_ITEM('')
);
#91=(
BOUNDED_CURVE()
B_SPLINE_CURVE(2,(#7454,#7455,#7456),.UNSPECIFIED.,.F.,.F.)
B_SPLINE_CURVE_WITH_KNOTS((3,3),(0.234283887510097,0.468567775020194),
 .UNSPECIFIED.)
CURVE()
GEOMETRIC_REPRESENTATION_ITEM()
RATIONAL_B_SPLINE_CURVE((1.,1.03795484930205,1.))
REPRESENTATION_ITEM('')
);
#92=(
BOUNDED_CURVE()
B_SPLINE_CURVE(2,(#7457,#7458,#7459),.UNSPECIFIED.,.F.,.F.)
B_SPLINE_CURVE_WITH_KNOTS((3,3),(0.,0.234283887510097),.UNSPECIFIED.)
CURVE()
GEOMETRIC_REPRESENTATION_ITEM()
RATIONAL_B_SPLINE_CURVE((1.,1.03795484930204,1.))
REPRESENTATION_ITEM('')
);
#93=(
BOUNDED_CURVE()
B_SPLINE_CURVE(2,(#7462,#7463,#7464),.UNSPECIFIED.,.F.,.F.)
B_SPLINE_CURVE_WITH_KNOTS((3,3),(0.234283887510097,0.468567775020194),
 .UNSPECIFIED.)
CURVE()
GEOMETRIC_REPRESENTATION_ITEM()
RATIONAL_B_SPLINE_CURVE((1.,1.03795484930205,1.))
REPRESENTATION_ITEM('')
);
#94=(
BOUNDED_CURVE()
B_SPLINE_CURVE(2,(#7465,#7466,#7467),.UNSPECIFIED.,.F.,.F.)
B_SPLINE_CURVE_WITH_KNOTS((3,3),(0.,0.234283887510097),.UNSPECIFIED.)
CURVE()
GEOMETRIC_REPRESENTATION_ITEM()
RATIONAL_B_SPLINE_CURVE((1.,1.03795484930204,1.))
REPRESENTATION_ITEM('')
);
#95=TOROIDAL_SURFACE('',#5088,4.28236694675581,0.2);
#96=SPHERICAL_SURFACE('',#5084,5.02666666666667);
#97=B_SPLINE_CURVE_WITH_KNOTS('',3,(#7159,#7160,#7161,#7162),
 .UNSPECIFIED.,.F.,.F.,(4,4),(-0.0249410829509679,0.),.UNSPECIFIED.);
#98=B_SPLINE_CURVE_WITH_KNOTS('',3,(#7163,#7164,#7165,#7166),
 .UNSPECIFIED.,.F.,.F.,(4,4),(-0.0249410829509658,0.),.UNSPECIFIED.);
#99=B_SPLINE_CURVE_WITH_KNOTS('',3,(#7170,#7171,#7172,#7173),
 .UNSPECIFIED.,.F.,.F.,(4,4),(-0.0249410829509859,0.),.UNSPECIFIED.);
#100=B_SPLINE_CURVE_WITH_KNOTS('',3,(#7179,#7180,#7181,#7182),
 .UNSPECIFIED.,.F.,.F.,(4,4),(-0.0249410829509872,0.),.UNSPECIFIED.);
#101=B_SPLINE_CURVE_WITH_KNOTS('',3,(#7185,#7186,#7187,#7188),
 .UNSPECIFIED.,.F.,.F.,(4,4),(-0.0249410030844246,0.),.UNSPECIFIED.);
#102=B_SPLINE_CURVE_WITH_KNOTS('',3,(#7193,#7194,#7195,#7196),
 .UNSPECIFIED.,.F.,.F.,(4,4),(-0.0249410829510224,0.),.UNSPECIFIED.);
#103=SHAPE_REPRESENTATION_RELATIONSHIP('SRR','None',#8250,#110);
#104=SHAPE_REPRESENTATION_RELATIONSHIP('SRR','None',#8251,#111);
#105=SHAPE_REPRESENTATION_RELATIONSHIP('SRR','None',#8252,#112);
#106=SHAPE_REPRESENTATION_RELATIONSHIP('SRR','None',#8253,#113);
#107=SHAPE_REPRESENTATION_RELATIONSHIP('SRR','None',#8254,#114);
#108=SHAPE_REPRESENTATION_RELATIONSHIP('SRR','None',#8255,#115);
#109=SHAPE_REPRESENTATION_RELATIONSHIP('SRR','None',#8247,#116);
#110=ADVANCED_BREP_SHAPE_REPRESENTATION('',(#142),#8203);
#111=ADVANCED_BREP_SHAPE_REPRESENTATION('',(#143),#8204);
#112=ADVANCED_BREP_SHAPE_REPRESENTATION('',(#144),#8205);
#113=ADVANCED_BREP_SHAPE_REPRESENTATION('',(#145),#8206);
#114=ADVANCED_BREP_SHAPE_REPRESENTATION('',(#146),#8207);
#115=ADVANCED_BREP_SHAPE_REPRESENTATION('',(#147),#8208);
#116=ADVANCED_BREP_SHAPE_REPRESENTATION('',(#148),#8200);
#117=STYLED_ITEM('',(#8298),#142);
#118=STYLED_ITEM('',(#8298),#143);
#119=STYLED_ITEM('',(#8298),#144);
#120=STYLED_ITEM('',(#8299),#145);
#121=STYLED_ITEM('',(#8301),#4672);
#122=STYLED_ITEM('',(#8301),#4673);
#123=STYLED_ITEM('',(#8301),#4674);
#124=STYLED_ITEM('',(#8302),#4675);
#125=STYLED_ITEM('',(#8301),#4676);
#126=STYLED_ITEM('',(#8302),#4677);
#127=STYLED_ITEM('',(#8301),#4678);
#128=STYLED_ITEM('',(#8301),#4679);
#129=STYLED_ITEM('',(#8301),#4680);
#130=STYLED_ITEM('',(#8302),#4681);
#131=STYLED_ITEM('',(#8301),#4682);
#132=STYLED_ITEM('',(#8302),#4683);
#133=STYLED_ITEM('',(#8301),#4684);
#134=STYLED_ITEM('',(#8302),#4685);
#135=STYLED_ITEM('',(#8302),#4686);
#136=STYLED_ITEM('',(#8301),#4687);
#137=STYLED_ITEM('',(#8302),#4688);
#138=STYLED_ITEM('',(#8301),#4689);
#139=STYLED_ITEM('',(#8300),#146);
#140=STYLED_ITEM('',(#8298),#147);
#141=STYLED_ITEM('',(#8297),#148);
#142=MANIFOLD_SOLID_BREP('Body1',#4852);
#143=MANIFOLD_SOLID_BREP('Body1',#4853);
#144=MANIFOLD_SOLID_BREP('Body1',#4854);
#145=MANIFOLD_SOLID_BREP('Body1',#4855);
#146=MANIFOLD_SOLID_BREP('Body1',#4856);
#147=MANIFOLD_SOLID_BREP('Body1',#4857);
#148=MANIFOLD_SOLID_BREP('Mounting plate V3.1',#4858);
#149=CONICAL_SURFACE('',#5000,0.61475,1.02974425867665);
#150=CONICAL_SURFACE('',#5002,1.61475,0.785398163397448);
#151=CONICAL_SURFACE('',#5006,0.61475,1.02974425867665);
#152=CONICAL_SURFACE('',#5008,1.61475,0.785398163397448);
#153=CONICAL_SURFACE('',#5030,2.5,0.785398163397448);
#154=CONICAL_SURFACE('',#5066,4.67504821050254,0.626828350883829);
#155=CONICAL_SURFACE('',#5068,4.67504821050255,0.62682835088383);
#156=CONICAL_SURFACE('',#5070,4.67504821050254,0.626828350883828);
#157=CONICAL_SURFACE('',#5073,4.67504821050254,0.626828350883829);
#158=CONICAL_SURFACE('',#5076,4.67504821050254,0.62682835088383);
#159=CONICAL_SURFACE('',#5080,4.67504821050255,0.626828350883831);
#160=CONICAL_SURFACE('',#5093,2.5,0.785398163397449);
#161=CONICAL_SURFACE('',#5099,2.3,0.785398163397448);
#162=CONICAL_SURFACE('',#5103,2.65,0.785398163397449);
#163=CONICAL_SURFACE('',#5110,2.65,0.785398163397448);
#164=CONICAL_SURFACE('',#5145,11.04,0.785398163397448);
#165=CONICAL_SURFACE('',#5152,11.04,0.785398163397448);
#166=CONICAL_SURFACE('',#5155,2.28350635094611,1.0471975511966);
#167=CONICAL_SURFACE('',#5168,2.28350635094611,1.0471975511966);
#168=CONICAL_SURFACE('',#5177,4.3094010767585,1.0471975511966);
#169=CONICAL_SURFACE('',#5178,4.3094010767585,1.0471975511966);
#170=CONICAL_SURFACE('',#5179,4.3094010767585,1.0471975511966);
#171=CONICAL_SURFACE('',#5180,4.3094010767585,1.0471975511966);
#172=CONICAL_SURFACE('',#5181,4.3094010767585,1.0471975511966);
#173=CONICAL_SURFACE('',#5182,4.3094010767585,1.0471975511966);
#174=CONICAL_SURFACE('',#5183,4.3094010767585,1.0471975511966);
#175=CONICAL_SURFACE('',#5184,4.3094010767585,1.0471975511966);
#176=CONICAL_SURFACE('',#5185,4.3094010767585,1.0471975511966);
#177=CONICAL_SURFACE('',#5186,4.3094010767585,1.0471975511966);
#178=CONICAL_SURFACE('',#5187,4.3094010767585,1.0471975511966);
#179=CONICAL_SURFACE('',#5188,4.3094010767585,1.0471975511966);
#180=FACE_BOUND('',#722,.T.);
#181=FACE_BOUND('',#725,.T.);
#182=FACE_BOUND('',#735,.T.);
#183=FACE_BOUND('',#736,.T.);
#184=FACE_BOUND('',#737,.T.);
#185=FACE_BOUND('',#738,.T.);
#186=FACE_BOUND('',#739,.T.);
#187=FACE_BOUND('',#740,.T.);
#188=FACE_BOUND('',#741,.T.);
#189=FACE_BOUND('',#759,.T.);
#190=FACE_BOUND('',#760,.T.);
#191=FACE_BOUND('',#761,.T.);
#192=FACE_BOUND('',#762,.T.);
#193=FACE_BOUND('',#763,.T.);
#194=FACE_BOUND('',#774,.T.);
#195=FACE_BOUND('',#777,.T.);
#196=FACE_BOUND('',#792,.T.);
#197=FACE_BOUND('',#795,.T.);
#198=FACE_BOUND('',#804,.T.);
#199=FACE_BOUND('',#806,.T.);
#200=FACE_BOUND('',#829,.T.);
#201=FACE_BOUND('',#837,.T.);
#202=FACE_BOUND('',#840,.T.);
#203=FACE_BOUND('',#844,.T.);
#204=FACE_BOUND('',#848,.T.);
#205=FACE_BOUND('',#850,.T.);
#206=FACE_BOUND('',#853,.T.);
#207=FACE_BOUND('',#857,.T.);
#208=FACE_BOUND('',#859,.T.);
#209=FACE_BOUND('',#864,.T.);
#210=FACE_BOUND('',#867,.T.);
#211=FACE_BOUND('',#871,.T.);
#212=FACE_BOUND('',#874,.T.);
#213=FACE_BOUND('',#897,.T.);
#214=FACE_BOUND('',#900,.T.);
#215=FACE_BOUND('',#903,.T.);
#216=FACE_BOUND('',#913,.T.);
#217=FACE_BOUND('',#922,.T.);
#218=FACE_BOUND('',#923,.T.);
#219=FACE_BOUND('',#924,.T.);
#220=FACE_BOUND('',#925,.T.);
#221=FACE_BOUND('',#926,.T.);
#222=FACE_BOUND('',#927,.T.);
#223=FACE_BOUND('',#928,.T.);
#224=FACE_BOUND('',#929,.T.);
#225=FACE_BOUND('',#930,.T.);
#226=FACE_BOUND('',#931,.T.);
#227=FACE_BOUND('',#932,.T.);
#228=FACE_BOUND('',#933,.T.);
#229=FACE_BOUND('',#937,.T.);
#230=FACE_BOUND('',#938,.T.);
#231=FACE_BOUND('',#939,.T.);
#232=FACE_BOUND('',#940,.T.);
#233=FACE_BOUND('',#941,.T.);
#234=FACE_BOUND('',#942,.T.);
#235=FACE_BOUND('',#943,.T.);
#236=FACE_BOUND('',#944,.T.);
#237=FACE_BOUND('',#945,.T.);
#238=FACE_BOUND('',#946,.T.);
#239=FACE_BOUND('',#947,.T.);
#240=FACE_BOUND('',#948,.T.);
#241=FACE_BOUND('',#989,.T.);
#242=FACE_BOUND('',#994,.T.);
#243=FACE_BOUND('',#999,.T.);
#244=FACE_BOUND('',#1004,.T.);
#245=FACE_BOUND('',#1024,.T.);
#246=FACE_BOUND('',#1029,.T.);
#247=FACE_BOUND('',#1053,.T.);
#248=PLANE('',#4933);
#249=PLANE('',#4938);
#250=PLANE('',#4943);
#251=PLANE('',#4945);
#252=PLANE('',#4949);
#253=PLANE('',#4952);
#254=PLANE('',#4956);
#255=PLANE('',#4967);
#256=PLANE('',#4968);
#257=PLANE('',#4969);
#258=PLANE('',#4970);
#259=PLANE('',#4971);
#260=PLANE('',#4972);
#261=PLANE('',#4973);
#262=PLANE('',#4974);
#263=PLANE('',#4975);
#264=PLANE('',#4978);
#265=PLANE('',#4981);
#266=PLANE('',#4984);
#267=PLANE('',#4985);
#268=PLANE('',#4990);
#269=PLANE('',#4999);
#270=PLANE('',#5014);
#271=PLANE('',#5017);
#272=PLANE('',#5026);
#273=PLANE('',#5027);
#274=PLANE('',#5028);
#275=PLANE('',#5036);
#276=PLANE('',#5041);
#277=PLANE('',#5044);
#278=PLANE('',#5045);
#279=PLANE('',#5046);
#280=PLANE('',#5047);
#281=PLANE('',#5048);
#282=PLANE('',#5049);
#283=PLANE('',#5050);
#284=PLANE('',#5051);
#285=PLANE('',#5053);
#286=PLANE('',#5054);
#287=PLANE('',#5055);
#288=PLANE('',#5056);
#289=PLANE('',#5057);
#290=PLANE('',#5058);
#291=PLANE('',#5059);
#292=PLANE('',#5061);
#293=PLANE('',#5063);
#294=PLANE('',#5065);
#295=PLANE('',#5082);
#296=PLANE('',#5083);
#297=PLANE('',#5087);
#298=PLANE('',#5091);
#299=PLANE('',#5101);
#300=PLANE('',#5108);
#301=PLANE('',#5112);
#302=PLANE('',#5119);
#303=PLANE('',#5127);
#304=PLANE('',#5128);
#305=PLANE('',#5133);
#306=PLANE('',#5141);
#307=PLANE('',#5142);
#308=PLANE('',#5151);
#309=PLANE('',#5153);
#310=PLANE('',#5161);
#311=PLANE('',#5170);
#312=PLANE('',#5189);
#313=PLANE('',#5190);
#314=PLANE('',#5191);
#315=PLANE('',#5192);
#316=PLANE('',#5193);
#317=PLANE('',#5194);
#318=PLANE('',#5212);
#319=PLANE('',#5216);
#320=PLANE('',#5221);
#321=PLANE('',#5223);
#322=PLANE('',#5224);
#323=PLANE('',#5225);
#324=PLANE('',#5237);
#325=PLANE('',#5238);
#326=PLANE('',#5239);
#327=PLANE('',#5240);
#328=PLANE('',#5241);
#329=PLANE('',#5242);
#330=PLANE('',#5243);
#331=PLANE('',#5244);
#332=PLANE('',#5245);
#333=PLANE('',#5246);
#334=PLANE('',#5247);
#335=PLANE('',#5248);
#336=PLANE('',#5257);
#337=PLANE('',#5262);
#338=PLANE('',#5263);
#339=PLANE('',#5264);
#340=PLANE('',#5265);
#341=PLANE('',#5266);
#342=PLANE('',#5267);
#343=PLANE('',#5268);
#344=PLANE('',#5269);
#345=PLANE('',#5270);
#346=PLANE('',#5271);
#347=PLANE('',#5272);
#348=PLANE('',#5273);
#349=PLANE('',#5274);
#350=PLANE('',#5275);
#351=PLANE('',#5276);
#352=PLANE('',#5277);
#353=PLANE('',#5278);
#354=PLANE('',#5279);
#355=PLANE('',#5280);
#356=PLANE('',#5281);
#357=PLANE('',#5282);
#358=PLANE('',#5283);
#359=PLANE('',#5284);
#360=PLANE('',#5285);
#361=PLANE('',#5286);
#362=PLANE('',#5287);
#363=PLANE('',#5288);
#364=PLANE('',#5289);
#365=PLANE('',#5290);
#366=PLANE('',#5291);
#367=PLANE('',#5292);
#368=PLANE('',#5293);
#369=PLANE('',#5294);
#370=PLANE('',#5295);
#371=PLANE('',#5296);
#372=PLANE('',#5297);
#373=PLANE('',#5298);
#374=PLANE('',#5299);
#375=PLANE('',#5300);
#376=PLANE('',#5301);
#377=PLANE('',#5303);
#378=PLANE('',#5304);
#379=PLANE('',#5305);
#380=PLANE('',#5306);
#381=PLANE('',#5308);
#382=PLANE('',#5309);
#383=PLANE('',#5310);
#384=PLANE('',#5311);
#385=PLANE('',#5313);
#386=PLANE('',#5314);
#387=PLANE('',#5315);
#388=PLANE('',#5316);
#389=PLANE('',#5318);
#390=PLANE('',#5319);
#391=PLANE('',#5322);
#392=PLANE('',#5325);
#393=PLANE('',#5326);
#394=PLANE('',#5327);
#395=PLANE('',#5328);
#396=PLANE('',#5329);
#397=PLANE('',#5330);
#398=PLANE('',#5331);
#399=PLANE('',#5332);
#400=PLANE('',#5333);
#401=PLANE('',#5338);
#402=PLANE('',#5339);
#403=PLANE('',#5340);
#404=PLANE('',#5341);
#405=PLANE('',#5342);
#406=PLANE('',#5343);
#407=PLANE('',#5344);
#408=PLANE('',#5345);
#409=PLANE('',#5346);
#410=PLANE('',#5347);
#411=PLANE('',#5348);
#412=PLANE('',#5349);
#413=PLANE('',#5350);
#414=PLANE('',#5351);
#415=PLANE('',#5352);
#416=PLANE('',#5353);
#417=PLANE('',#5354);
#418=PLANE('',#5355);
#419=PLANE('',#5356);
#420=PLANE('',#5357);
#421=PLANE('',#5358);
#422=PLANE('',#5359);
#423=PLANE('',#5360);
#424=PLANE('',#5361);
#425=PLANE('',#5362);
#426=PLANE('',#5363);
#427=PLANE('',#5366);
#428=PLANE('',#5367);
#429=PLANE('',#5368);
#430=PLANE('',#5369);
#431=PLANE('',#5370);
#432=PLANE('',#5371);
#433=PLANE('',#5372);
#434=PLANE('',#5373);
#435=PLANE('',#5374);
#436=PLANE('',#5375);
#437=PLANE('',#5376);
#438=PLANE('',#5377);
#439=PLANE('',#5378);
#440=PLANE('',#5379);
#441=FACE_OUTER_BOUND('',#720,.T.);
#442=FACE_OUTER_BOUND('',#721,.T.);
#443=FACE_OUTER_BOUND('',#723,.T.);
#444=FACE_OUTER_BOUND('',#724,.T.);
#445=FACE_OUTER_BOUND('',#726,.T.);
#446=FACE_OUTER_BOUND('',#727,.T.);
#447=FACE_OUTER_BOUND('',#728,.T.);
#448=FACE_OUTER_BOUND('',#729,.T.);
#449=FACE_OUTER_BOUND('',#730,.T.);
#450=FACE_OUTER_BOUND('',#731,.T.);
#451=FACE_OUTER_BOUND('',#732,.T.);
#452=FACE_OUTER_BOUND('',#733,.T.);
#453=FACE_OUTER_BOUND('',#734,.T.);
#454=FACE_OUTER_BOUND('',#742,.T.);
#455=FACE_OUTER_BOUND('',#743,.T.);
#456=FACE_OUTER_BOUND('',#744,.T.);
#457=FACE_OUTER_BOUND('',#745,.T.);
#458=FACE_OUTER_BOUND('',#746,.T.);
#459=FACE_OUTER_BOUND('',#747,.T.);
#460=FACE_OUTER_BOUND('',#748,.T.);
#461=FACE_OUTER_BOUND('',#749,.T.);
#462=FACE_OUTER_BOUND('',#750,.T.);
#463=FACE_OUTER_BOUND('',#751,.T.);
#464=FACE_OUTER_BOUND('',#752,.T.);
#465=FACE_OUTER_BOUND('',#753,.T.);
#466=FACE_OUTER_BOUND('',#754,.T.);
#467=FACE_OUTER_BOUND('',#755,.T.);
#468=FACE_OUTER_BOUND('',#756,.T.);
#469=FACE_OUTER_BOUND('',#757,.T.);
#470=FACE_OUTER_BOUND('',#758,.T.);
#471=FACE_OUTER_BOUND('',#764,.T.);
#472=FACE_OUTER_BOUND('',#765,.T.);
#473=FACE_OUTER_BOUND('',#766,.T.);
#474=FACE_OUTER_BOUND('',#767,.T.);
#475=FACE_OUTER_BOUND('',#768,.T.);
#476=FACE_OUTER_BOUND('',#769,.T.);
#477=FACE_OUTER_BOUND('',#770,.T.);
#478=FACE_OUTER_BOUND('',#771,.T.);
#479=FACE_OUTER_BOUND('',#772,.T.);
#480=FACE_OUTER_BOUND('',#773,.T.);
#481=FACE_OUTER_BOUND('',#775,.T.);
#482=FACE_OUTER_BOUND('',#776,.T.);
#483=FACE_OUTER_BOUND('',#778,.T.);
#484=FACE_OUTER_BOUND('',#779,.T.);
#485=FACE_OUTER_BOUND('',#780,.T.);
#486=FACE_OUTER_BOUND('',#781,.T.);
#487=FACE_OUTER_BOUND('',#782,.T.);
#488=FACE_OUTER_BOUND('',#783,.T.);
#489=FACE_OUTER_BOUND('',#784,.T.);
#490=FACE_OUTER_BOUND('',#785,.T.);
#491=FACE_OUTER_BOUND('',#786,.T.);
#492=FACE_OUTER_BOUND('',#787,.T.);
#493=FACE_OUTER_BOUND('',#788,.T.);
#494=FACE_OUTER_BOUND('',#789,.T.);
#495=FACE_OUTER_BOUND('',#790,.T.);
#496=FACE_OUTER_BOUND('',#791,.T.);
#497=FACE_OUTER_BOUND('',#793,.T.);
#498=FACE_OUTER_BOUND('',#794,.T.);
#499=FACE_OUTER_BOUND('',#796,.T.);
#500=FACE_OUTER_BOUND('',#797,.T.);
#501=FACE_OUTER_BOUND('',#798,.T.);
#502=FACE_OUTER_BOUND('',#799,.T.);
#503=FACE_OUTER_BOUND('',#800,.T.);
#504=FACE_OUTER_BOUND('',#801,.T.);
#505=FACE_OUTER_BOUND('',#802,.T.);
#506=FACE_OUTER_BOUND('',#803,.T.);
#507=FACE_OUTER_BOUND('',#805,.T.);
#508=FACE_OUTER_BOUND('',#807,.T.);
#509=FACE_OUTER_BOUND('',#808,.T.);
#510=FACE_OUTER_BOUND('',#809,.T.);
#511=FACE_OUTER_BOUND('',#810,.T.);
#512=FACE_OUTER_BOUND('',#811,.T.);
#513=FACE_OUTER_BOUND('',#812,.T.);
#514=FACE_OUTER_BOUND('',#813,.T.);
#515=FACE_OUTER_BOUND('',#814,.T.);
#516=FACE_OUTER_BOUND('',#815,.T.);
#517=FACE_OUTER_BOUND('',#816,.T.);
#518=FACE_OUTER_BOUND('',#817,.T.);
#519=FACE_OUTER_BOUND('',#818,.T.);
#520=FACE_OUTER_BOUND('',#819,.T.);
#521=FACE_OUTER_BOUND('',#820,.T.);
#522=FACE_OUTER_BOUND('',#821,.T.);
#523=FACE_OUTER_BOUND('',#822,.T.);
#524=FACE_OUTER_BOUND('',#823,.T.);
#525=FACE_OUTER_BOUND('',#824,.T.);
#526=FACE_OUTER_BOUND('',#825,.T.);
#527=FACE_OUTER_BOUND('',#826,.T.);
#528=FACE_OUTER_BOUND('',#827,.T.);
#529=FACE_OUTER_BOUND('',#828,.T.);
#530=FACE_OUTER_BOUND('',#830,.T.);
#531=FACE_OUTER_BOUND('',#831,.T.);
#532=FACE_OUTER_BOUND('',#832,.T.);
#533=FACE_OUTER_BOUND('',#833,.T.);
#534=FACE_OUTER_BOUND('',#834,.T.);
#535=FACE_OUTER_BOUND('',#835,.T.);
#536=FACE_OUTER_BOUND('',#836,.T.);
#537=FACE_OUTER_BOUND('',#838,.T.);
#538=FACE_OUTER_BOUND('',#839,.T.);
#539=FACE_OUTER_BOUND('',#841,.T.);
#540=FACE_OUTER_BOUND('',#842,.T.);
#541=FACE_OUTER_BOUND('',#843,.T.);
#542=FACE_OUTER_BOUND('',#845,.T.);
#543=FACE_OUTER_BOUND('',#846,.T.);
#544=FACE_OUTER_BOUND('',#847,.T.);
#545=FACE_OUTER_BOUND('',#849,.T.);
#546=FACE_OUTER_BOUND('',#851,.T.);
#547=FACE_OUTER_BOUND('',#852,.T.);
#548=FACE_OUTER_BOUND('',#854,.T.);
#549=FACE_OUTER_BOUND('',#855,.T.);
#550=FACE_OUTER_BOUND('',#856,.T.);
#551=FACE_OUTER_BOUND('',#858,.T.);
#552=FACE_OUTER_BOUND('',#860,.T.);
#553=FACE_OUTER_BOUND('',#861,.T.);
#554=FACE_OUTER_BOUND('',#862,.T.);
#555=FACE_OUTER_BOUND('',#863,.T.);
#556=FACE_OUTER_BOUND('',#865,.T.);
#557=FACE_OUTER_BOUND('',#866,.T.);
#558=FACE_OUTER_BOUND('',#868,.T.);
#559=FACE_OUTER_BOUND('',#869,.T.);
#560=FACE_OUTER_BOUND('',#870,.T.);
#561=FACE_OUTER_BOUND('',#872,.T.);
#562=FACE_OUTER_BOUND('',#873,.T.);
#563=FACE_OUTER_BOUND('',#875,.T.);
#564=FACE_OUTER_BOUND('',#876,.T.);
#565=FACE_OUTER_BOUND('',#877,.T.);
#566=FACE_OUTER_BOUND('',#878,.T.);
#567=FACE_OUTER_BOUND('',#879,.T.);
#568=FACE_OUTER_BOUND('',#880,.T.);
#569=FACE_OUTER_BOUND('',#881,.T.);
#570=FACE_OUTER_BOUND('',#882,.T.);
#571=FACE_OUTER_BOUND('',#883,.T.);
#572=FACE_OUTER_BOUND('',#884,.T.);
#573=FACE_OUTER_BOUND('',#885,.T.);
#574=FACE_OUTER_BOUND('',#886,.T.);
#575=FACE_OUTER_BOUND('',#887,.T.);
#576=FACE_OUTER_BOUND('',#888,.T.);
#577=FACE_OUTER_BOUND('',#889,.T.);
#578=FACE_OUTER_BOUND('',#890,.T.);
#579=FACE_OUTER_BOUND('',#891,.T.);
#580=FACE_OUTER_BOUND('',#892,.T.);
#581=FACE_OUTER_BOUND('',#893,.T.);
#582=FACE_OUTER_BOUND('',#894,.T.);
#583=FACE_OUTER_BOUND('',#895,.T.);
#584=FACE_OUTER_BOUND('',#896,.T.);
#585=FACE_OUTER_BOUND('',#898,.T.);
#586=FACE_OUTER_BOUND('',#899,.T.);
#587=FACE_OUTER_BOUND('',#901,.T.);
#588=FACE_OUTER_BOUND('',#902,.T.);
#589=FACE_OUTER_BOUND('',#904,.T.);
#590=FACE_OUTER_BOUND('',#905,.T.);
#591=FACE_OUTER_BOUND('',#906,.T.);
#592=FACE_OUTER_BOUND('',#907,.T.);
#593=FACE_OUTER_BOUND('',#908,.T.);
#594=FACE_OUTER_BOUND('',#909,.T.);
#595=FACE_OUTER_BOUND('',#910,.T.);
#596=FACE_OUTER_BOUND('',#911,.T.);
#597=FACE_OUTER_BOUND('',#912,.T.);
#598=FACE_OUTER_BOUND('',#914,.T.);
#599=FACE_OUTER_BOUND('',#915,.T.);
#600=FACE_OUTER_BOUND('',#916,.T.);
#601=FACE_OUTER_BOUND('',#917,.T.);
#602=FACE_OUTER_BOUND('',#918,.T.);
#603=FACE_OUTER_BOUND('',#919,.T.);
#604=FACE_OUTER_BOUND('',#920,.T.);
#605=FACE_OUTER_BOUND('',#921,.T.);
#606=FACE_OUTER_BOUND('',#934,.T.);
#607=FACE_OUTER_BOUND('',#935,.T.);
#608=FACE_OUTER_BOUND('',#936,.T.);
#609=FACE_OUTER_BOUND('',#949,.T.);
#610=FACE_OUTER_BOUND('',#950,.T.);
#611=FACE_OUTER_BOUND('',#951,.T.);
#612=FACE_OUTER_BOUND('',#952,.T.);
#613=FACE_OUTER_BOUND('',#953,.T.);
#614=FACE_OUTER_BOUND('',#954,.T.);
#615=FACE_OUTER_BOUND('',#955,.T.);
#616=FACE_OUTER_BOUND('',#956,.T.);
#617=FACE_OUTER_BOUND('',#957,.T.);
#618=FACE_OUTER_BOUND('',#958,.T.);
#619=FACE_OUTER_BOUND('',#959,.T.);
#620=FACE_OUTER_BOUND('',#960,.T.);
#621=FACE_OUTER_BOUND('',#961,.T.);
#622=FACE_OUTER_BOUND('',#962,.T.);
#623=FACE_OUTER_BOUND('',#963,.T.);
#624=FACE_OUTER_BOUND('',#964,.T.);
#625=FACE_OUTER_BOUND('',#965,.T.);
#626=FACE_OUTER_BOUND('',#966,.T.);
#627=FACE_OUTER_BOUND('',#967,.T.);
#628=FACE_OUTER_BOUND('',#968,.T.);
#629=FACE_OUTER_BOUND('',#969,.T.);
#630=FACE_OUTER_BOUND('',#970,.T.);
#631=FACE_OUTER_BOUND('',#971,.T.);
#632=FACE_OUTER_BOUND('',#972,.T.);
#633=FACE_OUTER_BOUND('',#973,.T.);
#634=FACE_OUTER_BOUND('',#974,.T.);
#635=FACE_OUTER_BOUND('',#975,.T.);
#636=FACE_OUTER_BOUND('',#976,.T.);
#637=FACE_OUTER_BOUND('',#977,.T.);
#638=FACE_OUTER_BOUND('',#978,.T.);
#639=FACE_OUTER_BOUND('',#979,.T.);
#640=FACE_OUTER_BOUND('',#980,.T.);
#641=FACE_OUTER_BOUND('',#981,.T.);
#642=FACE_OUTER_BOUND('',#982,.T.);
#643=FACE_OUTER_BOUND('',#983,.T.);
#644=FACE_OUTER_BOUND('',#984,.T.);
#645=FACE_OUTER_BOUND('',#985,.T.);
#646=FACE_OUTER_BOUND('',#986,.T.);
#647=FACE_OUTER_BOUND('',#987,.T.);
#648=FACE_OUTER_BOUND('',#988,.T.);
#649=FACE_OUTER_BOUND('',#990,.T.);
#650=FACE_OUTER_BOUND('',#991,.T.);
#651=FACE_OUTER_BOUND('',#992,.T.);
#652=FACE_OUTER_BOUND('',#993,.T.);
#653=FACE_OUTER_BOUND('',#995,.T.);
#654=FACE_OUTER_BOUND('',#996,.T.);
#655=FACE_OUTER_BOUND('',#997,.T.);
#656=FACE_OUTER_BOUND('',#998,.T.);
#657=FACE_OUTER_BOUND('',#1000,.T.);
#658=FACE_OUTER_BOUND('',#1001,.T.);
#659=FACE_OUTER_BOUND('',#1002,.T.);
#660=FACE_OUTER_BOUND('',#1003,.T.);
#661=FACE_OUTER_BOUND('',#1005,.T.);
#662=FACE_OUTER_BOUND('',#1006,.T.);
#663=FACE_OUTER_BOUND('',#1007,.T.);
#664=FACE_OUTER_BOUND('',#1008,.T.);
#665=FACE_OUTER_BOUND('',#1009,.T.);
#666=FACE_OUTER_BOUND('',#1010,.T.);
#667=FACE_OUTER_BOUND('',#1011,.T.);
#668=FACE_OUTER_BOUND('',#1012,.T.);
#669=FACE_OUTER_BOUND('',#1013,.T.);
#670=FACE_OUTER_BOUND('',#1014,.T.);
#671=FACE_OUTER_BOUND('',#1015,.T.);
#672=FACE_OUTER_BOUND('',#1016,.T.);
#673=FACE_OUTER_BOUND('',#1017,.T.);
#674=FACE_OUTER_BOUND('',#1018,.T.);
#675=FACE_OUTER_BOUND('',#1019,.T.);
#676=FACE_OUTER_BOUND('',#1020,.T.);
#677=FACE_OUTER_BOUND('',#1021,.T.);
#678=FACE_OUTER_BOUND('',#1022,.T.);
#679=FACE_OUTER_BOUND('',#1023,.T.);
#680=FACE_OUTER_BOUND('',#1025,.T.);
#681=FACE_OUTER_BOUND('',#1026,.T.);
#682=FACE_OUTER_BOUND('',#1027,.T.);
#683=FACE_OUTER_BOUND('',#1028,.T.);
#684=FACE_OUTER_BOUND('',#1030,.T.);
#685=FACE_OUTER_BOUND('',#1031,.T.);
#686=FACE_OUTER_BOUND('',#1032,.T.);
#687=FACE_OUTER_BOUND('',#1033,.T.);
#688=FACE_OUTER_BOUND('',#1034,.T.);
#689=FACE_OUTER_BOUND('',#1035,.T.);
#690=FACE_OUTER_BOUND('',#1036,.T.);
#691=FACE_OUTER_BOUND('',#1037,.T.);
#692=FACE_OUTER_BOUND('',#1038,.T.);
#693=FACE_OUTER_BOUND('',#1039,.T.);
#694=FACE_OUTER_BOUND('',#1040,.T.);
#695=FACE_OUTER_BOUND('',#1041,.T.);
#696=FACE_OUTER_BOUND('',#1042,.T.);
#697=FACE_OUTER_BOUND('',#1043,.T.);
#698=FACE_OUTER_BOUND('',#1044,.T.);
#699=FACE_OUTER_BOUND('',#1045,.T.);
#700=FACE_OUTER_BOUND('',#1046,.T.);
#701=FACE_OUTER_BOUND('',#1047,.T.);
#702=FACE_OUTER_BOUND('',#1048,.T.);
#703=FACE_OUTER_BOUND('',#1049,.T.);
#704=FACE_OUTER_BOUND('',#1050,.T.);
#705=FACE_OUTER_BOUND('',#1051,.T.);
#706=FACE_OUTER_BOUND('',#1052,.T.);
#707=FACE_OUTER_BOUND('',#1054,.T.);
#708=FACE_OUTER_BOUND('',#1055,.T.);
#709=FACE_OUTER_BOUND('',#1056,.T.);
#710=FACE_OUTER_BOUND('',#1057,.T.);
#711=FACE_OUTER_BOUND('',#1058,.T.);
#712=FACE_OUTER_BOUND('',#1059,.T.);
#713=FACE_OUTER_BOUND('',#1060,.T.);
#714=FACE_OUTER_BOUND('',#1061,.T.);
#715=FACE_OUTER_BOUND('',#1062,.T.);
#716=FACE_OUTER_BOUND('',#1063,.T.);
#717=FACE_OUTER_BOUND('',#1064,.T.);
#718=FACE_OUTER_BOUND('',#1065,.T.);
#719=FACE_OUTER_BOUND('',#1066,.T.);
#720=EDGE_LOOP('',(#3218,#3219,#3220,#3221));
#721=EDGE_LOOP('',(#3222));
#722=EDGE_LOOP('',(#3223));
#723=EDGE_LOOP('',(#3224,#3225,#3226,#3227));
#724=EDGE_LOOP('',(#3228));
#725=EDGE_LOOP('',(#3229));
#726=EDGE_LOOP('',(#3230,#3231,#3232,#3233));
#727=EDGE_LOOP('',(#3234,#3235,#3236,#3237,#3238));
#728=EDGE_LOOP('',(#3239,#3240,#3241,#3242,#3243,#3244,#3245,#3246,#3247,
#3248));
#729=EDGE_LOOP('',(#3249,#3250,#3251,#3252));
#730=EDGE_LOOP('',(#3253,#3254,#3255,#3256,#3257,#3258,#3259,#3260));
#731=EDGE_LOOP('',(#3261,#3262,#3263,#3264,#3265,#3266,#3267,#3268,#3269,
#3270));
#732=EDGE_LOOP('',(#3271,#3272,#3273,#3274));
#733=EDGE_LOOP('',(#3275,#3276,#3277,#3278,#3279));
#734=EDGE_LOOP('',(#3280,#3281,#3282,#3283,#3284,#3285,#3286,#3287,#3288,
#3289));
#735=EDGE_LOOP('',(#3290));
#736=EDGE_LOOP('',(#3291));
#737=EDGE_LOOP('',(#3292));
#738=EDGE_LOOP('',(#3293));
#739=EDGE_LOOP('',(#3294));
#740=EDGE_LOOP('',(#3295));
#741=EDGE_LOOP('',(#3296));
#742=EDGE_LOOP('',(#3297,#3298,#3299,#3300));
#743=EDGE_LOOP('',(#3301,#3302,#3303,#3304));
#744=EDGE_LOOP('',(#3305,#3306,#3307,#3308));
#745=EDGE_LOOP('',(#3309,#3310,#3311,#3312));
#746=EDGE_LOOP('',(#3313,#3314,#3315,#3316));
#747=EDGE_LOOP('',(#3317,#3318,#3319,#3320));
#748=EDGE_LOOP('',(#3321,#3322,#3323,#3324));
#749=EDGE_LOOP('',(#3325,#3326,#3327,#3328));
#750=EDGE_LOOP('',(#3329,#3330,#3331,#3332,#3333,#3334,#3335,#3336,#3337,
#3338));
#751=EDGE_LOOP('',(#3339,#3340,#3341,#3342));
#752=EDGE_LOOP('',(#3343,#3344,#3345,#3346));
#753=EDGE_LOOP('',(#3347,#3348,#3349,#3350));
#754=EDGE_LOOP('',(#3351,#3352,#3353,#3354));
#755=EDGE_LOOP('',(#3355,#3356,#3357,#3358,#3359,#3360,#3361,#3362,#3363,
#3364));
#756=EDGE_LOOP('',(#3365,#3366,#3367,#3368,#3369,#3370,#3371,#3372));
#757=EDGE_LOOP('',(#3373,#3374,#3375,#3376));
#758=EDGE_LOOP('',(#3377,#3378,#3379,#3380,#3381,#3382,#3383,#3384,#3385,
#3386,#3387,#3388,#3389,#3390));
#759=EDGE_LOOP('',(#3391));
#760=EDGE_LOOP('',(#3392));
#761=EDGE_LOOP('',(#3393));
#762=EDGE_LOOP('',(#3394));
#763=EDGE_LOOP('',(#3395));
#764=EDGE_LOOP('',(#3396,#3397,#3398,#3399,#3400));
#765=EDGE_LOOP('',(#3401,#3402,#3403,#3404,#3405));
#766=EDGE_LOOP('',(#3406,#3407,#3408));
#767=EDGE_LOOP('',(#3409,#3410,#3411,#3412));
#768=EDGE_LOOP('',(#3413,#3414,#3415,#3416));
#769=EDGE_LOOP('',(#3417,#3418,#3419));
#770=EDGE_LOOP('',(#3420,#3421,#3422,#3423));
#771=EDGE_LOOP('',(#3424,#3425,#3426,#3427));
#772=EDGE_LOOP('',(#3428,#3429,#3430,#3431));
#773=EDGE_LOOP('',(#3432));
#774=EDGE_LOOP('',(#3433));
#775=EDGE_LOOP('',(#3434,#3435,#3436,#3437));
#776=EDGE_LOOP('',(#3438));
#777=EDGE_LOOP('',(#3439));
#778=EDGE_LOOP('',(#3440,#3441,#3442,#3443));
#779=EDGE_LOOP('',(#3444,#3445,#3446,#3447));
#780=EDGE_LOOP('',(#3448,#3449,#3450,#3451));
#781=EDGE_LOOP('',(#3452,#3453,#3454,#3455));
#782=EDGE_LOOP('',(#3456,#3457,#3458,#3459));
#783=EDGE_LOOP('',(#3460,#3461,#3462,#3463));
#784=EDGE_LOOP('',(#3464,#3465,#3466,#3467));
#785=EDGE_LOOP('',(#3468,#3469,#3470,#3471));
#786=EDGE_LOOP('',(#3472,#3473,#3474,#3475));
#787=EDGE_LOOP('',(#3476,#3477,#3478,#3479));
#788=EDGE_LOOP('',(#3480,#3481,#3482,#3483));
#789=EDGE_LOOP('',(#3484,#3485,#3486,#3487,#3488));
#790=EDGE_LOOP('',(#3489,#3490,#3491,#3492,#3493));
#791=EDGE_LOOP('',(#3494));
#792=EDGE_LOOP('',(#3495));
#793=EDGE_LOOP('',(#3496,#3497,#3498,#3499));
#794=EDGE_LOOP('',(#3500));
#795=EDGE_LOOP('',(#3501));
#796=EDGE_LOOP('',(#3502,#3503,#3504,#3505));
#797=EDGE_LOOP('',(#3506,#3507,#3508,#3509));
#798=EDGE_LOOP('',(#3510,#3511,#3512,#3513));
#799=EDGE_LOOP('',(#3514,#3515,#3516,#3517));
#800=EDGE_LOOP('',(#3518,#3519,#3520,#3521));
#801=EDGE_LOOP('',(#3522,#3523,#3524,#3525));
#802=EDGE_LOOP('',(#3526,#3527,#3528,#3529));
#803=EDGE_LOOP('',(#3530,#3531,#3532,#3533,#3534,#3535));
#804=EDGE_LOOP('',(#3536));
#805=EDGE_LOOP('',(#3537,#3538,#3539,#3540,#3541,#3542));
#806=EDGE_LOOP('',(#3543));
#807=EDGE_LOOP('',(#3544,#3545,#3546,#3547));
#808=EDGE_LOOP('',(#3548,#3549,#3550,#3551));
#809=EDGE_LOOP('',(#3552,#3553,#3554,#3555));
#810=EDGE_LOOP('',(#3556,#3557,#3558,#3559));
#811=EDGE_LOOP('',(#3560,#3561,#3562,#3563));
#812=EDGE_LOOP('',(#3564,#3565,#3566,#3567));
#813=EDGE_LOOP('',(#3568,#3569,#3570,#3571));
#814=EDGE_LOOP('',(#3572,#3573,#3574,#3575));
#815=EDGE_LOOP('',(#3576,#3577,#3578,#3579));
#816=EDGE_LOOP('',(#3580,#3581,#3582,#3583,#3584,#3585));
#817=EDGE_LOOP('',(#3586,#3587,#3588,#3589));
#818=EDGE_LOOP('',(#3590,#3591,#3592,#3593));
#819=EDGE_LOOP('',(#3594,#3595,#3596,#3597));
#820=EDGE_LOOP('',(#3598,#3599,#3600,#3601));
#821=EDGE_LOOP('',(#3602,#3603,#3604,#3605,#3606));
#822=EDGE_LOOP('',(#3607,#3608,#3609,#3610));
#823=EDGE_LOOP('',(#3611,#3612,#3613,#3614));
#824=EDGE_LOOP('',(#3615,#3616,#3617,#3618));
#825=EDGE_LOOP('',(#3619,#3620,#3621,#3622,#3623,#3624,#3625,#3626,#3627,
#3628));
#826=EDGE_LOOP('',(#3629,#3630,#3631,#3632));
#827=EDGE_LOOP('',(#3633,#3634,#3635,#3636));
#828=EDGE_LOOP('',(#3637));
#829=EDGE_LOOP('',(#3638));
#830=EDGE_LOOP('',(#3639,#3640,#3641,#3642,#3643));
#831=EDGE_LOOP('',(#3644,#3645,#3646,#3647,#3648,#3649));
#832=EDGE_LOOP('',(#3650,#3651,#3652,#3653,#3654));
#833=EDGE_LOOP('',(#3655));
#834=EDGE_LOOP('',(#3656,#3657,#3658,#3659));
#835=EDGE_LOOP('',(#3660,#3661,#3662,#3663));
#836=EDGE_LOOP('',(#3664));
#837=EDGE_LOOP('',(#3665));
#838=EDGE_LOOP('',(#3666,#3667,#3668,#3669));
#839=EDGE_LOOP('',(#3670));
#840=EDGE_LOOP('',(#3671));
#841=EDGE_LOOP('',(#3672,#3673,#3674,#3675));
#842=EDGE_LOOP('',(#3676,#3677,#3678,#3679));
#843=EDGE_LOOP('',(#3680));
#844=EDGE_LOOP('',(#3681));
#845=EDGE_LOOP('',(#3682,#3683,#3684,#3685));
#846=EDGE_LOOP('',(#3686,#3687,#3688,#3689));
#847=EDGE_LOOP('',(#3690));
#848=EDGE_LOOP('',(#3691));
#849=EDGE_LOOP('',(#3692));
#850=EDGE_LOOP('',(#3693));
#851=EDGE_LOOP('',(#3694,#3695,#3696,#3697));
#852=EDGE_LOOP('',(#3698));
#853=EDGE_LOOP('',(#3699));
#854=EDGE_LOOP('',(#3700,#3701,#3702,#3703));
#855=EDGE_LOOP('',(#3704,#3705,#3706,#3707));
#856=EDGE_LOOP('',(#3708));
#857=EDGE_LOOP('',(#3709));
#858=EDGE_LOOP('',(#3710));
#859=EDGE_LOOP('',(#3711));
#860=EDGE_LOOP('',(#3712,#3713,#3714,#3715));
#861=EDGE_LOOP('',(#3716,#3717,#3718,#3719,#3720));
#862=EDGE_LOOP('',(#3721,#3722,#3723,#3724,#3725,#3726));
#863=EDGE_LOOP('',(#3727));
#864=EDGE_LOOP('',(#3728));
#865=EDGE_LOOP('',(#3729,#3730,#3731,#3732,#3733));
#866=EDGE_LOOP('',(#3734));
#867=EDGE_LOOP('',(#3735));
#868=EDGE_LOOP('',(#3736,#3737,#3738,#3739));
#869=EDGE_LOOP('',(#3740,#3741,#3742,#3743,#3744));
#870=EDGE_LOOP('',(#3745,#3746,#3747,#3748,#3749,#3750));
#871=EDGE_LOOP('',(#3751));
#872=EDGE_LOOP('',(#3752,#3753,#3754,#3755,#3756));
#873=EDGE_LOOP('',(#3757,#3758,#3759,#3760,#3761,#3762));
#874=EDGE_LOOP('',(#3763));
#875=EDGE_LOOP('',(#3764,#3765,#3766));
#876=EDGE_LOOP('',(#3767,#3768,#3769));
#877=EDGE_LOOP('',(#3770,#3771,#3772));
#878=EDGE_LOOP('',(#3773,#3774,#3775));
#879=EDGE_LOOP('',(#3776,#3777,#3778));
#880=EDGE_LOOP('',(#3779,#3780,#3781));
#881=EDGE_LOOP('',(#3782,#3783,#3784));
#882=EDGE_LOOP('',(#3785,#3786,#3787));
#883=EDGE_LOOP('',(#3788,#3789,#3790));
#884=EDGE_LOOP('',(#3791,#3792,#3793));
#885=EDGE_LOOP('',(#3794,#3795,#3796));
#886=EDGE_LOOP('',(#3797,#3798,#3799));
#887=EDGE_LOOP('',(#3800,#3801,#3802,#3803,#3804,#3805));
#888=EDGE_LOOP('',(#3806,#3807,#3808,#3809,#3810,#3811));
#889=EDGE_LOOP('',(#3812,#3813,#3814,#3815,#3816,#3817));
#890=EDGE_LOOP('',(#3818,#3819,#3820,#3821,#3822,#3823));
#891=EDGE_LOOP('',(#3824,#3825,#3826,#3827,#3828,#3829));
#892=EDGE_LOOP('',(#3830,#3831,#3832,#3833,#3834,#3835));
#893=EDGE_LOOP('',(#3836,#3837,#3838,#3839));
#894=EDGE_LOOP('',(#3840,#3841,#3842,#3843));
#895=EDGE_LOOP('',(#3844,#3845,#3846,#3847));
#896=EDGE_LOOP('',(#3848));
#897=EDGE_LOOP('',(#3849));
#898=EDGE_LOOP('',(#3850,#3851,#3852,#3853));
#899=EDGE_LOOP('',(#3854));
#900=EDGE_LOOP('',(#3855));
#901=EDGE_LOOP('',(#3856,#3857,#3858,#3859));
#902=EDGE_LOOP('',(#3860,#3861,#3862,#3863,#3864,#3865,#3866,#3867));
#903=EDGE_LOOP('',(#3868,#3869,#3870,#3871));
#904=EDGE_LOOP('',(#3872,#3873,#3874,#3875));
#905=EDGE_LOOP('',(#3876,#3877,#3878,#3879));
#906=EDGE_LOOP('',(#3880,#3881,#3882,#3883));
#907=EDGE_LOOP('',(#3884,#3885,#3886,#3887));
#908=EDGE_LOOP('',(#3888,#3889,#3890,#3891));
#909=EDGE_LOOP('',(#3892,#3893,#3894,#3895));
#910=EDGE_LOOP('',(#3896,#3897,#3898,#3899));
#911=EDGE_LOOP('',(#3900,#3901,#3902,#3903));
#912=EDGE_LOOP('',(#3904,#3905,#3906,#3907,#3908,#3909,#3910,#3911));
#913=EDGE_LOOP('',(#3912,#3913,#3914,#3915));
#914=EDGE_LOOP('',(#3916,#3917,#3918,#3919));
#915=EDGE_LOOP('',(#3920,#3921,#3922,#3923));
#916=EDGE_LOOP('',(#3924,#3925,#3926,#3927));
#917=EDGE_LOOP('',(#3928,#3929,#3930,#3931));
#918=EDGE_LOOP('',(#3932,#3933,#3934,#3935));
#919=EDGE_LOOP('',(#3936,#3937,#3938,#3939));
#920=EDGE_LOOP('',(#3940,#3941,#3942,#3943));
#921=EDGE_LOOP('',(#3944,#3945,#3946,#3947,#3948,#3949,#3950,#3951,#3952,
#3953,#3954,#3955,#3956,#3957,#3958));
#922=EDGE_LOOP('',(#3959));
#923=EDGE_LOOP('',(#3960));
#924=EDGE_LOOP('',(#3961));
#925=EDGE_LOOP('',(#3962));
#926=EDGE_LOOP('',(#3963,#3964,#3965,#3966,#3967,#3968));
#927=EDGE_LOOP('',(#3969,#3970,#3971,#3972,#3973,#3974));
#928=EDGE_LOOP('',(#3975));
#929=EDGE_LOOP('',(#3976));
#930=EDGE_LOOP('',(#3977));
#931=EDGE_LOOP('',(#3978,#3979,#3980,#3981,#3982,#3983));
#932=EDGE_LOOP('',(#3984));
#933=EDGE_LOOP('',(#3985,#3986,#3987,#3988,#3989,#3990));
#934=EDGE_LOOP('',(#3991,#3992,#3993,#3994));
#935=EDGE_LOOP('',(#3995,#3996,#3997,#3998));
#936=EDGE_LOOP('',(#3999,#4000,#4001,#4002,#4003,#4004,#4005,#4006,#4007,
#4008,#4009,#4010,#4011,#4012,#4013,#4014,#4015,#4016,#4017));
#937=EDGE_LOOP('',(#4018));
#938=EDGE_LOOP('',(#4019));
#939=EDGE_LOOP('',(#4020));
#940=EDGE_LOOP('',(#4021));
#941=EDGE_LOOP('',(#4022,#4023,#4024,#4025,#4026,#4027));
#942=EDGE_LOOP('',(#4028,#4029,#4030,#4031,#4032,#4033));
#943=EDGE_LOOP('',(#4034,#4035,#4036,#4037,#4038,#4039));
#944=EDGE_LOOP('',(#4040));
#945=EDGE_LOOP('',(#4041));
#946=EDGE_LOOP('',(#4042));
#947=EDGE_LOOP('',(#4043));
#948=EDGE_LOOP('',(#4044));
#949=EDGE_LOOP('',(#4045,#4046,#4047,#4048));
#950=EDGE_LOOP('',(#4049,#4050,#4051,#4052));
#951=EDGE_LOOP('',(#4053,#4054,#4055,#4056));
#952=EDGE_LOOP('',(#4057,#4058,#4059,#4060));
#953=EDGE_LOOP('',(#4061,#4062,#4063,#4064));
#954=EDGE_LOOP('',(#4065,#4066,#4067,#4068));
#955=EDGE_LOOP('',(#4069,#4070,#4071,#4072));
#956=EDGE_LOOP('',(#4073,#4074,#4075,#4076));
#957=EDGE_LOOP('',(#4077,#4078,#4079,#4080));
#958=EDGE_LOOP('',(#4081,#4082,#4083,#4084));
#959=EDGE_LOOP('',(#4085,#4086,#4087,#4088));
#960=EDGE_LOOP('',(#4089,#4090,#4091,#4092));
#961=EDGE_LOOP('',(#4093,#4094,#4095,#4096));
#962=EDGE_LOOP('',(#4097,#4098,#4099,#4100));
#963=EDGE_LOOP('',(#4101,#4102,#4103,#4104));
#964=EDGE_LOOP('',(#4105,#4106,#4107,#4108));
#965=EDGE_LOOP('',(#4109,#4110,#4111,#4112));
#966=EDGE_LOOP('',(#4113,#4114,#4115,#4116));
#967=EDGE_LOOP('',(#4117,#4118,#4119,#4120));
#968=EDGE_LOOP('',(#4121,#4122,#4123,#4124));
#969=EDGE_LOOP('',(#4125,#4126,#4127,#4128));
#970=EDGE_LOOP('',(#4129,#4130,#4131,#4132));
#971=EDGE_LOOP('',(#4133,#4134,#4135,#4136));
#972=EDGE_LOOP('',(#4137,#4138,#4139,#4140));
#973=EDGE_LOOP('',(#4141,#4142,#4143,#4144));
#974=EDGE_LOOP('',(#4145,#4146,#4147,#4148));
#975=EDGE_LOOP('',(#4149,#4150,#4151,#4152));
#976=EDGE_LOOP('',(#4153,#4154,#4155,#4156));
#977=EDGE_LOOP('',(#4157,#4158,#4159,#4160));
#978=EDGE_LOOP('',(#4161,#4162,#4163,#4164));
#979=EDGE_LOOP('',(#4165,#4166,#4167,#4168));
#980=EDGE_LOOP('',(#4169,#4170,#4171,#4172));
#981=EDGE_LOOP('',(#4173,#4174,#4175,#4176));
#982=EDGE_LOOP('',(#4177,#4178,#4179,#4180));
#983=EDGE_LOOP('',(#4181,#4182,#4183,#4184));
#984=EDGE_LOOP('',(#4185,#4186,#4187,#4188));
#985=EDGE_LOOP('',(#4189,#4190,#4191,#4192));
#986=EDGE_LOOP('',(#4193,#4194,#4195,#4196));
#987=EDGE_LOOP('',(#4197,#4198,#4199,#4200));
#988=EDGE_LOOP('',(#4201,#4202,#4203,#4204,#4205,#4206));
#989=EDGE_LOOP('',(#4207));
#990=EDGE_LOOP('',(#4208,#4209,#4210,#4211));
#991=EDGE_LOOP('',(#4212,#4213,#4214,#4215));
#992=EDGE_LOOP('',(#4216,#4217,#4218,#4219));
#993=EDGE_LOOP('',(#4220,#4221,#4222,#4223,#4224,#4225));
#994=EDGE_LOOP('',(#4226));
#995=EDGE_LOOP('',(#4227,#4228,#4229,#4230));
#996=EDGE_LOOP('',(#4231,#4232,#4233,#4234));
#997=EDGE_LOOP('',(#4235,#4236,#4237,#4238));
#998=EDGE_LOOP('',(#4239,#4240,#4241,#4242,#4243,#4244));
#999=EDGE_LOOP('',(#4245));
#1000=EDGE_LOOP('',(#4246,#4247,#4248,#4249));
#1001=EDGE_LOOP('',(#4250,#4251,#4252,#4253));
#1002=EDGE_LOOP('',(#4254,#4255,#4256,#4257));
#1003=EDGE_LOOP('',(#4258,#4259,#4260,#4261,#4262,#4263));
#1004=EDGE_LOOP('',(#4264));
#1005=EDGE_LOOP('',(#4265,#4266,#4267,#4268));
#1006=EDGE_LOOP('',(#4269,#4270,#4271,#4272));
#1007=EDGE_LOOP('',(#4273,#4274,#4275,#4276));
#1008=EDGE_LOOP('',(#4277,#4278,#4279,#4280));
#1009=EDGE_LOOP('',(#4281,#4282,#4283,#4284));
#1010=EDGE_LOOP('',(#4285,#4286,#4287,#4288));
#1011=EDGE_LOOP('',(#4289,#4290,#4291,#4292));
#1012=EDGE_LOOP('',(#4293,#4294,#4295,#4296));
#1013=EDGE_LOOP('',(#4297,#4298,#4299,#4300));
#1014=EDGE_LOOP('',(#4301,#4302,#4303,#4304));
#1015=EDGE_LOOP('',(#4305,#4306,#4307,#4308));
#1016=EDGE_LOOP('',(#4309,#4310,#4311,#4312));
#1017=EDGE_LOOP('',(#4313,#4314,#4315,#4316));
#1018=EDGE_LOOP('',(#4317,#4318,#4319,#4320));
#1019=EDGE_LOOP('',(#4321,#4322,#4323,#4324,#4325,#4326,#4327));
#1020=EDGE_LOOP('',(#4328,#4329,#4330,#4331,#4332,#4333,#4334));
#1021=EDGE_LOOP('',(#4335,#4336,#4337,#4338));
#1022=EDGE_LOOP('',(#4339,#4340,#4341,#4342));
#1023=EDGE_LOOP('',(#4343,#4344,#4345,#4346,#4347,#4348));
#1024=EDGE_LOOP('',(#4349));
#1025=EDGE_LOOP('',(#4350,#4351,#4352,#4353));
#1026=EDGE_LOOP('',(#4354,#4355,#4356,#4357));
#1027=EDGE_LOOP('',(#4358,#4359,#4360,#4361));
#1028=EDGE_LOOP('',(#4362,#4363,#4364,#4365,#4366,#4367));
#1029=EDGE_LOOP('',(#4368));
#1030=EDGE_LOOP('',(#4369,#4370,#4371,#4372));
#1031=EDGE_LOOP('',(#4373,#4374,#4375,#4376));
#1032=EDGE_LOOP('',(#4377,#4378,#4379,#4380));
#1033=EDGE_LOOP('',(#4381,#4382,#4383,#4384));
#1034=EDGE_LOOP('',(#4385,#4386,#4387,#4388));
#1035=EDGE_LOOP('',(#4389,#4390,#4391,#4392));
#1036=EDGE_LOOP('',(#4393,#4394,#4395,#4396));
#1037=EDGE_LOOP('',(#4397,#4398,#4399,#4400));
#1038=EDGE_LOOP('',(#4401,#4402,#4403,#4404));
#1039=EDGE_LOOP('',(#4405,#4406,#4407,#4408));
#1040=EDGE_LOOP('',(#4409,#4410,#4411,#4412));
#1041=EDGE_LOOP('',(#4413,#4414,#4415,#4416));
#1042=EDGE_LOOP('',(#4417,#4418,#4419,#4420));
#1043=EDGE_LOOP('',(#4421,#4422,#4423,#4424));
#1044=EDGE_LOOP('',(#4425,#4426,#4427,#4428));
#1045=EDGE_LOOP('',(#4429,#4430,#4431,#4432));
#1046=EDGE_LOOP('',(#4433,#4434,#4435,#4436));
#1047=EDGE_LOOP('',(#4437,#4438,#4439,#4440));
#1048=EDGE_LOOP('',(#4441,#4442,#4443,#4444));
#1049=EDGE_LOOP('',(#4445,#4446,#4447,#4448));
#1050=EDGE_LOOP('',(#4449,#4450,#4451,#4452));
#1051=EDGE_LOOP('',(#4453,#4454,#4455,#4456));
#1052=EDGE_LOOP('',(#4457,#4458,#4459,#4460,#4461,#4462));
#1053=EDGE_LOOP('',(#4463));
#1054=EDGE_LOOP('',(#4464,#4465,#4466,#4467));
#1055=EDGE_LOOP('',(#4468,#4469,#4470,#4471));
#1056=EDGE_LOOP('',(#4472,#4473,#4474,#4475));
#1057=EDGE_LOOP('',(#4476,#4477,#4478,#4479));
#1058=EDGE_LOOP('',(#4480,#4481,#4482,#4483));
#1059=EDGE_LOOP('',(#4484,#4485,#4486,#4487));
#1060=EDGE_LOOP('',(#4488,#4489,#4490,#4491));
#1061=EDGE_LOOP('',(#4492,#4493,#4494,#4495));
#1062=EDGE_LOOP('',(#4496,#4497,#4498,#4499));
#1063=EDGE_LOOP('',(#4500,#4501,#4502,#4503));
#1064=EDGE_LOOP('',(#4504,#4505,#4506,#4507));
#1065=EDGE_LOOP('',(#4508,#4509,#4510,#4511));
#1066=EDGE_LOOP('',(#4512,#4513,#4514,#4515,#4516,#4517,#4518,#4519));
#1067=LINE('',#6768,#1536);
#1068=LINE('',#6777,#1537);
#1069=LINE('',#6787,#1538);
#1070=LINE('',#6790,#1539);
#1071=LINE('',#6793,#1540);
#1072=LINE('',#6797,#1541);
#1073=LINE('',#6798,#1542);
#1074=LINE('',#6801,#1543);
#1075=LINE('',#6803,#1544);
#1076=LINE('',#6805,#1545);
#1077=LINE('',#6807,#1546);
#1078=LINE('',#6809,#1547);
#1079=LINE('',#6813,#1548);
#1080=LINE('',#6814,#1549);
#1081=LINE('',#6819,#1550);
#1082=LINE('',#6820,#1551);
#1083=LINE('',#6823,#1552);
#1084=LINE('',#6827,#1553);
#1085=LINE('',#6829,#1554);
#1086=LINE('',#6831,#1555);
#1087=LINE('',#6834,#1556);
#1088=LINE('',#6836,#1557);
#1089=LINE('',#6838,#1558);
#1090=LINE('',#6840,#1559);
#1091=LINE('',#6842,#1560);
#1092=LINE('',#6843,#1561);
#1093=LINE('',#6845,#1562);
#1094=LINE('',#6848,#1563);
#1095=LINE('',#6851,#1564);
#1096=LINE('',#6854,#1565);
#1097=LINE('',#6858,#1566);
#1098=LINE('',#6860,#1567);
#1099=LINE('',#6862,#1568);
#1100=LINE('',#6866,#1569);
#1101=LINE('',#6883,#1570);
#1102=LINE('',#6884,#1571);
#1103=LINE('',#6886,#1572);
#1104=LINE('',#6888,#1573);
#1105=LINE('',#6894,#1574);
#1106=LINE('',#6896,#1575);
#1107=LINE('',#6898,#1576);
#1108=LINE('',#6899,#1577);
#1109=LINE('',#6902,#1578);
#1110=LINE('',#6904,#1579);
#1111=LINE('',#6905,#1580);
#1112=LINE('',#6908,#1581);
#1113=LINE('',#6910,#1582);
#1114=LINE('',#6911,#1583);
#1115=LINE('',#6914,#1584);
#1116=LINE('',#6918,#1585);
#1117=LINE('',#6920,#1586);
#1118=LINE('',#6922,#1587);
#1119=LINE('',#6925,#1588);
#1120=LINE('',#6928,#1589);
#1121=LINE('',#6929,#1590);
#1122=LINE('',#6933,#1591);
#1123=LINE('',#6936,#1592);
#1124=LINE('',#6937,#1593);
#1125=LINE('',#6941,#1594);
#1126=LINE('',#6944,#1595);
#1127=LINE('',#6946,#1596);
#1128=LINE('',#6947,#1597);
#1129=LINE('',#6952,#1598);
#1130=LINE('',#6953,#1599);
#1131=LINE('',#6958,#1600);
#1132=LINE('',#6963,#1601);
#1133=LINE('',#6965,#1602);
#1134=LINE('',#6967,#1603);
#1135=LINE('',#6969,#1604);
#1136=LINE('',#6972,#1605);
#1137=LINE('',#6985,#1606);
#1138=LINE('',#6991,#1607);
#1139=LINE('',#6994,#1608);
#1140=LINE('',#6998,#1609);
#1141=LINE('',#7004,#1610);
#1142=LINE('',#7007,#1611);
#1143=LINE('',#7011,#1612);
#1144=LINE('',#7016,#1613);
#1145=LINE('',#7019,#1614);
#1146=LINE('',#7021,#1615);
#1147=LINE('',#7023,#1616);
#1148=LINE('',#7025,#1617);
#1149=LINE('',#7027,#1618);
#1150=LINE('',#7029,#1619);
#1151=LINE('',#7031,#1620);
#1152=LINE('',#7033,#1621);
#1153=LINE('',#7034,#1622);
#1154=LINE('',#7044,#1623);
#1155=LINE('',#7049,#1624);
#1156=LINE('',#7058,#1625);
#1157=LINE('',#7063,#1626);
#1158=LINE('',#7068,#1627);
#1159=LINE('',#7070,#1628);
#1160=LINE('',#7072,#1629);
#1161=LINE('',#7073,#1630);
#1162=LINE('',#7076,#1631);
#1163=LINE('',#7078,#1632);
#1164=LINE('',#7079,#1633);
#1165=LINE('',#7082,#1634);
#1166=LINE('',#7084,#1635);
#1167=LINE('',#7085,#1636);
#1168=LINE('',#7088,#1637);
#1169=LINE('',#7090,#1638);
#1170=LINE('',#7091,#1639);
#1171=LINE('',#7094,#1640);
#1172=LINE('',#7096,#1641);
#1173=LINE('',#7097,#1642);
#1174=LINE('',#7099,#1643);
#1175=LINE('',#7100,#1644);
#1176=LINE('',#7107,#1645);
#1177=LINE('',#7109,#1646);
#1178=LINE('',#7111,#1647);
#1179=LINE('',#7112,#1648);
#1180=LINE('',#7115,#1649);
#1181=LINE('',#7117,#1650);
#1182=LINE('',#7118,#1651);
#1183=LINE('',#7121,#1652);
#1184=LINE('',#7123,#1653);
#1185=LINE('',#7124,#1654);
#1186=LINE('',#7127,#1655);
#1187=LINE('',#7129,#1656);
#1188=LINE('',#7130,#1657);
#1189=LINE('',#7133,#1658);
#1190=LINE('',#7135,#1659);
#1191=LINE('',#7136,#1660);
#1192=LINE('',#7138,#1661);
#1193=LINE('',#7139,#1662);
#1194=LINE('',#7142,#1663);
#1195=LINE('',#7145,#1664);
#1196=LINE('',#7148,#1665);
#1197=LINE('',#7152,#1666);
#1198=LINE('',#7205,#1667);
#1199=LINE('',#7207,#1668);
#1200=LINE('',#7222,#1669);
#1201=LINE('',#7231,#1670);
#1202=LINE('',#7234,#1671);
#1203=LINE('',#7242,#1672);
#1204=LINE('',#7246,#1673);
#1205=LINE('',#7253,#1674);
#1206=LINE('',#7259,#1675);
#1207=LINE('',#7265,#1676);
#1208=LINE('',#7274,#1677);
#1209=LINE('',#7280,#1678);
#1210=LINE('',#7290,#1679);
#1211=LINE('',#7299,#1680);
#1212=LINE('',#7305,#1681);
#1213=LINE('',#7312,#1682);
#1214=LINE('',#7317,#1683);
#1215=LINE('',#7324,#1684);
#1216=LINE('',#7327,#1685);
#1217=LINE('',#7334,#1686);
#1218=LINE('',#7338,#1687);
#1219=LINE('',#7357,#1688);
#1220=LINE('',#7469,#1689);
#1221=LINE('',#7470,#1690);
#1222=LINE('',#7472,#1691);
#1223=LINE('',#7474,#1692);
#1224=LINE('',#7476,#1693);
#1225=LINE('',#7478,#1694);
#1226=LINE('',#7499,#1695);
#1227=LINE('',#7502,#1696);
#1228=LINE('',#7505,#1697);
#1229=LINE('',#7507,#1698);
#1230=LINE('',#7508,#1699);
#1231=LINE('',#7513,#1700);
#1232=LINE('',#7522,#1701);
#1233=LINE('',#7529,#1702);
#1234=LINE('',#7531,#1703);
#1235=LINE('',#7532,#1704);
#1236=LINE('',#7536,#1705);
#1237=LINE('',#7538,#1706);
#1238=LINE('',#7540,#1707);
#1239=LINE('',#7542,#1708);
#1240=LINE('',#7544,#1709);
#1241=LINE('',#7546,#1710);
#1242=LINE('',#7548,#1711);
#1243=LINE('',#7549,#1712);
#1244=LINE('',#7552,#1713);
#1245=LINE('',#7554,#1714);
#1246=LINE('',#7556,#1715);
#1247=LINE('',#7557,#1716);
#1248=LINE('',#7561,#1717);
#1249=LINE('',#7563,#1718);
#1250=LINE('',#7565,#1719);
#1251=LINE('',#7566,#1720);
#1252=LINE('',#7571,#1721);
#1253=LINE('',#7575,#1722);
#1254=LINE('',#7581,#1723);
#1255=LINE('',#7587,#1724);
#1256=LINE('',#7590,#1725);
#1257=LINE('',#7591,#1726);
#1258=LINE('',#7594,#1727);
#1259=LINE('',#7596,#1728);
#1260=LINE('',#7597,#1729);
#1261=LINE('',#7600,#1730);
#1262=LINE('',#7601,#1731);
#1263=LINE('',#7603,#1732);
#1264=LINE('',#7605,#1733);
#1265=LINE('',#7607,#1734);
#1266=LINE('',#7609,#1735);
#1267=LINE('',#7610,#1736);
#1268=LINE('',#7613,#1737);
#1269=LINE('',#7615,#1738);
#1270=LINE('',#7617,#1739);
#1271=LINE('',#7618,#1740);
#1272=LINE('',#7620,#1741);
#1273=LINE('',#7622,#1742);
#1274=LINE('',#7623,#1743);
#1275=LINE('',#7625,#1744);
#1276=LINE('',#7627,#1745);
#1277=LINE('',#7630,#1746);
#1278=LINE('',#7631,#1747);
#1279=LINE('',#7635,#1748);
#1280=LINE('',#7637,#1749);
#1281=LINE('',#7639,#1750);
#1282=LINE('',#7641,#1751);
#1283=LINE('',#7643,#1752);
#1284=LINE('',#7644,#1753);
#1285=LINE('',#7649,#1754);
#1286=LINE('',#7651,#1755);
#1287=LINE('',#7653,#1756);
#1288=LINE('',#7655,#1757);
#1289=LINE('',#7657,#1758);
#1290=LINE('',#7658,#1759);
#1291=LINE('',#7661,#1760);
#1292=LINE('',#7663,#1761);
#1293=LINE('',#7665,#1762);
#1294=LINE('',#7667,#1763);
#1295=LINE('',#7669,#1764);
#1296=LINE('',#7670,#1765);
#1297=LINE('',#7679,#1766);
#1298=LINE('',#7681,#1767);
#1299=LINE('',#7683,#1768);
#1300=LINE('',#7685,#1769);
#1301=LINE('',#7687,#1770);
#1302=LINE('',#7688,#1771);
#1303=LINE('',#7693,#1772);
#1304=LINE('',#7695,#1773);
#1305=LINE('',#7697,#1774);
#1306=LINE('',#7699,#1775);
#1307=LINE('',#7701,#1776);
#1308=LINE('',#7702,#1777);
#1309=LINE('',#7706,#1778);
#1310=LINE('',#7708,#1779);
#1311=LINE('',#7711,#1780);
#1312=LINE('',#7713,#1781);
#1313=LINE('',#7715,#1782);
#1314=LINE('',#7717,#1783);
#1315=LINE('',#7719,#1784);
#1316=LINE('',#7721,#1785);
#1317=LINE('',#7723,#1786);
#1318=LINE('',#7725,#1787);
#1319=LINE('',#7727,#1788);
#1320=LINE('',#7728,#1789);
#1321=LINE('',#7731,#1790);
#1322=LINE('',#7733,#1791);
#1323=LINE('',#7735,#1792);
#1324=LINE('',#7737,#1793);
#1325=LINE('',#7739,#1794);
#1326=LINE('',#7740,#1795);
#1327=LINE('',#7743,#1796);
#1328=LINE('',#7745,#1797);
#1329=LINE('',#7747,#1798);
#1330=LINE('',#7749,#1799);
#1331=LINE('',#7751,#1800);
#1332=LINE('',#7752,#1801);
#1333=LINE('',#7755,#1802);
#1334=LINE('',#7757,#1803);
#1335=LINE('',#7759,#1804);
#1336=LINE('',#7761,#1805);
#1337=LINE('',#7763,#1806);
#1338=LINE('',#7764,#1807);
#1339=LINE('',#7775,#1808);
#1340=LINE('',#7777,#1809);
#1341=LINE('',#7778,#1810);
#1342=LINE('',#7781,#1811);
#1343=LINE('',#7783,#1812);
#1344=LINE('',#7784,#1813);
#1345=LINE('',#7787,#1814);
#1346=LINE('',#7788,#1815);
#1347=LINE('',#7791,#1816);
#1348=LINE('',#7792,#1817);
#1349=LINE('',#7794,#1818);
#1350=LINE('',#7796,#1819);
#1351=LINE('',#7799,#1820);
#1352=LINE('',#7801,#1821);
#1353=LINE('',#7802,#1822);
#1354=LINE('',#7805,#1823);
#1355=LINE('',#7806,#1824);
#1356=LINE('',#7809,#1825);
#1357=LINE('',#7810,#1826);
#1358=LINE('',#7813,#1827);
#1359=LINE('',#7815,#1828);
#1360=LINE('',#7816,#1829);
#1361=LINE('',#7819,#1830);
#1362=LINE('',#7820,#1831);
#1363=LINE('',#7823,#1832);
#1364=LINE('',#7825,#1833);
#1365=LINE('',#7826,#1834);
#1366=LINE('',#7829,#1835);
#1367=LINE('',#7830,#1836);
#1368=LINE('',#7832,#1837);
#1369=LINE('',#7834,#1838);
#1370=LINE('',#7837,#1839);
#1371=LINE('',#7839,#1840);
#1372=LINE('',#7840,#1841);
#1373=LINE('',#7843,#1842);
#1374=LINE('',#7844,#1843);
#1375=LINE('',#7847,#1844);
#1376=LINE('',#7848,#1845);
#1377=LINE('',#7851,#1846);
#1378=LINE('',#7853,#1847);
#1379=LINE('',#7854,#1848);
#1380=LINE('',#7857,#1849);
#1381=LINE('',#7858,#1850);
#1382=LINE('',#7861,#1851);
#1383=LINE('',#7863,#1852);
#1384=LINE('',#7864,#1853);
#1385=LINE('',#7867,#1854);
#1386=LINE('',#7868,#1855);
#1387=LINE('',#7870,#1856);
#1388=LINE('',#7872,#1857);
#1389=LINE('',#7875,#1858);
#1390=LINE('',#7877,#1859);
#1391=LINE('',#7878,#1860);
#1392=LINE('',#7881,#1861);
#1393=LINE('',#7882,#1862);
#1394=LINE('',#7885,#1863);
#1395=LINE('',#7886,#1864);
#1396=LINE('',#7889,#1865);
#1397=LINE('',#7891,#1866);
#1398=LINE('',#7892,#1867);
#1399=LINE('',#7895,#1868);
#1400=LINE('',#7896,#1869);
#1401=LINE('',#7899,#1870);
#1402=LINE('',#7900,#1871);
#1403=LINE('',#7903,#1872);
#1404=LINE('',#7904,#1873);
#1405=LINE('',#7907,#1874);
#1406=LINE('',#7908,#1875);
#1407=LINE('',#7910,#1876);
#1408=LINE('',#7913,#1877);
#1409=LINE('',#7915,#1878);
#1410=LINE('',#7916,#1879);
#1411=LINE('',#7919,#1880);
#1412=LINE('',#7920,#1881);
#1413=LINE('',#7923,#1882);
#1414=LINE('',#7924,#1883);
#1415=LINE('',#7927,#1884);
#1416=LINE('',#7928,#1885);
#1417=LINE('',#7931,#1886);
#1418=LINE('',#7932,#1887);
#1419=LINE('',#7934,#1888);
#1420=LINE('',#7940,#1889);
#1421=LINE('',#7941,#1890);
#1422=LINE('',#7944,#1891);
#1423=LINE('',#7945,#1892);
#1424=LINE('',#7947,#1893);
#1425=LINE('',#7953,#1894);
#1426=LINE('',#7954,#1895);
#1427=LINE('',#7957,#1896);
#1428=LINE('',#7958,#1897);
#1429=LINE('',#7960,#1898);
#1430=LINE('',#7966,#1899);
#1431=LINE('',#7967,#1900);
#1432=LINE('',#7970,#1901);
#1433=LINE('',#7971,#1902);
#1434=LINE('',#7973,#1903);
#1435=LINE('',#7978,#1904);
#1436=LINE('',#7980,#1905);
#1437=LINE('',#7982,#1906);
#1438=LINE('',#7984,#1907);
#1439=LINE('',#7986,#1908);
#1440=LINE('',#7988,#1909);
#1441=LINE('',#7990,#1910);
#1442=LINE('',#7992,#1911);
#1443=LINE('',#7993,#1912);
#1444=LINE('',#7998,#1913);
#1445=LINE('',#8000,#1914);
#1446=LINE('',#8002,#1915);
#1447=LINE('',#8003,#1916);
#1448=LINE('',#8006,#1917);
#1449=LINE('',#8008,#1918);
#1450=LINE('',#8009,#1919);
#1451=LINE('',#8012,#1920);
#1452=LINE('',#8014,#1921);
#1453=LINE('',#8015,#1922);
#1454=LINE('',#8018,#1923);
#1455=LINE('',#8020,#1924);
#1456=LINE('',#8021,#1925);
#1457=LINE('',#8023,#1926);
#1458=LINE('',#8024,#1927);
#1459=LINE('',#8026,#1928);
#1460=LINE('',#8028,#1929);
#1461=LINE('',#8031,#1930);
#1462=LINE('',#8035,#1931);
#1463=LINE('',#8040,#1932);
#1464=LINE('',#8042,#1933);
#1465=LINE('',#8044,#1934);
#1466=LINE('',#8046,#1935);
#1467=LINE('',#8048,#1936);
#1468=LINE('',#8049,#1937);
#1469=LINE('',#8053,#1938);
#1470=LINE('',#8054,#1939);
#1471=LINE('',#8055,#1940);
#1472=LINE('',#8058,#1941);
#1473=LINE('',#8059,#1942);
#1474=LINE('',#8062,#1943);
#1475=LINE('',#8063,#1944);
#1476=LINE('',#8067,#1945);
#1477=LINE('',#8069,#1946);
#1478=LINE('',#8071,#1947);
#1479=LINE('',#8073,#1948);
#1480=LINE('',#8075,#1949);
#1481=LINE('',#8076,#1950);
#1482=LINE('',#8080,#1951);
#1483=LINE('',#8081,#1952);
#1484=LINE('',#8082,#1953);
#1485=LINE('',#8085,#1954);
#1486=LINE('',#8086,#1955);
#1487=LINE('',#8089,#1956);
#1488=LINE('',#8090,#1957);
#1489=LINE('',#8093,#1958);
#1490=LINE('',#8094,#1959);
#1491=LINE('',#8097,#1960);
#1492=LINE('',#8098,#1961);
#1493=LINE('',#8100,#1962);
#1494=LINE('',#8102,#1963);
#1495=LINE('',#8103,#1964);
#1496=LINE('',#8105,#1965);
#1497=LINE('',#8106,#1966);
#1498=LINE('',#8108,#1967);
#1499=LINE('',#8111,#1968);
#1500=LINE('',#8115,#1969);
#1501=LINE('',#8116,#1970);
#1502=LINE('',#8119,#1971);
#1503=LINE('',#8120,#1972);
#1504=LINE('',#8122,#1973);
#1505=LINE('',#8124,#1974);
#1506=LINE('',#8125,#1975);
#1507=LINE('',#8127,#1976);
#1508=LINE('',#8128,#1977);
#1509=LINE('',#8130,#1978);
#1510=LINE('',#8133,#1979);
#1511=LINE('',#8138,#1980);
#1512=LINE('',#8142,#1981);
#1513=LINE('',#8144,#1982);
#1514=LINE('',#8146,#1983);
#1515=LINE('',#8148,#1984);
#1516=LINE('',#8150,#1985);
#1517=LINE('',#8151,#1986);
#1518=LINE('',#8155,#1987);
#1519=LINE('',#8156,#1988);
#1520=LINE('',#8157,#1989);
#1521=LINE('',#8160,#1990);
#1522=LINE('',#8161,#1991);
#1523=LINE('',#8164,#1992);
#1524=LINE('',#8165,#1993);
#1525=LINE('',#8168,#1994);
#1526=LINE('',#8169,#1995);
#1527=LINE('',#8172,#1996);
#1528=LINE('',#8173,#1997);
#1529=LINE('',#8175,#1998);
#1530=LINE('',#8177,#1999);
#1531=LINE('',#8178,#2000);
#1532=LINE('',#8180,#2001);
#1533=LINE('',#8181,#2002);
#1534=LINE('',#8183,#2003);
#1535=LINE('',#8186,#2004);
#1536=VECTOR('',#5393,2.65);
#1537=VECTOR('',#5404,2.65);
#1538=VECTOR('',#5415,10.);
#1539=VECTOR('',#5418,10.);
#1540=VECTOR('',#5421,10.);
#1541=VECTOR('',#5424,10.);
#1542=VECTOR('',#5425,10.);
#1543=VECTOR('',#5428,10.);
#1544=VECTOR('',#5429,10.);
#1545=VECTOR('',#5430,10.);
#1546=VECTOR('',#5431,10.);
#1547=VECTOR('',#5432,10.);
#1548=VECTOR('',#5435,10.);
#1549=VECTOR('',#5436,10.);
#1550=VECTOR('',#5441,10.);
#1551=VECTOR('',#5442,10.);
#1552=VECTOR('',#5445,10.);
#1553=VECTOR('',#5448,10.);
#1554=VECTOR('',#5449,10.);
#1555=VECTOR('',#5450,10.);
#1556=VECTOR('',#5455,10.);
#1557=VECTOR('',#5456,10.);
#1558=VECTOR('',#5457,10.);
#1559=VECTOR('',#5458,10.);
#1560=VECTOR('',#5459,10.);
#1561=VECTOR('',#5460,10.);
#1562=VECTOR('',#5463,10.);
#1563=VECTOR('',#5466,10.);
#1564=VECTOR('',#5469,10.);
#1565=VECTOR('',#5472,10.);
#1566=VECTOR('',#5475,10.);
#1567=VECTOR('',#5476,10.);
#1568=VECTOR('',#5477,10.);
#1569=VECTOR('',#5480,10.);
#1570=VECTOR('',#5499,10.);
#1571=VECTOR('',#5500,10.);
#1572=VECTOR('',#5503,10.);
#1573=VECTOR('',#5506,10.);
#1574=VECTOR('',#5513,10.);
#1575=VECTOR('',#5514,10.);
#1576=VECTOR('',#5515,10.);
#1577=VECTOR('',#5516,10.);
#1578=VECTOR('',#5519,10.);
#1579=VECTOR('',#5520,10.);
#1580=VECTOR('',#5521,10.);
#1581=VECTOR('',#5524,10.);
#1582=VECTOR('',#5525,10.);
#1583=VECTOR('',#5526,10.);
#1584=VECTOR('',#5529,10.);
#1585=VECTOR('',#5532,10.);
#1586=VECTOR('',#5533,10.);
#1587=VECTOR('',#5534,10.);
#1588=VECTOR('',#5537,10.);
#1589=VECTOR('',#5540,10.);
#1590=VECTOR('',#5541,10.);
#1591=VECTOR('',#5546,10.);
#1592=VECTOR('',#5549,10.);
#1593=VECTOR('',#5550,10.);
#1594=VECTOR('',#5555,10.);
#1595=VECTOR('',#5558,10.);
#1596=VECTOR('',#5559,10.);
#1597=VECTOR('',#5560,10.);
#1598=VECTOR('',#5565,10.);
#1599=VECTOR('',#5566,10.);
#1600=VECTOR('',#5573,10.);
#1601=VECTOR('',#5578,10.);
#1602=VECTOR('',#5581,10.);
#1603=VECTOR('',#5582,10.);
#1604=VECTOR('',#5583,10.);
#1605=VECTOR('',#5586,10.);
#1606=VECTOR('',#5601,0.61475);
#1607=VECTOR('',#5608,1.61475);
#1608=VECTOR('',#5613,1.2295);
#1609=VECTOR('',#5616,0.61475);
#1610=VECTOR('',#5623,1.61475);
#1611=VECTOR('',#5628,1.2295);
#1612=VECTOR('',#5633,2.635);
#1613=VECTOR('',#5640,2.635);
#1614=VECTOR('',#5645,1.2295);
#1615=VECTOR('',#5648,1.2295);
#1616=VECTOR('',#5651,10.);
#1617=VECTOR('',#5654,10.);
#1618=VECTOR('',#5657,2.53);
#1619=VECTOR('',#5660,2.53);
#1620=VECTOR('',#5663,3.6);
#1621=VECTOR('',#5666,10.);
#1622=VECTOR('',#5667,10.);
#1623=VECTOR('',#5680,2.5);
#1624=VECTOR('',#5687,2.45);
#1625=VECTOR('',#5698,3.52);
#1626=VECTOR('',#5705,3.52);
#1627=VECTOR('',#5710,10.);
#1628=VECTOR('',#5711,10.);
#1629=VECTOR('',#5712,10.);
#1630=VECTOR('',#5713,10.);
#1631=VECTOR('',#5716,9.99999999999998);
#1632=VECTOR('',#5717,9.99999999999998);
#1633=VECTOR('',#5718,10.);
#1634=VECTOR('',#5721,10.);
#1635=VECTOR('',#5722,10.);
#1636=VECTOR('',#5723,10.);
#1637=VECTOR('',#5726,10.);
#1638=VECTOR('',#5727,10.);
#1639=VECTOR('',#5728,10.);
#1640=VECTOR('',#5731,9.99999999999998);
#1641=VECTOR('',#5732,9.99999999999998);
#1642=VECTOR('',#5733,10.);
#1643=VECTOR('',#5736,10.);
#1644=VECTOR('',#5737,10.);
#1645=VECTOR('',#5746,10.);
#1646=VECTOR('',#5747,10.);
#1647=VECTOR('',#5748,10.);
#1648=VECTOR('',#5749,10.);
#1649=VECTOR('',#5752,10.);
#1650=VECTOR('',#5753,10.);
#1651=VECTOR('',#5754,10.);
#1652=VECTOR('',#5757,10.);
#1653=VECTOR('',#5758,10.);
#1654=VECTOR('',#5759,10.);
#1655=VECTOR('',#5762,10.);
#1656=VECTOR('',#5763,10.);
#1657=VECTOR('',#5764,10.);
#1658=VECTOR('',#5767,10.);
#1659=VECTOR('',#5768,10.);
#1660=VECTOR('',#5769,10.);
#1661=VECTOR('',#5772,9.99999999999998);
#1662=VECTOR('',#5773,9.99999999999998);
#1663=VECTOR('',#5776,10.);
#1664=VECTOR('',#5779,10.);
#1665=VECTOR('',#5782,10.);
#1666=VECTOR('',#5787,10.);
#1667=VECTOR('',#5826,10.);
#1668=VECTOR('',#5829,10.);
#1669=VECTOR('',#5850,2.5);
#1670=VECTOR('',#5861,2.4);
#1671=VECTOR('',#5864,2.3);
#1672=VECTOR('',#5875,2.65);
#1673=VECTOR('',#5880,2.6);
#1674=VECTOR('',#5889,2.65);
#1675=VECTOR('',#5898,4.);
#1676=VECTOR('',#5905,4.27);
#1677=VECTOR('',#5916,7.8);
#1678=VECTOR('',#5923,8.);
#1679=VECTOR('',#5936,4.27);
#1680=VECTOR('',#5947,7.8);
#1681=VECTOR('',#5954,8.);
#1682=VECTOR('',#5965,2.48);
#1683=VECTOR('',#5970,11.04);
#1684=VECTOR('',#5979,12.04);
#1685=VECTOR('',#5984,11.04);
#1686=VECTOR('',#5993,2.28350635094611);
#1687=VECTOR('',#5998,2.067);
#1688=VECTOR('',#6019,2.28350635094611);
#1689=VECTOR('',#6062,10.);
#1690=VECTOR('',#6063,10.);
#1691=VECTOR('',#6066,10.);
#1692=VECTOR('',#6069,10.);
#1693=VECTOR('',#6072,10.);
#1694=VECTOR('',#6075,10.);
#1695=VECTOR('',#6110,10.);
#1696=VECTOR('',#6113,10.);
#1697=VECTOR('',#6116,10.);
#1698=VECTOR('',#6117,10.);
#1699=VECTOR('',#6118,10.);
#1700=VECTOR('',#6123,3.);
#1701=VECTOR('',#6134,3.);
#1702=VECTOR('',#6143,10.);
#1703=VECTOR('',#6144,10.);
#1704=VECTOR('',#6145,10.);
#1705=VECTOR('',#6148,10.);
#1706=VECTOR('',#6149,10.);
#1707=VECTOR('',#6150,10.);
#1708=VECTOR('',#6151,10.);
#1709=VECTOR('',#6152,10.);
#1710=VECTOR('',#6153,10.);
#1711=VECTOR('',#6154,10.);
#1712=VECTOR('',#6155,10.);
#1713=VECTOR('',#6156,10.);
#1714=VECTOR('',#6157,10.);
#1715=VECTOR('',#6158,10.);
#1716=VECTOR('',#6159,10.);
#1717=VECTOR('',#6162,10.);
#1718=VECTOR('',#6163,10.);
#1719=VECTOR('',#6164,10.);
#1720=VECTOR('',#6165,10.);
#1721=VECTOR('',#6170,2.785);
#1722=VECTOR('',#6175,1.7);
#1723=VECTOR('',#6182,2.785);
#1724=VECTOR('',#6189,10.);
#1725=VECTOR('',#6194,10.);
#1726=VECTOR('',#6195,10.);
#1727=VECTOR('',#6198,10.);
#1728=VECTOR('',#6199,10.);
#1729=VECTOR('',#6200,10.);
#1730=VECTOR('',#6203,10.);
#1731=VECTOR('',#6204,10.);
#1732=VECTOR('',#6207,10.);
#1733=VECTOR('',#6208,10.);
#1734=VECTOR('',#6209,10.);
#1735=VECTOR('',#6210,10.);
#1736=VECTOR('',#6211,10.);
#1737=VECTOR('',#6212,10.);
#1738=VECTOR('',#6213,10.);
#1739=VECTOR('',#6214,10.);
#1740=VECTOR('',#6215,10.);
#1741=VECTOR('',#6218,10.);
#1742=VECTOR('',#6221,10.);
#1743=VECTOR('',#6222,10.);
#1744=VECTOR('',#6225,10.);
#1745=VECTOR('',#6228,10.);
#1746=VECTOR('',#6233,10.);
#1747=VECTOR('',#6234,10.);
#1748=VECTOR('',#6239,10.);
#1749=VECTOR('',#6240,10.);
#1750=VECTOR('',#6241,10.);
#1751=VECTOR('',#6242,10.);
#1752=VECTOR('',#6243,10.);
#1753=VECTOR('',#6244,10.);
#1754=VECTOR('',#6247,10.);
#1755=VECTOR('',#6248,10.);
#1756=VECTOR('',#6249,10.);
#1757=VECTOR('',#6250,10.);
#1758=VECTOR('',#6251,10.);
#1759=VECTOR('',#6252,10.);
#1760=VECTOR('',#6253,10.);
#1761=VECTOR('',#6254,10.);
#1762=VECTOR('',#6255,10.);
#1763=VECTOR('',#6256,10.);
#1764=VECTOR('',#6257,10.);
#1765=VECTOR('',#6258,10.);
#1766=VECTOR('',#6265,9.99999999999999);
#1767=VECTOR('',#6266,10.);
#1768=VECTOR('',#6267,10.);
#1769=VECTOR('',#6268,10.);
#1770=VECTOR('',#6269,10.);
#1771=VECTOR('',#6270,10.);
#1772=VECTOR('',#6273,10.);
#1773=VECTOR('',#6274,10.);
#1774=VECTOR('',#6275,10.);
#1775=VECTOR('',#6276,10.);
#1776=VECTOR('',#6277,10.);
#1777=VECTOR('',#6278,10.);
#1778=VECTOR('',#6283,5.);
#1779=VECTOR('',#6286,1.7);
#1780=VECTOR('',#6289,10.);
#1781=VECTOR('',#6290,10.);
#1782=VECTOR('',#6291,10.);
#1783=VECTOR('',#6292,10.);
#1784=VECTOR('',#6293,10.);
#1785=VECTOR('',#6294,10.);
#1786=VECTOR('',#6295,10.);
#1787=VECTOR('',#6296,10.);
#1788=VECTOR('',#6297,10.);
#1789=VECTOR('',#6298,10.);
#1790=VECTOR('',#6299,10.);
#1791=VECTOR('',#6300,10.);
#1792=VECTOR('',#6301,10.);
#1793=VECTOR('',#6302,10.);
#1794=VECTOR('',#6303,10.);
#1795=VECTOR('',#6304,10.);
#1796=VECTOR('',#6305,10.);
#1797=VECTOR('',#6306,9.99999999999999);
#1798=VECTOR('',#6307,10.);
#1799=VECTOR('',#6308,10.);
#1800=VECTOR('',#6309,10.);
#1801=VECTOR('',#6310,10.);
#1802=VECTOR('',#6311,10.);
#1803=VECTOR('',#6312,10.);
#1804=VECTOR('',#6313,10.);
#1805=VECTOR('',#6314,10.);
#1806=VECTOR('',#6315,10.);
#1807=VECTOR('',#6316,10.);
#1808=VECTOR('',#6327,10.);
#1809=VECTOR('',#6328,10.);
#1810=VECTOR('',#6329,10.);
#1811=VECTOR('',#6332,10.);
#1812=VECTOR('',#6333,10.);
#1813=VECTOR('',#6334,10.);
#1814=VECTOR('',#6337,10.);
#1815=VECTOR('',#6338,10.);
#1816=VECTOR('',#6341,10.);
#1817=VECTOR('',#6342,10.);
#1818=VECTOR('',#6345,10.);
#1819=VECTOR('',#6348,10.);
#1820=VECTOR('',#6351,10.);
#1821=VECTOR('',#6352,10.);
#1822=VECTOR('',#6353,10.);
#1823=VECTOR('',#6356,10.);
#1824=VECTOR('',#6357,10.);
#1825=VECTOR('',#6360,10.);
#1826=VECTOR('',#6361,10.);
#1827=VECTOR('',#6364,10.);
#1828=VECTOR('',#6365,10.);
#1829=VECTOR('',#6366,9.99999999999999);
#1830=VECTOR('',#6369,10.);
#1831=VECTOR('',#6370,10.);
#1832=VECTOR('',#6373,10.);
#1833=VECTOR('',#6374,10.);
#1834=VECTOR('',#6375,9.99999999999999);
#1835=VECTOR('',#6378,10.);
#1836=VECTOR('',#6379,9.99999999999999);
#1837=VECTOR('',#6382,10.);
#1838=VECTOR('',#6385,10.);
#1839=VECTOR('',#6388,10.);
#1840=VECTOR('',#6389,10.);
#1841=VECTOR('',#6390,10.);
#1842=VECTOR('',#6393,10.);
#1843=VECTOR('',#6394,10.);
#1844=VECTOR('',#6397,10.);
#1845=VECTOR('',#6398,10.);
#1846=VECTOR('',#6401,10.);
#1847=VECTOR('',#6402,10.);
#1848=VECTOR('',#6403,10.);
#1849=VECTOR('',#6406,10.);
#1850=VECTOR('',#6407,10.);
#1851=VECTOR('',#6410,10.);
#1852=VECTOR('',#6411,10.);
#1853=VECTOR('',#6412,10.);
#1854=VECTOR('',#6415,10.);
#1855=VECTOR('',#6416,10.);
#1856=VECTOR('',#6419,10.);
#1857=VECTOR('',#6422,10.);
#1858=VECTOR('',#6425,10.);
#1859=VECTOR('',#6426,10.);
#1860=VECTOR('',#6427,10.);
#1861=VECTOR('',#6430,10.);
#1862=VECTOR('',#6431,10.);
#1863=VECTOR('',#6434,10.);
#1864=VECTOR('',#6435,10.);
#1865=VECTOR('',#6438,10.);
#1866=VECTOR('',#6439,9.99999999999999);
#1867=VECTOR('',#6440,10.);
#1868=VECTOR('',#6443,10.);
#1869=VECTOR('',#6444,10.);
#1870=VECTOR('',#6447,10.);
#1871=VECTOR('',#6448,10.);
#1872=VECTOR('',#6451,10.);
#1873=VECTOR('',#6452,10.);
#1874=VECTOR('',#6455,10.);
#1875=VECTOR('',#6456,10.);
#1876=VECTOR('',#6459,10.);
#1877=VECTOR('',#6462,10.);
#1878=VECTOR('',#6463,10.);
#1879=VECTOR('',#6464,10.);
#1880=VECTOR('',#6467,10.);
#1881=VECTOR('',#6468,10.);
#1882=VECTOR('',#6471,10.);
#1883=VECTOR('',#6472,9.99999999999999);
#1884=VECTOR('',#6475,10.);
#1885=VECTOR('',#6476,10.);
#1886=VECTOR('',#6479,10.);
#1887=VECTOR('',#6480,10.);
#1888=VECTOR('',#6483,10.);
#1889=VECTOR('',#6490,10.);
#1890=VECTOR('',#6491,10.);
#1891=VECTOR('',#6494,10.);
#1892=VECTOR('',#6495,10.);
#1893=VECTOR('',#6498,10.);
#1894=VECTOR('',#6505,10.);
#1895=VECTOR('',#6506,10.);
#1896=VECTOR('',#6509,10.);
#1897=VECTOR('',#6510,10.);
#1898=VECTOR('',#6513,10.);
#1899=VECTOR('',#6520,10.);
#1900=VECTOR('',#6521,10.);
#1901=VECTOR('',#6524,10.);
#1902=VECTOR('',#6525,10.);
#1903=VECTOR('',#6528,10.);
#1904=VECTOR('',#6535,10.);
#1905=VECTOR('',#6538,10.);
#1906=VECTOR('',#6541,1.75);
#1907=VECTOR('',#6544,1.75);
#1908=VECTOR('',#6547,10.);
#1909=VECTOR('',#6550,1.75);
#1910=VECTOR('',#6553,1.75);
#1911=VECTOR('',#6556,10.);
#1912=VECTOR('',#6557,10.);
#1913=VECTOR('',#6562,10.);
#1914=VECTOR('',#6563,10.);
#1915=VECTOR('',#6564,10.);
#1916=VECTOR('',#6565,10.);
#1917=VECTOR('',#6568,10.);
#1918=VECTOR('',#6569,10.);
#1919=VECTOR('',#6570,10.);
#1920=VECTOR('',#6573,10.);
#1921=VECTOR('',#6574,10.);
#1922=VECTOR('',#6575,10.);
#1923=VECTOR('',#6578,10.);
#1924=VECTOR('',#6579,10.);
#1925=VECTOR('',#6580,10.);
#1926=VECTOR('',#6583,10.);
#1927=VECTOR('',#6584,10.);
#1928=VECTOR('',#6587,10.);
#1929=VECTOR('',#6590,10.);
#1930=VECTOR('',#6593,1.7);
#1931=VECTOR('',#6598,1.7);
#1932=VECTOR('',#6603,10.);
#1933=VECTOR('',#6604,10.);
#1934=VECTOR('',#6605,10.);
#1935=VECTOR('',#6606,10.);
#1936=VECTOR('',#6607,10.);
#1937=VECTOR('',#6608,10.);
#1938=VECTOR('',#6611,10.);
#1939=VECTOR('',#6612,10.);
#1940=VECTOR('',#6613,10.);
#1941=VECTOR('',#6616,10.);
#1942=VECTOR('',#6617,10.);
#1943=VECTOR('',#6620,10.);
#1944=VECTOR('',#6621,10.);
#1945=VECTOR('',#6624,10.);
#1946=VECTOR('',#6625,10.);
#1947=VECTOR('',#6626,10.);
#1948=VECTOR('',#6627,10.);
#1949=VECTOR('',#6628,10.);
#1950=VECTOR('',#6629,10.);
#1951=VECTOR('',#6632,10.);
#1952=VECTOR('',#6633,10.);
#1953=VECTOR('',#6634,10.);
#1954=VECTOR('',#6637,10.);
#1955=VECTOR('',#6638,10.);
#1956=VECTOR('',#6641,10.);
#1957=VECTOR('',#6642,10.);
#1958=VECTOR('',#6645,10.);
#1959=VECTOR('',#6646,10.);
#1960=VECTOR('',#6649,9.99999999999999);
#1961=VECTOR('',#6650,10.);
#1962=VECTOR('',#6653,10.);
#1963=VECTOR('',#6656,10.);
#1964=VECTOR('',#6657,10.);
#1965=VECTOR('',#6660,10.);
#1966=VECTOR('',#6661,10.);
#1967=VECTOR('',#6664,10.);
#1968=VECTOR('',#6669,10.);
#1969=VECTOR('',#6674,10.);
#1970=VECTOR('',#6675,10.);
#1971=VECTOR('',#6678,10.);
#1972=VECTOR('',#6679,10.);
#1973=VECTOR('',#6682,10.);
#1974=VECTOR('',#6685,10.);
#1975=VECTOR('',#6686,10.);
#1976=VECTOR('',#6689,10.);
#1977=VECTOR('',#6690,10.);
#1978=VECTOR('',#6693,10.);
#1979=VECTOR('',#6698,10.);
#1980=VECTOR('',#6705,1.7);
#1981=VECTOR('',#6708,10.);
#1982=VECTOR('',#6709,10.);
#1983=VECTOR('',#6710,10.);
#1984=VECTOR('',#6711,10.);
#1985=VECTOR('',#6712,10.);
#1986=VECTOR('',#6713,10.);
#1987=VECTOR('',#6716,10.);
#1988=VECTOR('',#6717,10.);
#1989=VECTOR('',#6718,10.);
#1990=VECTOR('',#6721,10.);
#1991=VECTOR('',#6722,10.);
#1992=VECTOR('',#6725,10.);
#1993=VECTOR('',#6726,10.);
#1994=VECTOR('',#6729,10.);
#1995=VECTOR('',#6730,10.);
#1996=VECTOR('',#6733,10.);
#1997=VECTOR('',#6734,10.);
#1998=VECTOR('',#6737,10.);
#1999=VECTOR('',#6740,10.);
#2000=VECTOR('',#6741,10.);
#2001=VECTOR('',#6744,10.);
#2002=VECTOR('',#6745,10.);
#2003=VECTOR('',#6748,10.);
#2004=VECTOR('',#6753,10.);
#2005=CIRCLE('',#4931,2.65);
#2006=CIRCLE('',#4932,2.65);
#2007=CIRCLE('',#4934,1.2295);
#2008=CIRCLE('',#4936,2.65);
#2009=CIRCLE('',#4937,2.65);
#2010=CIRCLE('',#4939,1.2295);
#2011=CIRCLE('',#4941,3.);
#2012=CIRCLE('',#4942,3.);
#2013=CIRCLE('',#4944,1.);
#2014=CIRCLE('',#4946,3.);
#2015=CIRCLE('',#4948,3.);
#2016=CIRCLE('',#4950,2.5);
#2017=CIRCLE('',#4951,1.);
#2018=CIRCLE('',#4955,2.5);
#2019=CIRCLE('',#4957,12.);
#2020=CIRCLE('',#4958,10.);
#2021=CIRCLE('',#4959,10.);
#2022=CIRCLE('',#4960,2.635);
#2023=CIRCLE('',#4961,2.635);
#2024=CIRCLE('',#4962,1.2295);
#2025=CIRCLE('',#4963,1.2295);
#2026=CIRCLE('',#4964,3.6);
#2027=CIRCLE('',#4965,2.53);
#2028=CIRCLE('',#4966,2.53);
#2029=CIRCLE('',#4976,3.);
#2030=CIRCLE('',#4977,3.);
#2031=CIRCLE('',#4980,3.);
#2032=CIRCLE('',#4983,3.);
#2033=CIRCLE('',#4986,1.);
#2034=CIRCLE('',#4987,2.5);
#2035=CIRCLE('',#4989,1.);
#2036=CIRCLE('',#4991,10.);
#2037=CIRCLE('',#4992,10.);
#2038=CIRCLE('',#4993,12.);
#2039=CIRCLE('',#4994,3.6);
#2040=CIRCLE('',#4995,2.53);
#2041=CIRCLE('',#4996,2.53);
#2042=CIRCLE('',#4998,2.5);
#2043=CIRCLE('',#5001,1.2295);
#2044=CIRCLE('',#5003,1.2295);
#2045=CIRCLE('',#5004,2.);
#2046=CIRCLE('',#5007,1.2295);
#2047=CIRCLE('',#5009,1.2295);
#2048=CIRCLE('',#5010,2.);
#2049=CIRCLE('',#5013,2.635);
#2050=CIRCLE('',#5016,2.635);
#2051=CIRCLE('',#5031,2.45);
#2052=CIRCLE('',#5032,2.55);
#2053=CIRCLE('',#5033,2.45);
#2054=CIRCLE('',#5035,2.45);
#2055=CIRCLE('',#5037,3.52);
#2056=CIRCLE('',#5039,3.52);
#2057=CIRCLE('',#5040,3.52);
#2058=CIRCLE('',#5043,3.52);
#2059=CIRCLE('',#5060,4.60623322132601);
#2060=CIRCLE('',#5062,4.60623322132601);
#2061=CIRCLE('',#5064,4.60623322132601);
#2062=CIRCLE('',#5067,4.74386319967908);
#2063=CIRCLE('',#5069,4.74386319967908);
#2064=CIRCLE('',#5071,4.74386319967908);
#2065=CIRCLE('',#5072,4.60623322132601);
#2066=CIRCLE('',#5074,4.60623322132601);
#2067=CIRCLE('',#5075,4.74386319967908);
#2068=CIRCLE('',#5077,4.74386319967908);
#2069=CIRCLE('',#5078,4.74386319967908);
#2070=CIRCLE('',#5079,4.60623322132601);
#2071=CIRCLE('',#5081,4.74386319967908);
#2072=CIRCLE('',#5085,5.02666666666667);
#2073=CIRCLE('',#5086,4.4598130909584);
#2074=CIRCLE('',#5089,0.2);
#2075=CIRCLE('',#5090,4.28236694675581);
#2076=CIRCLE('',#5092,2.6);
#2077=CIRCLE('',#5094,2.4);
#2078=CIRCLE('',#5095,2.4);
#2079=CIRCLE('',#5097,2.4);
#2080=CIRCLE('',#5098,2.4);
#2081=CIRCLE('',#5100,2.2);
#2082=CIRCLE('',#5104,2.6);
#2083=CIRCLE('',#5105,2.7);
#2084=CIRCLE('',#5107,2.6);
#2085=CIRCLE('',#5109,4.);
#2086=CIRCLE('',#5111,2.7);
#2087=CIRCLE('',#5113,4.);
#2088=CIRCLE('',#5117,4.27);
#2089=CIRCLE('',#5118,4.27);
#2090=CIRCLE('',#5120,2.48);
#2091=CIRCLE('',#5122,7.8);
#2092=CIRCLE('',#5123,7.8);
#2093=CIRCLE('',#5125,8.);
#2094=CIRCLE('',#5126,8.);
#2095=CIRCLE('',#5129,10.04);
#2096=CIRCLE('',#5131,4.27);
#2097=CIRCLE('',#5132,4.27);
#2098=CIRCLE('',#5134,2.48);
#2099=CIRCLE('',#5136,7.8);
#2100=CIRCLE('',#5137,7.8);
#2101=CIRCLE('',#5139,8.);
#2102=CIRCLE('',#5140,8.);
#2103=CIRCLE('',#5143,10.04);
#2104=CIRCLE('',#5146,12.04);
#2105=CIRCLE('',#5147,12.04);
#2106=CIRCLE('',#5149,12.04);
#2107=CIRCLE('',#5150,12.04);
#2108=CIRCLE('',#5156,2.067);
#2109=CIRCLE('',#5157,2.50001270189222);
#2110=CIRCLE('',#5159,2.067);
#2111=CIRCLE('',#5160,2.067);
#2112=CIRCLE('',#5162,4.);
#2113=CIRCLE('',#5163,4.);
#2114=CIRCLE('',#5164,4.);
#2115=CIRCLE('',#5165,4.);
#2116=CIRCLE('',#5166,4.);
#2117=CIRCLE('',#5167,4.);
#2118=CIRCLE('',#5169,2.50001270189222);
#2119=CIRCLE('',#5171,4.);
#2120=CIRCLE('',#5172,4.);
#2121=CIRCLE('',#5173,4.);
#2122=CIRCLE('',#5174,4.);
#2123=CIRCLE('',#5175,4.);
#2124=CIRCLE('',#5176,4.);
#2125=CIRCLE('',#5210,5.);
#2126=CIRCLE('',#5211,5.);
#2127=CIRCLE('',#5214,3.);
#2128=CIRCLE('',#5215,3.);
#2129=CIRCLE('',#5217,1.7);
#2130=CIRCLE('',#5219,3.);
#2131=CIRCLE('',#5220,3.);
#2132=CIRCLE('',#5222,1.7);
#2133=CIRCLE('',#5227,2.785);
#2134=CIRCLE('',#5228,2.785);
#2135=CIRCLE('',#5230,1.7);
#2136=CIRCLE('',#5232,2.785);
#2137=CIRCLE('',#5233,2.785);
#2138=CIRCLE('',#5235,5.);
#2139=CIRCLE('',#5236,5.);
#2140=CIRCLE('',#5249,1.7);
#2141=CIRCLE('',#5250,1.7);
#2142=CIRCLE('',#5251,1.7);
#2143=CIRCLE('',#5252,1.7);
#2144=CIRCLE('',#5253,5.);
#2145=CIRCLE('',#5255,5.);
#2146=CIRCLE('',#5258,1.75);
#2147=CIRCLE('',#5259,1.75);
#2148=CIRCLE('',#5260,1.75);
#2149=CIRCLE('',#5261,1.75);
#2150=CIRCLE('',#5302,1.75);
#2151=CIRCLE('',#5307,1.75);
#2152=CIRCLE('',#5312,1.75);
#2153=CIRCLE('',#5317,1.75);
#2154=CIRCLE('',#5335,1.7);
#2155=CIRCLE('',#5337,1.7);
#2156=CIRCLE('',#5365,1.7);
#2157=VERTEX_POINT('',#6765);
#2158=VERTEX_POINT('',#6767);
#2159=VERTEX_POINT('',#6771);
#2160=VERTEX_POINT('',#6774);
#2161=VERTEX_POINT('',#6776);
#2162=VERTEX_POINT('',#6780);
#2163=VERTEX_POINT('',#6783);
#2164=VERTEX_POINT('',#6784);
#2165=VERTEX_POINT('',#6786);
#2166=VERTEX_POINT('',#6788);
#2167=VERTEX_POINT('',#6792);
#2168=VERTEX_POINT('',#6794);
#2169=VERTEX_POINT('',#6796);
#2170=VERTEX_POINT('',#6800);
#2171=VERTEX_POINT('',#6802);
#2172=VERTEX_POINT('',#6804);
#2173=VERTEX_POINT('',#6806);
#2174=VERTEX_POINT('',#6808);
#2175=VERTEX_POINT('',#6810);
#2176=VERTEX_POINT('',#6812);
#2177=VERTEX_POINT('',#6816);
#2178=VERTEX_POINT('',#6817);
#2179=VERTEX_POINT('',#6822);
#2180=VERTEX_POINT('',#6824);
#2181=VERTEX_POINT('',#6826);
#2182=VERTEX_POINT('',#6828);
#2183=VERTEX_POINT('',#6830);
#2184=VERTEX_POINT('',#6835);
#2185=VERTEX_POINT('',#6837);
#2186=VERTEX_POINT('',#6839);
#2187=VERTEX_POINT('',#6841);
#2188=VERTEX_POINT('',#6847);
#2189=VERTEX_POINT('',#6849);
#2190=VERTEX_POINT('',#6853);
#2191=VERTEX_POINT('',#6855);
#2192=VERTEX_POINT('',#6857);
#2193=VERTEX_POINT('',#6859);
#2194=VERTEX_POINT('',#6861);
#2195=VERTEX_POINT('',#6863);
#2196=VERTEX_POINT('',#6865);
#2197=VERTEX_POINT('',#6868);
#2198=VERTEX_POINT('',#6870);
#2199=VERTEX_POINT('',#6872);
#2200=VERTEX_POINT('',#6874);
#2201=VERTEX_POINT('',#6876);
#2202=VERTEX_POINT('',#6878);
#2203=VERTEX_POINT('',#6880);
#2204=VERTEX_POINT('',#6892);
#2205=VERTEX_POINT('',#6893);
#2206=VERTEX_POINT('',#6895);
#2207=VERTEX_POINT('',#6897);
#2208=VERTEX_POINT('',#6901);
#2209=VERTEX_POINT('',#6903);
#2210=VERTEX_POINT('',#6907);
#2211=VERTEX_POINT('',#6909);
#2212=VERTEX_POINT('',#6913);
#2213=VERTEX_POINT('',#6915);
#2214=VERTEX_POINT('',#6917);
#2215=VERTEX_POINT('',#6919);
#2216=VERTEX_POINT('',#6921);
#2217=VERTEX_POINT('',#6923);
#2218=VERTEX_POINT('',#6927);
#2219=VERTEX_POINT('',#6931);
#2220=VERTEX_POINT('',#6935);
#2221=VERTEX_POINT('',#6939);
#2222=VERTEX_POINT('',#6943);
#2223=VERTEX_POINT('',#6945);
#2224=VERTEX_POINT('',#6949);
#2225=VERTEX_POINT('',#6951);
#2226=VERTEX_POINT('',#6956);
#2227=VERTEX_POINT('',#6960);
#2228=VERTEX_POINT('',#6962);
#2229=VERTEX_POINT('',#6966);
#2230=VERTEX_POINT('',#6968);
#2231=VERTEX_POINT('',#6970);
#2232=VERTEX_POINT('',#6973);
#2233=VERTEX_POINT('',#6975);
#2234=VERTEX_POINT('',#6977);
#2235=VERTEX_POINT('',#6983);
#2236=VERTEX_POINT('',#6984);
#2237=VERTEX_POINT('',#6988);
#2238=VERTEX_POINT('',#6990);
#2239=VERTEX_POINT('',#6996);
#2240=VERTEX_POINT('',#6997);
#2241=VERTEX_POINT('',#7001);
#2242=VERTEX_POINT('',#7003);
#2243=VERTEX_POINT('',#7009);
#2244=VERTEX_POINT('',#7014);
#2245=VERTEX_POINT('',#7040);
#2246=VERTEX_POINT('',#7041);
#2247=VERTEX_POINT('',#7043);
#2248=VERTEX_POINT('',#7048);
#2249=VERTEX_POINT('',#7052);
#2250=VERTEX_POINT('',#7055);
#2251=VERTEX_POINT('',#7057);
#2252=VERTEX_POINT('',#7062);
#2253=VERTEX_POINT('',#7066);
#2254=VERTEX_POINT('',#7067);
#2255=VERTEX_POINT('',#7069);
#2256=VERTEX_POINT('',#7071);
#2257=VERTEX_POINT('',#7075);
#2258=VERTEX_POINT('',#7077);
#2259=VERTEX_POINT('',#7081);
#2260=VERTEX_POINT('',#7083);
#2261=VERTEX_POINT('',#7087);
#2262=VERTEX_POINT('',#7089);
#2263=VERTEX_POINT('',#7093);
#2264=VERTEX_POINT('',#7095);
#2265=VERTEX_POINT('',#7105);
#2266=VERTEX_POINT('',#7106);
#2267=VERTEX_POINT('',#7108);
#2268=VERTEX_POINT('',#7110);
#2269=VERTEX_POINT('',#7114);
#2270=VERTEX_POINT('',#7116);
#2271=VERTEX_POINT('',#7120);
#2272=VERTEX_POINT('',#7122);
#2273=VERTEX_POINT('',#7126);
#2274=VERTEX_POINT('',#7128);
#2275=VERTEX_POINT('',#7132);
#2276=VERTEX_POINT('',#7134);
#2277=VERTEX_POINT('',#7141);
#2278=VERTEX_POINT('',#7143);
#2279=VERTEX_POINT('',#7147);
#2280=VERTEX_POINT('',#7151);
#2281=VERTEX_POINT('',#7156);
#2282=VERTEX_POINT('',#7157);
#2283=VERTEX_POINT('',#7168);
#2284=VERTEX_POINT('',#7175);
#2285=VERTEX_POINT('',#7176);
#2286=VERTEX_POINT('',#7178);
#2287=VERTEX_POINT('',#7183);
#2288=VERTEX_POINT('',#7191);
#2289=VERTEX_POINT('',#7198);
#2290=VERTEX_POINT('',#7209);
#2291=VERTEX_POINT('',#7214);
#2292=VERTEX_POINT('',#7218);
#2293=VERTEX_POINT('',#7221);
#2294=VERTEX_POINT('',#7223);
#2295=VERTEX_POINT('',#7227);
#2296=VERTEX_POINT('',#7228);
#2297=VERTEX_POINT('',#7233);
#2298=VERTEX_POINT('',#7239);
#2299=VERTEX_POINT('',#7241);
#2300=VERTEX_POINT('',#7245);
#2301=VERTEX_POINT('',#7249);
#2302=VERTEX_POINT('',#7252);
#2303=VERTEX_POINT('',#7256);
#2304=VERTEX_POINT('',#7262);
#2305=VERTEX_POINT('',#7264);
#2306=VERTEX_POINT('',#7268);
#2307=VERTEX_POINT('',#7271);
#2308=VERTEX_POINT('',#7273);
#2309=VERTEX_POINT('',#7277);
#2310=VERTEX_POINT('',#7279);
#2311=VERTEX_POINT('',#7284);
#2312=VERTEX_POINT('',#7287);
#2313=VERTEX_POINT('',#7289);
#2314=VERTEX_POINT('',#7293);
#2315=VERTEX_POINT('',#7296);
#2316=VERTEX_POINT('',#7298);
#2317=VERTEX_POINT('',#7302);
#2318=VERTEX_POINT('',#7304);
#2319=VERTEX_POINT('',#7309);
#2320=VERTEX_POINT('',#7314);
#2321=VERTEX_POINT('',#7315);
#2322=VERTEX_POINT('',#7320);
#2323=VERTEX_POINT('',#7321);
#2324=VERTEX_POINT('',#7331);
#2325=VERTEX_POINT('',#7333);
#2326=VERTEX_POINT('',#7337);
#2327=VERTEX_POINT('',#7339);
#2328=VERTEX_POINT('',#7343);
#2329=VERTEX_POINT('',#7344);
#2330=VERTEX_POINT('',#7346);
#2331=VERTEX_POINT('',#7348);
#2332=VERTEX_POINT('',#7350);
#2333=VERTEX_POINT('',#7352);
#2334=VERTEX_POINT('',#7356);
#2335=VERTEX_POINT('',#7360);
#2336=VERTEX_POINT('',#7361);
#2337=VERTEX_POINT('',#7363);
#2338=VERTEX_POINT('',#7365);
#2339=VERTEX_POINT('',#7367);
#2340=VERTEX_POINT('',#7369);
#2341=VERTEX_POINT('',#7373);
#2342=VERTEX_POINT('',#7381);
#2343=VERTEX_POINT('',#7389);
#2344=VERTEX_POINT('',#7397);
#2345=VERTEX_POINT('',#7405);
#2346=VERTEX_POINT('',#7413);
#2347=VERTEX_POINT('',#7421);
#2348=VERTEX_POINT('',#7429);
#2349=VERTEX_POINT('',#7437);
#2350=VERTEX_POINT('',#7445);
#2351=VERTEX_POINT('',#7453);
#2352=VERTEX_POINT('',#7461);
#2353=VERTEX_POINT('',#7495);
#2354=VERTEX_POINT('',#7496);
#2355=VERTEX_POINT('',#7498);
#2356=VERTEX_POINT('',#7500);
#2357=VERTEX_POINT('',#7504);
#2358=VERTEX_POINT('',#7506);
#2359=VERTEX_POINT('',#7510);
#2360=VERTEX_POINT('',#7512);
#2361=VERTEX_POINT('',#7516);
#2362=VERTEX_POINT('',#7519);
#2363=VERTEX_POINT('',#7521);
#2364=VERTEX_POINT('',#7525);
#2365=VERTEX_POINT('',#7528);
#2366=VERTEX_POINT('',#7530);
#2367=VERTEX_POINT('',#7534);
#2368=VERTEX_POINT('',#7535);
#2369=VERTEX_POINT('',#7537);
#2370=VERTEX_POINT('',#7539);
#2371=VERTEX_POINT('',#7541);
#2372=VERTEX_POINT('',#7543);
#2373=VERTEX_POINT('',#7545);
#2374=VERTEX_POINT('',#7547);
#2375=VERTEX_POINT('',#7550);
#2376=VERTEX_POINT('',#7551);
#2377=VERTEX_POINT('',#7553);
#2378=VERTEX_POINT('',#7555);
#2379=VERTEX_POINT('',#7559);
#2380=VERTEX_POINT('',#7560);
#2381=VERTEX_POINT('',#7562);
#2382=VERTEX_POINT('',#7564);
#2383=VERTEX_POINT('',#7568);
#2384=VERTEX_POINT('',#7570);
#2385=VERTEX_POINT('',#7574);
#2386=VERTEX_POINT('',#7578);
#2387=VERTEX_POINT('',#7580);
#2388=VERTEX_POINT('',#7584);
#2389=VERTEX_POINT('',#7586);
#2390=VERTEX_POINT('',#7593);
#2391=VERTEX_POINT('',#7595);
#2392=VERTEX_POINT('',#7599);
#2393=VERTEX_POINT('',#7604);
#2394=VERTEX_POINT('',#7606);
#2395=VERTEX_POINT('',#7608);
#2396=VERTEX_POINT('',#7611);
#2397=VERTEX_POINT('',#7612);
#2398=VERTEX_POINT('',#7614);
#2399=VERTEX_POINT('',#7616);
#2400=VERTEX_POINT('',#7634);
#2401=VERTEX_POINT('',#7636);
#2402=VERTEX_POINT('',#7638);
#2403=VERTEX_POINT('',#7640);
#2404=VERTEX_POINT('',#7642);
#2405=VERTEX_POINT('',#7645);
#2406=VERTEX_POINT('',#7647);
#2407=VERTEX_POINT('',#7648);
#2408=VERTEX_POINT('',#7650);
#2409=VERTEX_POINT('',#7652);
#2410=VERTEX_POINT('',#7654);
#2411=VERTEX_POINT('',#7656);
#2412=VERTEX_POINT('',#7659);
#2413=VERTEX_POINT('',#7660);
#2414=VERTEX_POINT('',#7662);
#2415=VERTEX_POINT('',#7664);
#2416=VERTEX_POINT('',#7666);
#2417=VERTEX_POINT('',#7668);
#2418=VERTEX_POINT('',#7671);
#2419=VERTEX_POINT('',#7673);
#2420=VERTEX_POINT('',#7675);
#2421=VERTEX_POINT('',#7677);
#2422=VERTEX_POINT('',#7678);
#2423=VERTEX_POINT('',#7680);
#2424=VERTEX_POINT('',#7682);
#2425=VERTEX_POINT('',#7684);
#2426=VERTEX_POINT('',#7686);
#2427=VERTEX_POINT('',#7689);
#2428=VERTEX_POINT('',#7691);
#2429=VERTEX_POINT('',#7692);
#2430=VERTEX_POINT('',#7694);
#2431=VERTEX_POINT('',#7696);
#2432=VERTEX_POINT('',#7698);
#2433=VERTEX_POINT('',#7700);
#2434=VERTEX_POINT('',#7704);
#2435=VERTEX_POINT('',#7710);
#2436=VERTEX_POINT('',#7712);
#2437=VERTEX_POINT('',#7714);
#2438=VERTEX_POINT('',#7716);
#2439=VERTEX_POINT('',#7718);
#2440=VERTEX_POINT('',#7720);
#2441=VERTEX_POINT('',#7722);
#2442=VERTEX_POINT('',#7724);
#2443=VERTEX_POINT('',#7726);
#2444=VERTEX_POINT('',#7729);
#2445=VERTEX_POINT('',#7730);
#2446=VERTEX_POINT('',#7732);
#2447=VERTEX_POINT('',#7734);
#2448=VERTEX_POINT('',#7736);
#2449=VERTEX_POINT('',#7738);
#2450=VERTEX_POINT('',#7741);
#2451=VERTEX_POINT('',#7742);
#2452=VERTEX_POINT('',#7744);
#2453=VERTEX_POINT('',#7746);
#2454=VERTEX_POINT('',#7748);
#2455=VERTEX_POINT('',#7750);
#2456=VERTEX_POINT('',#7753);
#2457=VERTEX_POINT('',#7754);
#2458=VERTEX_POINT('',#7756);
#2459=VERTEX_POINT('',#7758);
#2460=VERTEX_POINT('',#7760);
#2461=VERTEX_POINT('',#7762);
#2462=VERTEX_POINT('',#7765);
#2463=VERTEX_POINT('',#7767);
#2464=VERTEX_POINT('',#7769);
#2465=VERTEX_POINT('',#7771);
#2466=VERTEX_POINT('',#7774);
#2467=VERTEX_POINT('',#7776);
#2468=VERTEX_POINT('',#7780);
#2469=VERTEX_POINT('',#7782);
#2470=VERTEX_POINT('',#7786);
#2471=VERTEX_POINT('',#7790);
#2472=VERTEX_POINT('',#7798);
#2473=VERTEX_POINT('',#7800);
#2474=VERTEX_POINT('',#7804);
#2475=VERTEX_POINT('',#7808);
#2476=VERTEX_POINT('',#7812);
#2477=VERTEX_POINT('',#7814);
#2478=VERTEX_POINT('',#7818);
#2479=VERTEX_POINT('',#7822);
#2480=VERTEX_POINT('',#7824);
#2481=VERTEX_POINT('',#7828);
#2482=VERTEX_POINT('',#7836);
#2483=VERTEX_POINT('',#7838);
#2484=VERTEX_POINT('',#7842);
#2485=VERTEX_POINT('',#7846);
#2486=VERTEX_POINT('',#7850);
#2487=VERTEX_POINT('',#7852);
#2488=VERTEX_POINT('',#7856);
#2489=VERTEX_POINT('',#7860);
#2490=VERTEX_POINT('',#7862);
#2491=VERTEX_POINT('',#7866);
#2492=VERTEX_POINT('',#7874);
#2493=VERTEX_POINT('',#7876);
#2494=VERTEX_POINT('',#7880);
#2495=VERTEX_POINT('',#7884);
#2496=VERTEX_POINT('',#7888);
#2497=VERTEX_POINT('',#7890);
#2498=VERTEX_POINT('',#7894);
#2499=VERTEX_POINT('',#7898);
#2500=VERTEX_POINT('',#7902);
#2501=VERTEX_POINT('',#7906);
#2502=VERTEX_POINT('',#7912);
#2503=VERTEX_POINT('',#7914);
#2504=VERTEX_POINT('',#7918);
#2505=VERTEX_POINT('',#7922);
#2506=VERTEX_POINT('',#7926);
#2507=VERTEX_POINT('',#7930);
#2508=VERTEX_POINT('',#7936);
#2509=VERTEX_POINT('',#7939);
#2510=VERTEX_POINT('',#7943);
#2511=VERTEX_POINT('',#7949);
#2512=VERTEX_POINT('',#7952);
#2513=VERTEX_POINT('',#7956);
#2514=VERTEX_POINT('',#7962);
#2515=VERTEX_POINT('',#7965);
#2516=VERTEX_POINT('',#7969);
#2517=VERTEX_POINT('',#7975);
#2518=VERTEX_POINT('',#7996);
#2519=VERTEX_POINT('',#7997);
#2520=VERTEX_POINT('',#7999);
#2521=VERTEX_POINT('',#8001);
#2522=VERTEX_POINT('',#8005);
#2523=VERTEX_POINT('',#8007);
#2524=VERTEX_POINT('',#8011);
#2525=VERTEX_POINT('',#8013);
#2526=VERTEX_POINT('',#8017);
#2527=VERTEX_POINT('',#8019);
#2528=VERTEX_POINT('',#8030);
#2529=VERTEX_POINT('',#8034);
#2530=VERTEX_POINT('',#8038);
#2531=VERTEX_POINT('',#8039);
#2532=VERTEX_POINT('',#8041);
#2533=VERTEX_POINT('',#8043);
#2534=VERTEX_POINT('',#8045);
#2535=VERTEX_POINT('',#8047);
#2536=VERTEX_POINT('',#8051);
#2537=VERTEX_POINT('',#8052);
#2538=VERTEX_POINT('',#8057);
#2539=VERTEX_POINT('',#8061);
#2540=VERTEX_POINT('',#8065);
#2541=VERTEX_POINT('',#8066);
#2542=VERTEX_POINT('',#8068);
#2543=VERTEX_POINT('',#8070);
#2544=VERTEX_POINT('',#8072);
#2545=VERTEX_POINT('',#8074);
#2546=VERTEX_POINT('',#8078);
#2547=VERTEX_POINT('',#8079);
#2548=VERTEX_POINT('',#8084);
#2549=VERTEX_POINT('',#8088);
#2550=VERTEX_POINT('',#8092);
#2551=VERTEX_POINT('',#8096);
#2552=VERTEX_POINT('',#8114);
#2553=VERTEX_POINT('',#8118);
#2554=VERTEX_POINT('',#8136);
#2555=VERTEX_POINT('',#8140);
#2556=VERTEX_POINT('',#8141);
#2557=VERTEX_POINT('',#8143);
#2558=VERTEX_POINT('',#8145);
#2559=VERTEX_POINT('',#8147);
#2560=VERTEX_POINT('',#8149);
#2561=VERTEX_POINT('',#8153);
#2562=VERTEX_POINT('',#8154);
#2563=VERTEX_POINT('',#8159);
#2564=VERTEX_POINT('',#8163);
#2565=VERTEX_POINT('',#8167);
#2566=VERTEX_POINT('',#8171);
#2567=EDGE_CURVE('',#2157,#2157,#2005,.T.);
#2568=EDGE_CURVE('',#2157,#2158,#1067,.T.);
#2569=EDGE_CURVE('',#2158,#2158,#2006,.T.);
#2570=EDGE_CURVE('',#2159,#2159,#2007,.T.);
#2571=EDGE_CURVE('',#2160,#2160,#2008,.T.);
#2572=EDGE_CURVE('',#2160,#2161,#1068,.T.);
#2573=EDGE_CURVE('',#2161,#2161,#2009,.T.);
#2574=EDGE_CURVE('',#2162,#2162,#2010,.T.);
#2575=EDGE_CURVE('',#2163,#2164,#2011,.T.);
#2576=EDGE_CURVE('',#2164,#2165,#1069,.T.);
#2577=EDGE_CURVE('',#2165,#2166,#2012,.T.);
#2578=EDGE_CURVE('',#2166,#2163,#1070,.T.);
#2579=EDGE_CURVE('',#2167,#2164,#1071,.T.);
#2580=EDGE_CURVE('',#2168,#2167,#2013,.T.);
#2581=EDGE_CURVE('',#2169,#2168,#1072,.T.);
#2582=EDGE_CURVE('',#2169,#2165,#1073,.T.);
#2583=EDGE_CURVE('',#2163,#2170,#1074,.T.);
#2584=EDGE_CURVE('',#2170,#2171,#1075,.T.);
#2585=EDGE_CURVE('',#2171,#2172,#1076,.T.);
#2586=EDGE_CURVE('',#2172,#2173,#1077,.T.);
#2587=EDGE_CURVE('',#2173,#2174,#1078,.T.);
#2588=EDGE_CURVE('',#2175,#2174,#2014,.T.);
#2589=EDGE_CURVE('',#2176,#2175,#1079,.T.);
#2590=EDGE_CURVE('',#2167,#2176,#1080,.T.);
#2591=EDGE_CURVE('',#2177,#2178,#2015,.T.);
#2592=EDGE_CURVE('',#2178,#2175,#1081,.T.);
#2593=EDGE_CURVE('',#2174,#2177,#1082,.T.);
#2594=EDGE_CURVE('',#2178,#2179,#1083,.T.);
#2595=EDGE_CURVE('',#2180,#2179,#2016,.T.);
#2596=EDGE_CURVE('',#2181,#2180,#1084,.T.);
#2597=EDGE_CURVE('',#2182,#2181,#1085,.T.);
#2598=EDGE_CURVE('',#2182,#2183,#1086,.T.);
#2599=EDGE_CURVE('',#2176,#2183,#2017,.T.);
#2600=EDGE_CURVE('',#2179,#2169,#1087,.T.);
#2601=EDGE_CURVE('',#2177,#2184,#1088,.T.);
#2602=EDGE_CURVE('',#2184,#2185,#1089,.T.);
#2603=EDGE_CURVE('',#2185,#2186,#1090,.T.);
#2604=EDGE_CURVE('',#2186,#2187,#1091,.T.);
#2605=EDGE_CURVE('',#2187,#2166,#1092,.T.);
#2606=EDGE_CURVE('',#2183,#2168,#1093,.T.);
#2607=EDGE_CURVE('',#2169,#2188,#1094,.T.);
#2608=EDGE_CURVE('',#2188,#2189,#2018,.F.);
#2609=EDGE_CURVE('',#2189,#2180,#1095,.T.);
#2610=EDGE_CURVE('',#2189,#2190,#1096,.T.);
#2611=EDGE_CURVE('',#2190,#2191,#2019,.T.);
#2612=EDGE_CURVE('',#2191,#2192,#1097,.T.);
#2613=EDGE_CURVE('',#2193,#2192,#1098,.T.);
#2614=EDGE_CURVE('',#2193,#2194,#1099,.T.);
#2615=EDGE_CURVE('',#2195,#2194,#2020,.T.);
#2616=EDGE_CURVE('',#2195,#2196,#1100,.T.);
#2617=EDGE_CURVE('',#2181,#2196,#2021,.T.);
#2618=EDGE_CURVE('',#2197,#2197,#2022,.T.);
#2619=EDGE_CURVE('',#2198,#2198,#2023,.T.);
#2620=EDGE_CURVE('',#2199,#2199,#2024,.T.);
#2621=EDGE_CURVE('',#2200,#2200,#2025,.T.);
#2622=EDGE_CURVE('',#2201,#2201,#2026,.T.);
#2623=EDGE_CURVE('',#2202,#2202,#2027,.T.);
#2624=EDGE_CURVE('',#2203,#2203,#2028,.T.);
#2625=EDGE_CURVE('',#2186,#2171,#1101,.T.);
#2626=EDGE_CURVE('',#2185,#2172,#1102,.T.);
#2627=EDGE_CURVE('',#2187,#2170,#1103,.T.);
#2628=EDGE_CURVE('',#2173,#2184,#1104,.T.);
#2629=EDGE_CURVE('',#2204,#2205,#1105,.T.);
#2630=EDGE_CURVE('',#2206,#2204,#1106,.T.);
#2631=EDGE_CURVE('',#2207,#2206,#1107,.T.);
#2632=EDGE_CURVE('',#2207,#2205,#1108,.T.);
#2633=EDGE_CURVE('',#2205,#2208,#1109,.T.);
#2634=EDGE_CURVE('',#2209,#2207,#1110,.T.);
#2635=EDGE_CURVE('',#2208,#2209,#1111,.T.);
#2636=EDGE_CURVE('',#2210,#2204,#1112,.T.);
#2637=EDGE_CURVE('',#2211,#2210,#1113,.T.);
#2638=EDGE_CURVE('',#2206,#2211,#1114,.T.);
#2639=EDGE_CURVE('',#2212,#2208,#1115,.T.);
#2640=EDGE_CURVE('',#2213,#2212,#2029,.T.);
#2641=EDGE_CURVE('',#2214,#2213,#1116,.T.);
#2642=EDGE_CURVE('',#2215,#2214,#1117,.T.);
#2643=EDGE_CURVE('',#2215,#2216,#1118,.T.);
#2644=EDGE_CURVE('',#2217,#2216,#2030,.T.);
#2645=EDGE_CURVE('',#2210,#2217,#1119,.T.);
#2646=EDGE_CURVE('',#2209,#2218,#1120,.T.);
#2647=EDGE_CURVE('',#2212,#2218,#1121,.T.);
#2648=EDGE_CURVE('',#2218,#2219,#2031,.T.);
#2649=EDGE_CURVE('',#2219,#2213,#1122,.T.);
#2650=EDGE_CURVE('',#2220,#2217,#1123,.T.);
#2651=EDGE_CURVE('',#2220,#2211,#1124,.T.);
#2652=EDGE_CURVE('',#2221,#2220,#2032,.T.);
#2653=EDGE_CURVE('',#2216,#2221,#1125,.T.);
#2654=EDGE_CURVE('',#2221,#2222,#1126,.T.);
#2655=EDGE_CURVE('',#2223,#2222,#1127,.T.);
#2656=EDGE_CURVE('',#2223,#2219,#1128,.T.);
#2657=EDGE_CURVE('',#2224,#2215,#2033,.T.);
#2658=EDGE_CURVE('',#2224,#2225,#1129,.T.);
#2659=EDGE_CURVE('',#2194,#2225,#1130,.T.);
#2660=EDGE_CURVE('',#2222,#2193,#2034,.T.);
#2661=EDGE_CURVE('',#2214,#2226,#2035,.T.);
#2662=EDGE_CURVE('',#2226,#2224,#1131,.T.);
#2663=EDGE_CURVE('',#2227,#2182,#2036,.T.);
#2664=EDGE_CURVE('',#2228,#2227,#1132,.T.);
#2665=EDGE_CURVE('',#2225,#2228,#2037,.T.);
#2666=EDGE_CURVE('',#2226,#2223,#1133,.T.);
#2667=EDGE_CURVE('',#2229,#2223,#1134,.T.);
#2668=EDGE_CURVE('',#2230,#2229,#1135,.T.);
#2669=EDGE_CURVE('',#2231,#2230,#2038,.T.);
#2670=EDGE_CURVE('',#2188,#2231,#1136,.T.);
#2671=EDGE_CURVE('',#2232,#2232,#2039,.T.);
#2672=EDGE_CURVE('',#2233,#2233,#2040,.T.);
#2673=EDGE_CURVE('',#2234,#2234,#2041,.T.);
#2674=EDGE_CURVE('',#2192,#2229,#2042,.F.);
#2675=EDGE_CURVE('',#2235,#2236,#1137,.T.);
#2676=EDGE_CURVE('',#2236,#2236,#2043,.T.);
#2677=EDGE_CURVE('',#2237,#2237,#2044,.T.);
#2678=EDGE_CURVE('',#2237,#2238,#1138,.T.);
#2679=EDGE_CURVE('',#2238,#2238,#2045,.T.);
#2680=EDGE_CURVE('',#2236,#2237,#1139,.T.);
#2681=EDGE_CURVE('',#2239,#2240,#1140,.T.);
#2682=EDGE_CURVE('',#2240,#2240,#2046,.T.);
#2683=EDGE_CURVE('',#2241,#2241,#2047,.T.);
#2684=EDGE_CURVE('',#2241,#2242,#1141,.T.);
#2685=EDGE_CURVE('',#2242,#2242,#2048,.T.);
#2686=EDGE_CURVE('',#2240,#2241,#1142,.T.);
#2687=EDGE_CURVE('',#2243,#2243,#2049,.T.);
#2688=EDGE_CURVE('',#2243,#2197,#1143,.T.);
#2689=EDGE_CURVE('',#2244,#2244,#2050,.T.);
#2690=EDGE_CURVE('',#2244,#2198,#1144,.T.);
#2691=EDGE_CURVE('',#2162,#2199,#1145,.T.);
#2692=EDGE_CURVE('',#2159,#2200,#1146,.T.);
#2693=EDGE_CURVE('',#2196,#2227,#1147,.T.);
#2694=EDGE_CURVE('',#2228,#2195,#1148,.T.);
#2695=EDGE_CURVE('',#2234,#2203,#1149,.T.);
#2696=EDGE_CURVE('',#2233,#2202,#1150,.T.);
#2697=EDGE_CURVE('',#2232,#2201,#1151,.T.);
#2698=EDGE_CURVE('',#2230,#2191,#1152,.T.);
#2699=EDGE_CURVE('',#2231,#2190,#1153,.T.);
#2700=EDGE_CURVE('',#2245,#2246,#2051,.T.);
#2701=EDGE_CURVE('',#2246,#2247,#1154,.T.);
#2702=EDGE_CURVE('',#2247,#2247,#2052,.T.);
#2703=EDGE_CURVE('',#2246,#2245,#2053,.T.);
#2704=EDGE_CURVE('',#2245,#2248,#1155,.T.);
#2705=EDGE_CURVE('',#2248,#2248,#2054,.T.);
#2706=EDGE_CURVE('',#2249,#2249,#2055,.T.);
#2707=EDGE_CURVE('',#2250,#2250,#2056,.T.);
#2708=EDGE_CURVE('',#2250,#2251,#1156,.T.);
#2709=EDGE_CURVE('',#2251,#2251,#2057,.T.);
#2710=EDGE_CURVE('',#2249,#2252,#1157,.T.);
#2711=EDGE_CURVE('',#2252,#2252,#2058,.T.);
#2712=EDGE_CURVE('',#2253,#2254,#1158,.T.);
#2713=EDGE_CURVE('',#2254,#2255,#1159,.T.);
#2714=EDGE_CURVE('',#2256,#2255,#1160,.T.);
#2715=EDGE_CURVE('',#2253,#2256,#1161,.T.);
#2716=EDGE_CURVE('',#2257,#2253,#1162,.T.);
#2717=EDGE_CURVE('',#2258,#2256,#1163,.T.);
#2718=EDGE_CURVE('',#2257,#2258,#1164,.T.);
#2719=EDGE_CURVE('',#2259,#2257,#1165,.T.);
#2720=EDGE_CURVE('',#2260,#2258,#1166,.T.);
#2721=EDGE_CURVE('',#2259,#2260,#1167,.T.);
#2722=EDGE_CURVE('',#2261,#2259,#1168,.T.);
#2723=EDGE_CURVE('',#2262,#2260,#1169,.T.);
#2724=EDGE_CURVE('',#2261,#2262,#1170,.T.);
#2725=EDGE_CURVE('',#2263,#2261,#1171,.T.);
#2726=EDGE_CURVE('',#2264,#2262,#1172,.T.);
#2727=EDGE_CURVE('',#2263,#2264,#1173,.T.);
#2728=EDGE_CURVE('',#2254,#2263,#1174,.T.);
#2729=EDGE_CURVE('',#2255,#2264,#1175,.T.);
#2730=EDGE_CURVE('',#2265,#2266,#1176,.T.);
#2731=EDGE_CURVE('',#2266,#2267,#1177,.T.);
#2732=EDGE_CURVE('',#2267,#2268,#1178,.T.);
#2733=EDGE_CURVE('',#2265,#2268,#1179,.T.);
#2734=EDGE_CURVE('',#2266,#2269,#1180,.T.);
#2735=EDGE_CURVE('',#2269,#2270,#1181,.T.);
#2736=EDGE_CURVE('',#2270,#2267,#1182,.T.);
#2737=EDGE_CURVE('',#2271,#2270,#1183,.T.);
#2738=EDGE_CURVE('',#2269,#2272,#1184,.T.);
#2739=EDGE_CURVE('',#2272,#2271,#1185,.T.);
#2740=EDGE_CURVE('',#2273,#2271,#1186,.T.);
#2741=EDGE_CURVE('',#2272,#2274,#1187,.T.);
#2742=EDGE_CURVE('',#2274,#2273,#1188,.T.);
#2743=EDGE_CURVE('',#2275,#2273,#1189,.T.);
#2744=EDGE_CURVE('',#2274,#2276,#1190,.T.);
#2745=EDGE_CURVE('',#2276,#2275,#1191,.T.);
#2746=EDGE_CURVE('',#2268,#2275,#1192,.T.);
#2747=EDGE_CURVE('',#2276,#2265,#1193,.T.);
#2748=EDGE_CURVE('',#2277,#2275,#1194,.T.);
#2749=EDGE_CURVE('',#2278,#2277,#2059,.T.);
#2750=EDGE_CURVE('',#2278,#2273,#1195,.T.);
#2751=EDGE_CURVE('',#2279,#2268,#1196,.T.);
#2752=EDGE_CURVE('',#2277,#2279,#2060,.T.);
#2753=EDGE_CURVE('',#2280,#2267,#1197,.T.);
#2754=EDGE_CURVE('',#2279,#2280,#2061,.T.);
#2755=EDGE_CURVE('',#2281,#2282,#2062,.T.);
#2756=EDGE_CURVE('',#2282,#2277,#97,.T.);
#2757=EDGE_CURVE('',#2281,#2279,#98,.T.);
#2758=EDGE_CURVE('',#2282,#2283,#2063,.T.);
#2759=EDGE_CURVE('',#2283,#2278,#99,.T.);
#2760=EDGE_CURVE('',#2284,#2285,#2064,.T.);
#2761=EDGE_CURVE('',#2285,#2286,#100,.T.);
#2762=EDGE_CURVE('',#2286,#2287,#2065,.T.);
#2763=EDGE_CURVE('',#2287,#2284,#101,.T.);
#2764=EDGE_CURVE('',#2280,#2286,#2066,.T.);
#2765=EDGE_CURVE('',#2285,#2288,#2067,.T.);
#2766=EDGE_CURVE('',#2288,#2280,#102,.T.);
#2767=EDGE_CURVE('',#2283,#2289,#2068,.T.);
#2768=EDGE_CURVE('',#2289,#2284,#2069,.T.);
#2769=EDGE_CURVE('',#2287,#2278,#2070,.T.);
#2770=EDGE_CURVE('',#2288,#2281,#2071,.T.);
#2771=EDGE_CURVE('',#2287,#2271,#1198,.T.);
#2772=EDGE_CURVE('',#2286,#2270,#1199,.T.);
#2773=EDGE_CURVE('',#2289,#2290,#2072,.T.);
#2774=EDGE_CURVE('',#2290,#2290,#2073,.T.);
#2775=EDGE_CURVE('',#2290,#2291,#2074,.T.);
#2776=EDGE_CURVE('',#2291,#2291,#2075,.T.);
#2777=EDGE_CURVE('',#2292,#2292,#2076,.T.);
#2778=EDGE_CURVE('',#2292,#2293,#1200,.T.);
#2779=EDGE_CURVE('',#2293,#2294,#2077,.T.);
#2780=EDGE_CURVE('',#2294,#2293,#2078,.T.);
#2781=EDGE_CURVE('',#2295,#2296,#2079,.T.);
#2782=EDGE_CURVE('',#2296,#2295,#2080,.T.);
#2783=EDGE_CURVE('',#2296,#2294,#1201,.T.);
#2784=EDGE_CURVE('',#2295,#2297,#1202,.T.);
#2785=EDGE_CURVE('',#2297,#2297,#2081,.T.);
#2786=EDGE_CURVE('',#2298,#2298,#2082,.T.);
#2787=EDGE_CURVE('',#2298,#2299,#1203,.T.);
#2788=EDGE_CURVE('',#2299,#2299,#2083,.T.);
#2789=EDGE_CURVE('',#2298,#2300,#1204,.T.);
#2790=EDGE_CURVE('',#2300,#2300,#2084,.T.);
#2791=EDGE_CURVE('',#2301,#2301,#2085,.T.);
#2792=EDGE_CURVE('',#2300,#2302,#1205,.T.);
#2793=EDGE_CURVE('',#2302,#2302,#2086,.T.);
#2794=EDGE_CURVE('',#2303,#2303,#2087,.T.);
#2795=EDGE_CURVE('',#2303,#2301,#1206,.T.);
#2796=EDGE_CURVE('',#2304,#2304,#2088,.T.);
#2797=EDGE_CURVE('',#2304,#2305,#1207,.T.);
#2798=EDGE_CURVE('',#2305,#2305,#2089,.T.);
#2799=EDGE_CURVE('',#2306,#2306,#2090,.T.);
#2800=EDGE_CURVE('',#2307,#2307,#2091,.T.);
#2801=EDGE_CURVE('',#2307,#2308,#1208,.T.);
#2802=EDGE_CURVE('',#2308,#2308,#2092,.T.);
#2803=EDGE_CURVE('',#2309,#2309,#2093,.T.);
#2804=EDGE_CURVE('',#2309,#2310,#1209,.T.);
#2805=EDGE_CURVE('',#2310,#2310,#2094,.T.);
#2806=EDGE_CURVE('',#2311,#2311,#2095,.T.);
#2807=EDGE_CURVE('',#2312,#2312,#2096,.T.);
#2808=EDGE_CURVE('',#2312,#2313,#1210,.T.);
#2809=EDGE_CURVE('',#2313,#2313,#2097,.T.);
#2810=EDGE_CURVE('',#2314,#2314,#2098,.T.);
#2811=EDGE_CURVE('',#2315,#2315,#2099,.T.);
#2812=EDGE_CURVE('',#2315,#2316,#1211,.T.);
#2813=EDGE_CURVE('',#2316,#2316,#2100,.T.);
#2814=EDGE_CURVE('',#2317,#2317,#2101,.T.);
#2815=EDGE_CURVE('',#2317,#2318,#1212,.T.);
#2816=EDGE_CURVE('',#2318,#2318,#2102,.T.);
#2817=EDGE_CURVE('',#2319,#2319,#2103,.T.);
#2818=EDGE_CURVE('',#2306,#2314,#1213,.T.);
#2819=EDGE_CURVE('',#2320,#2321,#2104,.T.);
#2820=EDGE_CURVE('',#2321,#2311,#1214,.T.);
#2821=EDGE_CURVE('',#2321,#2320,#2105,.T.);
#2822=EDGE_CURVE('',#2322,#2323,#2106,.T.);
#2823=EDGE_CURVE('',#2323,#2322,#2107,.T.);
#2824=EDGE_CURVE('',#2323,#2320,#1215,.T.);
#2825=EDGE_CURVE('',#2322,#2319,#1216,.T.);
#2826=EDGE_CURVE('',#2324,#2324,#2108,.T.);
#2827=EDGE_CURVE('',#2324,#2325,#1217,.T.);
#2828=EDGE_CURVE('',#2325,#2325,#2109,.T.);
#2829=EDGE_CURVE('',#2324,#2326,#1218,.T.);
#2830=EDGE_CURVE('',#2327,#2326,#2110,.T.);
#2831=EDGE_CURVE('',#2326,#2327,#2111,.T.);
#2832=EDGE_CURVE('',#2328,#2329,#2112,.T.);
#2833=EDGE_CURVE('',#2329,#2330,#2113,.T.);
#2834=EDGE_CURVE('',#2330,#2331,#2114,.T.);
#2835=EDGE_CURVE('',#2331,#2332,#2115,.T.);
#2836=EDGE_CURVE('',#2332,#2333,#2116,.T.);
#2837=EDGE_CURVE('',#2333,#2328,#2117,.T.);
#2838=EDGE_CURVE('',#2327,#2334,#1219,.T.);
#2839=EDGE_CURVE('',#2334,#2334,#2118,.T.);
#2840=EDGE_CURVE('',#2335,#2336,#2119,.T.);
#2841=EDGE_CURVE('',#2336,#2337,#2120,.T.);
#2842=EDGE_CURVE('',#2337,#2338,#2121,.T.);
#2843=EDGE_CURVE('',#2338,#2339,#2122,.T.);
#2844=EDGE_CURVE('',#2339,#2340,#2123,.T.);
#2845=EDGE_CURVE('',#2340,#2335,#2124,.T.);
#2846=EDGE_CURVE('',#2329,#2341,#71,.T.);
#2847=EDGE_CURVE('',#2341,#2328,#72,.T.);
#2848=EDGE_CURVE('',#2342,#2333,#73,.T.);
#2849=EDGE_CURVE('',#2328,#2342,#74,.T.);
#2850=EDGE_CURVE('',#2330,#2343,#75,.T.);
#2851=EDGE_CURVE('',#2343,#2329,#76,.T.);
#2852=EDGE_CURVE('',#2344,#2332,#77,.T.);
#2853=EDGE_CURVE('',#2333,#2344,#78,.T.);
#2854=EDGE_CURVE('',#2331,#2345,#79,.T.);
#2855=EDGE_CURVE('',#2345,#2330,#80,.T.);
#2856=EDGE_CURVE('',#2332,#2346,#81,.T.);
#2857=EDGE_CURVE('',#2346,#2331,#82,.T.);
#2858=EDGE_CURVE('',#2347,#2340,#83,.T.);
#2859=EDGE_CURVE('',#2335,#2347,#84,.T.);
#2860=EDGE_CURVE('',#2336,#2348,#85,.T.);
#2861=EDGE_CURVE('',#2348,#2335,#86,.T.);
#2862=EDGE_CURVE('',#2349,#2339,#87,.T.);
#2863=EDGE_CURVE('',#2340,#2349,#88,.T.);
#2864=EDGE_CURVE('',#2350,#2338,#89,.T.);
#2865=EDGE_CURVE('',#2339,#2350,#90,.T.);
#2866=EDGE_CURVE('',#2337,#2351,#91,.T.);
#2867=EDGE_CURVE('',#2351,#2336,#92,.T.);
#2868=EDGE_CURVE('',#2338,#2352,#93,.T.);
#2869=EDGE_CURVE('',#2352,#2337,#94,.T.);
#2870=EDGE_CURVE('',#2345,#2350,#1220,.T.);
#2871=EDGE_CURVE('',#2346,#2352,#1221,.T.);
#2872=EDGE_CURVE('',#2343,#2349,#1222,.T.);
#2873=EDGE_CURVE('',#2341,#2347,#1223,.T.);
#2874=EDGE_CURVE('',#2344,#2351,#1224,.T.);
#2875=EDGE_CURVE('',#2342,#2348,#1225,.T.);
#2876=EDGE_CURVE('',#2353,#2354,#2125,.T.);
#2877=EDGE_CURVE('',#2355,#2353,#1226,.T.);
#2878=EDGE_CURVE('',#2356,#2355,#2126,.T.);
#2879=EDGE_CURVE('',#2354,#2356,#1227,.T.);
#2880=EDGE_CURVE('',#2353,#2357,#1228,.T.);
#2881=EDGE_CURVE('',#2357,#2358,#1229,.T.);
#2882=EDGE_CURVE('',#2355,#2358,#1230,.T.);
#2883=EDGE_CURVE('',#2359,#2359,#2127,.T.);
#2884=EDGE_CURVE('',#2359,#2360,#1231,.T.);
#2885=EDGE_CURVE('',#2360,#2360,#2128,.T.);
#2886=EDGE_CURVE('',#2361,#2361,#2129,.T.);
#2887=EDGE_CURVE('',#2362,#2362,#2130,.T.);
#2888=EDGE_CURVE('',#2362,#2363,#1232,.T.);
#2889=EDGE_CURVE('',#2363,#2363,#2131,.T.);
#2890=EDGE_CURVE('',#2364,#2364,#2132,.T.);
#2891=EDGE_CURVE('',#2365,#2356,#1233,.T.);
#2892=EDGE_CURVE('',#2366,#2365,#1234,.T.);
#2893=EDGE_CURVE('',#2366,#2354,#1235,.T.);
#2894=EDGE_CURVE('',#2367,#2368,#1236,.T.);
#2895=EDGE_CURVE('',#2369,#2367,#1237,.T.);
#2896=EDGE_CURVE('',#2369,#2370,#1238,.T.);
#2897=EDGE_CURVE('',#2371,#2370,#1239,.T.);
#2898=EDGE_CURVE('',#2371,#2372,#1240,.T.);
#2899=EDGE_CURVE('',#2372,#2373,#1241,.T.);
#2900=EDGE_CURVE('',#2374,#2373,#1242,.T.);
#2901=EDGE_CURVE('',#2374,#2368,#1243,.T.);
#2902=EDGE_CURVE('',#2375,#2376,#1244,.T.);
#2903=EDGE_CURVE('',#2376,#2377,#1245,.T.);
#2904=EDGE_CURVE('',#2377,#2378,#1246,.T.);
#2905=EDGE_CURVE('',#2378,#2375,#1247,.T.);
#2906=EDGE_CURVE('',#2379,#2380,#1248,.T.);
#2907=EDGE_CURVE('',#2379,#2381,#1249,.T.);
#2908=EDGE_CURVE('',#2382,#2381,#1250,.T.);
#2909=EDGE_CURVE('',#2380,#2382,#1251,.T.);
#2910=EDGE_CURVE('',#2383,#2383,#2133,.T.);
#2911=EDGE_CURVE('',#2383,#2384,#1252,.T.);
#2912=EDGE_CURVE('',#2384,#2384,#2134,.T.);
#2913=EDGE_CURVE('',#2364,#2385,#1253,.T.);
#2914=EDGE_CURVE('',#2385,#2385,#2135,.T.);
#2915=EDGE_CURVE('',#2386,#2386,#2136,.T.);
#2916=EDGE_CURVE('',#2386,#2387,#1254,.T.);
#2917=EDGE_CURVE('',#2387,#2387,#2137,.T.);
#2918=EDGE_CURVE('',#2388,#2374,#2138,.T.);
#2919=EDGE_CURVE('',#2388,#2389,#1255,.T.);
#2920=EDGE_CURVE('',#2368,#2389,#2139,.T.);
#2921=EDGE_CURVE('',#2389,#2382,#1256,.T.);
#2922=EDGE_CURVE('',#2380,#2388,#1257,.T.);
#2923=EDGE_CURVE('',#2367,#2390,#1258,.T.);
#2924=EDGE_CURVE('',#2390,#2391,#1259,.T.);
#2925=EDGE_CURVE('',#2391,#2369,#1260,.T.);
#2926=EDGE_CURVE('',#2391,#2392,#1261,.T.);
#2927=EDGE_CURVE('',#2370,#2392,#1262,.T.);
#2928=EDGE_CURVE('',#2358,#2390,#1263,.T.);
#2929=EDGE_CURVE('',#2393,#2357,#1264,.T.);
#2930=EDGE_CURVE('',#2393,#2394,#1265,.T.);
#2931=EDGE_CURVE('',#2395,#2394,#1266,.T.);
#2932=EDGE_CURVE('',#2392,#2395,#1267,.T.);
#2933=EDGE_CURVE('',#2396,#2397,#1268,.T.);
#2934=EDGE_CURVE('',#2397,#2398,#1269,.T.);
#2935=EDGE_CURVE('',#2398,#2399,#1270,.T.);
#2936=EDGE_CURVE('',#2399,#2396,#1271,.T.);
#2937=EDGE_CURVE('',#2395,#2371,#1272,.T.);
#2938=EDGE_CURVE('',#2396,#2376,#1273,.T.);
#2939=EDGE_CURVE('',#2397,#2375,#1274,.T.);
#2940=EDGE_CURVE('',#2399,#2377,#1275,.T.);
#2941=EDGE_CURVE('',#2398,#2378,#1276,.T.);
#2942=EDGE_CURVE('',#2373,#2393,#1277,.T.);
#2943=EDGE_CURVE('',#2394,#2372,#1278,.T.);
#2944=EDGE_CURVE('',#2381,#2400,#1279,.T.);
#2945=EDGE_CURVE('',#2400,#2401,#1280,.T.);
#2946=EDGE_CURVE('',#2401,#2402,#1281,.T.);
#2947=EDGE_CURVE('',#2403,#2402,#1282,.T.);
#2948=EDGE_CURVE('',#2403,#2404,#1283,.T.);
#2949=EDGE_CURVE('',#2365,#2404,#1284,.T.);
#2950=EDGE_CURVE('',#2405,#2405,#2140,.T.);
#2951=EDGE_CURVE('',#2406,#2407,#1285,.T.);
#2952=EDGE_CURVE('',#2408,#2406,#1286,.T.);
#2953=EDGE_CURVE('',#2409,#2408,#1287,.T.);
#2954=EDGE_CURVE('',#2410,#2409,#1288,.T.);
#2955=EDGE_CURVE('',#2411,#2410,#1289,.T.);
#2956=EDGE_CURVE('',#2407,#2411,#1290,.T.);
#2957=EDGE_CURVE('',#2412,#2413,#1291,.T.);
#2958=EDGE_CURVE('',#2414,#2412,#1292,.T.);
#2959=EDGE_CURVE('',#2415,#2414,#1293,.T.);
#2960=EDGE_CURVE('',#2416,#2415,#1294,.T.);
#2961=EDGE_CURVE('',#2417,#2416,#1295,.T.);
#2962=EDGE_CURVE('',#2413,#2417,#1296,.T.);
#2963=EDGE_CURVE('',#2418,#2418,#2141,.T.);
#2964=EDGE_CURVE('',#2419,#2419,#2142,.T.);
#2965=EDGE_CURVE('',#2420,#2420,#2143,.T.);
#2966=EDGE_CURVE('',#2421,#2422,#1297,.T.);
#2967=EDGE_CURVE('',#2423,#2421,#1298,.T.);
#2968=EDGE_CURVE('',#2424,#2423,#1299,.T.);
#2969=EDGE_CURVE('',#2425,#2424,#1300,.T.);
#2970=EDGE_CURVE('',#2426,#2425,#1301,.T.);
#2971=EDGE_CURVE('',#2422,#2426,#1302,.T.);
#2972=EDGE_CURVE('',#2427,#2427,#2144,.T.);
#2973=EDGE_CURVE('',#2428,#2429,#1303,.T.);
#2974=EDGE_CURVE('',#2430,#2428,#1304,.T.);
#2975=EDGE_CURVE('',#2431,#2430,#1305,.T.);
#2976=EDGE_CURVE('',#2432,#2431,#1306,.T.);
#2977=EDGE_CURVE('',#2433,#2432,#1307,.T.);
#2978=EDGE_CURVE('',#2429,#2433,#1308,.T.);
#2979=EDGE_CURVE('',#2434,#2434,#2145,.T.);
#2980=EDGE_CURVE('',#2434,#2427,#1309,.T.);
#2981=EDGE_CURVE('',#2361,#2405,#1310,.T.);
#2982=EDGE_CURVE('',#2435,#2366,#1311,.T.);
#2983=EDGE_CURVE('',#2435,#2436,#1312,.T.);
#2984=EDGE_CURVE('',#2436,#2437,#1313,.T.);
#2985=EDGE_CURVE('',#2437,#2438,#1314,.T.);
#2986=EDGE_CURVE('',#2438,#2439,#1315,.T.);
#2987=EDGE_CURVE('',#2439,#2440,#1316,.T.);
#2988=EDGE_CURVE('',#2440,#2441,#1317,.T.);
#2989=EDGE_CURVE('',#2441,#2442,#1318,.T.);
#2990=EDGE_CURVE('',#2442,#2443,#1319,.T.);
#2991=EDGE_CURVE('',#2443,#2379,#1320,.T.);
#2992=EDGE_CURVE('',#2444,#2445,#1321,.T.);
#2993=EDGE_CURVE('',#2446,#2444,#1322,.T.);
#2994=EDGE_CURVE('',#2447,#2446,#1323,.T.);
#2995=EDGE_CURVE('',#2448,#2447,#1324,.T.);
#2996=EDGE_CURVE('',#2449,#2448,#1325,.T.);
#2997=EDGE_CURVE('',#2445,#2449,#1326,.T.);
#2998=EDGE_CURVE('',#2450,#2451,#1327,.T.);
#2999=EDGE_CURVE('',#2452,#2450,#1328,.T.);
#3000=EDGE_CURVE('',#2453,#2452,#1329,.T.);
#3001=EDGE_CURVE('',#2454,#2453,#1330,.T.);
#3002=EDGE_CURVE('',#2455,#2454,#1331,.T.);
#3003=EDGE_CURVE('',#2451,#2455,#1332,.T.);
#3004=EDGE_CURVE('',#2456,#2457,#1333,.T.);
#3005=EDGE_CURVE('',#2458,#2456,#1334,.T.);
#3006=EDGE_CURVE('',#2459,#2458,#1335,.T.);
#3007=EDGE_CURVE('',#2460,#2459,#1336,.T.);
#3008=EDGE_CURVE('',#2461,#2460,#1337,.T.);
#3009=EDGE_CURVE('',#2457,#2461,#1338,.T.);
#3010=EDGE_CURVE('',#2462,#2462,#2146,.T.);
#3011=EDGE_CURVE('',#2463,#2463,#2147,.T.);
#3012=EDGE_CURVE('',#2464,#2464,#2148,.T.);
#3013=EDGE_CURVE('',#2465,#2465,#2149,.T.);
#3014=EDGE_CURVE('',#2408,#2466,#1339,.T.);
#3015=EDGE_CURVE('',#2466,#2467,#1340,.T.);
#3016=EDGE_CURVE('',#2409,#2467,#1341,.T.);
#3017=EDGE_CURVE('',#2407,#2468,#1342,.T.);
#3018=EDGE_CURVE('',#2468,#2469,#1343,.T.);
#3019=EDGE_CURVE('',#2469,#2406,#1344,.T.);
#3020=EDGE_CURVE('',#2411,#2470,#1345,.T.);
#3021=EDGE_CURVE('',#2470,#2468,#1346,.T.);
#3022=EDGE_CURVE('',#2471,#2470,#1347,.T.);
#3023=EDGE_CURVE('',#2410,#2471,#1348,.T.);
#3024=EDGE_CURVE('',#2467,#2471,#1349,.T.);
#3025=EDGE_CURVE('',#2469,#2466,#1350,.T.);
#3026=EDGE_CURVE('',#2466,#2472,#1351,.T.);
#3027=EDGE_CURVE('',#2472,#2473,#1352,.T.);
#3028=EDGE_CURVE('',#2467,#2473,#1353,.T.);
#3029=EDGE_CURVE('',#2469,#2474,#1354,.T.);
#3030=EDGE_CURVE('',#2474,#2472,#1355,.T.);
#3031=EDGE_CURVE('',#2468,#2475,#1356,.T.);
#3032=EDGE_CURVE('',#2475,#2474,#1357,.T.);
#3033=EDGE_CURVE('',#2431,#2476,#1358,.T.);
#3034=EDGE_CURVE('',#2476,#2477,#1359,.T.);
#3035=EDGE_CURVE('',#2432,#2477,#1360,.T.);
#3036=EDGE_CURVE('',#2430,#2478,#1361,.T.);
#3037=EDGE_CURVE('',#2478,#2476,#1362,.T.);
#3038=EDGE_CURVE('',#2429,#2479,#1363,.T.);
#3039=EDGE_CURVE('',#2479,#2480,#1364,.T.);
#3040=EDGE_CURVE('',#2480,#2428,#1365,.T.);
#3041=EDGE_CURVE('',#2481,#2479,#1366,.T.);
#3042=EDGE_CURVE('',#2433,#2481,#1367,.T.);
#3043=EDGE_CURVE('',#2480,#2478,#1368,.T.);
#3044=EDGE_CURVE('',#2477,#2481,#1369,.T.);
#3045=EDGE_CURVE('',#2478,#2482,#1370,.T.);
#3046=EDGE_CURVE('',#2482,#2483,#1371,.T.);
#3047=EDGE_CURVE('',#2476,#2483,#1372,.T.);
#3048=EDGE_CURVE('',#2480,#2484,#1373,.T.);
#3049=EDGE_CURVE('',#2484,#2482,#1374,.T.);
#3050=EDGE_CURVE('',#2479,#2485,#1375,.T.);
#3051=EDGE_CURVE('',#2485,#2484,#1376,.T.);
#3052=EDGE_CURVE('',#2415,#2486,#1377,.T.);
#3053=EDGE_CURVE('',#2486,#2487,#1378,.T.);
#3054=EDGE_CURVE('',#2416,#2487,#1379,.T.);
#3055=EDGE_CURVE('',#2414,#2488,#1380,.T.);
#3056=EDGE_CURVE('',#2488,#2486,#1381,.T.);
#3057=EDGE_CURVE('',#2413,#2489,#1382,.T.);
#3058=EDGE_CURVE('',#2489,#2490,#1383,.T.);
#3059=EDGE_CURVE('',#2490,#2412,#1384,.T.);
#3060=EDGE_CURVE('',#2491,#2489,#1385,.T.);
#3061=EDGE_CURVE('',#2417,#2491,#1386,.T.);
#3062=EDGE_CURVE('',#2490,#2488,#1387,.T.);
#3063=EDGE_CURVE('',#2487,#2491,#1388,.T.);
#3064=EDGE_CURVE('',#2488,#2492,#1389,.T.);
#3065=EDGE_CURVE('',#2492,#2493,#1390,.T.);
#3066=EDGE_CURVE('',#2486,#2493,#1391,.T.);
#3067=EDGE_CURVE('',#2490,#2494,#1392,.T.);
#3068=EDGE_CURVE('',#2494,#2492,#1393,.T.);
#3069=EDGE_CURVE('',#2489,#2495,#1394,.T.);
#3070=EDGE_CURVE('',#2495,#2494,#1395,.T.);
#3071=EDGE_CURVE('',#2422,#2496,#1396,.T.);
#3072=EDGE_CURVE('',#2496,#2497,#1397,.T.);
#3073=EDGE_CURVE('',#2497,#2421,#1398,.T.);
#3074=EDGE_CURVE('',#2426,#2498,#1399,.T.);
#3075=EDGE_CURVE('',#2498,#2496,#1400,.T.);
#3076=EDGE_CURVE('',#2425,#2499,#1401,.T.);
#3077=EDGE_CURVE('',#2499,#2498,#1402,.T.);
#3078=EDGE_CURVE('',#2424,#2500,#1403,.T.);
#3079=EDGE_CURVE('',#2500,#2499,#1404,.T.);
#3080=EDGE_CURVE('',#2501,#2500,#1405,.T.);
#3081=EDGE_CURVE('',#2423,#2501,#1406,.T.);
#3082=EDGE_CURVE('',#2497,#2501,#1407,.T.);
#3083=EDGE_CURVE('',#2501,#2502,#1408,.T.);
#3084=EDGE_CURVE('',#2502,#2503,#1409,.T.);
#3085=EDGE_CURVE('',#2500,#2503,#1410,.T.);
#3086=EDGE_CURVE('',#2497,#2504,#1411,.T.);
#3087=EDGE_CURVE('',#2504,#2502,#1412,.T.);
#3088=EDGE_CURVE('',#2496,#2505,#1413,.T.);
#3089=EDGE_CURVE('',#2505,#2504,#1414,.T.);
#3090=EDGE_CURVE('',#2491,#2506,#1415,.T.);
#3091=EDGE_CURVE('',#2506,#2495,#1416,.T.);
#3092=EDGE_CURVE('',#2487,#2507,#1417,.T.);
#3093=EDGE_CURVE('',#2507,#2506,#1418,.T.);
#3094=EDGE_CURVE('',#2493,#2507,#1419,.T.);
#3095=EDGE_CURVE('',#2508,#2508,#2150,.T.);
#3096=EDGE_CURVE('',#2470,#2509,#1420,.T.);
#3097=EDGE_CURVE('',#2509,#2475,#1421,.T.);
#3098=EDGE_CURVE('',#2471,#2510,#1422,.T.);
#3099=EDGE_CURVE('',#2510,#2509,#1423,.T.);
#3100=EDGE_CURVE('',#2473,#2510,#1424,.T.);
#3101=EDGE_CURVE('',#2511,#2511,#2151,.T.);
#3102=EDGE_CURVE('',#2498,#2512,#1425,.T.);
#3103=EDGE_CURVE('',#2512,#2505,#1426,.T.);
#3104=EDGE_CURVE('',#2499,#2513,#1427,.T.);
#3105=EDGE_CURVE('',#2513,#2512,#1428,.T.);
#3106=EDGE_CURVE('',#2503,#2513,#1429,.T.);
#3107=EDGE_CURVE('',#2514,#2514,#2152,.T.);
#3108=EDGE_CURVE('',#2481,#2515,#1430,.T.);
#3109=EDGE_CURVE('',#2515,#2485,#1431,.T.);
#3110=EDGE_CURVE('',#2477,#2516,#1432,.T.);
#3111=EDGE_CURVE('',#2516,#2515,#1433,.T.);
#3112=EDGE_CURVE('',#2483,#2516,#1434,.T.);
#3113=EDGE_CURVE('',#2517,#2517,#2153,.T.);
#3114=EDGE_CURVE('',#2404,#2435,#1435,.T.);
#3115=EDGE_CURVE('',#2400,#2443,#1436,.T.);
#3116=EDGE_CURVE('',#2511,#2464,#1437,.T.);
#3117=EDGE_CURVE('',#2514,#2463,#1438,.T.);
#3118=EDGE_CURVE('',#2442,#2401,#1439,.T.);
#3119=EDGE_CURVE('',#2508,#2462,#1440,.T.);
#3120=EDGE_CURVE('',#2517,#2465,#1441,.T.);
#3121=EDGE_CURVE('',#2437,#2402,#1442,.T.);
#3122=EDGE_CURVE('',#2403,#2436,#1443,.T.);
#3123=EDGE_CURVE('',#2518,#2519,#1444,.T.);
#3124=EDGE_CURVE('',#2519,#2520,#1445,.T.);
#3125=EDGE_CURVE('',#2521,#2520,#1446,.T.);
#3126=EDGE_CURVE('',#2518,#2521,#1447,.T.);
#3127=EDGE_CURVE('',#2518,#2522,#1448,.T.);
#3128=EDGE_CURVE('',#2523,#2521,#1449,.T.);
#3129=EDGE_CURVE('',#2522,#2523,#1450,.T.);
#3130=EDGE_CURVE('',#2522,#2524,#1451,.F.);
#3131=EDGE_CURVE('',#2525,#2523,#1452,.F.);
#3132=EDGE_CURVE('',#2524,#2525,#1453,.F.);
#3133=EDGE_CURVE('',#2524,#2526,#1454,.T.);
#3134=EDGE_CURVE('',#2527,#2525,#1455,.T.);
#3135=EDGE_CURVE('',#2526,#2527,#1456,.T.);
#3136=EDGE_CURVE('',#2439,#2526,#1457,.T.);
#3137=EDGE_CURVE('',#2440,#2527,#1458,.T.);
#3138=EDGE_CURVE('',#2438,#2519,#1459,.T.);
#3139=EDGE_CURVE('',#2520,#2441,#1460,.T.);
#3140=EDGE_CURVE('',#2420,#2528,#1461,.T.);
#3141=EDGE_CURVE('',#2528,#2528,#2154,.T.);
#3142=EDGE_CURVE('',#2419,#2529,#1462,.T.);
#3143=EDGE_CURVE('',#2529,#2529,#2155,.T.);
#3144=EDGE_CURVE('',#2530,#2531,#1463,.T.);
#3145=EDGE_CURVE('',#2532,#2530,#1464,.T.);
#3146=EDGE_CURVE('',#2533,#2532,#1465,.T.);
#3147=EDGE_CURVE('',#2534,#2533,#1466,.T.);
#3148=EDGE_CURVE('',#2535,#2534,#1467,.T.);
#3149=EDGE_CURVE('',#2531,#2535,#1468,.T.);
#3150=EDGE_CURVE('',#2536,#2537,#1469,.T.);
#3151=EDGE_CURVE('',#2536,#2535,#1470,.T.);
#3152=EDGE_CURVE('',#2537,#2534,#1471,.T.);
#3153=EDGE_CURVE('',#2537,#2538,#1472,.T.);
#3154=EDGE_CURVE('',#2538,#2533,#1473,.T.);
#3155=EDGE_CURVE('',#2538,#2539,#1474,.T.);
#3156=EDGE_CURVE('',#2539,#2532,#1475,.T.);
#3157=EDGE_CURVE('',#2540,#2541,#1476,.T.);
#3158=EDGE_CURVE('',#2542,#2540,#1477,.T.);
#3159=EDGE_CURVE('',#2543,#2542,#1478,.T.);
#3160=EDGE_CURVE('',#2544,#2543,#1479,.T.);
#3161=EDGE_CURVE('',#2545,#2544,#1480,.T.);
#3162=EDGE_CURVE('',#2541,#2545,#1481,.T.);
#3163=EDGE_CURVE('',#2546,#2547,#1482,.T.);
#3164=EDGE_CURVE('',#2546,#2545,#1483,.T.);
#3165=EDGE_CURVE('',#2547,#2544,#1484,.T.);
#3166=EDGE_CURVE('',#2547,#2548,#1485,.T.);
#3167=EDGE_CURVE('',#2548,#2543,#1486,.T.);
#3168=EDGE_CURVE('',#2548,#2549,#1487,.T.);
#3169=EDGE_CURVE('',#2549,#2542,#1488,.T.);
#3170=EDGE_CURVE('',#2549,#2550,#1489,.T.);
#3171=EDGE_CURVE('',#2550,#2540,#1490,.T.);
#3172=EDGE_CURVE('',#2550,#2551,#1491,.T.);
#3173=EDGE_CURVE('',#2551,#2541,#1492,.T.);
#3174=EDGE_CURVE('',#2551,#2546,#1493,.T.);
#3175=EDGE_CURVE('',#2455,#2548,#1494,.T.);
#3176=EDGE_CURVE('',#2454,#2547,#1495,.T.);
#3177=EDGE_CURVE('',#2550,#2450,#1496,.T.);
#3178=EDGE_CURVE('',#2452,#2551,#1497,.T.);
#3179=EDGE_CURVE('',#2451,#2549,#1498,.T.);
#3180=EDGE_CURVE('',#2453,#2546,#1499,.T.);
#3181=EDGE_CURVE('',#2539,#2552,#1500,.T.);
#3182=EDGE_CURVE('',#2552,#2530,#1501,.T.);
#3183=EDGE_CURVE('',#2552,#2553,#1502,.T.);
#3184=EDGE_CURVE('',#2553,#2531,#1503,.T.);
#3185=EDGE_CURVE('',#2553,#2536,#1504,.T.);
#3186=EDGE_CURVE('',#2461,#2538,#1505,.T.);
#3187=EDGE_CURVE('',#2460,#2537,#1506,.T.);
#3188=EDGE_CURVE('',#2552,#2456,#1507,.T.);
#3189=EDGE_CURVE('',#2458,#2553,#1508,.T.);
#3190=EDGE_CURVE('',#2457,#2539,#1509,.T.);
#3191=EDGE_CURVE('',#2459,#2536,#1510,.T.);
#3192=EDGE_CURVE('',#2554,#2554,#2156,.T.);
#3193=EDGE_CURVE('',#2554,#2418,#1511,.T.);
#3194=EDGE_CURVE('',#2555,#2556,#1512,.T.);
#3195=EDGE_CURVE('',#2557,#2555,#1513,.T.);
#3196=EDGE_CURVE('',#2558,#2557,#1514,.T.);
#3197=EDGE_CURVE('',#2559,#2558,#1515,.T.);
#3198=EDGE_CURVE('',#2560,#2559,#1516,.T.);
#3199=EDGE_CURVE('',#2556,#2560,#1517,.T.);
#3200=EDGE_CURVE('',#2561,#2562,#1518,.T.);
#3201=EDGE_CURVE('',#2561,#2560,#1519,.T.);
#3202=EDGE_CURVE('',#2562,#2559,#1520,.T.);
#3203=EDGE_CURVE('',#2562,#2563,#1521,.T.);
#3204=EDGE_CURVE('',#2563,#2558,#1522,.T.);
#3205=EDGE_CURVE('',#2563,#2564,#1523,.T.);
#3206=EDGE_CURVE('',#2564,#2557,#1524,.T.);
#3207=EDGE_CURVE('',#2564,#2565,#1525,.T.);
#3208=EDGE_CURVE('',#2565,#2555,#1526,.T.);
#3209=EDGE_CURVE('',#2565,#2566,#1527,.T.);
#3210=EDGE_CURVE('',#2566,#2556,#1528,.T.);
#3211=EDGE_CURVE('',#2566,#2561,#1529,.T.);
#3212=EDGE_CURVE('',#2449,#2563,#1530,.T.);
#3213=EDGE_CURVE('',#2448,#2562,#1531,.T.);
#3214=EDGE_CURVE('',#2565,#2444,#1532,.T.);
#3215=EDGE_CURVE('',#2446,#2566,#1533,.T.);
#3216=EDGE_CURVE('',#2445,#2564,#1534,.T.);
#3217=EDGE_CURVE('',#2447,#2561,#1535,.T.);
#3218=ORIENTED_EDGE('',*,*,#2567,.F.);
#3219=ORIENTED_EDGE('',*,*,#2568,.T.);
#3220=ORIENTED_EDGE('',*,*,#2569,.F.);
#3221=ORIENTED_EDGE('',*,*,#2568,.F.);
#3222=ORIENTED_EDGE('',*,*,#2567,.T.);
#3223=ORIENTED_EDGE('',*,*,#2570,.T.);
#3224=ORIENTED_EDGE('',*,*,#2571,.F.);
#3225=ORIENTED_EDGE('',*,*,#2572,.T.);
#3226=ORIENTED_EDGE('',*,*,#2573,.F.);
#3227=ORIENTED_EDGE('',*,*,#2572,.F.);
#3228=ORIENTED_EDGE('',*,*,#2571,.T.);
#3229=ORIENTED_EDGE('',*,*,#2574,.T.);
#3230=ORIENTED_EDGE('',*,*,#2575,.T.);
#3231=ORIENTED_EDGE('',*,*,#2576,.T.);
#3232=ORIENTED_EDGE('',*,*,#2577,.T.);
#3233=ORIENTED_EDGE('',*,*,#2578,.T.);
#3234=ORIENTED_EDGE('',*,*,#2576,.F.);
#3235=ORIENTED_EDGE('',*,*,#2579,.F.);
#3236=ORIENTED_EDGE('',*,*,#2580,.F.);
#3237=ORIENTED_EDGE('',*,*,#2581,.F.);
#3238=ORIENTED_EDGE('',*,*,#2582,.T.);
#3239=ORIENTED_EDGE('',*,*,#2575,.F.);
#3240=ORIENTED_EDGE('',*,*,#2583,.T.);
#3241=ORIENTED_EDGE('',*,*,#2584,.T.);
#3242=ORIENTED_EDGE('',*,*,#2585,.T.);
#3243=ORIENTED_EDGE('',*,*,#2586,.T.);
#3244=ORIENTED_EDGE('',*,*,#2587,.T.);
#3245=ORIENTED_EDGE('',*,*,#2588,.F.);
#3246=ORIENTED_EDGE('',*,*,#2589,.F.);
#3247=ORIENTED_EDGE('',*,*,#2590,.F.);
#3248=ORIENTED_EDGE('',*,*,#2579,.T.);
#3249=ORIENTED_EDGE('',*,*,#2591,.T.);
#3250=ORIENTED_EDGE('',*,*,#2592,.T.);
#3251=ORIENTED_EDGE('',*,*,#2588,.T.);
#3252=ORIENTED_EDGE('',*,*,#2593,.T.);
#3253=ORIENTED_EDGE('',*,*,#2592,.F.);
#3254=ORIENTED_EDGE('',*,*,#2594,.T.);
#3255=ORIENTED_EDGE('',*,*,#2595,.F.);
#3256=ORIENTED_EDGE('',*,*,#2596,.F.);
#3257=ORIENTED_EDGE('',*,*,#2597,.F.);
#3258=ORIENTED_EDGE('',*,*,#2598,.T.);
#3259=ORIENTED_EDGE('',*,*,#2599,.F.);
#3260=ORIENTED_EDGE('',*,*,#2589,.T.);
#3261=ORIENTED_EDGE('',*,*,#2577,.F.);
#3262=ORIENTED_EDGE('',*,*,#2582,.F.);
#3263=ORIENTED_EDGE('',*,*,#2600,.F.);
#3264=ORIENTED_EDGE('',*,*,#2594,.F.);
#3265=ORIENTED_EDGE('',*,*,#2591,.F.);
#3266=ORIENTED_EDGE('',*,*,#2601,.T.);
#3267=ORIENTED_EDGE('',*,*,#2602,.T.);
#3268=ORIENTED_EDGE('',*,*,#2603,.T.);
#3269=ORIENTED_EDGE('',*,*,#2604,.T.);
#3270=ORIENTED_EDGE('',*,*,#2605,.T.);
#3271=ORIENTED_EDGE('',*,*,#2580,.T.);
#3272=ORIENTED_EDGE('',*,*,#2590,.T.);
#3273=ORIENTED_EDGE('',*,*,#2599,.T.);
#3274=ORIENTED_EDGE('',*,*,#2606,.T.);
#3275=ORIENTED_EDGE('',*,*,#2595,.T.);
#3276=ORIENTED_EDGE('',*,*,#2600,.T.);
#3277=ORIENTED_EDGE('',*,*,#2607,.T.);
#3278=ORIENTED_EDGE('',*,*,#2608,.T.);
#3279=ORIENTED_EDGE('',*,*,#2609,.T.);
#3280=ORIENTED_EDGE('',*,*,#2609,.F.);
#3281=ORIENTED_EDGE('',*,*,#2610,.T.);
#3282=ORIENTED_EDGE('',*,*,#2611,.T.);
#3283=ORIENTED_EDGE('',*,*,#2612,.T.);
#3284=ORIENTED_EDGE('',*,*,#2613,.F.);
#3285=ORIENTED_EDGE('',*,*,#2614,.T.);
#3286=ORIENTED_EDGE('',*,*,#2615,.F.);
#3287=ORIENTED_EDGE('',*,*,#2616,.T.);
#3288=ORIENTED_EDGE('',*,*,#2617,.F.);
#3289=ORIENTED_EDGE('',*,*,#2596,.T.);
#3290=ORIENTED_EDGE('',*,*,#2618,.T.);
#3291=ORIENTED_EDGE('',*,*,#2619,.T.);
#3292=ORIENTED_EDGE('',*,*,#2620,.T.);
#3293=ORIENTED_EDGE('',*,*,#2621,.T.);
#3294=ORIENTED_EDGE('',*,*,#2622,.T.);
#3295=ORIENTED_EDGE('',*,*,#2623,.T.);
#3296=ORIENTED_EDGE('',*,*,#2624,.T.);
#3297=ORIENTED_EDGE('',*,*,#2585,.F.);
#3298=ORIENTED_EDGE('',*,*,#2625,.F.);
#3299=ORIENTED_EDGE('',*,*,#2603,.F.);
#3300=ORIENTED_EDGE('',*,*,#2626,.T.);
#3301=ORIENTED_EDGE('',*,*,#2584,.F.);
#3302=ORIENTED_EDGE('',*,*,#2627,.F.);
#3303=ORIENTED_EDGE('',*,*,#2604,.F.);
#3304=ORIENTED_EDGE('',*,*,#2625,.T.);
#3305=ORIENTED_EDGE('',*,*,#2586,.F.);
#3306=ORIENTED_EDGE('',*,*,#2626,.F.);
#3307=ORIENTED_EDGE('',*,*,#2602,.F.);
#3308=ORIENTED_EDGE('',*,*,#2628,.F.);
#3309=ORIENTED_EDGE('',*,*,#2593,.F.);
#3310=ORIENTED_EDGE('',*,*,#2587,.F.);
#3311=ORIENTED_EDGE('',*,*,#2628,.T.);
#3312=ORIENTED_EDGE('',*,*,#2601,.F.);
#3313=ORIENTED_EDGE('',*,*,#2578,.F.);
#3314=ORIENTED_EDGE('',*,*,#2605,.F.);
#3315=ORIENTED_EDGE('',*,*,#2627,.T.);
#3316=ORIENTED_EDGE('',*,*,#2583,.F.);
#3317=ORIENTED_EDGE('',*,*,#2629,.F.);
#3318=ORIENTED_EDGE('',*,*,#2630,.F.);
#3319=ORIENTED_EDGE('',*,*,#2631,.F.);
#3320=ORIENTED_EDGE('',*,*,#2632,.T.);
#3321=ORIENTED_EDGE('',*,*,#2633,.F.);
#3322=ORIENTED_EDGE('',*,*,#2632,.F.);
#3323=ORIENTED_EDGE('',*,*,#2634,.F.);
#3324=ORIENTED_EDGE('',*,*,#2635,.F.);
#3325=ORIENTED_EDGE('',*,*,#2636,.F.);
#3326=ORIENTED_EDGE('',*,*,#2637,.F.);
#3327=ORIENTED_EDGE('',*,*,#2638,.F.);
#3328=ORIENTED_EDGE('',*,*,#2630,.T.);
#3329=ORIENTED_EDGE('',*,*,#2636,.T.);
#3330=ORIENTED_EDGE('',*,*,#2629,.T.);
#3331=ORIENTED_EDGE('',*,*,#2633,.T.);
#3332=ORIENTED_EDGE('',*,*,#2639,.F.);
#3333=ORIENTED_EDGE('',*,*,#2640,.F.);
#3334=ORIENTED_EDGE('',*,*,#2641,.F.);
#3335=ORIENTED_EDGE('',*,*,#2642,.F.);
#3336=ORIENTED_EDGE('',*,*,#2643,.T.);
#3337=ORIENTED_EDGE('',*,*,#2644,.F.);
#3338=ORIENTED_EDGE('',*,*,#2645,.F.);
#3339=ORIENTED_EDGE('',*,*,#2635,.T.);
#3340=ORIENTED_EDGE('',*,*,#2646,.T.);
#3341=ORIENTED_EDGE('',*,*,#2647,.F.);
#3342=ORIENTED_EDGE('',*,*,#2639,.T.);
#3343=ORIENTED_EDGE('',*,*,#2640,.T.);
#3344=ORIENTED_EDGE('',*,*,#2647,.T.);
#3345=ORIENTED_EDGE('',*,*,#2648,.T.);
#3346=ORIENTED_EDGE('',*,*,#2649,.T.);
#3347=ORIENTED_EDGE('',*,*,#2637,.T.);
#3348=ORIENTED_EDGE('',*,*,#2645,.T.);
#3349=ORIENTED_EDGE('',*,*,#2650,.F.);
#3350=ORIENTED_EDGE('',*,*,#2651,.T.);
#3351=ORIENTED_EDGE('',*,*,#2652,.T.);
#3352=ORIENTED_EDGE('',*,*,#2650,.T.);
#3353=ORIENTED_EDGE('',*,*,#2644,.T.);
#3354=ORIENTED_EDGE('',*,*,#2653,.T.);
#3355=ORIENTED_EDGE('',*,*,#2638,.T.);
#3356=ORIENTED_EDGE('',*,*,#2651,.F.);
#3357=ORIENTED_EDGE('',*,*,#2652,.F.);
#3358=ORIENTED_EDGE('',*,*,#2654,.T.);
#3359=ORIENTED_EDGE('',*,*,#2655,.F.);
#3360=ORIENTED_EDGE('',*,*,#2656,.T.);
#3361=ORIENTED_EDGE('',*,*,#2648,.F.);
#3362=ORIENTED_EDGE('',*,*,#2646,.F.);
#3363=ORIENTED_EDGE('',*,*,#2634,.T.);
#3364=ORIENTED_EDGE('',*,*,#2631,.T.);
#3365=ORIENTED_EDGE('',*,*,#2653,.F.);
#3366=ORIENTED_EDGE('',*,*,#2643,.F.);
#3367=ORIENTED_EDGE('',*,*,#2657,.F.);
#3368=ORIENTED_EDGE('',*,*,#2658,.T.);
#3369=ORIENTED_EDGE('',*,*,#2659,.F.);
#3370=ORIENTED_EDGE('',*,*,#2614,.F.);
#3371=ORIENTED_EDGE('',*,*,#2660,.F.);
#3372=ORIENTED_EDGE('',*,*,#2654,.F.);
#3373=ORIENTED_EDGE('',*,*,#2661,.T.);
#3374=ORIENTED_EDGE('',*,*,#2662,.T.);
#3375=ORIENTED_EDGE('',*,*,#2657,.T.);
#3376=ORIENTED_EDGE('',*,*,#2642,.T.);
#3377=ORIENTED_EDGE('',*,*,#2606,.F.);
#3378=ORIENTED_EDGE('',*,*,#2598,.F.);
#3379=ORIENTED_EDGE('',*,*,#2663,.F.);
#3380=ORIENTED_EDGE('',*,*,#2664,.F.);
#3381=ORIENTED_EDGE('',*,*,#2665,.F.);
#3382=ORIENTED_EDGE('',*,*,#2658,.F.);
#3383=ORIENTED_EDGE('',*,*,#2662,.F.);
#3384=ORIENTED_EDGE('',*,*,#2666,.T.);
#3385=ORIENTED_EDGE('',*,*,#2667,.F.);
#3386=ORIENTED_EDGE('',*,*,#2668,.F.);
#3387=ORIENTED_EDGE('',*,*,#2669,.F.);
#3388=ORIENTED_EDGE('',*,*,#2670,.F.);
#3389=ORIENTED_EDGE('',*,*,#2607,.F.);
#3390=ORIENTED_EDGE('',*,*,#2581,.T.);
#3391=ORIENTED_EDGE('',*,*,#2569,.T.);
#3392=ORIENTED_EDGE('',*,*,#2573,.T.);
#3393=ORIENTED_EDGE('',*,*,#2671,.F.);
#3394=ORIENTED_EDGE('',*,*,#2672,.F.);
#3395=ORIENTED_EDGE('',*,*,#2673,.F.);
#3396=ORIENTED_EDGE('',*,*,#2660,.T.);
#3397=ORIENTED_EDGE('',*,*,#2613,.T.);
#3398=ORIENTED_EDGE('',*,*,#2674,.T.);
#3399=ORIENTED_EDGE('',*,*,#2667,.T.);
#3400=ORIENTED_EDGE('',*,*,#2655,.T.);
#3401=ORIENTED_EDGE('',*,*,#2649,.F.);
#3402=ORIENTED_EDGE('',*,*,#2656,.F.);
#3403=ORIENTED_EDGE('',*,*,#2666,.F.);
#3404=ORIENTED_EDGE('',*,*,#2661,.F.);
#3405=ORIENTED_EDGE('',*,*,#2641,.T.);
#3406=ORIENTED_EDGE('',*,*,#2675,.T.);
#3407=ORIENTED_EDGE('',*,*,#2676,.T.);
#3408=ORIENTED_EDGE('',*,*,#2675,.F.);
#3409=ORIENTED_EDGE('',*,*,#2677,.F.);
#3410=ORIENTED_EDGE('',*,*,#2678,.T.);
#3411=ORIENTED_EDGE('',*,*,#2679,.F.);
#3412=ORIENTED_EDGE('',*,*,#2678,.F.);
#3413=ORIENTED_EDGE('',*,*,#2676,.F.);
#3414=ORIENTED_EDGE('',*,*,#2680,.T.);
#3415=ORIENTED_EDGE('',*,*,#2677,.T.);
#3416=ORIENTED_EDGE('',*,*,#2680,.F.);
#3417=ORIENTED_EDGE('',*,*,#2681,.T.);
#3418=ORIENTED_EDGE('',*,*,#2682,.T.);
#3419=ORIENTED_EDGE('',*,*,#2681,.F.);
#3420=ORIENTED_EDGE('',*,*,#2683,.F.);
#3421=ORIENTED_EDGE('',*,*,#2684,.T.);
#3422=ORIENTED_EDGE('',*,*,#2685,.F.);
#3423=ORIENTED_EDGE('',*,*,#2684,.F.);
#3424=ORIENTED_EDGE('',*,*,#2682,.F.);
#3425=ORIENTED_EDGE('',*,*,#2686,.T.);
#3426=ORIENTED_EDGE('',*,*,#2683,.T.);
#3427=ORIENTED_EDGE('',*,*,#2686,.F.);
#3428=ORIENTED_EDGE('',*,*,#2687,.F.);
#3429=ORIENTED_EDGE('',*,*,#2688,.T.);
#3430=ORIENTED_EDGE('',*,*,#2618,.F.);
#3431=ORIENTED_EDGE('',*,*,#2688,.F.);
#3432=ORIENTED_EDGE('',*,*,#2687,.T.);
#3433=ORIENTED_EDGE('',*,*,#2685,.T.);
#3434=ORIENTED_EDGE('',*,*,#2689,.F.);
#3435=ORIENTED_EDGE('',*,*,#2690,.T.);
#3436=ORIENTED_EDGE('',*,*,#2619,.F.);
#3437=ORIENTED_EDGE('',*,*,#2690,.F.);
#3438=ORIENTED_EDGE('',*,*,#2689,.T.);
#3439=ORIENTED_EDGE('',*,*,#2679,.T.);
#3440=ORIENTED_EDGE('',*,*,#2574,.F.);
#3441=ORIENTED_EDGE('',*,*,#2691,.T.);
#3442=ORIENTED_EDGE('',*,*,#2620,.F.);
#3443=ORIENTED_EDGE('',*,*,#2691,.F.);
#3444=ORIENTED_EDGE('',*,*,#2570,.F.);
#3445=ORIENTED_EDGE('',*,*,#2692,.T.);
#3446=ORIENTED_EDGE('',*,*,#2621,.F.);
#3447=ORIENTED_EDGE('',*,*,#2692,.F.);
#3448=ORIENTED_EDGE('',*,*,#2617,.T.);
#3449=ORIENTED_EDGE('',*,*,#2693,.T.);
#3450=ORIENTED_EDGE('',*,*,#2663,.T.);
#3451=ORIENTED_EDGE('',*,*,#2597,.T.);
#3452=ORIENTED_EDGE('',*,*,#2615,.T.);
#3453=ORIENTED_EDGE('',*,*,#2659,.T.);
#3454=ORIENTED_EDGE('',*,*,#2665,.T.);
#3455=ORIENTED_EDGE('',*,*,#2694,.T.);
#3456=ORIENTED_EDGE('',*,*,#2673,.T.);
#3457=ORIENTED_EDGE('',*,*,#2695,.T.);
#3458=ORIENTED_EDGE('',*,*,#2624,.F.);
#3459=ORIENTED_EDGE('',*,*,#2695,.F.);
#3460=ORIENTED_EDGE('',*,*,#2672,.T.);
#3461=ORIENTED_EDGE('',*,*,#2696,.T.);
#3462=ORIENTED_EDGE('',*,*,#2623,.F.);
#3463=ORIENTED_EDGE('',*,*,#2696,.F.);
#3464=ORIENTED_EDGE('',*,*,#2671,.T.);
#3465=ORIENTED_EDGE('',*,*,#2697,.T.);
#3466=ORIENTED_EDGE('',*,*,#2622,.F.);
#3467=ORIENTED_EDGE('',*,*,#2697,.F.);
#3468=ORIENTED_EDGE('',*,*,#2669,.T.);
#3469=ORIENTED_EDGE('',*,*,#2698,.T.);
#3470=ORIENTED_EDGE('',*,*,#2611,.F.);
#3471=ORIENTED_EDGE('',*,*,#2699,.F.);
#3472=ORIENTED_EDGE('',*,*,#2670,.T.);
#3473=ORIENTED_EDGE('',*,*,#2699,.T.);
#3474=ORIENTED_EDGE('',*,*,#2610,.F.);
#3475=ORIENTED_EDGE('',*,*,#2608,.F.);
#3476=ORIENTED_EDGE('',*,*,#2693,.F.);
#3477=ORIENTED_EDGE('',*,*,#2616,.F.);
#3478=ORIENTED_EDGE('',*,*,#2694,.F.);
#3479=ORIENTED_EDGE('',*,*,#2664,.T.);
#3480=ORIENTED_EDGE('',*,*,#2668,.T.);
#3481=ORIENTED_EDGE('',*,*,#2674,.F.);
#3482=ORIENTED_EDGE('',*,*,#2612,.F.);
#3483=ORIENTED_EDGE('',*,*,#2698,.F.);
#3484=ORIENTED_EDGE('',*,*,#2700,.T.);
#3485=ORIENTED_EDGE('',*,*,#2701,.T.);
#3486=ORIENTED_EDGE('',*,*,#2702,.T.);
#3487=ORIENTED_EDGE('',*,*,#2701,.F.);
#3488=ORIENTED_EDGE('',*,*,#2703,.T.);
#3489=ORIENTED_EDGE('',*,*,#2700,.F.);
#3490=ORIENTED_EDGE('',*,*,#2704,.T.);
#3491=ORIENTED_EDGE('',*,*,#2705,.F.);
#3492=ORIENTED_EDGE('',*,*,#2704,.F.);
#3493=ORIENTED_EDGE('',*,*,#2703,.F.);
#3494=ORIENTED_EDGE('',*,*,#2706,.T.);
#3495=ORIENTED_EDGE('',*,*,#2702,.F.);
#3496=ORIENTED_EDGE('',*,*,#2707,.F.);
#3497=ORIENTED_EDGE('',*,*,#2708,.T.);
#3498=ORIENTED_EDGE('',*,*,#2709,.F.);
#3499=ORIENTED_EDGE('',*,*,#2708,.F.);
#3500=ORIENTED_EDGE('',*,*,#2707,.T.);
#3501=ORIENTED_EDGE('',*,*,#2705,.T.);
#3502=ORIENTED_EDGE('',*,*,#2706,.F.);
#3503=ORIENTED_EDGE('',*,*,#2710,.T.);
#3504=ORIENTED_EDGE('',*,*,#2711,.F.);
#3505=ORIENTED_EDGE('',*,*,#2710,.F.);
#3506=ORIENTED_EDGE('',*,*,#2712,.T.);
#3507=ORIENTED_EDGE('',*,*,#2713,.T.);
#3508=ORIENTED_EDGE('',*,*,#2714,.F.);
#3509=ORIENTED_EDGE('',*,*,#2715,.F.);
#3510=ORIENTED_EDGE('',*,*,#2716,.T.);
#3511=ORIENTED_EDGE('',*,*,#2715,.T.);
#3512=ORIENTED_EDGE('',*,*,#2717,.F.);
#3513=ORIENTED_EDGE('',*,*,#2718,.F.);
#3514=ORIENTED_EDGE('',*,*,#2719,.T.);
#3515=ORIENTED_EDGE('',*,*,#2718,.T.);
#3516=ORIENTED_EDGE('',*,*,#2720,.F.);
#3517=ORIENTED_EDGE('',*,*,#2721,.F.);
#3518=ORIENTED_EDGE('',*,*,#2722,.T.);
#3519=ORIENTED_EDGE('',*,*,#2721,.T.);
#3520=ORIENTED_EDGE('',*,*,#2723,.F.);
#3521=ORIENTED_EDGE('',*,*,#2724,.F.);
#3522=ORIENTED_EDGE('',*,*,#2725,.T.);
#3523=ORIENTED_EDGE('',*,*,#2724,.T.);
#3524=ORIENTED_EDGE('',*,*,#2726,.F.);
#3525=ORIENTED_EDGE('',*,*,#2727,.F.);
#3526=ORIENTED_EDGE('',*,*,#2728,.T.);
#3527=ORIENTED_EDGE('',*,*,#2727,.T.);
#3528=ORIENTED_EDGE('',*,*,#2729,.F.);
#3529=ORIENTED_EDGE('',*,*,#2713,.F.);
#3530=ORIENTED_EDGE('',*,*,#2729,.T.);
#3531=ORIENTED_EDGE('',*,*,#2726,.T.);
#3532=ORIENTED_EDGE('',*,*,#2723,.T.);
#3533=ORIENTED_EDGE('',*,*,#2720,.T.);
#3534=ORIENTED_EDGE('',*,*,#2717,.T.);
#3535=ORIENTED_EDGE('',*,*,#2714,.T.);
#3536=ORIENTED_EDGE('',*,*,#2711,.T.);
#3537=ORIENTED_EDGE('',*,*,#2728,.F.);
#3538=ORIENTED_EDGE('',*,*,#2712,.F.);
#3539=ORIENTED_EDGE('',*,*,#2716,.F.);
#3540=ORIENTED_EDGE('',*,*,#2719,.F.);
#3541=ORIENTED_EDGE('',*,*,#2722,.F.);
#3542=ORIENTED_EDGE('',*,*,#2725,.F.);
#3543=ORIENTED_EDGE('',*,*,#2709,.T.);
#3544=ORIENTED_EDGE('',*,*,#2730,.T.);
#3545=ORIENTED_EDGE('',*,*,#2731,.T.);
#3546=ORIENTED_EDGE('',*,*,#2732,.T.);
#3547=ORIENTED_EDGE('',*,*,#2733,.F.);
#3548=ORIENTED_EDGE('',*,*,#2734,.T.);
#3549=ORIENTED_EDGE('',*,*,#2735,.T.);
#3550=ORIENTED_EDGE('',*,*,#2736,.T.);
#3551=ORIENTED_EDGE('',*,*,#2731,.F.);
#3552=ORIENTED_EDGE('',*,*,#2737,.T.);
#3553=ORIENTED_EDGE('',*,*,#2735,.F.);
#3554=ORIENTED_EDGE('',*,*,#2738,.T.);
#3555=ORIENTED_EDGE('',*,*,#2739,.T.);
#3556=ORIENTED_EDGE('',*,*,#2740,.T.);
#3557=ORIENTED_EDGE('',*,*,#2739,.F.);
#3558=ORIENTED_EDGE('',*,*,#2741,.T.);
#3559=ORIENTED_EDGE('',*,*,#2742,.T.);
#3560=ORIENTED_EDGE('',*,*,#2743,.T.);
#3561=ORIENTED_EDGE('',*,*,#2742,.F.);
#3562=ORIENTED_EDGE('',*,*,#2744,.T.);
#3563=ORIENTED_EDGE('',*,*,#2745,.T.);
#3564=ORIENTED_EDGE('',*,*,#2746,.T.);
#3565=ORIENTED_EDGE('',*,*,#2745,.F.);
#3566=ORIENTED_EDGE('',*,*,#2747,.T.);
#3567=ORIENTED_EDGE('',*,*,#2733,.T.);
#3568=ORIENTED_EDGE('',*,*,#2743,.F.);
#3569=ORIENTED_EDGE('',*,*,#2748,.F.);
#3570=ORIENTED_EDGE('',*,*,#2749,.F.);
#3571=ORIENTED_EDGE('',*,*,#2750,.T.);
#3572=ORIENTED_EDGE('',*,*,#2746,.F.);
#3573=ORIENTED_EDGE('',*,*,#2751,.F.);
#3574=ORIENTED_EDGE('',*,*,#2752,.F.);
#3575=ORIENTED_EDGE('',*,*,#2748,.T.);
#3576=ORIENTED_EDGE('',*,*,#2732,.F.);
#3577=ORIENTED_EDGE('',*,*,#2753,.F.);
#3578=ORIENTED_EDGE('',*,*,#2754,.F.);
#3579=ORIENTED_EDGE('',*,*,#2751,.T.);
#3580=ORIENTED_EDGE('',*,*,#2730,.F.);
#3581=ORIENTED_EDGE('',*,*,#2747,.F.);
#3582=ORIENTED_EDGE('',*,*,#2744,.F.);
#3583=ORIENTED_EDGE('',*,*,#2741,.F.);
#3584=ORIENTED_EDGE('',*,*,#2738,.F.);
#3585=ORIENTED_EDGE('',*,*,#2734,.F.);
#3586=ORIENTED_EDGE('',*,*,#2755,.T.);
#3587=ORIENTED_EDGE('',*,*,#2756,.T.);
#3588=ORIENTED_EDGE('',*,*,#2752,.T.);
#3589=ORIENTED_EDGE('',*,*,#2757,.F.);
#3590=ORIENTED_EDGE('',*,*,#2758,.T.);
#3591=ORIENTED_EDGE('',*,*,#2759,.T.);
#3592=ORIENTED_EDGE('',*,*,#2749,.T.);
#3593=ORIENTED_EDGE('',*,*,#2756,.F.);
#3594=ORIENTED_EDGE('',*,*,#2760,.T.);
#3595=ORIENTED_EDGE('',*,*,#2761,.T.);
#3596=ORIENTED_EDGE('',*,*,#2762,.T.);
#3597=ORIENTED_EDGE('',*,*,#2763,.T.);
#3598=ORIENTED_EDGE('',*,*,#2764,.T.);
#3599=ORIENTED_EDGE('',*,*,#2761,.F.);
#3600=ORIENTED_EDGE('',*,*,#2765,.T.);
#3601=ORIENTED_EDGE('',*,*,#2766,.T.);
#3602=ORIENTED_EDGE('',*,*,#2767,.T.);
#3603=ORIENTED_EDGE('',*,*,#2768,.T.);
#3604=ORIENTED_EDGE('',*,*,#2763,.F.);
#3605=ORIENTED_EDGE('',*,*,#2769,.T.);
#3606=ORIENTED_EDGE('',*,*,#2759,.F.);
#3607=ORIENTED_EDGE('',*,*,#2754,.T.);
#3608=ORIENTED_EDGE('',*,*,#2766,.F.);
#3609=ORIENTED_EDGE('',*,*,#2770,.T.);
#3610=ORIENTED_EDGE('',*,*,#2757,.T.);
#3611=ORIENTED_EDGE('',*,*,#2740,.F.);
#3612=ORIENTED_EDGE('',*,*,#2750,.F.);
#3613=ORIENTED_EDGE('',*,*,#2769,.F.);
#3614=ORIENTED_EDGE('',*,*,#2771,.T.);
#3615=ORIENTED_EDGE('',*,*,#2737,.F.);
#3616=ORIENTED_EDGE('',*,*,#2771,.F.);
#3617=ORIENTED_EDGE('',*,*,#2762,.F.);
#3618=ORIENTED_EDGE('',*,*,#2772,.T.);
#3619=ORIENTED_EDGE('',*,*,#2767,.F.);
#3620=ORIENTED_EDGE('',*,*,#2758,.F.);
#3621=ORIENTED_EDGE('',*,*,#2755,.F.);
#3622=ORIENTED_EDGE('',*,*,#2770,.F.);
#3623=ORIENTED_EDGE('',*,*,#2765,.F.);
#3624=ORIENTED_EDGE('',*,*,#2760,.F.);
#3625=ORIENTED_EDGE('',*,*,#2768,.F.);
#3626=ORIENTED_EDGE('',*,*,#2773,.T.);
#3627=ORIENTED_EDGE('',*,*,#2774,.F.);
#3628=ORIENTED_EDGE('',*,*,#2773,.F.);
#3629=ORIENTED_EDGE('',*,*,#2736,.F.);
#3630=ORIENTED_EDGE('',*,*,#2772,.F.);
#3631=ORIENTED_EDGE('',*,*,#2764,.F.);
#3632=ORIENTED_EDGE('',*,*,#2753,.T.);
#3633=ORIENTED_EDGE('',*,*,#2774,.T.);
#3634=ORIENTED_EDGE('',*,*,#2775,.T.);
#3635=ORIENTED_EDGE('',*,*,#2776,.T.);
#3636=ORIENTED_EDGE('',*,*,#2775,.F.);
#3637=ORIENTED_EDGE('',*,*,#2776,.F.);
#3638=ORIENTED_EDGE('',*,*,#2777,.F.);
#3639=ORIENTED_EDGE('',*,*,#2777,.T.);
#3640=ORIENTED_EDGE('',*,*,#2778,.T.);
#3641=ORIENTED_EDGE('',*,*,#2779,.T.);
#3642=ORIENTED_EDGE('',*,*,#2780,.T.);
#3643=ORIENTED_EDGE('',*,*,#2778,.F.);
#3644=ORIENTED_EDGE('',*,*,#2781,.F.);
#3645=ORIENTED_EDGE('',*,*,#2782,.F.);
#3646=ORIENTED_EDGE('',*,*,#2783,.T.);
#3647=ORIENTED_EDGE('',*,*,#2779,.F.);
#3648=ORIENTED_EDGE('',*,*,#2780,.F.);
#3649=ORIENTED_EDGE('',*,*,#2783,.F.);
#3650=ORIENTED_EDGE('',*,*,#2781,.T.);
#3651=ORIENTED_EDGE('',*,*,#2782,.T.);
#3652=ORIENTED_EDGE('',*,*,#2784,.T.);
#3653=ORIENTED_EDGE('',*,*,#2785,.T.);
#3654=ORIENTED_EDGE('',*,*,#2784,.F.);
#3655=ORIENTED_EDGE('',*,*,#2785,.F.);
#3656=ORIENTED_EDGE('',*,*,#2786,.T.);
#3657=ORIENTED_EDGE('',*,*,#2787,.T.);
#3658=ORIENTED_EDGE('',*,*,#2788,.T.);
#3659=ORIENTED_EDGE('',*,*,#2787,.F.);
#3660=ORIENTED_EDGE('',*,*,#2786,.F.);
#3661=ORIENTED_EDGE('',*,*,#2789,.T.);
#3662=ORIENTED_EDGE('',*,*,#2790,.F.);
#3663=ORIENTED_EDGE('',*,*,#2789,.F.);
#3664=ORIENTED_EDGE('',*,*,#2791,.F.);
#3665=ORIENTED_EDGE('',*,*,#2788,.F.);
#3666=ORIENTED_EDGE('',*,*,#2790,.T.);
#3667=ORIENTED_EDGE('',*,*,#2792,.T.);
#3668=ORIENTED_EDGE('',*,*,#2793,.T.);
#3669=ORIENTED_EDGE('',*,*,#2792,.F.);
#3670=ORIENTED_EDGE('',*,*,#2794,.T.);
#3671=ORIENTED_EDGE('',*,*,#2793,.F.);
#3672=ORIENTED_EDGE('',*,*,#2794,.F.);
#3673=ORIENTED_EDGE('',*,*,#2795,.T.);
#3674=ORIENTED_EDGE('',*,*,#2791,.T.);
#3675=ORIENTED_EDGE('',*,*,#2795,.F.);
#3676=ORIENTED_EDGE('',*,*,#2796,.F.);
#3677=ORIENTED_EDGE('',*,*,#2797,.T.);
#3678=ORIENTED_EDGE('',*,*,#2798,.T.);
#3679=ORIENTED_EDGE('',*,*,#2797,.F.);
#3680=ORIENTED_EDGE('',*,*,#2798,.F.);
#3681=ORIENTED_EDGE('',*,*,#2799,.F.);
#3682=ORIENTED_EDGE('',*,*,#2800,.F.);
#3683=ORIENTED_EDGE('',*,*,#2801,.T.);
#3684=ORIENTED_EDGE('',*,*,#2802,.F.);
#3685=ORIENTED_EDGE('',*,*,#2801,.F.);
#3686=ORIENTED_EDGE('',*,*,#2803,.F.);
#3687=ORIENTED_EDGE('',*,*,#2804,.T.);
#3688=ORIENTED_EDGE('',*,*,#2805,.F.);
#3689=ORIENTED_EDGE('',*,*,#2804,.F.);
#3690=ORIENTED_EDGE('',*,*,#2803,.T.);
#3691=ORIENTED_EDGE('',*,*,#2802,.T.);
#3692=ORIENTED_EDGE('',*,*,#2806,.F.);
#3693=ORIENTED_EDGE('',*,*,#2805,.T.);
#3694=ORIENTED_EDGE('',*,*,#2807,.F.);
#3695=ORIENTED_EDGE('',*,*,#2808,.T.);
#3696=ORIENTED_EDGE('',*,*,#2809,.F.);
#3697=ORIENTED_EDGE('',*,*,#2808,.F.);
#3698=ORIENTED_EDGE('',*,*,#2807,.T.);
#3699=ORIENTED_EDGE('',*,*,#2810,.T.);
#3700=ORIENTED_EDGE('',*,*,#2811,.T.);
#3701=ORIENTED_EDGE('',*,*,#2812,.T.);
#3702=ORIENTED_EDGE('',*,*,#2813,.F.);
#3703=ORIENTED_EDGE('',*,*,#2812,.F.);
#3704=ORIENTED_EDGE('',*,*,#2814,.F.);
#3705=ORIENTED_EDGE('',*,*,#2815,.T.);
#3706=ORIENTED_EDGE('',*,*,#2816,.T.);
#3707=ORIENTED_EDGE('',*,*,#2815,.F.);
#3708=ORIENTED_EDGE('',*,*,#2816,.F.);
#3709=ORIENTED_EDGE('',*,*,#2811,.F.);
#3710=ORIENTED_EDGE('',*,*,#2817,.F.);
#3711=ORIENTED_EDGE('',*,*,#2814,.T.);
#3712=ORIENTED_EDGE('',*,*,#2799,.T.);
#3713=ORIENTED_EDGE('',*,*,#2818,.T.);
#3714=ORIENTED_EDGE('',*,*,#2810,.F.);
#3715=ORIENTED_EDGE('',*,*,#2818,.F.);
#3716=ORIENTED_EDGE('',*,*,#2819,.T.);
#3717=ORIENTED_EDGE('',*,*,#2820,.T.);
#3718=ORIENTED_EDGE('',*,*,#2806,.T.);
#3719=ORIENTED_EDGE('',*,*,#2820,.F.);
#3720=ORIENTED_EDGE('',*,*,#2821,.T.);
#3721=ORIENTED_EDGE('',*,*,#2822,.F.);
#3722=ORIENTED_EDGE('',*,*,#2823,.F.);
#3723=ORIENTED_EDGE('',*,*,#2824,.T.);
#3724=ORIENTED_EDGE('',*,*,#2821,.F.);
#3725=ORIENTED_EDGE('',*,*,#2819,.F.);
#3726=ORIENTED_EDGE('',*,*,#2824,.F.);
#3727=ORIENTED_EDGE('',*,*,#2800,.T.);
#3728=ORIENTED_EDGE('',*,*,#2796,.T.);
#3729=ORIENTED_EDGE('',*,*,#2822,.T.);
#3730=ORIENTED_EDGE('',*,*,#2823,.T.);
#3731=ORIENTED_EDGE('',*,*,#2825,.T.);
#3732=ORIENTED_EDGE('',*,*,#2817,.T.);
#3733=ORIENTED_EDGE('',*,*,#2825,.F.);
#3734=ORIENTED_EDGE('',*,*,#2813,.T.);
#3735=ORIENTED_EDGE('',*,*,#2809,.T.);
#3736=ORIENTED_EDGE('',*,*,#2826,.T.);
#3737=ORIENTED_EDGE('',*,*,#2827,.T.);
#3738=ORIENTED_EDGE('',*,*,#2828,.T.);
#3739=ORIENTED_EDGE('',*,*,#2827,.F.);
#3740=ORIENTED_EDGE('',*,*,#2826,.F.);
#3741=ORIENTED_EDGE('',*,*,#2829,.T.);
#3742=ORIENTED_EDGE('',*,*,#2830,.F.);
#3743=ORIENTED_EDGE('',*,*,#2831,.F.);
#3744=ORIENTED_EDGE('',*,*,#2829,.F.);
#3745=ORIENTED_EDGE('',*,*,#2832,.T.);
#3746=ORIENTED_EDGE('',*,*,#2833,.T.);
#3747=ORIENTED_EDGE('',*,*,#2834,.T.);
#3748=ORIENTED_EDGE('',*,*,#2835,.T.);
#3749=ORIENTED_EDGE('',*,*,#2836,.T.);
#3750=ORIENTED_EDGE('',*,*,#2837,.T.);
#3751=ORIENTED_EDGE('',*,*,#2828,.F.);
#3752=ORIENTED_EDGE('',*,*,#2830,.T.);
#3753=ORIENTED_EDGE('',*,*,#2831,.T.);
#3754=ORIENTED_EDGE('',*,*,#2838,.T.);
#3755=ORIENTED_EDGE('',*,*,#2839,.T.);
#3756=ORIENTED_EDGE('',*,*,#2838,.F.);
#3757=ORIENTED_EDGE('',*,*,#2840,.T.);
#3758=ORIENTED_EDGE('',*,*,#2841,.T.);
#3759=ORIENTED_EDGE('',*,*,#2842,.T.);
#3760=ORIENTED_EDGE('',*,*,#2843,.T.);
#3761=ORIENTED_EDGE('',*,*,#2844,.T.);
#3762=ORIENTED_EDGE('',*,*,#2845,.T.);
#3763=ORIENTED_EDGE('',*,*,#2839,.F.);
#3764=ORIENTED_EDGE('',*,*,#2846,.F.);
#3765=ORIENTED_EDGE('',*,*,#2832,.F.);
#3766=ORIENTED_EDGE('',*,*,#2847,.F.);
#3767=ORIENTED_EDGE('',*,*,#2848,.F.);
#3768=ORIENTED_EDGE('',*,*,#2849,.F.);
#3769=ORIENTED_EDGE('',*,*,#2837,.F.);
#3770=ORIENTED_EDGE('',*,*,#2850,.F.);
#3771=ORIENTED_EDGE('',*,*,#2833,.F.);
#3772=ORIENTED_EDGE('',*,*,#2851,.F.);
#3773=ORIENTED_EDGE('',*,*,#2852,.F.);
#3774=ORIENTED_EDGE('',*,*,#2853,.F.);
#3775=ORIENTED_EDGE('',*,*,#2836,.F.);
#3776=ORIENTED_EDGE('',*,*,#2854,.F.);
#3777=ORIENTED_EDGE('',*,*,#2834,.F.);
#3778=ORIENTED_EDGE('',*,*,#2855,.F.);
#3779=ORIENTED_EDGE('',*,*,#2856,.F.);
#3780=ORIENTED_EDGE('',*,*,#2835,.F.);
#3781=ORIENTED_EDGE('',*,*,#2857,.F.);
#3782=ORIENTED_EDGE('',*,*,#2858,.F.);
#3783=ORIENTED_EDGE('',*,*,#2859,.F.);
#3784=ORIENTED_EDGE('',*,*,#2845,.F.);
#3785=ORIENTED_EDGE('',*,*,#2860,.F.);
#3786=ORIENTED_EDGE('',*,*,#2840,.F.);
#3787=ORIENTED_EDGE('',*,*,#2861,.F.);
#3788=ORIENTED_EDGE('',*,*,#2862,.F.);
#3789=ORIENTED_EDGE('',*,*,#2863,.F.);
#3790=ORIENTED_EDGE('',*,*,#2844,.F.);
#3791=ORIENTED_EDGE('',*,*,#2864,.F.);
#3792=ORIENTED_EDGE('',*,*,#2865,.F.);
#3793=ORIENTED_EDGE('',*,*,#2843,.F.);
#3794=ORIENTED_EDGE('',*,*,#2866,.F.);
#3795=ORIENTED_EDGE('',*,*,#2841,.F.);
#3796=ORIENTED_EDGE('',*,*,#2867,.F.);
#3797=ORIENTED_EDGE('',*,*,#2868,.F.);
#3798=ORIENTED_EDGE('',*,*,#2842,.F.);
#3799=ORIENTED_EDGE('',*,*,#2869,.F.);
#3800=ORIENTED_EDGE('',*,*,#2857,.T.);
#3801=ORIENTED_EDGE('',*,*,#2854,.T.);
#3802=ORIENTED_EDGE('',*,*,#2870,.T.);
#3803=ORIENTED_EDGE('',*,*,#2864,.T.);
#3804=ORIENTED_EDGE('',*,*,#2868,.T.);
#3805=ORIENTED_EDGE('',*,*,#2871,.F.);
#3806=ORIENTED_EDGE('',*,*,#2855,.T.);
#3807=ORIENTED_EDGE('',*,*,#2850,.T.);
#3808=ORIENTED_EDGE('',*,*,#2872,.T.);
#3809=ORIENTED_EDGE('',*,*,#2862,.T.);
#3810=ORIENTED_EDGE('',*,*,#2865,.T.);
#3811=ORIENTED_EDGE('',*,*,#2870,.F.);
#3812=ORIENTED_EDGE('',*,*,#2851,.T.);
#3813=ORIENTED_EDGE('',*,*,#2846,.T.);
#3814=ORIENTED_EDGE('',*,*,#2873,.T.);
#3815=ORIENTED_EDGE('',*,*,#2858,.T.);
#3816=ORIENTED_EDGE('',*,*,#2863,.T.);
#3817=ORIENTED_EDGE('',*,*,#2872,.F.);
#3818=ORIENTED_EDGE('',*,*,#2856,.T.);
#3819=ORIENTED_EDGE('',*,*,#2871,.T.);
#3820=ORIENTED_EDGE('',*,*,#2869,.T.);
#3821=ORIENTED_EDGE('',*,*,#2866,.T.);
#3822=ORIENTED_EDGE('',*,*,#2874,.F.);
#3823=ORIENTED_EDGE('',*,*,#2852,.T.);
#3824=ORIENTED_EDGE('',*,*,#2853,.T.);
#3825=ORIENTED_EDGE('',*,*,#2874,.T.);
#3826=ORIENTED_EDGE('',*,*,#2867,.T.);
#3827=ORIENTED_EDGE('',*,*,#2860,.T.);
#3828=ORIENTED_EDGE('',*,*,#2875,.F.);
#3829=ORIENTED_EDGE('',*,*,#2848,.T.);
#3830=ORIENTED_EDGE('',*,*,#2849,.T.);
#3831=ORIENTED_EDGE('',*,*,#2875,.T.);
#3832=ORIENTED_EDGE('',*,*,#2861,.T.);
#3833=ORIENTED_EDGE('',*,*,#2859,.T.);
#3834=ORIENTED_EDGE('',*,*,#2873,.F.);
#3835=ORIENTED_EDGE('',*,*,#2847,.T.);
#3836=ORIENTED_EDGE('',*,*,#2876,.F.);
#3837=ORIENTED_EDGE('',*,*,#2877,.F.);
#3838=ORIENTED_EDGE('',*,*,#2878,.F.);
#3839=ORIENTED_EDGE('',*,*,#2879,.F.);
#3840=ORIENTED_EDGE('',*,*,#2877,.T.);
#3841=ORIENTED_EDGE('',*,*,#2880,.T.);
#3842=ORIENTED_EDGE('',*,*,#2881,.T.);
#3843=ORIENTED_EDGE('',*,*,#2882,.F.);
#3844=ORIENTED_EDGE('',*,*,#2883,.F.);
#3845=ORIENTED_EDGE('',*,*,#2884,.T.);
#3846=ORIENTED_EDGE('',*,*,#2885,.T.);
#3847=ORIENTED_EDGE('',*,*,#2884,.F.);
#3848=ORIENTED_EDGE('',*,*,#2885,.F.);
#3849=ORIENTED_EDGE('',*,*,#2886,.F.);
#3850=ORIENTED_EDGE('',*,*,#2887,.F.);
#3851=ORIENTED_EDGE('',*,*,#2888,.T.);
#3852=ORIENTED_EDGE('',*,*,#2889,.T.);
#3853=ORIENTED_EDGE('',*,*,#2888,.F.);
#3854=ORIENTED_EDGE('',*,*,#2889,.F.);
#3855=ORIENTED_EDGE('',*,*,#2890,.F.);
#3856=ORIENTED_EDGE('',*,*,#2879,.T.);
#3857=ORIENTED_EDGE('',*,*,#2891,.F.);
#3858=ORIENTED_EDGE('',*,*,#2892,.F.);
#3859=ORIENTED_EDGE('',*,*,#2893,.T.);
#3860=ORIENTED_EDGE('',*,*,#2894,.F.);
#3861=ORIENTED_EDGE('',*,*,#2895,.F.);
#3862=ORIENTED_EDGE('',*,*,#2896,.T.);
#3863=ORIENTED_EDGE('',*,*,#2897,.F.);
#3864=ORIENTED_EDGE('',*,*,#2898,.T.);
#3865=ORIENTED_EDGE('',*,*,#2899,.T.);
#3866=ORIENTED_EDGE('',*,*,#2900,.F.);
#3867=ORIENTED_EDGE('',*,*,#2901,.T.);
#3868=ORIENTED_EDGE('',*,*,#2902,.T.);
#3869=ORIENTED_EDGE('',*,*,#2903,.T.);
#3870=ORIENTED_EDGE('',*,*,#2904,.T.);
#3871=ORIENTED_EDGE('',*,*,#2905,.T.);
#3872=ORIENTED_EDGE('',*,*,#2906,.F.);
#3873=ORIENTED_EDGE('',*,*,#2907,.T.);
#3874=ORIENTED_EDGE('',*,*,#2908,.F.);
#3875=ORIENTED_EDGE('',*,*,#2909,.F.);
#3876=ORIENTED_EDGE('',*,*,#2910,.T.);
#3877=ORIENTED_EDGE('',*,*,#2911,.T.);
#3878=ORIENTED_EDGE('',*,*,#2912,.F.);
#3879=ORIENTED_EDGE('',*,*,#2911,.F.);
#3880=ORIENTED_EDGE('',*,*,#2890,.T.);
#3881=ORIENTED_EDGE('',*,*,#2913,.T.);
#3882=ORIENTED_EDGE('',*,*,#2914,.F.);
#3883=ORIENTED_EDGE('',*,*,#2913,.F.);
#3884=ORIENTED_EDGE('',*,*,#2915,.F.);
#3885=ORIENTED_EDGE('',*,*,#2916,.T.);
#3886=ORIENTED_EDGE('',*,*,#2917,.F.);
#3887=ORIENTED_EDGE('',*,*,#2916,.F.);
#3888=ORIENTED_EDGE('',*,*,#2918,.F.);
#3889=ORIENTED_EDGE('',*,*,#2919,.T.);
#3890=ORIENTED_EDGE('',*,*,#2920,.F.);
#3891=ORIENTED_EDGE('',*,*,#2901,.F.);
#3892=ORIENTED_EDGE('',*,*,#2909,.T.);
#3893=ORIENTED_EDGE('',*,*,#2921,.F.);
#3894=ORIENTED_EDGE('',*,*,#2919,.F.);
#3895=ORIENTED_EDGE('',*,*,#2922,.F.);
#3896=ORIENTED_EDGE('',*,*,#2895,.T.);
#3897=ORIENTED_EDGE('',*,*,#2923,.T.);
#3898=ORIENTED_EDGE('',*,*,#2924,.T.);
#3899=ORIENTED_EDGE('',*,*,#2925,.T.);
#3900=ORIENTED_EDGE('',*,*,#2925,.F.);
#3901=ORIENTED_EDGE('',*,*,#2926,.T.);
#3902=ORIENTED_EDGE('',*,*,#2927,.F.);
#3903=ORIENTED_EDGE('',*,*,#2896,.F.);
#3904=ORIENTED_EDGE('',*,*,#2924,.F.);
#3905=ORIENTED_EDGE('',*,*,#2928,.F.);
#3906=ORIENTED_EDGE('',*,*,#2881,.F.);
#3907=ORIENTED_EDGE('',*,*,#2929,.F.);
#3908=ORIENTED_EDGE('',*,*,#2930,.T.);
#3909=ORIENTED_EDGE('',*,*,#2931,.F.);
#3910=ORIENTED_EDGE('',*,*,#2932,.F.);
#3911=ORIENTED_EDGE('',*,*,#2926,.F.);
#3912=ORIENTED_EDGE('',*,*,#2933,.T.);
#3913=ORIENTED_EDGE('',*,*,#2934,.T.);
#3914=ORIENTED_EDGE('',*,*,#2935,.T.);
#3915=ORIENTED_EDGE('',*,*,#2936,.T.);
#3916=ORIENTED_EDGE('',*,*,#2897,.T.);
#3917=ORIENTED_EDGE('',*,*,#2927,.T.);
#3918=ORIENTED_EDGE('',*,*,#2932,.T.);
#3919=ORIENTED_EDGE('',*,*,#2937,.T.);
#3920=ORIENTED_EDGE('',*,*,#2933,.F.);
#3921=ORIENTED_EDGE('',*,*,#2938,.T.);
#3922=ORIENTED_EDGE('',*,*,#2902,.F.);
#3923=ORIENTED_EDGE('',*,*,#2939,.F.);
#3924=ORIENTED_EDGE('',*,*,#2936,.F.);
#3925=ORIENTED_EDGE('',*,*,#2940,.T.);
#3926=ORIENTED_EDGE('',*,*,#2903,.F.);
#3927=ORIENTED_EDGE('',*,*,#2938,.F.);
#3928=ORIENTED_EDGE('',*,*,#2935,.F.);
#3929=ORIENTED_EDGE('',*,*,#2941,.T.);
#3930=ORIENTED_EDGE('',*,*,#2904,.F.);
#3931=ORIENTED_EDGE('',*,*,#2940,.F.);
#3932=ORIENTED_EDGE('',*,*,#2934,.F.);
#3933=ORIENTED_EDGE('',*,*,#2939,.T.);
#3934=ORIENTED_EDGE('',*,*,#2905,.F.);
#3935=ORIENTED_EDGE('',*,*,#2941,.F.);
#3936=ORIENTED_EDGE('',*,*,#2930,.F.);
#3937=ORIENTED_EDGE('',*,*,#2942,.F.);
#3938=ORIENTED_EDGE('',*,*,#2899,.F.);
#3939=ORIENTED_EDGE('',*,*,#2943,.F.);
#3940=ORIENTED_EDGE('',*,*,#2937,.F.);
#3941=ORIENTED_EDGE('',*,*,#2931,.T.);
#3942=ORIENTED_EDGE('',*,*,#2943,.T.);
#3943=ORIENTED_EDGE('',*,*,#2898,.F.);
#3944=ORIENTED_EDGE('',*,*,#2928,.T.);
#3945=ORIENTED_EDGE('',*,*,#2923,.F.);
#3946=ORIENTED_EDGE('',*,*,#2894,.T.);
#3947=ORIENTED_EDGE('',*,*,#2920,.T.);
#3948=ORIENTED_EDGE('',*,*,#2921,.T.);
#3949=ORIENTED_EDGE('',*,*,#2908,.T.);
#3950=ORIENTED_EDGE('',*,*,#2944,.T.);
#3951=ORIENTED_EDGE('',*,*,#2945,.T.);
#3952=ORIENTED_EDGE('',*,*,#2946,.T.);
#3953=ORIENTED_EDGE('',*,*,#2947,.F.);
#3954=ORIENTED_EDGE('',*,*,#2948,.T.);
#3955=ORIENTED_EDGE('',*,*,#2949,.F.);
#3956=ORIENTED_EDGE('',*,*,#2891,.T.);
#3957=ORIENTED_EDGE('',*,*,#2878,.T.);
#3958=ORIENTED_EDGE('',*,*,#2882,.T.);
#3959=ORIENTED_EDGE('',*,*,#2950,.T.);
#3960=ORIENTED_EDGE('',*,*,#2914,.T.);
#3961=ORIENTED_EDGE('',*,*,#2917,.T.);
#3962=ORIENTED_EDGE('',*,*,#2912,.T.);
#3963=ORIENTED_EDGE('',*,*,#2951,.F.);
#3964=ORIENTED_EDGE('',*,*,#2952,.F.);
#3965=ORIENTED_EDGE('',*,*,#2953,.F.);
#3966=ORIENTED_EDGE('',*,*,#2954,.F.);
#3967=ORIENTED_EDGE('',*,*,#2955,.F.);
#3968=ORIENTED_EDGE('',*,*,#2956,.F.);
#3969=ORIENTED_EDGE('',*,*,#2957,.F.);
#3970=ORIENTED_EDGE('',*,*,#2958,.F.);
#3971=ORIENTED_EDGE('',*,*,#2959,.F.);
#3972=ORIENTED_EDGE('',*,*,#2960,.F.);
#3973=ORIENTED_EDGE('',*,*,#2961,.F.);
#3974=ORIENTED_EDGE('',*,*,#2962,.F.);
#3975=ORIENTED_EDGE('',*,*,#2963,.T.);
#3976=ORIENTED_EDGE('',*,*,#2964,.T.);
#3977=ORIENTED_EDGE('',*,*,#2965,.T.);
#3978=ORIENTED_EDGE('',*,*,#2966,.F.);
#3979=ORIENTED_EDGE('',*,*,#2967,.F.);
#3980=ORIENTED_EDGE('',*,*,#2968,.F.);
#3981=ORIENTED_EDGE('',*,*,#2969,.F.);
#3982=ORIENTED_EDGE('',*,*,#2970,.F.);
#3983=ORIENTED_EDGE('',*,*,#2971,.F.);
#3984=ORIENTED_EDGE('',*,*,#2972,.T.);
#3985=ORIENTED_EDGE('',*,*,#2973,.F.);
#3986=ORIENTED_EDGE('',*,*,#2974,.F.);
#3987=ORIENTED_EDGE('',*,*,#2975,.F.);
#3988=ORIENTED_EDGE('',*,*,#2976,.F.);
#3989=ORIENTED_EDGE('',*,*,#2977,.F.);
#3990=ORIENTED_EDGE('',*,*,#2978,.F.);
#3991=ORIENTED_EDGE('',*,*,#2979,.F.);
#3992=ORIENTED_EDGE('',*,*,#2980,.T.);
#3993=ORIENTED_EDGE('',*,*,#2972,.F.);
#3994=ORIENTED_EDGE('',*,*,#2980,.F.);
#3995=ORIENTED_EDGE('',*,*,#2886,.T.);
#3996=ORIENTED_EDGE('',*,*,#2981,.T.);
#3997=ORIENTED_EDGE('',*,*,#2950,.F.);
#3998=ORIENTED_EDGE('',*,*,#2981,.F.);
#3999=ORIENTED_EDGE('',*,*,#2982,.F.);
#4000=ORIENTED_EDGE('',*,*,#2983,.T.);
#4001=ORIENTED_EDGE('',*,*,#2984,.T.);
#4002=ORIENTED_EDGE('',*,*,#2985,.T.);
#4003=ORIENTED_EDGE('',*,*,#2986,.T.);
#4004=ORIENTED_EDGE('',*,*,#2987,.T.);
#4005=ORIENTED_EDGE('',*,*,#2988,.T.);
#4006=ORIENTED_EDGE('',*,*,#2989,.T.);
#4007=ORIENTED_EDGE('',*,*,#2990,.T.);
#4008=ORIENTED_EDGE('',*,*,#2991,.T.);
#4009=ORIENTED_EDGE('',*,*,#2906,.T.);
#4010=ORIENTED_EDGE('',*,*,#2922,.T.);
#4011=ORIENTED_EDGE('',*,*,#2918,.T.);
#4012=ORIENTED_EDGE('',*,*,#2900,.T.);
#4013=ORIENTED_EDGE('',*,*,#2942,.T.);
#4014=ORIENTED_EDGE('',*,*,#2929,.T.);
#4015=ORIENTED_EDGE('',*,*,#2880,.F.);
#4016=ORIENTED_EDGE('',*,*,#2876,.T.);
#4017=ORIENTED_EDGE('',*,*,#2893,.F.);
#4018=ORIENTED_EDGE('',*,*,#2883,.T.);
#4019=ORIENTED_EDGE('',*,*,#2887,.T.);
#4020=ORIENTED_EDGE('',*,*,#2915,.T.);
#4021=ORIENTED_EDGE('',*,*,#2910,.F.);
#4022=ORIENTED_EDGE('',*,*,#2992,.F.);
#4023=ORIENTED_EDGE('',*,*,#2993,.F.);
#4024=ORIENTED_EDGE('',*,*,#2994,.F.);
#4025=ORIENTED_EDGE('',*,*,#2995,.F.);
#4026=ORIENTED_EDGE('',*,*,#2996,.F.);
#4027=ORIENTED_EDGE('',*,*,#2997,.F.);
#4028=ORIENTED_EDGE('',*,*,#2998,.F.);
#4029=ORIENTED_EDGE('',*,*,#2999,.F.);
#4030=ORIENTED_EDGE('',*,*,#3000,.F.);
#4031=ORIENTED_EDGE('',*,*,#3001,.F.);
#4032=ORIENTED_EDGE('',*,*,#3002,.F.);
#4033=ORIENTED_EDGE('',*,*,#3003,.F.);
#4034=ORIENTED_EDGE('',*,*,#3004,.F.);
#4035=ORIENTED_EDGE('',*,*,#3005,.F.);
#4036=ORIENTED_EDGE('',*,*,#3006,.F.);
#4037=ORIENTED_EDGE('',*,*,#3007,.F.);
#4038=ORIENTED_EDGE('',*,*,#3008,.F.);
#4039=ORIENTED_EDGE('',*,*,#3009,.F.);
#4040=ORIENTED_EDGE('',*,*,#3010,.T.);
#4041=ORIENTED_EDGE('',*,*,#3011,.T.);
#4042=ORIENTED_EDGE('',*,*,#3012,.T.);
#4043=ORIENTED_EDGE('',*,*,#2979,.T.);
#4044=ORIENTED_EDGE('',*,*,#3013,.T.);
#4045=ORIENTED_EDGE('',*,*,#2953,.T.);
#4046=ORIENTED_EDGE('',*,*,#3014,.T.);
#4047=ORIENTED_EDGE('',*,*,#3015,.T.);
#4048=ORIENTED_EDGE('',*,*,#3016,.F.);
#4049=ORIENTED_EDGE('',*,*,#2951,.T.);
#4050=ORIENTED_EDGE('',*,*,#3017,.T.);
#4051=ORIENTED_EDGE('',*,*,#3018,.T.);
#4052=ORIENTED_EDGE('',*,*,#3019,.T.);
#4053=ORIENTED_EDGE('',*,*,#2956,.T.);
#4054=ORIENTED_EDGE('',*,*,#3020,.T.);
#4055=ORIENTED_EDGE('',*,*,#3021,.T.);
#4056=ORIENTED_EDGE('',*,*,#3017,.F.);
#4057=ORIENTED_EDGE('',*,*,#3022,.T.);
#4058=ORIENTED_EDGE('',*,*,#3020,.F.);
#4059=ORIENTED_EDGE('',*,*,#2955,.T.);
#4060=ORIENTED_EDGE('',*,*,#3023,.T.);
#4061=ORIENTED_EDGE('',*,*,#3024,.T.);
#4062=ORIENTED_EDGE('',*,*,#3023,.F.);
#4063=ORIENTED_EDGE('',*,*,#2954,.T.);
#4064=ORIENTED_EDGE('',*,*,#3016,.T.);
#4065=ORIENTED_EDGE('',*,*,#2952,.T.);
#4066=ORIENTED_EDGE('',*,*,#3019,.F.);
#4067=ORIENTED_EDGE('',*,*,#3025,.T.);
#4068=ORIENTED_EDGE('',*,*,#3014,.F.);
#4069=ORIENTED_EDGE('',*,*,#3015,.F.);
#4070=ORIENTED_EDGE('',*,*,#3026,.T.);
#4071=ORIENTED_EDGE('',*,*,#3027,.T.);
#4072=ORIENTED_EDGE('',*,*,#3028,.F.);
#4073=ORIENTED_EDGE('',*,*,#3025,.F.);
#4074=ORIENTED_EDGE('',*,*,#3029,.T.);
#4075=ORIENTED_EDGE('',*,*,#3030,.T.);
#4076=ORIENTED_EDGE('',*,*,#3026,.F.);
#4077=ORIENTED_EDGE('',*,*,#3018,.F.);
#4078=ORIENTED_EDGE('',*,*,#3031,.T.);
#4079=ORIENTED_EDGE('',*,*,#3032,.T.);
#4080=ORIENTED_EDGE('',*,*,#3029,.F.);
#4081=ORIENTED_EDGE('',*,*,#2976,.T.);
#4082=ORIENTED_EDGE('',*,*,#3033,.T.);
#4083=ORIENTED_EDGE('',*,*,#3034,.T.);
#4084=ORIENTED_EDGE('',*,*,#3035,.F.);
#4085=ORIENTED_EDGE('',*,*,#2975,.T.);
#4086=ORIENTED_EDGE('',*,*,#3036,.T.);
#4087=ORIENTED_EDGE('',*,*,#3037,.T.);
#4088=ORIENTED_EDGE('',*,*,#3033,.F.);
#4089=ORIENTED_EDGE('',*,*,#2973,.T.);
#4090=ORIENTED_EDGE('',*,*,#3038,.T.);
#4091=ORIENTED_EDGE('',*,*,#3039,.T.);
#4092=ORIENTED_EDGE('',*,*,#3040,.T.);
#4093=ORIENTED_EDGE('',*,*,#3041,.T.);
#4094=ORIENTED_EDGE('',*,*,#3038,.F.);
#4095=ORIENTED_EDGE('',*,*,#2978,.T.);
#4096=ORIENTED_EDGE('',*,*,#3042,.T.);
#4097=ORIENTED_EDGE('',*,*,#2974,.T.);
#4098=ORIENTED_EDGE('',*,*,#3040,.F.);
#4099=ORIENTED_EDGE('',*,*,#3043,.T.);
#4100=ORIENTED_EDGE('',*,*,#3036,.F.);
#4101=ORIENTED_EDGE('',*,*,#3044,.T.);
#4102=ORIENTED_EDGE('',*,*,#3042,.F.);
#4103=ORIENTED_EDGE('',*,*,#2977,.T.);
#4104=ORIENTED_EDGE('',*,*,#3035,.T.);
#4105=ORIENTED_EDGE('',*,*,#3037,.F.);
#4106=ORIENTED_EDGE('',*,*,#3045,.T.);
#4107=ORIENTED_EDGE('',*,*,#3046,.T.);
#4108=ORIENTED_EDGE('',*,*,#3047,.F.);
#4109=ORIENTED_EDGE('',*,*,#3043,.F.);
#4110=ORIENTED_EDGE('',*,*,#3048,.T.);
#4111=ORIENTED_EDGE('',*,*,#3049,.T.);
#4112=ORIENTED_EDGE('',*,*,#3045,.F.);
#4113=ORIENTED_EDGE('',*,*,#3039,.F.);
#4114=ORIENTED_EDGE('',*,*,#3050,.T.);
#4115=ORIENTED_EDGE('',*,*,#3051,.T.);
#4116=ORIENTED_EDGE('',*,*,#3048,.F.);
#4117=ORIENTED_EDGE('',*,*,#2960,.T.);
#4118=ORIENTED_EDGE('',*,*,#3052,.T.);
#4119=ORIENTED_EDGE('',*,*,#3053,.T.);
#4120=ORIENTED_EDGE('',*,*,#3054,.F.);
#4121=ORIENTED_EDGE('',*,*,#2959,.T.);
#4122=ORIENTED_EDGE('',*,*,#3055,.T.);
#4123=ORIENTED_EDGE('',*,*,#3056,.T.);
#4124=ORIENTED_EDGE('',*,*,#3052,.F.);
#4125=ORIENTED_EDGE('',*,*,#2957,.T.);
#4126=ORIENTED_EDGE('',*,*,#3057,.T.);
#4127=ORIENTED_EDGE('',*,*,#3058,.T.);
#4128=ORIENTED_EDGE('',*,*,#3059,.T.);
#4129=ORIENTED_EDGE('',*,*,#3060,.T.);
#4130=ORIENTED_EDGE('',*,*,#3057,.F.);
#4131=ORIENTED_EDGE('',*,*,#2962,.T.);
#4132=ORIENTED_EDGE('',*,*,#3061,.T.);
#4133=ORIENTED_EDGE('',*,*,#2958,.T.);
#4134=ORIENTED_EDGE('',*,*,#3059,.F.);
#4135=ORIENTED_EDGE('',*,*,#3062,.T.);
#4136=ORIENTED_EDGE('',*,*,#3055,.F.);
#4137=ORIENTED_EDGE('',*,*,#3063,.T.);
#4138=ORIENTED_EDGE('',*,*,#3061,.F.);
#4139=ORIENTED_EDGE('',*,*,#2961,.T.);
#4140=ORIENTED_EDGE('',*,*,#3054,.T.);
#4141=ORIENTED_EDGE('',*,*,#3056,.F.);
#4142=ORIENTED_EDGE('',*,*,#3064,.T.);
#4143=ORIENTED_EDGE('',*,*,#3065,.T.);
#4144=ORIENTED_EDGE('',*,*,#3066,.F.);
#4145=ORIENTED_EDGE('',*,*,#3062,.F.);
#4146=ORIENTED_EDGE('',*,*,#3067,.T.);
#4147=ORIENTED_EDGE('',*,*,#3068,.T.);
#4148=ORIENTED_EDGE('',*,*,#3064,.F.);
#4149=ORIENTED_EDGE('',*,*,#3058,.F.);
#4150=ORIENTED_EDGE('',*,*,#3069,.T.);
#4151=ORIENTED_EDGE('',*,*,#3070,.T.);
#4152=ORIENTED_EDGE('',*,*,#3067,.F.);
#4153=ORIENTED_EDGE('',*,*,#2966,.T.);
#4154=ORIENTED_EDGE('',*,*,#3071,.T.);
#4155=ORIENTED_EDGE('',*,*,#3072,.T.);
#4156=ORIENTED_EDGE('',*,*,#3073,.T.);
#4157=ORIENTED_EDGE('',*,*,#2971,.T.);
#4158=ORIENTED_EDGE('',*,*,#3074,.T.);
#4159=ORIENTED_EDGE('',*,*,#3075,.T.);
#4160=ORIENTED_EDGE('',*,*,#3071,.F.);
#4161=ORIENTED_EDGE('',*,*,#2970,.T.);
#4162=ORIENTED_EDGE('',*,*,#3076,.T.);
#4163=ORIENTED_EDGE('',*,*,#3077,.T.);
#4164=ORIENTED_EDGE('',*,*,#3074,.F.);
#4165=ORIENTED_EDGE('',*,*,#2969,.T.);
#4166=ORIENTED_EDGE('',*,*,#3078,.T.);
#4167=ORIENTED_EDGE('',*,*,#3079,.T.);
#4168=ORIENTED_EDGE('',*,*,#3076,.F.);
#4169=ORIENTED_EDGE('',*,*,#3080,.T.);
#4170=ORIENTED_EDGE('',*,*,#3078,.F.);
#4171=ORIENTED_EDGE('',*,*,#2968,.T.);
#4172=ORIENTED_EDGE('',*,*,#3081,.T.);
#4173=ORIENTED_EDGE('',*,*,#3082,.T.);
#4174=ORIENTED_EDGE('',*,*,#3081,.F.);
#4175=ORIENTED_EDGE('',*,*,#2967,.T.);
#4176=ORIENTED_EDGE('',*,*,#3073,.F.);
#4177=ORIENTED_EDGE('',*,*,#3080,.F.);
#4178=ORIENTED_EDGE('',*,*,#3083,.T.);
#4179=ORIENTED_EDGE('',*,*,#3084,.T.);
#4180=ORIENTED_EDGE('',*,*,#3085,.F.);
#4181=ORIENTED_EDGE('',*,*,#3082,.F.);
#4182=ORIENTED_EDGE('',*,*,#3086,.T.);
#4183=ORIENTED_EDGE('',*,*,#3087,.T.);
#4184=ORIENTED_EDGE('',*,*,#3083,.F.);
#4185=ORIENTED_EDGE('',*,*,#3072,.F.);
#4186=ORIENTED_EDGE('',*,*,#3088,.T.);
#4187=ORIENTED_EDGE('',*,*,#3089,.T.);
#4188=ORIENTED_EDGE('',*,*,#3086,.F.);
#4189=ORIENTED_EDGE('',*,*,#3060,.F.);
#4190=ORIENTED_EDGE('',*,*,#3090,.T.);
#4191=ORIENTED_EDGE('',*,*,#3091,.T.);
#4192=ORIENTED_EDGE('',*,*,#3069,.F.);
#4193=ORIENTED_EDGE('',*,*,#3063,.F.);
#4194=ORIENTED_EDGE('',*,*,#3092,.T.);
#4195=ORIENTED_EDGE('',*,*,#3093,.T.);
#4196=ORIENTED_EDGE('',*,*,#3090,.F.);
#4197=ORIENTED_EDGE('',*,*,#3053,.F.);
#4198=ORIENTED_EDGE('',*,*,#3066,.T.);
#4199=ORIENTED_EDGE('',*,*,#3094,.T.);
#4200=ORIENTED_EDGE('',*,*,#3092,.F.);
#4201=ORIENTED_EDGE('',*,*,#3068,.F.);
#4202=ORIENTED_EDGE('',*,*,#3070,.F.);
#4203=ORIENTED_EDGE('',*,*,#3091,.F.);
#4204=ORIENTED_EDGE('',*,*,#3093,.F.);
#4205=ORIENTED_EDGE('',*,*,#3094,.F.);
#4206=ORIENTED_EDGE('',*,*,#3065,.F.);
#4207=ORIENTED_EDGE('',*,*,#3095,.F.);
#4208=ORIENTED_EDGE('',*,*,#3021,.F.);
#4209=ORIENTED_EDGE('',*,*,#3096,.T.);
#4210=ORIENTED_EDGE('',*,*,#3097,.T.);
#4211=ORIENTED_EDGE('',*,*,#3031,.F.);
#4212=ORIENTED_EDGE('',*,*,#3022,.F.);
#4213=ORIENTED_EDGE('',*,*,#3098,.T.);
#4214=ORIENTED_EDGE('',*,*,#3099,.T.);
#4215=ORIENTED_EDGE('',*,*,#3096,.F.);
#4216=ORIENTED_EDGE('',*,*,#3024,.F.);
#4217=ORIENTED_EDGE('',*,*,#3028,.T.);
#4218=ORIENTED_EDGE('',*,*,#3100,.T.);
#4219=ORIENTED_EDGE('',*,*,#3098,.F.);
#4220=ORIENTED_EDGE('',*,*,#3030,.F.);
#4221=ORIENTED_EDGE('',*,*,#3032,.F.);
#4222=ORIENTED_EDGE('',*,*,#3097,.F.);
#4223=ORIENTED_EDGE('',*,*,#3099,.F.);
#4224=ORIENTED_EDGE('',*,*,#3100,.F.);
#4225=ORIENTED_EDGE('',*,*,#3027,.F.);
#4226=ORIENTED_EDGE('',*,*,#3101,.F.);
#4227=ORIENTED_EDGE('',*,*,#3075,.F.);
#4228=ORIENTED_EDGE('',*,*,#3102,.T.);
#4229=ORIENTED_EDGE('',*,*,#3103,.T.);
#4230=ORIENTED_EDGE('',*,*,#3088,.F.);
#4231=ORIENTED_EDGE('',*,*,#3077,.F.);
#4232=ORIENTED_EDGE('',*,*,#3104,.T.);
#4233=ORIENTED_EDGE('',*,*,#3105,.T.);
#4234=ORIENTED_EDGE('',*,*,#3102,.F.);
#4235=ORIENTED_EDGE('',*,*,#3079,.F.);
#4236=ORIENTED_EDGE('',*,*,#3085,.T.);
#4237=ORIENTED_EDGE('',*,*,#3106,.T.);
#4238=ORIENTED_EDGE('',*,*,#3104,.F.);
#4239=ORIENTED_EDGE('',*,*,#3087,.F.);
#4240=ORIENTED_EDGE('',*,*,#3089,.F.);
#4241=ORIENTED_EDGE('',*,*,#3103,.F.);
#4242=ORIENTED_EDGE('',*,*,#3105,.F.);
#4243=ORIENTED_EDGE('',*,*,#3106,.F.);
#4244=ORIENTED_EDGE('',*,*,#3084,.F.);
#4245=ORIENTED_EDGE('',*,*,#3107,.F.);
#4246=ORIENTED_EDGE('',*,*,#3041,.F.);
#4247=ORIENTED_EDGE('',*,*,#3108,.T.);
#4248=ORIENTED_EDGE('',*,*,#3109,.T.);
#4249=ORIENTED_EDGE('',*,*,#3050,.F.);
#4250=ORIENTED_EDGE('',*,*,#3044,.F.);
#4251=ORIENTED_EDGE('',*,*,#3110,.T.);
#4252=ORIENTED_EDGE('',*,*,#3111,.T.);
#4253=ORIENTED_EDGE('',*,*,#3108,.F.);
#4254=ORIENTED_EDGE('',*,*,#3034,.F.);
#4255=ORIENTED_EDGE('',*,*,#3047,.T.);
#4256=ORIENTED_EDGE('',*,*,#3112,.T.);
#4257=ORIENTED_EDGE('',*,*,#3110,.F.);
#4258=ORIENTED_EDGE('',*,*,#3049,.F.);
#4259=ORIENTED_EDGE('',*,*,#3051,.F.);
#4260=ORIENTED_EDGE('',*,*,#3109,.F.);
#4261=ORIENTED_EDGE('',*,*,#3111,.F.);
#4262=ORIENTED_EDGE('',*,*,#3112,.F.);
#4263=ORIENTED_EDGE('',*,*,#3046,.F.);
#4264=ORIENTED_EDGE('',*,*,#3113,.F.);
#4265=ORIENTED_EDGE('',*,*,#2949,.T.);
#4266=ORIENTED_EDGE('',*,*,#3114,.T.);
#4267=ORIENTED_EDGE('',*,*,#2982,.T.);
#4268=ORIENTED_EDGE('',*,*,#2892,.T.);
#4269=ORIENTED_EDGE('',*,*,#2907,.F.);
#4270=ORIENTED_EDGE('',*,*,#2991,.F.);
#4271=ORIENTED_EDGE('',*,*,#3115,.F.);
#4272=ORIENTED_EDGE('',*,*,#2944,.F.);
#4273=ORIENTED_EDGE('',*,*,#3101,.T.);
#4274=ORIENTED_EDGE('',*,*,#3116,.T.);
#4275=ORIENTED_EDGE('',*,*,#3012,.F.);
#4276=ORIENTED_EDGE('',*,*,#3116,.F.);
#4277=ORIENTED_EDGE('',*,*,#3107,.T.);
#4278=ORIENTED_EDGE('',*,*,#3117,.T.);
#4279=ORIENTED_EDGE('',*,*,#3011,.F.);
#4280=ORIENTED_EDGE('',*,*,#3117,.F.);
#4281=ORIENTED_EDGE('',*,*,#2945,.F.);
#4282=ORIENTED_EDGE('',*,*,#3115,.T.);
#4283=ORIENTED_EDGE('',*,*,#2990,.F.);
#4284=ORIENTED_EDGE('',*,*,#3118,.T.);
#4285=ORIENTED_EDGE('',*,*,#3095,.T.);
#4286=ORIENTED_EDGE('',*,*,#3119,.T.);
#4287=ORIENTED_EDGE('',*,*,#3010,.F.);
#4288=ORIENTED_EDGE('',*,*,#3119,.F.);
#4289=ORIENTED_EDGE('',*,*,#3113,.T.);
#4290=ORIENTED_EDGE('',*,*,#3120,.T.);
#4291=ORIENTED_EDGE('',*,*,#3013,.F.);
#4292=ORIENTED_EDGE('',*,*,#3120,.F.);
#4293=ORIENTED_EDGE('',*,*,#2947,.T.);
#4294=ORIENTED_EDGE('',*,*,#3121,.F.);
#4295=ORIENTED_EDGE('',*,*,#2984,.F.);
#4296=ORIENTED_EDGE('',*,*,#3122,.F.);
#4297=ORIENTED_EDGE('',*,*,#3114,.F.);
#4298=ORIENTED_EDGE('',*,*,#2948,.F.);
#4299=ORIENTED_EDGE('',*,*,#3122,.T.);
#4300=ORIENTED_EDGE('',*,*,#2983,.F.);
#4301=ORIENTED_EDGE('',*,*,#3123,.T.);
#4302=ORIENTED_EDGE('',*,*,#3124,.T.);
#4303=ORIENTED_EDGE('',*,*,#3125,.F.);
#4304=ORIENTED_EDGE('',*,*,#3126,.F.);
#4305=ORIENTED_EDGE('',*,*,#3127,.F.);
#4306=ORIENTED_EDGE('',*,*,#3126,.T.);
#4307=ORIENTED_EDGE('',*,*,#3128,.F.);
#4308=ORIENTED_EDGE('',*,*,#3129,.F.);
#4309=ORIENTED_EDGE('',*,*,#3130,.F.);
#4310=ORIENTED_EDGE('',*,*,#3129,.T.);
#4311=ORIENTED_EDGE('',*,*,#3131,.F.);
#4312=ORIENTED_EDGE('',*,*,#3132,.F.);
#4313=ORIENTED_EDGE('',*,*,#3133,.F.);
#4314=ORIENTED_EDGE('',*,*,#3132,.T.);
#4315=ORIENTED_EDGE('',*,*,#3134,.F.);
#4316=ORIENTED_EDGE('',*,*,#3135,.F.);
#4317=ORIENTED_EDGE('',*,*,#2987,.F.);
#4318=ORIENTED_EDGE('',*,*,#3136,.T.);
#4319=ORIENTED_EDGE('',*,*,#3135,.T.);
#4320=ORIENTED_EDGE('',*,*,#3137,.F.);
#4321=ORIENTED_EDGE('',*,*,#2986,.F.);
#4322=ORIENTED_EDGE('',*,*,#3138,.T.);
#4323=ORIENTED_EDGE('',*,*,#3123,.F.);
#4324=ORIENTED_EDGE('',*,*,#3127,.T.);
#4325=ORIENTED_EDGE('',*,*,#3130,.T.);
#4326=ORIENTED_EDGE('',*,*,#3133,.T.);
#4327=ORIENTED_EDGE('',*,*,#3136,.F.);
#4328=ORIENTED_EDGE('',*,*,#2988,.F.);
#4329=ORIENTED_EDGE('',*,*,#3137,.T.);
#4330=ORIENTED_EDGE('',*,*,#3134,.T.);
#4331=ORIENTED_EDGE('',*,*,#3131,.T.);
#4332=ORIENTED_EDGE('',*,*,#3128,.T.);
#4333=ORIENTED_EDGE('',*,*,#3125,.T.);
#4334=ORIENTED_EDGE('',*,*,#3139,.T.);
#4335=ORIENTED_EDGE('',*,*,#2965,.F.);
#4336=ORIENTED_EDGE('',*,*,#3140,.T.);
#4337=ORIENTED_EDGE('',*,*,#3141,.T.);
#4338=ORIENTED_EDGE('',*,*,#3140,.F.);
#4339=ORIENTED_EDGE('',*,*,#2964,.F.);
#4340=ORIENTED_EDGE('',*,*,#3142,.T.);
#4341=ORIENTED_EDGE('',*,*,#3143,.T.);
#4342=ORIENTED_EDGE('',*,*,#3142,.F.);
#4343=ORIENTED_EDGE('',*,*,#3144,.F.);
#4344=ORIENTED_EDGE('',*,*,#3145,.F.);
#4345=ORIENTED_EDGE('',*,*,#3146,.F.);
#4346=ORIENTED_EDGE('',*,*,#3147,.F.);
#4347=ORIENTED_EDGE('',*,*,#3148,.F.);
#4348=ORIENTED_EDGE('',*,*,#3149,.F.);
#4349=ORIENTED_EDGE('',*,*,#3143,.F.);
#4350=ORIENTED_EDGE('',*,*,#3150,.F.);
#4351=ORIENTED_EDGE('',*,*,#3151,.T.);
#4352=ORIENTED_EDGE('',*,*,#3148,.T.);
#4353=ORIENTED_EDGE('',*,*,#3152,.F.);
#4354=ORIENTED_EDGE('',*,*,#3153,.F.);
#4355=ORIENTED_EDGE('',*,*,#3152,.T.);
#4356=ORIENTED_EDGE('',*,*,#3147,.T.);
#4357=ORIENTED_EDGE('',*,*,#3154,.F.);
#4358=ORIENTED_EDGE('',*,*,#3155,.F.);
#4359=ORIENTED_EDGE('',*,*,#3154,.T.);
#4360=ORIENTED_EDGE('',*,*,#3146,.T.);
#4361=ORIENTED_EDGE('',*,*,#3156,.F.);
#4362=ORIENTED_EDGE('',*,*,#3157,.F.);
#4363=ORIENTED_EDGE('',*,*,#3158,.F.);
#4364=ORIENTED_EDGE('',*,*,#3159,.F.);
#4365=ORIENTED_EDGE('',*,*,#3160,.F.);
#4366=ORIENTED_EDGE('',*,*,#3161,.F.);
#4367=ORIENTED_EDGE('',*,*,#3162,.F.);
#4368=ORIENTED_EDGE('',*,*,#3141,.F.);
#4369=ORIENTED_EDGE('',*,*,#3163,.F.);
#4370=ORIENTED_EDGE('',*,*,#3164,.T.);
#4371=ORIENTED_EDGE('',*,*,#3161,.T.);
#4372=ORIENTED_EDGE('',*,*,#3165,.F.);
#4373=ORIENTED_EDGE('',*,*,#3166,.F.);
#4374=ORIENTED_EDGE('',*,*,#3165,.T.);
#4375=ORIENTED_EDGE('',*,*,#3160,.T.);
#4376=ORIENTED_EDGE('',*,*,#3167,.F.);
#4377=ORIENTED_EDGE('',*,*,#3168,.F.);
#4378=ORIENTED_EDGE('',*,*,#3167,.T.);
#4379=ORIENTED_EDGE('',*,*,#3159,.T.);
#4380=ORIENTED_EDGE('',*,*,#3169,.F.);
#4381=ORIENTED_EDGE('',*,*,#3170,.F.);
#4382=ORIENTED_EDGE('',*,*,#3169,.T.);
#4383=ORIENTED_EDGE('',*,*,#3158,.T.);
#4384=ORIENTED_EDGE('',*,*,#3171,.F.);
#4385=ORIENTED_EDGE('',*,*,#3172,.F.);
#4386=ORIENTED_EDGE('',*,*,#3171,.T.);
#4387=ORIENTED_EDGE('',*,*,#3157,.T.);
#4388=ORIENTED_EDGE('',*,*,#3173,.F.);
#4389=ORIENTED_EDGE('',*,*,#3174,.F.);
#4390=ORIENTED_EDGE('',*,*,#3173,.T.);
#4391=ORIENTED_EDGE('',*,*,#3162,.T.);
#4392=ORIENTED_EDGE('',*,*,#3164,.F.);
#4393=ORIENTED_EDGE('',*,*,#3166,.T.);
#4394=ORIENTED_EDGE('',*,*,#3175,.F.);
#4395=ORIENTED_EDGE('',*,*,#3002,.T.);
#4396=ORIENTED_EDGE('',*,*,#3176,.T.);
#4397=ORIENTED_EDGE('',*,*,#2999,.T.);
#4398=ORIENTED_EDGE('',*,*,#3177,.F.);
#4399=ORIENTED_EDGE('',*,*,#3172,.T.);
#4400=ORIENTED_EDGE('',*,*,#3178,.F.);
#4401=ORIENTED_EDGE('',*,*,#3168,.T.);
#4402=ORIENTED_EDGE('',*,*,#3179,.F.);
#4403=ORIENTED_EDGE('',*,*,#3003,.T.);
#4404=ORIENTED_EDGE('',*,*,#3175,.T.);
#4405=ORIENTED_EDGE('',*,*,#2998,.T.);
#4406=ORIENTED_EDGE('',*,*,#3179,.T.);
#4407=ORIENTED_EDGE('',*,*,#3170,.T.);
#4408=ORIENTED_EDGE('',*,*,#3177,.T.);
#4409=ORIENTED_EDGE('',*,*,#3000,.T.);
#4410=ORIENTED_EDGE('',*,*,#3178,.T.);
#4411=ORIENTED_EDGE('',*,*,#3174,.T.);
#4412=ORIENTED_EDGE('',*,*,#3180,.F.);
#4413=ORIENTED_EDGE('',*,*,#3001,.T.);
#4414=ORIENTED_EDGE('',*,*,#3180,.T.);
#4415=ORIENTED_EDGE('',*,*,#3163,.T.);
#4416=ORIENTED_EDGE('',*,*,#3176,.F.);
#4417=ORIENTED_EDGE('',*,*,#3181,.F.);
#4418=ORIENTED_EDGE('',*,*,#3156,.T.);
#4419=ORIENTED_EDGE('',*,*,#3145,.T.);
#4420=ORIENTED_EDGE('',*,*,#3182,.F.);
#4421=ORIENTED_EDGE('',*,*,#3183,.F.);
#4422=ORIENTED_EDGE('',*,*,#3182,.T.);
#4423=ORIENTED_EDGE('',*,*,#3144,.T.);
#4424=ORIENTED_EDGE('',*,*,#3184,.F.);
#4425=ORIENTED_EDGE('',*,*,#3185,.F.);
#4426=ORIENTED_EDGE('',*,*,#3184,.T.);
#4427=ORIENTED_EDGE('',*,*,#3149,.T.);
#4428=ORIENTED_EDGE('',*,*,#3151,.F.);
#4429=ORIENTED_EDGE('',*,*,#3153,.T.);
#4430=ORIENTED_EDGE('',*,*,#3186,.F.);
#4431=ORIENTED_EDGE('',*,*,#3008,.T.);
#4432=ORIENTED_EDGE('',*,*,#3187,.T.);
#4433=ORIENTED_EDGE('',*,*,#3005,.T.);
#4434=ORIENTED_EDGE('',*,*,#3188,.F.);
#4435=ORIENTED_EDGE('',*,*,#3183,.T.);
#4436=ORIENTED_EDGE('',*,*,#3189,.F.);
#4437=ORIENTED_EDGE('',*,*,#3155,.T.);
#4438=ORIENTED_EDGE('',*,*,#3190,.F.);
#4439=ORIENTED_EDGE('',*,*,#3009,.T.);
#4440=ORIENTED_EDGE('',*,*,#3186,.T.);
#4441=ORIENTED_EDGE('',*,*,#3004,.T.);
#4442=ORIENTED_EDGE('',*,*,#3190,.T.);
#4443=ORIENTED_EDGE('',*,*,#3181,.T.);
#4444=ORIENTED_EDGE('',*,*,#3188,.T.);
#4445=ORIENTED_EDGE('',*,*,#3006,.T.);
#4446=ORIENTED_EDGE('',*,*,#3189,.T.);
#4447=ORIENTED_EDGE('',*,*,#3185,.T.);
#4448=ORIENTED_EDGE('',*,*,#3191,.F.);
#4449=ORIENTED_EDGE('',*,*,#3007,.T.);
#4450=ORIENTED_EDGE('',*,*,#3191,.T.);
#4451=ORIENTED_EDGE('',*,*,#3150,.T.);
#4452=ORIENTED_EDGE('',*,*,#3187,.F.);
#4453=ORIENTED_EDGE('',*,*,#3192,.T.);
#4454=ORIENTED_EDGE('',*,*,#3193,.T.);
#4455=ORIENTED_EDGE('',*,*,#2963,.F.);
#4456=ORIENTED_EDGE('',*,*,#3193,.F.);
#4457=ORIENTED_EDGE('',*,*,#3194,.F.);
#4458=ORIENTED_EDGE('',*,*,#3195,.F.);
#4459=ORIENTED_EDGE('',*,*,#3196,.F.);
#4460=ORIENTED_EDGE('',*,*,#3197,.F.);
#4461=ORIENTED_EDGE('',*,*,#3198,.F.);
#4462=ORIENTED_EDGE('',*,*,#3199,.F.);
#4463=ORIENTED_EDGE('',*,*,#3192,.F.);
#4464=ORIENTED_EDGE('',*,*,#3200,.F.);
#4465=ORIENTED_EDGE('',*,*,#3201,.T.);
#4466=ORIENTED_EDGE('',*,*,#3198,.T.);
#4467=ORIENTED_EDGE('',*,*,#3202,.F.);
#4468=ORIENTED_EDGE('',*,*,#3203,.F.);
#4469=ORIENTED_EDGE('',*,*,#3202,.T.);
#4470=ORIENTED_EDGE('',*,*,#3197,.T.);
#4471=ORIENTED_EDGE('',*,*,#3204,.F.);
#4472=ORIENTED_EDGE('',*,*,#3205,.F.);
#4473=ORIENTED_EDGE('',*,*,#3204,.T.);
#4474=ORIENTED_EDGE('',*,*,#3196,.T.);
#4475=ORIENTED_EDGE('',*,*,#3206,.F.);
#4476=ORIENTED_EDGE('',*,*,#3207,.F.);
#4477=ORIENTED_EDGE('',*,*,#3206,.T.);
#4478=ORIENTED_EDGE('',*,*,#3195,.T.);
#4479=ORIENTED_EDGE('',*,*,#3208,.F.);
#4480=ORIENTED_EDGE('',*,*,#3209,.F.);
#4481=ORIENTED_EDGE('',*,*,#3208,.T.);
#4482=ORIENTED_EDGE('',*,*,#3194,.T.);
#4483=ORIENTED_EDGE('',*,*,#3210,.F.);
#4484=ORIENTED_EDGE('',*,*,#3211,.F.);
#4485=ORIENTED_EDGE('',*,*,#3210,.T.);
#4486=ORIENTED_EDGE('',*,*,#3199,.T.);
#4487=ORIENTED_EDGE('',*,*,#3201,.F.);
#4488=ORIENTED_EDGE('',*,*,#3203,.T.);
#4489=ORIENTED_EDGE('',*,*,#3212,.F.);
#4490=ORIENTED_EDGE('',*,*,#2996,.T.);
#4491=ORIENTED_EDGE('',*,*,#3213,.T.);
#4492=ORIENTED_EDGE('',*,*,#2993,.T.);
#4493=ORIENTED_EDGE('',*,*,#3214,.F.);
#4494=ORIENTED_EDGE('',*,*,#3209,.T.);
#4495=ORIENTED_EDGE('',*,*,#3215,.F.);
#4496=ORIENTED_EDGE('',*,*,#3205,.T.);
#4497=ORIENTED_EDGE('',*,*,#3216,.F.);
#4498=ORIENTED_EDGE('',*,*,#2997,.T.);
#4499=ORIENTED_EDGE('',*,*,#3212,.T.);
#4500=ORIENTED_EDGE('',*,*,#2992,.T.);
#4501=ORIENTED_EDGE('',*,*,#3216,.T.);
#4502=ORIENTED_EDGE('',*,*,#3207,.T.);
#4503=ORIENTED_EDGE('',*,*,#3214,.T.);
#4504=ORIENTED_EDGE('',*,*,#2994,.T.);
#4505=ORIENTED_EDGE('',*,*,#3215,.T.);
#4506=ORIENTED_EDGE('',*,*,#3211,.T.);
#4507=ORIENTED_EDGE('',*,*,#3217,.F.);
#4508=ORIENTED_EDGE('',*,*,#2995,.T.);
#4509=ORIENTED_EDGE('',*,*,#3217,.T.);
#4510=ORIENTED_EDGE('',*,*,#3200,.T.);
#4511=ORIENTED_EDGE('',*,*,#3213,.F.);
#4512=ORIENTED_EDGE('',*,*,#2985,.F.);
#4513=ORIENTED_EDGE('',*,*,#3121,.T.);
#4514=ORIENTED_EDGE('',*,*,#2946,.F.);
#4515=ORIENTED_EDGE('',*,*,#3118,.F.);
#4516=ORIENTED_EDGE('',*,*,#2989,.F.);
#4517=ORIENTED_EDGE('',*,*,#3139,.F.);
#4518=ORIENTED_EDGE('',*,*,#3124,.F.);
#4519=ORIENTED_EDGE('',*,*,#3138,.F.);
#4520=CYLINDRICAL_SURFACE('',#4930,2.65);
#4521=CYLINDRICAL_SURFACE('',#4935,2.65);
#4522=CYLINDRICAL_SURFACE('',#4940,3.);
#4523=CYLINDRICAL_SURFACE('',#4947,3.);
#4524=CYLINDRICAL_SURFACE('',#4953,1.);
#4525=CYLINDRICAL_SURFACE('',#4954,2.5);
#4526=CYLINDRICAL_SURFACE('',#4979,3.);
#4527=CYLINDRICAL_SURFACE('',#4982,3.);
#4528=CYLINDRICAL_SURFACE('',#4988,1.);
#4529=CYLINDRICAL_SURFACE('',#4997,2.5);
#4530=CYLINDRICAL_SURFACE('',#5005,1.2295);
#4531=CYLINDRICAL_SURFACE('',#5011,1.2295);
#4532=CYLINDRICAL_SURFACE('',#5012,2.635);
#4533=CYLINDRICAL_SURFACE('',#5015,2.635);
#4534=CYLINDRICAL_SURFACE('',#5018,1.2295);
#4535=CYLINDRICAL_SURFACE('',#5019,1.2295);
#4536=CYLINDRICAL_SURFACE('',#5020,10.);
#4537=CYLINDRICAL_SURFACE('',#5021,10.);
#4538=CYLINDRICAL_SURFACE('',#5022,2.53);
#4539=CYLINDRICAL_SURFACE('',#5023,2.53);
#4540=CYLINDRICAL_SURFACE('',#5024,3.6);
#4541=CYLINDRICAL_SURFACE('',#5025,12.);
#4542=CYLINDRICAL_SURFACE('',#5034,2.45);
#4543=CYLINDRICAL_SURFACE('',#5038,3.52);
#4544=CYLINDRICAL_SURFACE('',#5042,3.52);
#4545=CYLINDRICAL_SURFACE('',#5096,2.4);
#4546=CYLINDRICAL_SURFACE('',#5106,2.6);
#4547=CYLINDRICAL_SURFACE('',#5114,4.);
#4548=CYLINDRICAL_SURFACE('',#5116,4.27);
#4549=CYLINDRICAL_SURFACE('',#5121,7.8);
#4550=CYLINDRICAL_SURFACE('',#5124,8.);
#4551=CYLINDRICAL_SURFACE('',#5130,4.27);
#4552=CYLINDRICAL_SURFACE('',#5135,7.8);
#4553=CYLINDRICAL_SURFACE('',#5138,8.);
#4554=CYLINDRICAL_SURFACE('',#5144,2.48);
#4555=CYLINDRICAL_SURFACE('',#5148,12.04);
#4556=CYLINDRICAL_SURFACE('',#5158,2.067);
#4557=CYLINDRICAL_SURFACE('',#5209,5.);
#4558=CYLINDRICAL_SURFACE('',#5213,3.);
#4559=CYLINDRICAL_SURFACE('',#5218,3.);
#4560=CYLINDRICAL_SURFACE('',#5226,2.785);
#4561=CYLINDRICAL_SURFACE('',#5229,1.7);
#4562=CYLINDRICAL_SURFACE('',#5231,2.785);
#4563=CYLINDRICAL_SURFACE('',#5234,5.);
#4564=CYLINDRICAL_SURFACE('',#5254,5.);
#4565=CYLINDRICAL_SURFACE('',#5256,1.7);
#4566=CYLINDRICAL_SURFACE('',#5320,1.75);
#4567=CYLINDRICAL_SURFACE('',#5321,1.75);
#4568=CYLINDRICAL_SURFACE('',#5323,1.75);
#4569=CYLINDRICAL_SURFACE('',#5324,1.75);
#4570=CYLINDRICAL_SURFACE('',#5334,1.7);
#4571=CYLINDRICAL_SURFACE('',#5336,1.7);
#4572=CYLINDRICAL_SURFACE('',#5364,1.7);
#4573=ADVANCED_FACE('',(#441),#4520,.T.);
#4574=ADVANCED_FACE('',(#442,#180),#248,.T.);
#4575=ADVANCED_FACE('',(#443),#4521,.T.);
#4576=ADVANCED_FACE('',(#444,#181),#249,.T.);
#4577=ADVANCED_FACE('',(#445),#4522,.T.);
#4578=ADVANCED_FACE('',(#446),#250,.F.);
#4579=ADVANCED_FACE('',(#447),#251,.F.);
#4580=ADVANCED_FACE('',(#448),#4523,.T.);
#4581=ADVANCED_FACE('',(#449),#252,.T.);
#4582=ADVANCED_FACE('',(#450),#253,.T.);
#4583=ADVANCED_FACE('',(#451),#4524,.F.);
#4584=ADVANCED_FACE('',(#452),#4525,.T.);
#4585=ADVANCED_FACE('',(#453,#182,#183,#184,#185,#186,#187,#188),#254,.T.);
#4586=ADVANCED_FACE('',(#454),#255,.T.);
#4587=ADVANCED_FACE('',(#455),#256,.T.);
#4588=ADVANCED_FACE('',(#456),#257,.T.);
#4589=ADVANCED_FACE('',(#457),#258,.F.);
#4590=ADVANCED_FACE('',(#458),#259,.F.);
#4591=ADVANCED_FACE('',(#459),#260,.F.);
#4592=ADVANCED_FACE('',(#460),#261,.F.);
#4593=ADVANCED_FACE('',(#461),#262,.F.);
#4594=ADVANCED_FACE('',(#462),#263,.T.);
#4595=ADVANCED_FACE('',(#463),#264,.T.);
#4596=ADVANCED_FACE('',(#464),#4526,.T.);
#4597=ADVANCED_FACE('',(#465),#265,.T.);
#4598=ADVANCED_FACE('',(#466),#4527,.T.);
#4599=ADVANCED_FACE('',(#467),#266,.T.);
#4600=ADVANCED_FACE('',(#468),#267,.T.);
#4601=ADVANCED_FACE('',(#469),#4528,.F.);
#4602=ADVANCED_FACE('',(#470,#189,#190,#191,#192,#193),#268,.F.);
#4603=ADVANCED_FACE('',(#471),#4529,.T.);
#4604=ADVANCED_FACE('',(#472),#269,.T.);
#4605=ADVANCED_FACE('',(#473),#149,.F.);
#4606=ADVANCED_FACE('',(#474),#150,.F.);
#4607=ADVANCED_FACE('',(#475),#4530,.F.);
#4608=ADVANCED_FACE('',(#476),#151,.F.);
#4609=ADVANCED_FACE('',(#477),#152,.F.);
#4610=ADVANCED_FACE('',(#478),#4531,.F.);
#4611=ADVANCED_FACE('',(#479),#4532,.T.);
#4612=ADVANCED_FACE('',(#480,#194),#270,.T.);
#4613=ADVANCED_FACE('',(#481),#4533,.T.);
#4614=ADVANCED_FACE('',(#482,#195),#271,.T.);
#4615=ADVANCED_FACE('',(#483),#4534,.F.);
#4616=ADVANCED_FACE('',(#484),#4535,.F.);
#4617=ADVANCED_FACE('',(#485),#4536,.T.);
#4618=ADVANCED_FACE('',(#486),#4537,.T.);
#4619=ADVANCED_FACE('',(#487),#4538,.F.);
#4620=ADVANCED_FACE('',(#488),#4539,.F.);
#4621=ADVANCED_FACE('',(#489),#4540,.F.);
#4622=ADVANCED_FACE('',(#490),#4541,.T.);
#4623=ADVANCED_FACE('',(#491),#272,.T.);
#4624=ADVANCED_FACE('',(#492),#273,.T.);
#4625=ADVANCED_FACE('',(#493),#274,.T.);
#4626=ADVANCED_FACE('',(#494),#153,.F.);
#4627=ADVANCED_FACE('',(#495),#4542,.F.);
#4628=ADVANCED_FACE('',(#496,#196),#275,.T.);
#4629=ADVANCED_FACE('',(#497),#4543,.T.);
#4630=ADVANCED_FACE('',(#498,#197),#276,.T.);
#4631=ADVANCED_FACE('',(#499),#4544,.T.);
#4632=ADVANCED_FACE('',(#500),#277,.T.);
#4633=ADVANCED_FACE('',(#501),#278,.T.);
#4634=ADVANCED_FACE('',(#502),#279,.T.);
#4635=ADVANCED_FACE('',(#503),#280,.T.);
#4636=ADVANCED_FACE('',(#504),#281,.T.);
#4637=ADVANCED_FACE('',(#505),#282,.T.);
#4638=ADVANCED_FACE('',(#506,#198),#283,.T.);
#4639=ADVANCED_FACE('',(#507,#199),#284,.F.);
#4640=ADVANCED_FACE('',(#508),#285,.T.);
#4641=ADVANCED_FACE('',(#509),#286,.T.);
#4642=ADVANCED_FACE('',(#510),#287,.T.);
#4643=ADVANCED_FACE('',(#511),#288,.T.);
#4644=ADVANCED_FACE('',(#512),#289,.T.);
#4645=ADVANCED_FACE('',(#513),#290,.T.);
#4646=ADVANCED_FACE('',(#514),#291,.F.);
#4647=ADVANCED_FACE('',(#515),#292,.F.);
#4648=ADVANCED_FACE('',(#516),#293,.F.);
#4649=ADVANCED_FACE('',(#517),#294,.F.);
#4650=ADVANCED_FACE('',(#518),#154,.T.);
#4651=ADVANCED_FACE('',(#519),#155,.T.);
#4652=ADVANCED_FACE('',(#520),#156,.T.);
#4653=ADVANCED_FACE('',(#521),#157,.T.);
#4654=ADVANCED_FACE('',(#522),#158,.T.);
#4655=ADVANCED_FACE('',(#523),#159,.T.);
#4656=ADVANCED_FACE('',(#524),#295,.F.);
#4657=ADVANCED_FACE('',(#525),#296,.F.);
#4658=ADVANCED_FACE('',(#526),#96,.T.);
#4659=ADVANCED_FACE('',(#527),#297,.F.);
#4660=ADVANCED_FACE('',(#528),#95,.T.);
#4661=ADVANCED_FACE('',(#529,#200),#298,.T.);
#4662=ADVANCED_FACE('',(#530),#160,.T.);
#4663=ADVANCED_FACE('',(#531),#4545,.T.);
#4664=ADVANCED_FACE('',(#532),#161,.T.);
#4665=ADVANCED_FACE('',(#533),#299,.T.);
#4666=ADVANCED_FACE('',(#534),#162,.F.);
#4667=ADVANCED_FACE('',(#535),#4546,.F.);
#4668=ADVANCED_FACE('',(#536,#201),#300,.F.);
#4669=ADVANCED_FACE('',(#537),#163,.F.);
#4670=ADVANCED_FACE('',(#538,#202),#301,.T.);
#4671=ADVANCED_FACE('',(#539),#4547,.T.);
#4672=ADVANCED_FACE('',(#540),#4548,.T.);
#4673=ADVANCED_FACE('',(#541,#203),#302,.F.);
#4674=ADVANCED_FACE('',(#542),#4549,.T.);
#4675=ADVANCED_FACE('',(#543),#4550,.F.);
#4676=ADVANCED_FACE('',(#544,#204),#303,.F.);
#4677=ADVANCED_FACE('',(#545,#205),#304,.F.);
#4678=ADVANCED_FACE('',(#546),#4551,.T.);
#4679=ADVANCED_FACE('',(#547,#206),#305,.T.);
#4680=ADVANCED_FACE('',(#548),#4552,.T.);
#4681=ADVANCED_FACE('',(#549),#4553,.F.);
#4682=ADVANCED_FACE('',(#550,#207),#306,.T.);
#4683=ADVANCED_FACE('',(#551,#208),#307,.T.);
#4684=ADVANCED_FACE('',(#552),#4554,.F.);
#4685=ADVANCED_FACE('',(#553),#164,.T.);
#4686=ADVANCED_FACE('',(#554),#4555,.T.);
#4687=ADVANCED_FACE('',(#555,#209),#308,.F.);
#4688=ADVANCED_FACE('',(#556),#165,.T.);
#4689=ADVANCED_FACE('',(#557,#210),#309,.T.);
#4690=ADVANCED_FACE('',(#558),#166,.F.);
#4691=ADVANCED_FACE('',(#559),#4556,.F.);
#4692=ADVANCED_FACE('',(#560,#211),#310,.F.);
#4693=ADVANCED_FACE('',(#561),#167,.F.);
#4694=ADVANCED_FACE('',(#562,#212),#311,.T.);
#4695=ADVANCED_FACE('',(#563),#168,.T.);
#4696=ADVANCED_FACE('',(#564),#169,.T.);
#4697=ADVANCED_FACE('',(#565),#170,.T.);
#4698=ADVANCED_FACE('',(#566),#171,.T.);
#4699=ADVANCED_FACE('',(#567),#172,.T.);
#4700=ADVANCED_FACE('',(#568),#173,.T.);
#4701=ADVANCED_FACE('',(#569),#174,.T.);
#4702=ADVANCED_FACE('',(#570),#175,.T.);
#4703=ADVANCED_FACE('',(#571),#176,.T.);
#4704=ADVANCED_FACE('',(#572),#177,.T.);
#4705=ADVANCED_FACE('',(#573),#178,.T.);
#4706=ADVANCED_FACE('',(#574),#179,.T.);
#4707=ADVANCED_FACE('',(#575),#312,.T.);
#4708=ADVANCED_FACE('',(#576),#313,.T.);
#4709=ADVANCED_FACE('',(#577),#314,.T.);
#4710=ADVANCED_FACE('',(#578),#315,.T.);
#4711=ADVANCED_FACE('',(#579),#316,.T.);
#4712=ADVANCED_FACE('',(#580),#317,.T.);
#4713=ADVANCED_FACE('',(#581),#4557,.T.);
#4714=ADVANCED_FACE('',(#582),#318,.T.);
#4715=ADVANCED_FACE('',(#583),#4558,.F.);
#4716=ADVANCED_FACE('',(#584,#213),#319,.T.);
#4717=ADVANCED_FACE('',(#585),#4559,.F.);
#4718=ADVANCED_FACE('',(#586,#214),#320,.T.);
#4719=ADVANCED_FACE('',(#587),#321,.T.);
#4720=ADVANCED_FACE('',(#588,#215),#322,.T.);
#4721=ADVANCED_FACE('',(#589),#323,.F.);
#4722=ADVANCED_FACE('',(#590),#4560,.F.);
#4723=ADVANCED_FACE('',(#591),#4561,.F.);
#4724=ADVANCED_FACE('',(#592),#4562,.F.);
#4725=ADVANCED_FACE('',(#593),#4563,.F.);
#4726=ADVANCED_FACE('',(#594),#324,.F.);
#4727=ADVANCED_FACE('',(#595),#325,.T.);
#4728=ADVANCED_FACE('',(#596),#326,.T.);
#4729=ADVANCED_FACE('',(#597,#216),#327,.T.);
#4730=ADVANCED_FACE('',(#598),#328,.T.);
#4731=ADVANCED_FACE('',(#599),#329,.F.);
#4732=ADVANCED_FACE('',(#600),#330,.F.);
#4733=ADVANCED_FACE('',(#601),#331,.F.);
#4734=ADVANCED_FACE('',(#602),#332,.F.);
#4735=ADVANCED_FACE('',(#603),#333,.T.);
#4736=ADVANCED_FACE('',(#604),#334,.T.);
#4737=ADVANCED_FACE('',(#605,#217,#218,#219,#220,#221,#222,#223,#224,#225,
#226,#227,#228),#335,.T.);
#4738=ADVANCED_FACE('',(#606),#4564,.F.);
#4739=ADVANCED_FACE('',(#607),#4565,.F.);
#4740=ADVANCED_FACE('',(#608,#229,#230,#231,#232,#233,#234,#235,#236,#237,
#238,#239,#240),#336,.F.);
#4741=ADVANCED_FACE('',(#609),#337,.T.);
#4742=ADVANCED_FACE('',(#610),#338,.T.);
#4743=ADVANCED_FACE('',(#611),#339,.T.);
#4744=ADVANCED_FACE('',(#612),#340,.T.);
#4745=ADVANCED_FACE('',(#613),#341,.T.);
#4746=ADVANCED_FACE('',(#614),#342,.T.);
#4747=ADVANCED_FACE('',(#615),#343,.F.);
#4748=ADVANCED_FACE('',(#616),#344,.F.);
#4749=ADVANCED_FACE('',(#617),#345,.F.);
#4750=ADVANCED_FACE('',(#618),#346,.T.);
#4751=ADVANCED_FACE('',(#619),#347,.T.);
#4752=ADVANCED_FACE('',(#620),#348,.T.);
#4753=ADVANCED_FACE('',(#621),#349,.T.);
#4754=ADVANCED_FACE('',(#622),#350,.T.);
#4755=ADVANCED_FACE('',(#623),#351,.T.);
#4756=ADVANCED_FACE('',(#624),#352,.F.);
#4757=ADVANCED_FACE('',(#625),#353,.F.);
#4758=ADVANCED_FACE('',(#626),#354,.F.);
#4759=ADVANCED_FACE('',(#627),#355,.T.);
#4760=ADVANCED_FACE('',(#628),#356,.T.);
#4761=ADVANCED_FACE('',(#629),#357,.T.);
#4762=ADVANCED_FACE('',(#630),#358,.T.);
#4763=ADVANCED_FACE('',(#631),#359,.T.);
#4764=ADVANCED_FACE('',(#632),#360,.T.);
#4765=ADVANCED_FACE('',(#633),#361,.F.);
#4766=ADVANCED_FACE('',(#634),#362,.F.);
#4767=ADVANCED_FACE('',(#635),#363,.F.);
#4768=ADVANCED_FACE('',(#636),#364,.T.);
#4769=ADVANCED_FACE('',(#637),#365,.T.);
#4770=ADVANCED_FACE('',(#638),#366,.T.);
#4771=ADVANCED_FACE('',(#639),#367,.T.);
#4772=ADVANCED_FACE('',(#640),#368,.T.);
#4773=ADVANCED_FACE('',(#641),#369,.T.);
#4774=ADVANCED_FACE('',(#642),#370,.F.);
#4775=ADVANCED_FACE('',(#643),#371,.F.);
#4776=ADVANCED_FACE('',(#644),#372,.F.);
#4777=ADVANCED_FACE('',(#645),#373,.F.);
#4778=ADVANCED_FACE('',(#646),#374,.F.);
#4779=ADVANCED_FACE('',(#647),#375,.F.);
#4780=ADVANCED_FACE('',(#648,#241),#376,.T.);
#4781=ADVANCED_FACE('',(#649),#377,.F.);
#4782=ADVANCED_FACE('',(#650),#378,.F.);
#4783=ADVANCED_FACE('',(#651),#379,.F.);
#4784=ADVANCED_FACE('',(#652,#242),#380,.T.);
#4785=ADVANCED_FACE('',(#653),#381,.F.);
#4786=ADVANCED_FACE('',(#654),#382,.F.);
#4787=ADVANCED_FACE('',(#655),#383,.F.);
#4788=ADVANCED_FACE('',(#656,#243),#384,.T.);
#4789=ADVANCED_FACE('',(#657),#385,.F.);
#4790=ADVANCED_FACE('',(#658),#386,.F.);
#4791=ADVANCED_FACE('',(#659),#387,.F.);
#4792=ADVANCED_FACE('',(#660,#244),#388,.T.);
#4793=ADVANCED_FACE('',(#661),#389,.T.);
#4794=ADVANCED_FACE('',(#662),#390,.F.);
#4795=ADVANCED_FACE('',(#663),#4566,.F.);
#4796=ADVANCED_FACE('',(#664),#4567,.F.);
#4797=ADVANCED_FACE('',(#665),#391,.F.);
#4798=ADVANCED_FACE('',(#666),#4568,.F.);
#4799=ADVANCED_FACE('',(#667),#4569,.F.);
#4800=ADVANCED_FACE('',(#668),#392,.T.);
#4801=ADVANCED_FACE('',(#669),#393,.T.);
#4802=ADVANCED_FACE('',(#670),#394,.T.);
#4803=ADVANCED_FACE('',(#671),#395,.T.);
#4804=ADVANCED_FACE('',(#672),#396,.T.);
#4805=ADVANCED_FACE('',(#673),#397,.T.);
#4806=ADVANCED_FACE('',(#674),#398,.T.);
#4807=ADVANCED_FACE('',(#675),#399,.T.);
#4808=ADVANCED_FACE('',(#676),#400,.T.);
#4809=ADVANCED_FACE('',(#677),#4570,.F.);
#4810=ADVANCED_FACE('',(#678),#4571,.F.);
#4811=ADVANCED_FACE('',(#679,#245),#401,.T.);
#4812=ADVANCED_FACE('',(#680),#402,.F.);
#4813=ADVANCED_FACE('',(#681),#403,.F.);
#4814=ADVANCED_FACE('',(#682),#404,.F.);
#4815=ADVANCED_FACE('',(#683,#246),#405,.T.);
#4816=ADVANCED_FACE('',(#684),#406,.F.);
#4817=ADVANCED_FACE('',(#685),#407,.F.);
#4818=ADVANCED_FACE('',(#686),#408,.F.);
#4819=ADVANCED_FACE('',(#687),#409,.F.);
#4820=ADVANCED_FACE('',(#688),#410,.F.);
#4821=ADVANCED_FACE('',(#689),#411,.F.);
#4822=ADVANCED_FACE('',(#690),#412,.T.);
#4823=ADVANCED_FACE('',(#691),#413,.T.);
#4824=ADVANCED_FACE('',(#692),#414,.T.);
#4825=ADVANCED_FACE('',(#693),#415,.T.);
#4826=ADVANCED_FACE('',(#694),#416,.T.);
#4827=ADVANCED_FACE('',(#695),#417,.T.);
#4828=ADVANCED_FACE('',(#696),#418,.F.);
#4829=ADVANCED_FACE('',(#697),#419,.F.);
#4830=ADVANCED_FACE('',(#698),#420,.F.);
#4831=ADVANCED_FACE('',(#699),#421,.T.);
#4832=ADVANCED_FACE('',(#700),#422,.T.);
#4833=ADVANCED_FACE('',(#701),#423,.T.);
#4834=ADVANCED_FACE('',(#702),#424,.T.);
#4835=ADVANCED_FACE('',(#703),#425,.T.);
#4836=ADVANCED_FACE('',(#704),#426,.T.);
#4837=ADVANCED_FACE('',(#705),#4572,.F.);
#4838=ADVANCED_FACE('',(#706,#247),#427,.T.);
#4839=ADVANCED_FACE('',(#707),#428,.F.);
#4840=ADVANCED_FACE('',(#708),#429,.F.);
#4841=ADVANCED_FACE('',(#709),#430,.F.);
#4842=ADVANCED_FACE('',(#710),#431,.F.);
#4843=ADVANCED_FACE('',(#711),#432,.F.);
#4844=ADVANCED_FACE('',(#712),#433,.F.);
#4845=ADVANCED_FACE('',(#713),#434,.T.);
#4846=ADVANCED_FACE('',(#714),#435,.T.);
#4847=ADVANCED_FACE('',(#715),#436,.T.);
#4848=ADVANCED_FACE('',(#716),#437,.T.);
#4849=ADVANCED_FACE('',(#717),#438,.T.);
#4850=ADVANCED_FACE('',(#718),#439,.T.);
#4851=ADVANCED_FACE('',(#719),#440,.T.);
#4852=CLOSED_SHELL('',(#4573,#4574,#4575,#4576,#4577,#4578,#4579,#4580,
#4581,#4582,#4583,#4584,#4585,#4586,#4587,#4588,#4589,#4590,#4591,#4592,
#4593,#4594,#4595,#4596,#4597,#4598,#4599,#4600,#4601,#4602,#4603,#4604,
#4605,#4606,#4607,#4608,#4609,#4610,#4611,#4612,#4613,#4614,#4615,#4616,
#4617,#4618,#4619,#4620,#4621,#4622,#4623,#4624,#4625));
#4853=CLOSED_SHELL('',(#4626,#4627,#4628,#4629,#4630,#4631,#4632,#4633,
#4634,#4635,#4636,#4637,#4638,#4639));
#4854=CLOSED_SHELL('',(#4640,#4641,#4642,#4643,#4644,#4645,#4646,#4647,
#4648,#4649,#4650,#4651,#4652,#4653,#4654,#4655,#4656,#4657,#4658,#4659,
#4660,#4661,#4662,#4663,#4664,#4665));
#4855=CLOSED_SHELL('',(#4666,#4667,#4668,#4669,#4670,#4671));
#4856=CLOSED_SHELL('',(#4672,#4673,#4674,#4675,#4676,#4677,#4678,#4679,
#4680,#4681,#4682,#4683,#4684,#4685,#4686,#4687,#4688,#4689));
#4857=CLOSED_SHELL('',(#4690,#4691,#4692,#4693,#4694,#4695,#4696,#4697,
#4698,#4699,#4700,#4701,#4702,#4703,#4704,#4705,#4706,#4707,#4708,#4709,
#4710,#4711,#4712));
#4858=CLOSED_SHELL('',(#4713,#4714,#4715,#4716,#4717,#4718,#4719,#4720,
#4721,#4722,#4723,#4724,#4725,#4726,#4727,#4728,#4729,#4730,#4731,#4732,
#4733,#4734,#4735,#4736,#4737,#4738,#4739,#4740,#4741,#4742,#4743,#4744,
#4745,#4746,#4747,#4748,#4749,#4750,#4751,#4752,#4753,#4754,#4755,#4756,
#4757,#4758,#4759,#4760,#4761,#4762,#4763,#4764,#4765,#4766,#4767,#4768,
#4769,#4770,#4771,#4772,#4773,#4774,#4775,#4776,#4777,#4778,#4779,#4780,
#4781,#4782,#4783,#4784,#4785,#4786,#4787,#4788,#4789,#4790,#4791,#4792,
#4793,#4794,#4795,#4796,#4797,#4798,#4799,#4800,#4801,#4802,#4803,#4804,
#4805,#4806,#4807,#4808,#4809,#4810,#4811,#4812,#4813,#4814,#4815,#4816,
#4817,#4818,#4819,#4820,#4821,#4822,#4823,#4824,#4825,#4826,#4827,#4828,
#4829,#4830,#4831,#4832,#4833,#4834,#4835,#4836,#4837,#4838,#4839,#4840,
#4841,#4842,#4843,#4844,#4845,#4846,#4847,#4848,#4849,#4850,#4851));
#4859=DERIVED_UNIT_ELEMENT(#4871,1.);
#4860=DERIVED_UNIT_ELEMENT(#8211,-3.);
#4861=DERIVED_UNIT_ELEMENT(#4871,1.);
#4862=DERIVED_UNIT_ELEMENT(#8211,-3.);
#4863=DERIVED_UNIT_ELEMENT(#4871,1.);
#4864=DERIVED_UNIT_ELEMENT(#8211,-3.);
#4865=DERIVED_UNIT_ELEMENT(#4871,1.);
#4866=DERIVED_UNIT_ELEMENT(#8211,-3.);
#4867=DERIVED_UNIT_ELEMENT(#4871,1.);
#4868=DERIVED_UNIT_ELEMENT(#8211,-3.);
#4869=DERIVED_UNIT_ELEMENT(#4871,1.);
#4870=DERIVED_UNIT_ELEMENT(#8211,-3.);
#4871=(
MASS_UNIT()
NAMED_UNIT(*)
SI_UNIT(.KILO.,.GRAM.)
);
#4872=DERIVED_UNIT((#4859,#4860));
#4873=DERIVED_UNIT((#4861,#4862));
#4874=DERIVED_UNIT((#4863,#4864));
#4875=DERIVED_UNIT((#4865,#4866));
#4876=DERIVED_UNIT((#4867,#4868));
#4877=DERIVED_UNIT((#4869,#4870));
#4878=MEASURE_REPRESENTATION_ITEM('density measure',
POSITIVE_RATIO_MEASURE(7850.),#4872);
#4879=MEASURE_REPRESENTATION_ITEM('density measure',
POSITIVE_RATIO_MEASURE(7850.),#4873);
#4880=MEASURE_REPRESENTATION_ITEM('density measure',
POSITIVE_RATIO_MEASURE(7850.),#4874);
#4881=MEASURE_REPRESENTATION_ITEM('density measure',
POSITIVE_RATIO_MEASURE(2700.),#4875);
#4882=MEASURE_REPRESENTATION_ITEM('density measure',
POSITIVE_RATIO_MEASURE(1000.),#4876);
#4883=MEASURE_REPRESENTATION_ITEM('density measure',
POSITIVE_RATIO_MEASURE(7850.),#4877);
#4884=PROPERTY_DEFINITION_REPRESENTATION(#4914,#4896);
#4885=PROPERTY_DEFINITION_REPRESENTATION(#4915,#4897);
#4886=PROPERTY_DEFINITION_REPRESENTATION(#4916,#4898);
#4887=PROPERTY_DEFINITION_REPRESENTATION(#4917,#4899);
#4888=PROPERTY_DEFINITION_REPRESENTATION(#4918,#4900);
#4889=PROPERTY_DEFINITION_REPRESENTATION(#4919,#4901);
#4890=PROPERTY_DEFINITION_REPRESENTATION(#4920,#4902);
#4891=PROPERTY_DEFINITION_REPRESENTATION(#4921,#4903);
#4892=PROPERTY_DEFINITION_REPRESENTATION(#4922,#4904);
#4893=PROPERTY_DEFINITION_REPRESENTATION(#4923,#4905);
#4894=PROPERTY_DEFINITION_REPRESENTATION(#4924,#4906);
#4895=PROPERTY_DEFINITION_REPRESENTATION(#4925,#4907);
#4896=REPRESENTATION('material name',(#4908),#8203);
#4897=REPRESENTATION('density',(#4878),#8203);
#4898=REPRESENTATION('material name',(#4909),#8204);
#4899=REPRESENTATION('density',(#4879),#8204);
#4900=REPRESENTATION('material name',(#4910),#8205);
#4901=REPRESENTATION('density',(#4880),#8205);
#4902=REPRESENTATION('material name',(#4911),#8206);
#4903=REPRESENTATION('density',(#4881),#8206);
#4904=REPRESENTATION('material name',(#4912),#8207);
#4905=REPRESENTATION('density',(#4882),#8207);
#4906=REPRESENTATION('material name',(#4913),#8208);
#4907=REPRESENTATION('density',(#4883),#8208);
#4908=DESCRIPTIVE_REPRESENTATION_ITEM('\X2\042104420430043B044C\X0\, \X2\043C044F0433043A0430044F\X0\',
'\X2\042104420430043B044C\X0\, \X2\043C044F0433043A0430044F\X0\');
#4909=DESCRIPTIVE_REPRESENTATION_ITEM('\X2\042104420430043B044C\X0\, \X2\043C044F0433043A0430044F\X0\',
'\X2\042104420430043B044C\X0\, \X2\043C044F0433043A0430044F\X0\');
#4910=DESCRIPTIVE_REPRESENTATION_ITEM('\X2\042104420430043B044C\X0\, \X2\043C044F0433043A0430044F\X0\',
'\X2\042104420430043B044C\X0\, \X2\043C044F0433043A0430044F\X0\');
#4911=DESCRIPTIVE_REPRESENTATION_ITEM('\X2\0410043B044E043C0438043D04380439\X0\ 
6061','\X2\0410043B044E043C0438043D04380439\X0\ 6061');
#4912=DESCRIPTIVE_REPRESENTATION_ITEM('\X2\04220438043F043E0432044B0435\X0\',
'\X2\04220438043F043E0432044B0435\X0\');
#4913=DESCRIPTIVE_REPRESENTATION_ITEM('\X2\042104420430043B044C\X0\, \X2\043C044F0433043A0430044F\X0\',
'\X2\042104420430043B044C\X0\, \X2\043C044F0433043A0430044F\X0\');
#4914=PROPERTY_DEFINITION('material property','material name',#8260);
#4915=PROPERTY_DEFINITION('material property','density of part',#8260);
#4916=PROPERTY_DEFINITION('material property','material name',#8261);
#4917=PROPERTY_DEFINITION('material property','density of part',#8261);
#4918=PROPERTY_DEFINITION('material property','material name',#8262);
#4919=PROPERTY_DEFINITION('material property','density of part',#8262);
#4920=PROPERTY_DEFINITION('material property','material name',#8263);
#4921=PROPERTY_DEFINITION('material property','density of part',#8263);
#4922=PROPERTY_DEFINITION('material property','material name',#8264);
#4923=PROPERTY_DEFINITION('material property','density of part',#8264);
#4924=PROPERTY_DEFINITION('material property','material name',#8265);
#4925=PROPERTY_DEFINITION('material property','density of part',#8265);
#4926=AXIS2_PLACEMENT_3D('',#6760,#5381,#5382);
#4927=AXIS2_PLACEMENT_3D('',#6761,#5383,#5384);
#4928=AXIS2_PLACEMENT_3D('',#6762,#5385,#5386);
#4929=AXIS2_PLACEMENT_3D('',#6763,#5387,#5388);
#4930=AXIS2_PLACEMENT_3D('',#6764,#5389,#5390);
#4931=AXIS2_PLACEMENT_3D('',#6766,#5391,#5392);
#4932=AXIS2_PLACEMENT_3D('',#6769,#5394,#5395);
#4933=AXIS2_PLACEMENT_3D('',#6770,#5396,#5397);
#4934=AXIS2_PLACEMENT_3D('',#6772,#5398,#5399);
#4935=AXIS2_PLACEMENT_3D('',#6773,#5400,#5401);
#4936=AXIS2_PLACEMENT_3D('',#6775,#5402,#5403);
#4937=AXIS2_PLACEMENT_3D('',#6778,#5405,#5406);
#4938=AXIS2_PLACEMENT_3D('',#6779,#5407,#5408);
#4939=AXIS2_PLACEMENT_3D('',#6781,#5409,#5410);
#4940=AXIS2_PLACEMENT_3D('',#6782,#5411,#5412);
#4941=AXIS2_PLACEMENT_3D('',#6785,#5413,#5414);
#4942=AXIS2_PLACEMENT_3D('',#6789,#5416,#5417);
#4943=AXIS2_PLACEMENT_3D('',#6791,#5419,#5420);
#4944=AXIS2_PLACEMENT_3D('',#6795,#5422,#5423);
#4945=AXIS2_PLACEMENT_3D('',#6799,#5426,#5427);
#4946=AXIS2_PLACEMENT_3D('',#6811,#5433,#5434);
#4947=AXIS2_PLACEMENT_3D('',#6815,#5437,#5438);
#4948=AXIS2_PLACEMENT_3D('',#6818,#5439,#5440);
#4949=AXIS2_PLACEMENT_3D('',#6821,#5443,#5444);
#4950=AXIS2_PLACEMENT_3D('',#6825,#5446,#5447);
#4951=AXIS2_PLACEMENT_3D('',#6832,#5451,#5452);
#4952=AXIS2_PLACEMENT_3D('',#6833,#5453,#5454);
#4953=AXIS2_PLACEMENT_3D('',#6844,#5461,#5462);
#4954=AXIS2_PLACEMENT_3D('',#6846,#5464,#5465);
#4955=AXIS2_PLACEMENT_3D('',#6850,#5467,#5468);
#4956=AXIS2_PLACEMENT_3D('',#6852,#5470,#5471);
#4957=AXIS2_PLACEMENT_3D('',#6856,#5473,#5474);
#4958=AXIS2_PLACEMENT_3D('',#6864,#5478,#5479);
#4959=AXIS2_PLACEMENT_3D('',#6867,#5481,#5482);
#4960=AXIS2_PLACEMENT_3D('',#6869,#5483,#5484);
#4961=AXIS2_PLACEMENT_3D('',#6871,#5485,#5486);
#4962=AXIS2_PLACEMENT_3D('',#6873,#5487,#5488);
#4963=AXIS2_PLACEMENT_3D('',#6875,#5489,#5490);
#4964=AXIS2_PLACEMENT_3D('',#6877,#5491,#5492);
#4965=AXIS2_PLACEMENT_3D('',#6879,#5493,#5494);
#4966=AXIS2_PLACEMENT_3D('',#6881,#5495,#5496);
#4967=AXIS2_PLACEMENT_3D('',#6882,#5497,#5498);
#4968=AXIS2_PLACEMENT_3D('',#6885,#5501,#5502);
#4969=AXIS2_PLACEMENT_3D('',#6887,#5504,#5505);
#4970=AXIS2_PLACEMENT_3D('',#6889,#5507,#5508);
#4971=AXIS2_PLACEMENT_3D('',#6890,#5509,#5510);
#4972=AXIS2_PLACEMENT_3D('',#6891,#5511,#5512);
#4973=AXIS2_PLACEMENT_3D('',#6900,#5517,#5518);
#4974=AXIS2_PLACEMENT_3D('',#6906,#5522,#5523);
#4975=AXIS2_PLACEMENT_3D('',#6912,#5527,#5528);
#4976=AXIS2_PLACEMENT_3D('',#6916,#5530,#5531);
#4977=AXIS2_PLACEMENT_3D('',#6924,#5535,#5536);
#4978=AXIS2_PLACEMENT_3D('',#6926,#5538,#5539);
#4979=AXIS2_PLACEMENT_3D('',#6930,#5542,#5543);
#4980=AXIS2_PLACEMENT_3D('',#6932,#5544,#5545);
#4981=AXIS2_PLACEMENT_3D('',#6934,#5547,#5548);
#4982=AXIS2_PLACEMENT_3D('',#6938,#5551,#5552);
#4983=AXIS2_PLACEMENT_3D('',#6940,#5553,#5554);
#4984=AXIS2_PLACEMENT_3D('',#6942,#5556,#5557);
#4985=AXIS2_PLACEMENT_3D('',#6948,#5561,#5562);
#4986=AXIS2_PLACEMENT_3D('',#6950,#5563,#5564);
#4987=AXIS2_PLACEMENT_3D('',#6954,#5567,#5568);
#4988=AXIS2_PLACEMENT_3D('',#6955,#5569,#5570);
#4989=AXIS2_PLACEMENT_3D('',#6957,#5571,#5572);
#4990=AXIS2_PLACEMENT_3D('',#6959,#5574,#5575);
#4991=AXIS2_PLACEMENT_3D('',#6961,#5576,#5577);
#4992=AXIS2_PLACEMENT_3D('',#6964,#5579,#5580);
#4993=AXIS2_PLACEMENT_3D('',#6971,#5584,#5585);
#4994=AXIS2_PLACEMENT_3D('',#6974,#5587,#5588);
#4995=AXIS2_PLACEMENT_3D('',#6976,#5589,#5590);
#4996=AXIS2_PLACEMENT_3D('',#6978,#5591,#5592);
#4997=AXIS2_PLACEMENT_3D('',#6979,#5593,#5594);
#4998=AXIS2_PLACEMENT_3D('',#6980,#5595,#5596);
#4999=AXIS2_PLACEMENT_3D('',#6981,#5597,#5598);
#5000=AXIS2_PLACEMENT_3D('',#6982,#5599,#5600);
#5001=AXIS2_PLACEMENT_3D('',#6986,#5602,#5603);
#5002=AXIS2_PLACEMENT_3D('',#6987,#5604,#5605);
#5003=AXIS2_PLACEMENT_3D('',#6989,#5606,#5607);
#5004=AXIS2_PLACEMENT_3D('',#6992,#5609,#5610);
#5005=AXIS2_PLACEMENT_3D('',#6993,#5611,#5612);
#5006=AXIS2_PLACEMENT_3D('',#6995,#5614,#5615);
#5007=AXIS2_PLACEMENT_3D('',#6999,#5617,#5618);
#5008=AXIS2_PLACEMENT_3D('',#7000,#5619,#5620);
#5009=AXIS2_PLACEMENT_3D('',#7002,#5621,#5622);
#5010=AXIS2_PLACEMENT_3D('',#7005,#5624,#5625);
#5011=AXIS2_PLACEMENT_3D('',#7006,#5626,#5627);
#5012=AXIS2_PLACEMENT_3D('',#7008,#5629,#5630);
#5013=AXIS2_PLACEMENT_3D('',#7010,#5631,#5632);
#5014=AXIS2_PLACEMENT_3D('',#7012,#5634,#5635);
#5015=AXIS2_PLACEMENT_3D('',#7013,#5636,#5637);
#5016=AXIS2_PLACEMENT_3D('',#7015,#5638,#5639);
#5017=AXIS2_PLACEMENT_3D('',#7017,#5641,#5642);
#5018=AXIS2_PLACEMENT_3D('',#7018,#5643,#5644);
#5019=AXIS2_PLACEMENT_3D('',#7020,#5646,#5647);
#5020=AXIS2_PLACEMENT_3D('',#7022,#5649,#5650);
#5021=AXIS2_PLACEMENT_3D('',#7024,#5652,#5653);
#5022=AXIS2_PLACEMENT_3D('',#7026,#5655,#5656);
#5023=AXIS2_PLACEMENT_3D('',#7028,#5658,#5659);
#5024=AXIS2_PLACEMENT_3D('',#7030,#5661,#5662);
#5025=AXIS2_PLACEMENT_3D('',#7032,#5664,#5665);
#5026=AXIS2_PLACEMENT_3D('',#7035,#5668,#5669);
#5027=AXIS2_PLACEMENT_3D('',#7036,#5670,#5671);
#5028=AXIS2_PLACEMENT_3D('',#7037,#5672,#5673);
#5029=AXIS2_PLACEMENT_3D('',#7038,#5674,#5675);
#5030=AXIS2_PLACEMENT_3D('',#7039,#5676,#5677);
#5031=AXIS2_PLACEMENT_3D('',#7042,#5678,#5679);
#5032=AXIS2_PLACEMENT_3D('',#7045,#5681,#5682);
#5033=AXIS2_PLACEMENT_3D('',#7046,#5683,#5684);
#5034=AXIS2_PLACEMENT_3D('',#7047,#5685,#5686);
#5035=AXIS2_PLACEMENT_3D('',#7050,#5688,#5689);
#5036=AXIS2_PLACEMENT_3D('',#7051,#5690,#5691);
#5037=AXIS2_PLACEMENT_3D('',#7053,#5692,#5693);
#5038=AXIS2_PLACEMENT_3D('',#7054,#5694,#5695);
#5039=AXIS2_PLACEMENT_3D('',#7056,#5696,#5697);
#5040=AXIS2_PLACEMENT_3D('',#7059,#5699,#5700);
#5041=AXIS2_PLACEMENT_3D('',#7060,#5701,#5702);
#5042=AXIS2_PLACEMENT_3D('',#7061,#5703,#5704);
#5043=AXIS2_PLACEMENT_3D('',#7064,#5706,#5707);
#5044=AXIS2_PLACEMENT_3D('',#7065,#5708,#5709);
#5045=AXIS2_PLACEMENT_3D('',#7074,#5714,#5715);
#5046=AXIS2_PLACEMENT_3D('',#7080,#5719,#5720);
#5047=AXIS2_PLACEMENT_3D('',#7086,#5724,#5725);
#5048=AXIS2_PLACEMENT_3D('',#7092,#5729,#5730);
#5049=AXIS2_PLACEMENT_3D('',#7098,#5734,#5735);
#5050=AXIS2_PLACEMENT_3D('',#7101,#5738,#5739);
#5051=AXIS2_PLACEMENT_3D('',#7102,#5740,#5741);
#5052=AXIS2_PLACEMENT_3D('',#7103,#5742,#5743);
#5053=AXIS2_PLACEMENT_3D('',#7104,#5744,#5745);
#5054=AXIS2_PLACEMENT_3D('',#7113,#5750,#5751);
#5055=AXIS2_PLACEMENT_3D('',#7119,#5755,#5756);
#5056=AXIS2_PLACEMENT_3D('',#7125,#5760,#5761);
#5057=AXIS2_PLACEMENT_3D('',#7131,#5765,#5766);
#5058=AXIS2_PLACEMENT_3D('',#7137,#5770,#5771);
#5059=AXIS2_PLACEMENT_3D('',#7140,#5774,#5775);
#5060=AXIS2_PLACEMENT_3D('',#7144,#5777,#5778);
#5061=AXIS2_PLACEMENT_3D('',#7146,#5780,#5781);
#5062=AXIS2_PLACEMENT_3D('',#7149,#5783,#5784);
#5063=AXIS2_PLACEMENT_3D('',#7150,#5785,#5786);
#5064=AXIS2_PLACEMENT_3D('',#7153,#5788,#5789);
#5065=AXIS2_PLACEMENT_3D('',#7154,#5790,#5791);
#5066=AXIS2_PLACEMENT_3D('',#7155,#5792,#5793);
#5067=AXIS2_PLACEMENT_3D('',#7158,#5794,#5795);
#5068=AXIS2_PLACEMENT_3D('',#7167,#5796,#5797);
#5069=AXIS2_PLACEMENT_3D('',#7169,#5798,#5799);
#5070=AXIS2_PLACEMENT_3D('',#7174,#5800,#5801);
#5071=AXIS2_PLACEMENT_3D('',#7177,#5802,#5803);
#5072=AXIS2_PLACEMENT_3D('',#7184,#5804,#5805);
#5073=AXIS2_PLACEMENT_3D('',#7189,#5806,#5807);
#5074=AXIS2_PLACEMENT_3D('',#7190,#5808,#5809);
#5075=AXIS2_PLACEMENT_3D('',#7192,#5810,#5811);
#5076=AXIS2_PLACEMENT_3D('',#7197,#5812,#5813);
#5077=AXIS2_PLACEMENT_3D('',#7199,#5814,#5815);
#5078=AXIS2_PLACEMENT_3D('',#7200,#5816,#5817);
#5079=AXIS2_PLACEMENT_3D('',#7201,#5818,#5819);
#5080=AXIS2_PLACEMENT_3D('',#7202,#5820,#5821);
#5081=AXIS2_PLACEMENT_3D('',#7203,#5822,#5823);
#5082=AXIS2_PLACEMENT_3D('',#7204,#5824,#5825);
#5083=AXIS2_PLACEMENT_3D('',#7206,#5827,#5828);
#5084=AXIS2_PLACEMENT_3D('',#7208,#5830,#5831);
#5085=AXIS2_PLACEMENT_3D('',#7210,#5832,#5833);
#5086=AXIS2_PLACEMENT_3D('',#7211,#5834,#5835);
#5087=AXIS2_PLACEMENT_3D('',#7212,#5836,#5837);
#5088=AXIS2_PLACEMENT_3D('',#7213,#5838,#5839);
#5089=AXIS2_PLACEMENT_3D('',#7215,#5840,#5841);
#5090=AXIS2_PLACEMENT_3D('',#7216,#5842,#5843);
#5091=AXIS2_PLACEMENT_3D('',#7217,#5844,#5845);
#5092=AXIS2_PLACEMENT_3D('',#7219,#5846,#5847);
#5093=AXIS2_PLACEMENT_3D('',#7220,#5848,#5849);
#5094=AXIS2_PLACEMENT_3D('',#7224,#5851,#5852);
#5095=AXIS2_PLACEMENT_3D('',#7225,#5853,#5854);
#5096=AXIS2_PLACEMENT_3D('',#7226,#5855,#5856);
#5097=AXIS2_PLACEMENT_3D('',#7229,#5857,#5858);
#5098=AXIS2_PLACEMENT_3D('',#7230,#5859,#5860);
#5099=AXIS2_PLACEMENT_3D('',#7232,#5862,#5863);
#5100=AXIS2_PLACEMENT_3D('',#7235,#5865,#5866);
#5101=AXIS2_PLACEMENT_3D('',#7236,#5867,#5868);
#5102=AXIS2_PLACEMENT_3D('',#7237,#5869,#5870);
#5103=AXIS2_PLACEMENT_3D('',#7238,#5871,#5872);
#5104=AXIS2_PLACEMENT_3D('',#7240,#5873,#5874);
#5105=AXIS2_PLACEMENT_3D('',#7243,#5876,#5877);
#5106=AXIS2_PLACEMENT_3D('',#7244,#5878,#5879);
#5107=AXIS2_PLACEMENT_3D('',#7247,#5881,#5882);
#5108=AXIS2_PLACEMENT_3D('',#7248,#5883,#5884);
#5109=AXIS2_PLACEMENT_3D('',#7250,#5885,#5886);
#5110=AXIS2_PLACEMENT_3D('',#7251,#5887,#5888);
#5111=AXIS2_PLACEMENT_3D('',#7254,#5890,#5891);
#5112=AXIS2_PLACEMENT_3D('',#7255,#5892,#5893);
#5113=AXIS2_PLACEMENT_3D('',#7257,#5894,#5895);
#5114=AXIS2_PLACEMENT_3D('',#7258,#5896,#5897);
#5115=AXIS2_PLACEMENT_3D('',#7260,#5899,#5900);
#5116=AXIS2_PLACEMENT_3D('',#7261,#5901,#5902);
#5117=AXIS2_PLACEMENT_3D('',#7263,#5903,#5904);
#5118=AXIS2_PLACEMENT_3D('',#7266,#5906,#5907);
#5119=AXIS2_PLACEMENT_3D('',#7267,#5908,#5909);
#5120=AXIS2_PLACEMENT_3D('',#7269,#5910,#5911);
#5121=AXIS2_PLACEMENT_3D('',#7270,#5912,#5913);
#5122=AXIS2_PLACEMENT_3D('',#7272,#5914,#5915);
#5123=AXIS2_PLACEMENT_3D('',#7275,#5917,#5918);
#5124=AXIS2_PLACEMENT_3D('',#7276,#5919,#5920);
#5125=AXIS2_PLACEMENT_3D('',#7278,#5921,#5922);
#5126=AXIS2_PLACEMENT_3D('',#7281,#5924,#5925);
#5127=AXIS2_PLACEMENT_3D('',#7282,#5926,#5927);
#5128=AXIS2_PLACEMENT_3D('',#7283,#5928,#5929);
#5129=AXIS2_PLACEMENT_3D('',#7285,#5930,#5931);
#5130=AXIS2_PLACEMENT_3D('',#7286,#5932,#5933);
#5131=AXIS2_PLACEMENT_3D('',#7288,#5934,#5935);
#5132=AXIS2_PLACEMENT_3D('',#7291,#5937,#5938);
#5133=AXIS2_PLACEMENT_3D('',#7292,#5939,#5940);
#5134=AXIS2_PLACEMENT_3D('',#7294,#5941,#5942);
#5135=AXIS2_PLACEMENT_3D('',#7295,#5943,#5944);
#5136=AXIS2_PLACEMENT_3D('',#7297,#5945,#5946);
#5137=AXIS2_PLACEMENT_3D('',#7300,#5948,#5949);
#5138=AXIS2_PLACEMENT_3D('',#7301,#5950,#5951);
#5139=AXIS2_PLACEMENT_3D('',#7303,#5952,#5953);
#5140=AXIS2_PLACEMENT_3D('',#7306,#5955,#5956);
#5141=AXIS2_PLACEMENT_3D('',#7307,#5957,#5958);
#5142=AXIS2_PLACEMENT_3D('',#7308,#5959,#5960);
#5143=AXIS2_PLACEMENT_3D('',#7310,#5961,#5962);
#5144=AXIS2_PLACEMENT_3D('',#7311,#5963,#5964);
#5145=AXIS2_PLACEMENT_3D('',#7313,#5966,#5967);
#5146=AXIS2_PLACEMENT_3D('',#7316,#5968,#5969);
#5147=AXIS2_PLACEMENT_3D('',#7318,#5971,#5972);
#5148=AXIS2_PLACEMENT_3D('',#7319,#5973,#5974);
#5149=AXIS2_PLACEMENT_3D('',#7322,#5975,#5976);
#5150=AXIS2_PLACEMENT_3D('',#7323,#5977,#5978);
#5151=AXIS2_PLACEMENT_3D('',#7325,#5980,#5981);
#5152=AXIS2_PLACEMENT_3D('',#7326,#5982,#5983);
#5153=AXIS2_PLACEMENT_3D('',#7328,#5985,#5986);
#5154=AXIS2_PLACEMENT_3D('',#7329,#5987,#5988);
#5155=AXIS2_PLACEMENT_3D('',#7330,#5989,#5990);
#5156=AXIS2_PLACEMENT_3D('',#7332,#5991,#5992);
#5157=AXIS2_PLACEMENT_3D('',#7335,#5994,#5995);
#5158=AXIS2_PLACEMENT_3D('',#7336,#5996,#5997);
#5159=AXIS2_PLACEMENT_3D('',#7340,#5999,#6000);
#5160=AXIS2_PLACEMENT_3D('',#7341,#6001,#6002);
#5161=AXIS2_PLACEMENT_3D('',#7342,#6003,#6004);
#5162=AXIS2_PLACEMENT_3D('',#7345,#6005,#6006);
#5163=AXIS2_PLACEMENT_3D('',#7347,#6007,#6008);
#5164=AXIS2_PLACEMENT_3D('',#7349,#6009,#6010);
#5165=AXIS2_PLACEMENT_3D('',#7351,#6011,#6012);
#5166=AXIS2_PLACEMENT_3D('',#7353,#6013,#6014);
#5167=AXIS2_PLACEMENT_3D('',#7354,#6015,#6016);
#5168=AXIS2_PLACEMENT_3D('',#7355,#6017,#6018);
#5169=AXIS2_PLACEMENT_3D('',#7358,#6020,#6021);
#5170=AXIS2_PLACEMENT_3D('',#7359,#6022,#6023);
#5171=AXIS2_PLACEMENT_3D('',#7362,#6024,#6025);
#5172=AXIS2_PLACEMENT_3D('',#7364,#6026,#6027);
#5173=AXIS2_PLACEMENT_3D('',#7366,#6028,#6029);
#5174=AXIS2_PLACEMENT_3D('',#7368,#6030,#6031);
#5175=AXIS2_PLACEMENT_3D('',#7370,#6032,#6033);
#5176=AXIS2_PLACEMENT_3D('',#7371,#6034,#6035);
#5177=AXIS2_PLACEMENT_3D('',#7372,#6036,#6037);
#5178=AXIS2_PLACEMENT_3D('',#7380,#6038,#6039);
#5179=AXIS2_PLACEMENT_3D('',#7388,#6040,#6041);
#5180=AXIS2_PLACEMENT_3D('',#7396,#6042,#6043);
#5181=AXIS2_PLACEMENT_3D('',#7404,#6044,#6045);
#5182=AXIS2_PLACEMENT_3D('',#7412,#6046,#6047);
#5183=AXIS2_PLACEMENT_3D('',#7420,#6048,#6049);
#5184=AXIS2_PLACEMENT_3D('',#7428,#6050,#6051);
#5185=AXIS2_PLACEMENT_3D('',#7436,#6052,#6053);
#5186=AXIS2_PLACEMENT_3D('',#7444,#6054,#6055);
#5187=AXIS2_PLACEMENT_3D('',#7452,#6056,#6057);
#5188=AXIS2_PLACEMENT_3D('',#7460,#6058,#6059);
#5189=AXIS2_PLACEMENT_3D('',#7468,#6060,#6061);
#5190=AXIS2_PLACEMENT_3D('',#7471,#6064,#6065);
#5191=AXIS2_PLACEMENT_3D('',#7473,#6067,#6068);
#5192=AXIS2_PLACEMENT_3D('',#7475,#6070,#6071);
#5193=AXIS2_PLACEMENT_3D('',#7477,#6073,#6074);
#5194=AXIS2_PLACEMENT_3D('',#7479,#6076,#6077);
#5195=AXIS2_PLACEMENT_3D('',#7480,#6078,#6079);
#5196=AXIS2_PLACEMENT_3D('',#7481,#6080,#6081);
#5197=AXIS2_PLACEMENT_3D('',#7482,#6082,#6083);
#5198=AXIS2_PLACEMENT_3D('',#7483,#6084,#6085);
#5199=AXIS2_PLACEMENT_3D('',#7484,#6086,#6087);
#5200=AXIS2_PLACEMENT_3D('',#7485,#6088,#6089);
#5201=AXIS2_PLACEMENT_3D('',#7486,#6090,#6091);
#5202=AXIS2_PLACEMENT_3D('',#7487,#6092,#6093);
#5203=AXIS2_PLACEMENT_3D('',#7488,#6094,#6095);
#5204=AXIS2_PLACEMENT_3D('',#7489,#6096,#6097);
#5205=AXIS2_PLACEMENT_3D('',#7490,#6098,#6099);
#5206=AXIS2_PLACEMENT_3D('',#7491,#6100,#6101);
#5207=AXIS2_PLACEMENT_3D('',#7492,#6102,#6103);
#5208=AXIS2_PLACEMENT_3D('',#7493,#6104,#6105);
#5209=AXIS2_PLACEMENT_3D('',#7494,#6106,#6107);
#5210=AXIS2_PLACEMENT_3D('',#7497,#6108,#6109);
#5211=AXIS2_PLACEMENT_3D('',#7501,#6111,#6112);
#5212=AXIS2_PLACEMENT_3D('',#7503,#6114,#6115);
#5213=AXIS2_PLACEMENT_3D('',#7509,#6119,#6120);
#5214=AXIS2_PLACEMENT_3D('',#7511,#6121,#6122);
#5215=AXIS2_PLACEMENT_3D('',#7514,#6124,#6125);
#5216=AXIS2_PLACEMENT_3D('',#7515,#6126,#6127);
#5217=AXIS2_PLACEMENT_3D('',#7517,#6128,#6129);
#5218=AXIS2_PLACEMENT_3D('',#7518,#6130,#6131);
#5219=AXIS2_PLACEMENT_3D('',#7520,#6132,#6133);
#5220=AXIS2_PLACEMENT_3D('',#7523,#6135,#6136);
#5221=AXIS2_PLACEMENT_3D('',#7524,#6137,#6138);
#5222=AXIS2_PLACEMENT_3D('',#7526,#6139,#6140);
#5223=AXIS2_PLACEMENT_3D('',#7527,#6141,#6142);
#5224=AXIS2_PLACEMENT_3D('',#7533,#6146,#6147);
#5225=AXIS2_PLACEMENT_3D('',#7558,#6160,#6161);
#5226=AXIS2_PLACEMENT_3D('',#7567,#6166,#6167);
#5227=AXIS2_PLACEMENT_3D('',#7569,#6168,#6169);
#5228=AXIS2_PLACEMENT_3D('',#7572,#6171,#6172);
#5229=AXIS2_PLACEMENT_3D('',#7573,#6173,#6174);
#5230=AXIS2_PLACEMENT_3D('',#7576,#6176,#6177);
#5231=AXIS2_PLACEMENT_3D('',#7577,#6178,#6179);
#5232=AXIS2_PLACEMENT_3D('',#7579,#6180,#6181);
#5233=AXIS2_PLACEMENT_3D('',#7582,#6183,#6184);
#5234=AXIS2_PLACEMENT_3D('',#7583,#6185,#6186);
#5235=AXIS2_PLACEMENT_3D('',#7585,#6187,#6188);
#5236=AXIS2_PLACEMENT_3D('',#7588,#6190,#6191);
#5237=AXIS2_PLACEMENT_3D('',#7589,#6192,#6193);
#5238=AXIS2_PLACEMENT_3D('',#7592,#6196,#6197);
#5239=AXIS2_PLACEMENT_3D('',#7598,#6201,#6202);
#5240=AXIS2_PLACEMENT_3D('',#7602,#6205,#6206);
#5241=AXIS2_PLACEMENT_3D('',#7619,#6216,#6217);
#5242=AXIS2_PLACEMENT_3D('',#7621,#6219,#6220);
#5243=AXIS2_PLACEMENT_3D('',#7624,#6223,#6224);
#5244=AXIS2_PLACEMENT_3D('',#7626,#6226,#6227);
#5245=AXIS2_PLACEMENT_3D('',#7628,#6229,#6230);
#5246=AXIS2_PLACEMENT_3D('',#7629,#6231,#6232);
#5247=AXIS2_PLACEMENT_3D('',#7632,#6235,#6236);
#5248=AXIS2_PLACEMENT_3D('',#7633,#6237,#6238);
#5249=AXIS2_PLACEMENT_3D('',#7646,#6245,#6246);
#5250=AXIS2_PLACEMENT_3D('',#7672,#6259,#6260);
#5251=AXIS2_PLACEMENT_3D('',#7674,#6261,#6262);
#5252=AXIS2_PLACEMENT_3D('',#7676,#6263,#6264);
#5253=AXIS2_PLACEMENT_3D('',#7690,#6271,#6272);
#5254=AXIS2_PLACEMENT_3D('',#7703,#6279,#6280);
#5255=AXIS2_PLACEMENT_3D('',#7705,#6281,#6282);
#5256=AXIS2_PLACEMENT_3D('',#7707,#6284,#6285);
#5257=AXIS2_PLACEMENT_3D('',#7709,#6287,#6288);
#5258=AXIS2_PLACEMENT_3D('',#7766,#6317,#6318);
#5259=AXIS2_PLACEMENT_3D('',#7768,#6319,#6320);
#5260=AXIS2_PLACEMENT_3D('',#7770,#6321,#6322);
#5261=AXIS2_PLACEMENT_3D('',#7772,#6323,#6324);
#5262=AXIS2_PLACEMENT_3D('',#7773,#6325,#6326);
#5263=AXIS2_PLACEMENT_3D('',#7779,#6330,#6331);
#5264=AXIS2_PLACEMENT_3D('',#7785,#6335,#6336);
#5265=AXIS2_PLACEMENT_3D('',#7789,#6339,#6340);
#5266=AXIS2_PLACEMENT_3D('',#7793,#6343,#6344);
#5267=AXIS2_PLACEMENT_3D('',#7795,#6346,#6347);
#5268=AXIS2_PLACEMENT_3D('',#7797,#6349,#6350);
#5269=AXIS2_PLACEMENT_3D('',#7803,#6354,#6355);
#5270=AXIS2_PLACEMENT_3D('',#7807,#6358,#6359);
#5271=AXIS2_PLACEMENT_3D('',#7811,#6362,#6363);
#5272=AXIS2_PLACEMENT_3D('',#7817,#6367,#6368);
#5273=AXIS2_PLACEMENT_3D('',#7821,#6371,#6372);
#5274=AXIS2_PLACEMENT_3D('',#7827,#6376,#6377);
#5275=AXIS2_PLACEMENT_3D('',#7831,#6380,#6381);
#5276=AXIS2_PLACEMENT_3D('',#7833,#6383,#6384);
#5277=AXIS2_PLACEMENT_3D('',#7835,#6386,#6387);
#5278=AXIS2_PLACEMENT_3D('',#7841,#6391,#6392);
#5279=AXIS2_PLACEMENT_3D('',#7845,#6395,#6396);
#5280=AXIS2_PLACEMENT_3D('',#7849,#6399,#6400);
#5281=AXIS2_PLACEMENT_3D('',#7855,#6404,#6405);
#5282=AXIS2_PLACEMENT_3D('',#7859,#6408,#6409);
#5283=AXIS2_PLACEMENT_3D('',#7865,#6413,#6414);
#5284=AXIS2_PLACEMENT_3D('',#7869,#6417,#6418);
#5285=AXIS2_PLACEMENT_3D('',#7871,#6420,#6421);
#5286=AXIS2_PLACEMENT_3D('',#7873,#6423,#6424);
#5287=AXIS2_PLACEMENT_3D('',#7879,#6428,#6429);
#5288=AXIS2_PLACEMENT_3D('',#7883,#6432,#6433);
#5289=AXIS2_PLACEMENT_3D('',#7887,#6436,#6437);
#5290=AXIS2_PLACEMENT_3D('',#7893,#6441,#6442);
#5291=AXIS2_PLACEMENT_3D('',#7897,#6445,#6446);
#5292=AXIS2_PLACEMENT_3D('',#7901,#6449,#6450);
#5293=AXIS2_PLACEMENT_3D('',#7905,#6453,#6454);
#5294=AXIS2_PLACEMENT_3D('',#7909,#6457,#6458);
#5295=AXIS2_PLACEMENT_3D('',#7911,#6460,#6461);
#5296=AXIS2_PLACEMENT_3D('',#7917,#6465,#6466);
#5297=AXIS2_PLACEMENT_3D('',#7921,#6469,#6470);
#5298=AXIS2_PLACEMENT_3D('',#7925,#6473,#6474);
#5299=AXIS2_PLACEMENT_3D('',#7929,#6477,#6478);
#5300=AXIS2_PLACEMENT_3D('',#7933,#6481,#6482);
#5301=AXIS2_PLACEMENT_3D('',#7935,#6484,#6485);
#5302=AXIS2_PLACEMENT_3D('',#7937,#6486,#6487);
#5303=AXIS2_PLACEMENT_3D('',#7938,#6488,#6489);
#5304=AXIS2_PLACEMENT_3D('',#7942,#6492,#6493);
#5305=AXIS2_PLACEMENT_3D('',#7946,#6496,#6497);
#5306=AXIS2_PLACEMENT_3D('',#7948,#6499,#6500);
#5307=AXIS2_PLACEMENT_3D('',#7950,#6501,#6502);
#5308=AXIS2_PLACEMENT_3D('',#7951,#6503,#6504);
#5309=AXIS2_PLACEMENT_3D('',#7955,#6507,#6508);
#5310=AXIS2_PLACEMENT_3D('',#7959,#6511,#6512);
#5311=AXIS2_PLACEMENT_3D('',#7961,#6514,#6515);
#5312=AXIS2_PLACEMENT_3D('',#7963,#6516,#6517);
#5313=AXIS2_PLACEMENT_3D('',#7964,#6518,#6519);
#5314=AXIS2_PLACEMENT_3D('',#7968,#6522,#6523);
#5315=AXIS2_PLACEMENT_3D('',#7972,#6526,#6527);
#5316=AXIS2_PLACEMENT_3D('',#7974,#6529,#6530);
#5317=AXIS2_PLACEMENT_3D('',#7976,#6531,#6532);
#5318=AXIS2_PLACEMENT_3D('',#7977,#6533,#6534);
#5319=AXIS2_PLACEMENT_3D('',#7979,#6536,#6537);
#5320=AXIS2_PLACEMENT_3D('',#7981,#6539,#6540);
#5321=AXIS2_PLACEMENT_3D('',#7983,#6542,#6543);
#5322=AXIS2_PLACEMENT_3D('',#7985,#6545,#6546);
#5323=AXIS2_PLACEMENT_3D('',#7987,#6548,#6549);
#5324=AXIS2_PLACEMENT_3D('',#7989,#6551,#6552);
#5325=AXIS2_PLACEMENT_3D('',#7991,#6554,#6555);
#5326=AXIS2_PLACEMENT_3D('',#7994,#6558,#6559);
#5327=AXIS2_PLACEMENT_3D('',#7995,#6560,#6561);
#5328=AXIS2_PLACEMENT_3D('',#8004,#6566,#6567);
#5329=AXIS2_PLACEMENT_3D('',#8010,#6571,#6572);
#5330=AXIS2_PLACEMENT_3D('',#8016,#6576,#6577);
#5331=AXIS2_PLACEMENT_3D('',#8022,#6581,#6582);
#5332=AXIS2_PLACEMENT_3D('',#8025,#6585,#6586);
#5333=AXIS2_PLACEMENT_3D('',#8027,#6588,#6589);
#5334=AXIS2_PLACEMENT_3D('',#8029,#6591,#6592);
#5335=AXIS2_PLACEMENT_3D('',#8032,#6594,#6595);
#5336=AXIS2_PLACEMENT_3D('',#8033,#6596,#6597);
#5337=AXIS2_PLACEMENT_3D('',#8036,#6599,#6600);
#5338=AXIS2_PLACEMENT_3D('',#8037,#6601,#6602);
#5339=AXIS2_PLACEMENT_3D('',#8050,#6609,#6610);
#5340=AXIS2_PLACEMENT_3D('',#8056,#6614,#6615);
#5341=AXIS2_PLACEMENT_3D('',#8060,#6618,#6619);
#5342=AXIS2_PLACEMENT_3D('',#8064,#6622,#6623);
#5343=AXIS2_PLACEMENT_3D('',#8077,#6630,#6631);
#5344=AXIS2_PLACEMENT_3D('',#8083,#6635,#6636);
#5345=AXIS2_PLACEMENT_3D('',#8087,#6639,#6640);
#5346=AXIS2_PLACEMENT_3D('',#8091,#6643,#6644);
#5347=AXIS2_PLACEMENT_3D('',#8095,#6647,#6648);
#5348=AXIS2_PLACEMENT_3D('',#8099,#6651,#6652);
#5349=AXIS2_PLACEMENT_3D('',#8101,#6654,#6655);
#5350=AXIS2_PLACEMENT_3D('',#8104,#6658,#6659);
#5351=AXIS2_PLACEMENT_3D('',#8107,#6662,#6663);
#5352=AXIS2_PLACEMENT_3D('',#8109,#6665,#6666);
#5353=AXIS2_PLACEMENT_3D('',#8110,#6667,#6668);
#5354=AXIS2_PLACEMENT_3D('',#8112,#6670,#6671);
#5355=AXIS2_PLACEMENT_3D('',#8113,#6672,#6673);
#5356=AXIS2_PLACEMENT_3D('',#8117,#6676,#6677);
#5357=AXIS2_PLACEMENT_3D('',#8121,#6680,#6681);
#5358=AXIS2_PLACEMENT_3D('',#8123,#6683,#6684);
#5359=AXIS2_PLACEMENT_3D('',#8126,#6687,#6688);
#5360=AXIS2_PLACEMENT_3D('',#8129,#6691,#6692);
#5361=AXIS2_PLACEMENT_3D('',#8131,#6694,#6695);
#5362=AXIS2_PLACEMENT_3D('',#8132,#6696,#6697);
#5363=AXIS2_PLACEMENT_3D('',#8134,#6699,#6700);
#5364=AXIS2_PLACEMENT_3D('',#8135,#6701,#6702);
#5365=AXIS2_PLACEMENT_3D('',#8137,#6703,#6704);
#5366=AXIS2_PLACEMENT_3D('',#8139,#6706,#6707);
#5367=AXIS2_PLACEMENT_3D('',#8152,#6714,#6715);
#5368=AXIS2_PLACEMENT_3D('',#8158,#6719,#6720);
#5369=AXIS2_PLACEMENT_3D('',#8162,#6723,#6724);
#5370=AXIS2_PLACEMENT_3D('',#8166,#6727,#6728);
#5371=AXIS2_PLACEMENT_3D('',#8170,#6731,#6732);
#5372=AXIS2_PLACEMENT_3D('',#8174,#6735,#6736);
#5373=AXIS2_PLACEMENT_3D('',#8176,#6738,#6739);
#5374=AXIS2_PLACEMENT_3D('',#8179,#6742,#6743);
#5375=AXIS2_PLACEMENT_3D('',#8182,#6746,#6747);
#5376=AXIS2_PLACEMENT_3D('',#8184,#6749,#6750);
#5377=AXIS2_PLACEMENT_3D('',#8185,#6751,#6752);
#5378=AXIS2_PLACEMENT_3D('',#8187,#6754,#6755);
#5379=AXIS2_PLACEMENT_3D('',#8188,#6756,#6757);
#5380=AXIS2_PLACEMENT_3D('',#8189,#6758,#6759);
#5381=DIRECTION('axis',(0.,0.,1.));
#5382=DIRECTION('refdir',(1.,0.,0.));
#5383=DIRECTION('axis',(0.,0.,1.));
#5384=DIRECTION('refdir',(1.,0.,0.));
#5385=DIRECTION('axis',(0.,0.,1.));
#5386=DIRECTION('refdir',(1.,0.,0.));
#5387=DIRECTION('axis',(0.,0.,1.));
#5388=DIRECTION('refdir',(1.,0.,0.));
#5389=DIRECTION('center_axis',(0.,0.,-1.));
#5390=DIRECTION('ref_axis',(-1.,0.,0.));
#5391=DIRECTION('center_axis',(0.,0.,-1.));
#5392=DIRECTION('ref_axis',(-1.,0.,0.));
#5393=DIRECTION('',(0.,0.,1.));
#5394=DIRECTION('center_axis',(0.,0.,1.));
#5395=DIRECTION('ref_axis',(-1.,0.,0.));
#5396=DIRECTION('center_axis',(0.,0.,-1.));
#5397=DIRECTION('ref_axis',(-1.,0.,0.));
#5398=DIRECTION('center_axis',(0.,0.,1.));
#5399=DIRECTION('ref_axis',(1.,0.,0.));
#5400=DIRECTION('center_axis',(0.,0.,-1.));
#5401=DIRECTION('ref_axis',(-1.,0.,0.));
#5402=DIRECTION('center_axis',(0.,0.,-1.));
#5403=DIRECTION('ref_axis',(-1.,0.,0.));
#5404=DIRECTION('',(0.,0.,1.));
#5405=DIRECTION('center_axis',(0.,0.,1.));
#5406=DIRECTION('ref_axis',(-1.,0.,0.));
#5407=DIRECTION('center_axis',(0.,0.,-1.));
#5408=DIRECTION('ref_axis',(-1.,0.,0.));
#5409=DIRECTION('center_axis',(0.,0.,1.));
#5410=DIRECTION('ref_axis',(1.,0.,0.));
#5411=DIRECTION('center_axis',(0.,1.,0.));
#5412=DIRECTION('ref_axis',(0.707106781186547,0.,-0.707106781186548));
#5413=DIRECTION('center_axis',(0.,-1.,0.));
#5414=DIRECTION('ref_axis',(0.707106781186547,0.,-0.707106781186548));
#5415=DIRECTION('',(0.,-1.,0.));
#5416=DIRECTION('center_axis',(0.,1.,0.));
#5417=DIRECTION('ref_axis',(0.707106781186547,0.,-0.707106781186548));
#5418=DIRECTION('',(0.,1.,0.));
#5419=DIRECTION('center_axis',(-1.,0.,0.));
#5420=DIRECTION('ref_axis',(0.,1.,0.));
#5421=DIRECTION('',(0.,0.,-1.));
#5422=DIRECTION('center_axis',(1.,0.,0.));
#5423=DIRECTION('ref_axis',(0.,-0.707106781186549,0.707106781186546));
#5424=DIRECTION('',(0.,1.,0.));
#5425=DIRECTION('',(0.,0.,-1.));
#5426=DIRECTION('center_axis',(0.,-1.,0.));
#5427=DIRECTION('ref_axis',(-1.,0.,0.));
#5428=DIRECTION('',(-1.,0.,0.));
#5429=DIRECTION('',(1.506829998202E-16,0.,1.));
#5430=DIRECTION('',(-1.,0.,0.));
#5431=DIRECTION('',(0.,0.,-1.));
#5432=DIRECTION('',(-1.,0.,0.));
#5433=DIRECTION('center_axis',(0.,-1.,0.));
#5434=DIRECTION('ref_axis',(-0.707106781186547,0.,-0.707106781186548));
#5435=DIRECTION('',(0.,0.,-1.));
#5436=DIRECTION('',(-1.,0.,0.));
#5437=DIRECTION('center_axis',(0.,-1.,0.));
#5438=DIRECTION('ref_axis',(-0.707106781186547,0.,-0.707106781186548));
#5439=DIRECTION('center_axis',(0.,1.,0.));
#5440=DIRECTION('ref_axis',(-0.707106781186547,0.,-0.707106781186548));
#5441=DIRECTION('',(0.,1.,0.));
#5442=DIRECTION('',(0.,-1.,0.));
#5443=DIRECTION('center_axis',(-1.,0.,0.));
#5444=DIRECTION('ref_axis',(0.,-1.,0.));
#5445=DIRECTION('',(0.,0.,1.));
#5446=DIRECTION('center_axis',(1.,0.,0.));
#5447=DIRECTION('ref_axis',(0.,-0.707106781186548,0.707106781186548));
#5448=DIRECTION('',(0.,-1.,0.));
#5449=DIRECTION('',(0.,0.,1.));
#5450=DIRECTION('',(0.,-1.,0.));
#5451=DIRECTION('center_axis',(-1.,0.,0.));
#5452=DIRECTION('ref_axis',(0.,-0.707106781186549,0.707106781186546));
#5453=DIRECTION('center_axis',(0.,-1.,0.));
#5454=DIRECTION('ref_axis',(1.,0.,0.));
#5455=DIRECTION('',(1.,0.,0.));
#5456=DIRECTION('',(1.,0.,0.));
#5457=DIRECTION('',(0.,0.,1.));
#5458=DIRECTION('',(1.,0.,0.));
#5459=DIRECTION('',(-1.506829998202E-16,0.,-1.));
#5460=DIRECTION('',(1.,0.,0.));
#5461=DIRECTION('center_axis',(-1.,0.,0.));
#5462=DIRECTION('ref_axis',(0.,-0.707106781186549,0.707106781186546));
#5463=DIRECTION('',(1.,0.,0.));
#5464=DIRECTION('center_axis',(1.,0.,0.));
#5465=DIRECTION('ref_axis',(0.,-0.707106781186548,0.707106781186548));
#5466=DIRECTION('',(1.,0.,0.));
#5467=DIRECTION('center_axis',(1.,0.,0.));
#5468=DIRECTION('ref_axis',(0.,-0.707106781186548,0.707106781186548));
#5469=DIRECTION('',(-1.,0.,0.));
#5470=DIRECTION('center_axis',(0.,0.,1.));
#5471=DIRECTION('ref_axis',(1.,0.,0.));
#5472=DIRECTION('',(0.,-1.,0.));
#5473=DIRECTION('center_axis',(0.,0.,1.));
#5474=DIRECTION('ref_axis',(-1.,0.,0.));
#5475=DIRECTION('',(0.,1.,0.));
#5476=DIRECTION('',(-1.,0.,0.));
#5477=DIRECTION('',(0.,1.,0.));
#5478=DIRECTION('center_axis',(0.,0.,-1.));
#5479=DIRECTION('ref_axis',(0.707106781186548,0.707106781186548,0.));
#5480=DIRECTION('',(-1.,0.,0.));
#5481=DIRECTION('center_axis',(0.,0.,-1.));
#5482=DIRECTION('ref_axis',(-0.707106781186548,0.707106781186548,0.));
#5483=DIRECTION('center_axis',(0.,0.,-1.));
#5484=DIRECTION('ref_axis',(1.,0.,0.));
#5485=DIRECTION('center_axis',(0.,0.,-1.));
#5486=DIRECTION('ref_axis',(1.,0.,0.));
#5487=DIRECTION('center_axis',(0.,0.,-1.));
#5488=DIRECTION('ref_axis',(1.,0.,0.));
#5489=DIRECTION('center_axis',(0.,0.,-1.));
#5490=DIRECTION('ref_axis',(1.,0.,0.));
#5491=DIRECTION('center_axis',(0.,0.,-1.));
#5492=DIRECTION('ref_axis',(-1.,0.,0.));
#5493=DIRECTION('center_axis',(0.,0.,-1.));
#5494=DIRECTION('ref_axis',(-1.,0.,0.));
#5495=DIRECTION('center_axis',(0.,0.,-1.));
#5496=DIRECTION('ref_axis',(-1.,0.,0.));
#5497=DIRECTION('center_axis',(0.,0.,-1.));
#5498=DIRECTION('ref_axis',(-1.,0.,0.));
#5499=DIRECTION('',(0.,1.,0.));
#5500=DIRECTION('',(0.,1.,0.));
#5501=DIRECTION('center_axis',(-1.,0.,1.506829998202E-16));
#5502=DIRECTION('ref_axis',(1.506829998202E-16,0.,1.));
#5503=DIRECTION('',(0.,1.,0.));
#5504=DIRECTION('center_axis',(1.,0.,0.));
#5505=DIRECTION('ref_axis',(0.,0.,-1.));
#5506=DIRECTION('',(0.,-1.,0.));
#5507=DIRECTION('center_axis',(0.,0.,1.));
#5508=DIRECTION('ref_axis',(1.,0.,0.));
#5509=DIRECTION('center_axis',(0.,0.,1.));
#5510=DIRECTION('ref_axis',(1.,0.,0.));
#5511=DIRECTION('center_axis',(0.,0.,1.));
#5512=DIRECTION('ref_axis',(1.,0.,0.));
#5513=DIRECTION('',(-1.,0.,0.));
#5514=DIRECTION('',(0.,1.,0.));
#5515=DIRECTION('',(1.,0.,0.));
#5516=DIRECTION('',(0.,1.,0.));
#5517=DIRECTION('center_axis',(-1.,0.,-1.506829998202E-16));
#5518=DIRECTION('ref_axis',(-1.506829998202E-16,0.,1.));
#5519=DIRECTION('',(1.506829998202E-16,0.,-1.));
#5520=DIRECTION('',(-1.506829998202E-16,0.,1.));
#5521=DIRECTION('',(0.,-1.,0.));
#5522=DIRECTION('center_axis',(1.,0.,0.));
#5523=DIRECTION('ref_axis',(0.,0.,-1.));
#5524=DIRECTION('',(0.,0.,1.));
#5525=DIRECTION('',(0.,1.,0.));
#5526=DIRECTION('',(0.,0.,-1.));
#5527=DIRECTION('center_axis',(0.,1.,0.));
#5528=DIRECTION('ref_axis',(1.,0.,0.));
#5529=DIRECTION('',(1.,0.,0.));
#5530=DIRECTION('center_axis',(0.,-1.,0.));
#5531=DIRECTION('ref_axis',(-0.707106781186547,0.,-0.707106781186548));
#5532=DIRECTION('',(0.,0.,-1.));
#5533=DIRECTION('',(-1.,0.,0.));
#5534=DIRECTION('',(0.,0.,-1.));
#5535=DIRECTION('center_axis',(0.,-1.,0.));
#5536=DIRECTION('ref_axis',(0.707106781186547,0.,-0.707106781186548));
#5537=DIRECTION('',(1.,0.,0.));
#5538=DIRECTION('center_axis',(0.,0.,-1.));
#5539=DIRECTION('ref_axis',(-1.,0.,0.));
#5540=DIRECTION('',(-1.,0.,0.));
#5541=DIRECTION('',(0.,-1.,0.));
#5542=DIRECTION('center_axis',(0.,1.,0.));
#5543=DIRECTION('ref_axis',(-0.707106781186547,0.,-0.707106781186548));
#5544=DIRECTION('center_axis',(0.,1.,0.));
#5545=DIRECTION('ref_axis',(-0.707106781186547,0.,-0.707106781186548));
#5546=DIRECTION('',(0.,1.,0.));
#5547=DIRECTION('center_axis',(0.,0.,-1.));
#5548=DIRECTION('ref_axis',(-1.,0.,0.));
#5549=DIRECTION('',(0.,1.,0.));
#5550=DIRECTION('',(-1.,0.,0.));
#5551=DIRECTION('center_axis',(0.,-1.,0.));
#5552=DIRECTION('ref_axis',(0.707106781186547,0.,-0.707106781186548));
#5553=DIRECTION('center_axis',(0.,1.,0.));
#5554=DIRECTION('ref_axis',(0.707106781186547,0.,-0.707106781186548));
#5555=DIRECTION('',(0.,-1.,0.));
#5556=DIRECTION('center_axis',(0.,-1.,0.));
#5557=DIRECTION('ref_axis',(1.,0.,0.));
#5558=DIRECTION('',(0.,0.,1.));
#5559=DIRECTION('',(1.,0.,0.));
#5560=DIRECTION('',(0.,0.,-1.));
#5561=DIRECTION('center_axis',(1.,0.,0.));
#5562=DIRECTION('ref_axis',(0.,1.,0.));
#5563=DIRECTION('center_axis',(1.,0.,0.));
#5564=DIRECTION('ref_axis',(0.,-0.707106781186549,0.707106781186546));
#5565=DIRECTION('',(0.,1.,0.));
#5566=DIRECTION('',(0.,0.,-1.));
#5567=DIRECTION('center_axis',(-1.,0.,0.));
#5568=DIRECTION('ref_axis',(0.,-0.707106781186548,0.707106781186548));
#5569=DIRECTION('center_axis',(-1.,0.,0.));
#5570=DIRECTION('ref_axis',(0.,-0.707106781186549,0.707106781186546));
#5571=DIRECTION('center_axis',(-1.,0.,0.));
#5572=DIRECTION('ref_axis',(0.,-0.707106781186549,0.707106781186546));
#5573=DIRECTION('',(1.,0.,0.));
#5574=DIRECTION('center_axis',(0.,0.,1.));
#5575=DIRECTION('ref_axis',(1.,0.,0.));
#5576=DIRECTION('center_axis',(0.,0.,1.));
#5577=DIRECTION('ref_axis',(-0.707106781186548,0.707106781186548,0.));
#5578=DIRECTION('',(-1.,0.,0.));
#5579=DIRECTION('center_axis',(0.,0.,1.));
#5580=DIRECTION('ref_axis',(0.707106781186548,0.707106781186548,0.));
#5581=DIRECTION('',(0.,-1.,0.));
#5582=DIRECTION('',(1.,0.,0.));
#5583=DIRECTION('',(0.,1.,0.));
#5584=DIRECTION('center_axis',(0.,0.,1.));
#5585=DIRECTION('ref_axis',(-1.,0.,0.));
#5586=DIRECTION('',(0.,-1.,0.));
#5587=DIRECTION('center_axis',(0.,0.,-1.));
#5588=DIRECTION('ref_axis',(-1.,0.,0.));
#5589=DIRECTION('center_axis',(0.,0.,-1.));
#5590=DIRECTION('ref_axis',(-1.,0.,0.));
#5591=DIRECTION('center_axis',(0.,0.,-1.));
#5592=DIRECTION('ref_axis',(-1.,0.,0.));
#5593=DIRECTION('center_axis',(1.,0.,0.));
#5594=DIRECTION('ref_axis',(0.,-0.707106781186548,0.707106781186548));
#5595=DIRECTION('center_axis',(-1.,0.,0.));
#5596=DIRECTION('ref_axis',(0.,-0.707106781186548,0.707106781186548));
#5597=DIRECTION('center_axis',(-1.,0.,0.));
#5598=DIRECTION('ref_axis',(0.,1.,0.));
#5599=DIRECTION('center_axis',(0.,0.,1.));
#5600=DIRECTION('ref_axis',(1.,0.,0.));
#5601=DIRECTION('',(-0.85716730070211,-1.04972719113862E-16,0.515038074910058));
#5602=DIRECTION('center_axis',(0.,0.,1.));
#5603=DIRECTION('ref_axis',(1.,0.,0.));
#5604=DIRECTION('center_axis',(0.,0.,1.));
#5605=DIRECTION('ref_axis',(1.,0.,0.));
#5606=DIRECTION('center_axis',(0.,0.,1.));
#5607=DIRECTION('ref_axis',(1.,0.,0.));
#5608=DIRECTION('',(-0.707106781186547,-8.65956056235493E-17,0.707106781186548));
#5609=DIRECTION('center_axis',(0.,0.,-1.));
#5610=DIRECTION('ref_axis',(1.,0.,0.));
#5611=DIRECTION('center_axis',(0.,0.,1.));
#5612=DIRECTION('ref_axis',(1.,0.,0.));
#5613=DIRECTION('',(0.,0.,1.));
#5614=DIRECTION('center_axis',(0.,0.,1.));
#5615=DIRECTION('ref_axis',(1.,0.,0.));
#5616=DIRECTION('',(-0.85716730070211,-1.04972719113862E-16,0.515038074910058));
#5617=DIRECTION('center_axis',(0.,0.,1.));
#5618=DIRECTION('ref_axis',(1.,0.,0.));
#5619=DIRECTION('center_axis',(0.,0.,1.));
#5620=DIRECTION('ref_axis',(1.,0.,0.));
#5621=DIRECTION('center_axis',(0.,0.,1.));
#5622=DIRECTION('ref_axis',(1.,0.,0.));
#5623=DIRECTION('',(-0.707106781186547,-8.65956056235493E-17,0.707106781186548));
#5624=DIRECTION('center_axis',(0.,0.,-1.));
#5625=DIRECTION('ref_axis',(1.,0.,0.));
#5626=DIRECTION('center_axis',(0.,0.,1.));
#5627=DIRECTION('ref_axis',(1.,0.,0.));
#5628=DIRECTION('',(0.,0.,1.));
#5629=DIRECTION('center_axis',(0.,0.,1.));
#5630=DIRECTION('ref_axis',(1.,0.,0.));
#5631=DIRECTION('center_axis',(0.,0.,1.));
#5632=DIRECTION('ref_axis',(1.,0.,0.));
#5633=DIRECTION('',(0.,0.,-1.));
#5634=DIRECTION('center_axis',(0.,0.,1.));
#5635=DIRECTION('ref_axis',(1.,0.,0.));
#5636=DIRECTION('center_axis',(0.,0.,1.));
#5637=DIRECTION('ref_axis',(1.,0.,0.));
#5638=DIRECTION('center_axis',(0.,0.,1.));
#5639=DIRECTION('ref_axis',(1.,0.,0.));
#5640=DIRECTION('',(0.,0.,-1.));
#5641=DIRECTION('center_axis',(0.,0.,1.));
#5642=DIRECTION('ref_axis',(1.,0.,0.));
#5643=DIRECTION('center_axis',(0.,0.,1.));
#5644=DIRECTION('ref_axis',(1.,0.,0.));
#5645=DIRECTION('',(0.,0.,1.));
#5646=DIRECTION('center_axis',(0.,0.,1.));
#5647=DIRECTION('ref_axis',(1.,0.,0.));
#5648=DIRECTION('',(0.,0.,1.));
#5649=DIRECTION('center_axis',(0.,0.,1.));
#5650=DIRECTION('ref_axis',(-0.707106781186548,0.707106781186548,0.));
#5651=DIRECTION('',(0.,0.,-1.));
#5652=DIRECTION('center_axis',(0.,0.,1.));
#5653=DIRECTION('ref_axis',(0.707106781186548,0.707106781186548,0.));
#5654=DIRECTION('',(0.,0.,1.));
#5655=DIRECTION('center_axis',(0.,0.,1.));
#5656=DIRECTION('ref_axis',(-1.,0.,0.));
#5657=DIRECTION('',(0.,0.,1.));
#5658=DIRECTION('center_axis',(0.,0.,1.));
#5659=DIRECTION('ref_axis',(-1.,0.,0.));
#5660=DIRECTION('',(0.,0.,1.));
#5661=DIRECTION('center_axis',(0.,0.,1.));
#5662=DIRECTION('ref_axis',(-1.,0.,0.));
#5663=DIRECTION('',(0.,0.,1.));
#5664=DIRECTION('center_axis',(0.,0.,1.));
#5665=DIRECTION('ref_axis',(-1.,0.,0.));
#5666=DIRECTION('',(0.,0.,1.));
#5667=DIRECTION('',(0.,0.,1.));
#5668=DIRECTION('center_axis',(-1.,0.,0.));
#5669=DIRECTION('ref_axis',(0.,-1.,0.));
#5670=DIRECTION('center_axis',(0.,1.,0.));
#5671=DIRECTION('ref_axis',(-1.,0.,0.));
#5672=DIRECTION('center_axis',(1.,0.,0.));
#5673=DIRECTION('ref_axis',(0.,1.,0.));
#5674=DIRECTION('axis',(0.,0.,1.));
#5675=DIRECTION('refdir',(1.,0.,0.));
#5676=DIRECTION('center_axis',(0.,0.,1.));
#5677=DIRECTION('ref_axis',(-1.,0.,0.));
#5678=DIRECTION('center_axis',(0.,0.,-1.));
#5679=DIRECTION('ref_axis',(-1.,0.,0.));
#5680=DIRECTION('',(0.707106781186547,8.65956056235493E-17,0.707106781186548));
#5681=DIRECTION('center_axis',(0.,0.,1.));
#5682=DIRECTION('ref_axis',(-1.,0.,0.));
#5683=DIRECTION('center_axis',(0.,0.,-1.));
#5684=DIRECTION('ref_axis',(-1.,0.,0.));
#5685=DIRECTION('center_axis',(0.,0.,-1.));
#5686=DIRECTION('ref_axis',(1.,0.,0.));
#5687=DIRECTION('',(0.,0.,-1.));
#5688=DIRECTION('center_axis',(0.,0.,1.));
#5689=DIRECTION('ref_axis',(1.,0.,0.));
#5690=DIRECTION('center_axis',(0.,0.,1.));
#5691=DIRECTION('ref_axis',(1.,0.,0.));
#5692=DIRECTION('center_axis',(0.,0.,1.));
#5693=DIRECTION('ref_axis',(1.,0.,0.));
#5694=DIRECTION('center_axis',(0.,0.,-1.));
#5695=DIRECTION('ref_axis',(-1.,0.,0.));
#5696=DIRECTION('center_axis',(0.,0.,-1.));
#5697=DIRECTION('ref_axis',(-1.,0.,0.));
#5698=DIRECTION('',(0.,0.,1.));
#5699=DIRECTION('center_axis',(0.,0.,1.));
#5700=DIRECTION('ref_axis',(-1.,0.,0.));
#5701=DIRECTION('center_axis',(0.,0.,-1.));
#5702=DIRECTION('ref_axis',(-1.,0.,0.));
#5703=DIRECTION('center_axis',(0.,0.,1.));
#5704=DIRECTION('ref_axis',(1.,0.,0.));
#5705=DIRECTION('',(0.,0.,-1.));
#5706=DIRECTION('center_axis',(0.,0.,-1.));
#5707=DIRECTION('ref_axis',(1.,0.,0.));
#5708=DIRECTION('center_axis',(-6.7506212661409E-16,1.,0.));
#5709=DIRECTION('ref_axis',(-1.,-6.7506212661409E-16,0.));
#5710=DIRECTION('',(-1.,-6.7506212661409E-16,0.));
#5711=DIRECTION('',(0.,0.,1.));
#5712=DIRECTION('',(-1.,-6.7506212661409E-16,0.));
#5713=DIRECTION('',(0.,0.,1.));
#5714=DIRECTION('center_axis',(0.866025403784438,0.5,0.));
#5715=DIRECTION('ref_axis',(-0.5,0.866025403784438,0.));
#5716=DIRECTION('',(-0.5,0.866025403784438,0.));
#5717=DIRECTION('',(-0.5,0.866025403784438,0.));
#5718=DIRECTION('',(0.,0.,1.));
#5719=DIRECTION('center_axis',(0.866025403784439,-0.5,0.));
#5720=DIRECTION('ref_axis',(0.5,0.866025403784439,0.));
#5721=DIRECTION('',(0.5,0.866025403784439,0.));
#5722=DIRECTION('',(0.5,0.866025403784439,0.));
#5723=DIRECTION('',(0.,0.,1.));
#5724=DIRECTION('center_axis',(1.92874893318311E-16,-1.,0.));
#5725=DIRECTION('ref_axis',(1.,1.92874893318311E-16,0.));
#5726=DIRECTION('',(1.,1.92874893318311E-16,0.));
#5727=DIRECTION('',(1.,1.92874893318311E-16,0.));
#5728=DIRECTION('',(0.,0.,1.));
#5729=DIRECTION('center_axis',(-0.866025403784438,-0.5,0.));
#5730=DIRECTION('ref_axis',(0.5,-0.866025403784438,0.));
#5731=DIRECTION('',(0.5,-0.866025403784438,0.));
#5732=DIRECTION('',(0.5,-0.866025403784438,0.));
#5733=DIRECTION('',(0.,0.,1.));
#5734=DIRECTION('center_axis',(-0.866025403784439,0.5,0.));
#5735=DIRECTION('ref_axis',(-0.5,-0.866025403784439,0.));
#5736=DIRECTION('',(-0.5,-0.866025403784439,0.));
#5737=DIRECTION('',(-0.5,-0.866025403784439,0.));
#5738=DIRECTION('center_axis',(0.,0.,1.));
#5739=DIRECTION('ref_axis',(1.,0.,0.));
#5740=DIRECTION('center_axis',(0.,0.,1.));
#5741=DIRECTION('ref_axis',(1.,0.,0.));
#5742=DIRECTION('axis',(0.,0.,1.));
#5743=DIRECTION('refdir',(1.,0.,0.));
#5744=DIRECTION('center_axis',(-0.707106781186547,2.30895949806437E-16,
0.707106781186548));
#5745=DIRECTION('ref_axis',(0.707106781186548,0.,0.707106781186547));
#5746=DIRECTION('',(-3.26536183713281E-16,-1.,0.));
#5747=DIRECTION('',(0.654653670707977,-0.377964473009228,0.654653670707977));
#5748=DIRECTION('',(3.26536183713281E-16,1.,0.));
#5749=DIRECTION('',(0.654653670707977,0.377964473009227,0.654653670707977));
#5750=DIRECTION('center_axis',(-0.353553390593274,0.612372435695795,0.707106781186547));
#5751=DIRECTION('ref_axis',(0.894427190999916,4.71844785465692E-16,0.447213595499958));
#5752=DIRECTION('',(-0.866025403784439,-0.5,0.));
#5753=DIRECTION('',(1.07508641864132E-15,-0.755928946018454,0.654653670707978));
#5754=DIRECTION('',(0.866025403784439,0.5,0.));
#5755=DIRECTION('center_axis',(0.353553390593274,0.612372435695795,0.707106781186547));
#5756=DIRECTION('ref_axis',(0.894427190999916,-4.71844785465692E-16,-0.447213595499958));
#5757=DIRECTION('',(0.866025403784439,-0.5,0.));
#5758=DIRECTION('',(-0.866025403784439,0.5,0.));
#5759=DIRECTION('',(-0.654653670707977,-0.377964473009226,0.654653670707978));
#5760=DIRECTION('center_axis',(0.707106781186548,1.15447974903219E-16,0.707106781186547));
#5761=DIRECTION('ref_axis',(0.707106781186547,0.,-0.707106781186548));
#5762=DIRECTION('',(1.63268091856641E-16,-1.,0.));
#5763=DIRECTION('',(-1.63268091856641E-16,1.,0.));
#5764=DIRECTION('',(-0.654653670707977,0.377964473009227,0.654653670707978));
#5765=DIRECTION('center_axis',(0.353553390593274,-0.612372435695795,0.707106781186547));
#5766=DIRECTION('ref_axis',(0.894427190999916,4.71844785465692E-16,-0.447213595499958));
#5767=DIRECTION('',(-0.866025403784439,-0.5,0.));
#5768=DIRECTION('',(0.866025403784439,0.5,0.));
#5769=DIRECTION('',(6.20942791104143E-16,0.755928946018454,0.654653670707978));
#5770=DIRECTION('center_axis',(-0.353553390593274,-0.612372435695794,0.707106781186547));
#5771=DIRECTION('ref_axis',(0.894427190999916,-4.44089209850063E-16,0.447213595499958));
#5772=DIRECTION('',(-0.866025403784438,0.5,0.));
#5773=DIRECTION('',(0.866025403784438,-0.5,0.));
#5774=DIRECTION('center_axis',(-0.5,0.866025403784439,0.));
#5775=DIRECTION('ref_axis',(0.866025403784439,0.5,0.));
#5776=DIRECTION('',(0.,0.,-1.));
#5777=DIRECTION('center_axis',(-0.5,0.866025403784439,0.));
#5778=DIRECTION('ref_axis',(0.,0.,1.));
#5779=DIRECTION('',(0.,0.,-1.));
#5780=DIRECTION('center_axis',(0.5,0.866025403784439,0.));
#5781=DIRECTION('ref_axis',(0.866025403784439,-0.5,0.));
#5782=DIRECTION('',(0.,0.,-1.));
#5783=DIRECTION('center_axis',(0.5,0.866025403784439,0.));
#5784=DIRECTION('ref_axis',(0.,0.,1.));
#5785=DIRECTION('center_axis',(1.,-3.26536183713281E-16,0.));
#5786=DIRECTION('ref_axis',(-3.26536183713281E-16,-1.,0.));
#5787=DIRECTION('',(0.,0.,-1.));
#5788=DIRECTION('center_axis',(1.,-3.26536183713281E-16,0.));
#5789=DIRECTION('ref_axis',(0.,0.,1.));
#5790=DIRECTION('center_axis',(0.,0.,-1.));
#5791=DIRECTION('ref_axis',(-1.,0.,0.));
#5792=DIRECTION('center_axis',(0.5,0.866025403784438,0.));
#5793=DIRECTION('ref_axis',(0.,0.,1.));
#5794=DIRECTION('center_axis',(-0.5,-0.866025403784439,0.));
#5795=DIRECTION('ref_axis',(0.,0.,1.));
#5796=DIRECTION('center_axis',(-0.5,0.866025403784439,0.));
#5797=DIRECTION('ref_axis',(0.,0.,1.));
#5798=DIRECTION('center_axis',(0.5,-0.866025403784439,0.));
#5799=DIRECTION('ref_axis',(0.,0.,1.));
#5800=DIRECTION('center_axis',(-0.499999999999999,-0.866025403784439,0.));
#5801=DIRECTION('ref_axis',(0.,0.,1.));
#5802=DIRECTION('center_axis',(0.5,0.866025403784439,0.));
#5803=DIRECTION('ref_axis',(0.,0.,1.));
#5804=DIRECTION('center_axis',(-0.5,-0.866025403784439,0.));
#5805=DIRECTION('ref_axis',(0.,0.,1.));
#5806=DIRECTION('center_axis',(0.499999999999999,-0.866025403784439,0.));
#5807=DIRECTION('ref_axis',(0.,0.,1.));
#5808=DIRECTION('center_axis',(0.5,-0.866025403784439,0.));
#5809=DIRECTION('ref_axis',(0.,0.,1.));
#5810=DIRECTION('center_axis',(-0.5,0.866025403784439,0.));
#5811=DIRECTION('ref_axis',(0.,0.,1.));
#5812=DIRECTION('center_axis',(-1.,-1.63268091856641E-16,0.));
#5813=DIRECTION('ref_axis',(0.,0.,1.));
#5814=DIRECTION('center_axis',(1.,1.63268091856641E-16,0.));
#5815=DIRECTION('ref_axis',(0.,0.,1.));
#5816=DIRECTION('center_axis',(1.,1.63268091856641E-16,0.));
#5817=DIRECTION('ref_axis',(0.,0.,1.));
#5818=DIRECTION('center_axis',(-1.,-1.63268091856641E-16,0.));
#5819=DIRECTION('ref_axis',(0.,0.,1.));
#5820=DIRECTION('center_axis',(1.,-3.26536183713281E-16,0.));
#5821=DIRECTION('ref_axis',(0.,0.,1.));
#5822=DIRECTION('center_axis',(-1.,3.26536183713281E-16,0.));
#5823=DIRECTION('ref_axis',(0.,0.,1.));
#5824=DIRECTION('center_axis',(-1.,-1.63268091856641E-16,0.));
#5825=DIRECTION('ref_axis',(-1.63268091856641E-16,1.,0.));
#5826=DIRECTION('',(0.,0.,-1.));
#5827=DIRECTION('center_axis',(-0.5,-0.866025403784439,0.));
#5828=DIRECTION('ref_axis',(-0.866025403784439,0.5,0.));
#5829=DIRECTION('',(0.,0.,-1.));
#5830=DIRECTION('center_axis',(1.83697019872103E-16,0.,1.));
#5831=DIRECTION('ref_axis',(1.,0.,-8.83466597844951E-17));
#5832=DIRECTION('center_axis',(1.22464679914735E-16,-1.,-1.49975978266185E-32));
#5833=DIRECTION('ref_axis',(-1.,-1.22464679914735E-16,1.10433324730619E-16));
#5834=DIRECTION('center_axis',(0.,0.,-1.));
#5835=DIRECTION('ref_axis',(6.12323399573676E-17,1.,0.));
#5836=DIRECTION('center_axis',(0.5,-0.866025403784439,0.));
#5837=DIRECTION('ref_axis',(-0.866025403784439,-0.5,0.));
#5838=DIRECTION('center_axis',(0.,0.,1.));
#5839=DIRECTION('ref_axis',(1.,0.,0.));
#5840=DIRECTION('center_axis',(1.22464679914735E-16,-1.,0.));
#5841=DIRECTION('ref_axis',(-1.,-1.22464679914735E-16,0.));
#5842=DIRECTION('center_axis',(0.,0.,1.));
#5843=DIRECTION('ref_axis',(6.12323399573677E-17,1.,0.));
#5844=DIRECTION('center_axis',(0.,0.,-1.));
#5845=DIRECTION('ref_axis',(-1.,0.,0.));
#5846=DIRECTION('center_axis',(0.,0.,-1.));
#5847=DIRECTION('ref_axis',(1.,0.,0.));
#5848=DIRECTION('center_axis',(0.,0.,1.));
#5849=DIRECTION('ref_axis',(1.,0.,0.));
#5850=DIRECTION('',(0.707106781186548,8.65956056235494E-17,-0.707106781186547));
#5851=DIRECTION('center_axis',(0.,0.,1.));
#5852=DIRECTION('ref_axis',(1.,0.,0.));
#5853=DIRECTION('center_axis',(0.,0.,1.));
#5854=DIRECTION('ref_axis',(1.,0.,0.));
#5855=DIRECTION('center_axis',(0.,0.,-1.));
#5856=DIRECTION('ref_axis',(-1.,0.,0.));
#5857=DIRECTION('center_axis',(0.,0.,-1.));
#5858=DIRECTION('ref_axis',(1.,0.,0.));
#5859=DIRECTION('center_axis',(0.,0.,-1.));
#5860=DIRECTION('ref_axis',(1.,0.,0.));
#5861=DIRECTION('',(0.,0.,1.));
#5862=DIRECTION('center_axis',(0.,0.,1.));
#5863=DIRECTION('ref_axis',(1.,0.,0.));
#5864=DIRECTION('',(0.707106781186547,8.65956056235493E-17,-0.707106781186548));
#5865=DIRECTION('center_axis',(0.,0.,1.));
#5866=DIRECTION('ref_axis',(1.,0.,0.));
#5867=DIRECTION('center_axis',(0.,0.,-1.));
#5868=DIRECTION('ref_axis',(-1.,0.,0.));
#5869=DIRECTION('axis',(0.,0.,1.));
#5870=DIRECTION('refdir',(1.,0.,0.));
#5871=DIRECTION('center_axis',(0.,0.,-1.));
#5872=DIRECTION('ref_axis',(-1.,0.,0.));
#5873=DIRECTION('center_axis',(0.,0.,1.));
#5874=DIRECTION('ref_axis',(-1.,0.,0.));
#5875=DIRECTION('',(0.707106781186548,-8.65956056235494E-17,-0.707106781186547));
#5876=DIRECTION('center_axis',(0.,0.,-1.));
#5877=DIRECTION('ref_axis',(-1.,0.,0.));
#5878=DIRECTION('center_axis',(0.,0.,1.));
#5879=DIRECTION('ref_axis',(-1.,0.,0.));
#5880=DIRECTION('',(0.,0.,1.));
#5881=DIRECTION('center_axis',(0.,0.,-1.));
#5882=DIRECTION('ref_axis',(-1.,0.,0.));
#5883=DIRECTION('center_axis',(0.,0.,1.));
#5884=DIRECTION('ref_axis',(1.,0.,0.));
#5885=DIRECTION('center_axis',(0.,0.,1.));
#5886=DIRECTION('ref_axis',(1.,0.,0.));
#5887=DIRECTION('center_axis',(0.,0.,1.));
#5888=DIRECTION('ref_axis',(-1.,0.,0.));
#5889=DIRECTION('',(0.707106781186547,8.65956056235493E-17,0.707106781186548));
#5890=DIRECTION('center_axis',(0.,0.,1.));
#5891=DIRECTION('ref_axis',(-1.,0.,0.));
#5892=DIRECTION('center_axis',(0.,0.,1.));
#5893=DIRECTION('ref_axis',(1.,0.,0.));
#5894=DIRECTION('center_axis',(0.,0.,1.));
#5895=DIRECTION('ref_axis',(1.,0.,0.));
#5896=DIRECTION('center_axis',(0.,0.,1.));
#5897=DIRECTION('ref_axis',(1.,0.,0.));
#5898=DIRECTION('',(0.,0.,-1.));
#5899=DIRECTION('axis',(0.,0.,1.));
#5900=DIRECTION('refdir',(1.,0.,0.));
#5901=DIRECTION('center_axis',(0.,0.,1.));
#5902=DIRECTION('ref_axis',(1.,0.,0.));
#5903=DIRECTION('center_axis',(0.,0.,1.));
#5904=DIRECTION('ref_axis',(1.,0.,0.));
#5905=DIRECTION('',(0.,0.,-1.));
#5906=DIRECTION('center_axis',(0.,0.,1.));
#5907=DIRECTION('ref_axis',(1.,0.,0.));
#5908=DIRECTION('center_axis',(0.,0.,1.));
#5909=DIRECTION('ref_axis',(1.,0.,0.));
#5910=DIRECTION('center_axis',(0.,0.,-1.));
#5911=DIRECTION('ref_axis',(-1.,0.,0.));
#5912=DIRECTION('center_axis',(0.,0.,-1.));
#5913=DIRECTION('ref_axis',(-1.,0.,0.));
#5914=DIRECTION('center_axis',(0.,0.,-1.));
#5915=DIRECTION('ref_axis',(-1.,0.,0.));
#5916=DIRECTION('',(0.,0.,1.));
#5917=DIRECTION('center_axis',(0.,0.,1.));
#5918=DIRECTION('ref_axis',(-1.,0.,0.));
#5919=DIRECTION('center_axis',(0.,0.,-1.));
#5920=DIRECTION('ref_axis',(1.,0.,0.));
#5921=DIRECTION('center_axis',(0.,0.,-1.));
#5922=DIRECTION('ref_axis',(1.,0.,0.));
#5923=DIRECTION('',(0.,0.,-1.));
#5924=DIRECTION('center_axis',(0.,0.,1.));
#5925=DIRECTION('ref_axis',(1.,0.,0.));
#5926=DIRECTION('center_axis',(0.,0.,1.));
#5927=DIRECTION('ref_axis',(1.,0.,0.));
#5928=DIRECTION('center_axis',(0.,0.,1.));
#5929=DIRECTION('ref_axis',(1.,0.,0.));
#5930=DIRECTION('center_axis',(0.,0.,1.));
#5931=DIRECTION('ref_axis',(-1.,0.,0.));
#5932=DIRECTION('center_axis',(0.,0.,1.));
#5933=DIRECTION('ref_axis',(1.,0.,0.));
#5934=DIRECTION('center_axis',(0.,0.,1.));
#5935=DIRECTION('ref_axis',(1.,0.,0.));
#5936=DIRECTION('',(0.,0.,-1.));
#5937=DIRECTION('center_axis',(0.,0.,-1.));
#5938=DIRECTION('ref_axis',(1.,0.,0.));
#5939=DIRECTION('center_axis',(0.,0.,1.));
#5940=DIRECTION('ref_axis',(1.,0.,0.));
#5941=DIRECTION('center_axis',(0.,0.,-1.));
#5942=DIRECTION('ref_axis',(-1.,0.,0.));
#5943=DIRECTION('center_axis',(0.,0.,-1.));
#5944=DIRECTION('ref_axis',(-1.,0.,0.));
#5945=DIRECTION('center_axis',(0.,0.,1.));
#5946=DIRECTION('ref_axis',(-1.,0.,0.));
#5947=DIRECTION('',(0.,0.,1.));
#5948=DIRECTION('center_axis',(0.,0.,1.));
#5949=DIRECTION('ref_axis',(-1.,0.,0.));
#5950=DIRECTION('center_axis',(0.,0.,-1.));
#5951=DIRECTION('ref_axis',(1.,0.,0.));
#5952=DIRECTION('center_axis',(0.,0.,-1.));
#5953=DIRECTION('ref_axis',(1.,0.,0.));
#5954=DIRECTION('',(0.,0.,-1.));
#5955=DIRECTION('center_axis',(0.,0.,-1.));
#5956=DIRECTION('ref_axis',(1.,0.,0.));
#5957=DIRECTION('center_axis',(0.,0.,1.));
#5958=DIRECTION('ref_axis',(1.,0.,0.));
#5959=DIRECTION('center_axis',(0.,0.,1.));
#5960=DIRECTION('ref_axis',(1.,0.,0.));
#5961=DIRECTION('center_axis',(0.,0.,-1.));
#5962=DIRECTION('ref_axis',(-1.,0.,0.));
#5963=DIRECTION('center_axis',(0.,0.,1.));
#5964=DIRECTION('ref_axis',(1.,0.,0.));
#5965=DIRECTION('',(0.,0.,1.));
#5966=DIRECTION('center_axis',(0.,0.,1.));
#5967=DIRECTION('ref_axis',(-1.,0.,0.));
#5968=DIRECTION('center_axis',(0.,0.,-1.));
#5969=DIRECTION('ref_axis',(-1.,0.,0.));
#5970=DIRECTION('',(-0.707106781186547,-8.65956056235493E-17,-0.707106781186548));
#5971=DIRECTION('center_axis',(0.,0.,-1.));
#5972=DIRECTION('ref_axis',(-1.,0.,0.));
#5973=DIRECTION('center_axis',(0.,0.,1.));
#5974=DIRECTION('ref_axis',(1.,0.,0.));
#5975=DIRECTION('center_axis',(0.,0.,1.));
#5976=DIRECTION('ref_axis',(-1.,0.,0.));
#5977=DIRECTION('center_axis',(0.,0.,1.));
#5978=DIRECTION('ref_axis',(-1.,0.,0.));
#5979=DIRECTION('',(0.,0.,-1.));
#5980=DIRECTION('center_axis',(0.,0.,1.));
#5981=DIRECTION('ref_axis',(1.,0.,0.));
#5982=DIRECTION('center_axis',(0.,0.,-1.));
#5983=DIRECTION('ref_axis',(-1.,0.,0.));
#5984=DIRECTION('',(-0.707106781186547,8.65956056235493E-17,0.707106781186548));
#5985=DIRECTION('center_axis',(0.,0.,1.));
#5986=DIRECTION('ref_axis',(1.,0.,0.));
#5987=DIRECTION('axis',(0.,0.,1.));
#5988=DIRECTION('refdir',(1.,0.,0.));
#5989=DIRECTION('center_axis',(-1.,0.,0.));
#5990=DIRECTION('ref_axis',(0.,0.,-1.));
#5991=DIRECTION('center_axis',(1.,0.,0.));
#5992=DIRECTION('ref_axis',(0.,0.,-1.));
#5993=DIRECTION('',(-0.499999999999998,1.06057523872491E-16,0.86602540378444));
#5994=DIRECTION('center_axis',(-1.,0.,0.));
#5995=DIRECTION('ref_axis',(0.,0.,-1.));
#5996=DIRECTION('center_axis',(1.,0.,0.));
#5997=DIRECTION('ref_axis',(0.,0.,-1.));
#5998=DIRECTION('',(1.,0.,0.));
#5999=DIRECTION('center_axis',(-1.,0.,0.));
#6000=DIRECTION('ref_axis',(0.,0.,1.));
#6001=DIRECTION('center_axis',(-1.,0.,0.));
#6002=DIRECTION('ref_axis',(0.,0.,1.));
#6003=DIRECTION('center_axis',(1.,0.,0.));
#6004=DIRECTION('ref_axis',(0.,0.,-1.));
#6005=DIRECTION('center_axis',(-1.,0.,0.));
#6006=DIRECTION('ref_axis',(0.,1.,0.));
#6007=DIRECTION('center_axis',(-1.,0.,0.));
#6008=DIRECTION('ref_axis',(0.,1.,0.));
#6009=DIRECTION('center_axis',(-1.,0.,0.));
#6010=DIRECTION('ref_axis',(0.,1.,0.));
#6011=DIRECTION('center_axis',(-1.,0.,0.));
#6012=DIRECTION('ref_axis',(0.,1.,0.));
#6013=DIRECTION('center_axis',(-1.,0.,0.));
#6014=DIRECTION('ref_axis',(0.,1.,0.));
#6015=DIRECTION('center_axis',(-1.,0.,0.));
#6016=DIRECTION('ref_axis',(0.,1.,0.));
#6017=DIRECTION('center_axis',(1.,0.,0.));
#6018=DIRECTION('ref_axis',(0.,0.,1.));
#6019=DIRECTION('',(0.499999999999998,1.06057523872491E-16,-0.86602540378444));
#6020=DIRECTION('center_axis',(1.,0.,0.));
#6021=DIRECTION('ref_axis',(0.,0.,1.));
#6022=DIRECTION('center_axis',(1.,0.,0.));
#6023=DIRECTION('ref_axis',(0.,0.,-1.));
#6024=DIRECTION('center_axis',(1.,0.,0.));
#6025=DIRECTION('ref_axis',(0.,1.,0.));
#6026=DIRECTION('center_axis',(1.,0.,0.));
#6027=DIRECTION('ref_axis',(0.,1.,0.));
#6028=DIRECTION('center_axis',(1.,0.,0.));
#6029=DIRECTION('ref_axis',(0.,1.,0.));
#6030=DIRECTION('center_axis',(1.,0.,0.));
#6031=DIRECTION('ref_axis',(0.,1.,0.));
#6032=DIRECTION('center_axis',(1.,0.,0.));
#6033=DIRECTION('ref_axis',(0.,1.,0.));
#6034=DIRECTION('center_axis',(1.,0.,0.));
#6035=DIRECTION('ref_axis',(0.,1.,0.));
#6036=DIRECTION('center_axis',(1.,0.,0.));
#6037=DIRECTION('ref_axis',(0.,-1.,1.22464679914735E-16));
#6038=DIRECTION('center_axis',(1.,0.,0.));
#6039=DIRECTION('ref_axis',(0.,1.,0.));
#6040=DIRECTION('center_axis',(1.,0.,0.));
#6041=DIRECTION('ref_axis',(0.,1.,0.));
#6042=DIRECTION('center_axis',(1.,0.,0.));
#6043=DIRECTION('ref_axis',(0.,1.,0.));
#6044=DIRECTION('center_axis',(1.,0.,0.));
#6045=DIRECTION('ref_axis',(0.,1.,0.));
#6046=DIRECTION('center_axis',(1.,0.,0.));
#6047=DIRECTION('ref_axis',(0.,1.,0.));
#6048=DIRECTION('center_axis',(-1.,0.,0.));
#6049=DIRECTION('ref_axis',(0.,-1.,1.22464679914735E-16));
#6050=DIRECTION('center_axis',(-1.,0.,0.));
#6051=DIRECTION('ref_axis',(0.,1.,0.));
#6052=DIRECTION('center_axis',(-1.,0.,0.));
#6053=DIRECTION('ref_axis',(0.,1.,0.));
#6054=DIRECTION('center_axis',(-1.,0.,0.));
#6055=DIRECTION('ref_axis',(0.,1.,0.));
#6056=DIRECTION('center_axis',(-1.,0.,0.));
#6057=DIRECTION('ref_axis',(0.,1.,0.));
#6058=DIRECTION('center_axis',(-1.,0.,0.));
#6059=DIRECTION('ref_axis',(0.,1.,0.));
#6060=DIRECTION('center_axis',(0.,0.866025403784438,0.5));
#6061=DIRECTION('ref_axis',(1.,0.,0.));
#6062=DIRECTION('',(1.,0.,0.));
#6063=DIRECTION('',(1.,0.,0.));
#6064=DIRECTION('center_axis',(0.,0.,1.));
#6065=DIRECTION('ref_axis',(1.,0.,0.));
#6066=DIRECTION('',(1.,0.,0.));
#6067=DIRECTION('center_axis',(0.,-0.866025403784439,0.5));
#6068=DIRECTION('ref_axis',(0.,-0.5,-0.866025403784439));
#6069=DIRECTION('',(1.,0.,0.));
#6070=DIRECTION('center_axis',(0.,0.866025403784439,-0.499999999999999));
#6071=DIRECTION('ref_axis',(0.,0.499999999999999,0.866025403784439));
#6072=DIRECTION('',(1.,0.,0.));
#6073=DIRECTION('center_axis',(0.,1.68259235058562E-15,-1.));
#6074=DIRECTION('ref_axis',(-1.,0.,0.));
#6075=DIRECTION('',(1.,0.,0.));
#6076=DIRECTION('center_axis',(0.,-0.866025403784438,-0.5));
#6077=DIRECTION('ref_axis',(-1.,0.,0.));
#6078=DIRECTION('',(-5.4615874845081E-34,0.,1.));
#6079=DIRECTION('',(1.,0.,2.53532916256887E-33));
#6080=DIRECTION('',(-6.16297582203915E-33,1.,0.));
#6081=DIRECTION('',(-5.4615874845081E-34,0.,1.));
#6082=DIRECTION('',(-5.4615874845081E-34,0.,1.));
#6083=DIRECTION('',(1.,0.,2.53532916256887E-33));
#6084=DIRECTION('',(5.4615874845081E-34,0.,-1.));
#6085=DIRECTION('',(1.,0.,2.53532916256887E-33));
#6086=DIRECTION('',(-5.4615874845081E-34,0.,1.));
#6087=DIRECTION('',(1.,0.,2.53532916256887E-33));
#6088=DIRECTION('',(5.4615874845081E-34,0.,-1.));
#6089=DIRECTION('',(1.,0.,2.53532916256887E-33));
#6090=DIRECTION('',(-5.4615874845081E-34,0.,1.));
#6091=DIRECTION('',(1.,0.,2.53532916256887E-33));
#6092=DIRECTION('',(5.4615874845081E-34,0.,-1.));
#6093=DIRECTION('',(1.,0.,2.53532916256887E-33));
#6094=DIRECTION('',(-5.4615874845081E-34,0.,1.));
#6095=DIRECTION('',(1.,0.,2.53532916256887E-33));
#6096=DIRECTION('',(5.4615874845081E-34,0.,-1.));
#6097=DIRECTION('',(1.,0.,2.53532916256887E-33));
#6098=DIRECTION('',(5.4615874845081E-34,0.,-1.));
#6099=DIRECTION('',(1.,0.,2.53532916256887E-33));
#6100=DIRECTION('',(-6.16297582203915E-33,1.,0.));
#6101=DIRECTION('',(-5.4615874845081E-34,0.,1.));
#6102=DIRECTION('',(-6.16297582203915E-33,1.,0.));
#6103=DIRECTION('',(-5.4615874845081E-34,0.,1.));
#6104=DIRECTION('',(-2.7755575615629E-16,-5.68177217790311E-18,1.));
#6105=DIRECTION('',(-5.42598517822927E-17,-1.,-5.68177217790312E-18));
#6106=DIRECTION('center_axis',(0.,1.,0.));
#6107=DIRECTION('ref_axis',(1.,0.,0.));
#6108=DIRECTION('center_axis',(0.,-1.,0.));
#6109=DIRECTION('ref_axis',(1.,0.,0.));
#6110=DIRECTION('',(0.,-1.,0.));
#6111=DIRECTION('center_axis',(0.,1.,0.));
#6112=DIRECTION('ref_axis',(1.,0.,0.));
#6113=DIRECTION('',(0.,1.,0.));
#6114=DIRECTION('center_axis',(-0.696504355709474,0.,0.717552564261135));
#6115=DIRECTION('ref_axis',(0.717552564261135,0.,0.696504355709474));
#6116=DIRECTION('',(0.717552564261135,0.,0.696504355709474));
#6117=DIRECTION('',(0.,1.,0.));
#6118=DIRECTION('',(0.717552564261135,0.,0.696504355709474));
#6119=DIRECTION('center_axis',(0.,1.,0.));
#6120=DIRECTION('ref_axis',(1.,0.,0.));
#6121=DIRECTION('center_axis',(0.,1.,0.));
#6122=DIRECTION('ref_axis',(1.,0.,0.));
#6123=DIRECTION('',(0.,1.,0.));
#6124=DIRECTION('center_axis',(0.,1.,0.));
#6125=DIRECTION('ref_axis',(1.,0.,0.));
#6126=DIRECTION('center_axis',(0.,-1.,0.));
#6127=DIRECTION('ref_axis',(1.,0.,0.));
#6128=DIRECTION('center_axis',(0.,-1.,0.));
#6129=DIRECTION('ref_axis',(1.,0.,0.));
#6130=DIRECTION('center_axis',(0.,1.,0.));
#6131=DIRECTION('ref_axis',(1.,0.,0.));
#6132=DIRECTION('center_axis',(0.,1.,0.));
#6133=DIRECTION('ref_axis',(1.,0.,0.));
#6134=DIRECTION('',(0.,1.,0.));
#6135=DIRECTION('center_axis',(0.,1.,0.));
#6136=DIRECTION('ref_axis',(1.,0.,0.));
#6137=DIRECTION('center_axis',(0.,-1.,0.));
#6138=DIRECTION('ref_axis',(1.,0.,0.));
#6139=DIRECTION('center_axis',(0.,-1.,0.));
#6140=DIRECTION('ref_axis',(1.,0.,0.));
#6141=DIRECTION('center_axis',(-0.696504355709474,0.,0.717552564261135));
#6142=DIRECTION('ref_axis',(0.717552564261135,0.,0.696504355709474));
#6143=DIRECTION('',(0.717552564261135,0.,0.696504355709474));
#6144=DIRECTION('',(0.,1.,0.));
#6145=DIRECTION('',(0.717552564261135,0.,0.696504355709474));
#6146=DIRECTION('center_axis',(1.,0.,0.));
#6147=DIRECTION('ref_axis',(0.,0.,-1.));
#6148=DIRECTION('',(0.,0.,-1.));
#6149=DIRECTION('',(0.,0.707106781186547,-0.707106781186548));
#6150=DIRECTION('',(0.,-1.,0.));
#6151=DIRECTION('',(0.,0.707106781186547,0.707106781186548));
#6152=DIRECTION('',(0.,0.,-1.));
#6153=DIRECTION('',(0.,0.707106781186547,-0.707106781186548));
#6154=DIRECTION('',(0.,0.,1.));
#6155=DIRECTION('',(0.,1.,0.));
#6156=DIRECTION('',(0.,0.,1.));
#6157=DIRECTION('',(0.,1.,0.));
#6158=DIRECTION('',(0.,0.,-1.));
#6159=DIRECTION('',(0.,-1.,0.));
#6160=DIRECTION('center_axis',(-0.98368092409598,0.,-0.179921759578097));
#6161=DIRECTION('ref_axis',(-0.179921759578097,0.,0.98368092409598));
#6162=DIRECTION('',(-0.179921759578097,0.,0.98368092409598));
#6163=DIRECTION('',(0.,1.,0.));
#6164=DIRECTION('',(0.179921759578097,0.,-0.98368092409598));
#6165=DIRECTION('',(0.,1.,0.));
#6166=DIRECTION('center_axis',(0.,1.,0.));
#6167=DIRECTION('ref_axis',(1.,0.,0.));
#6168=DIRECTION('center_axis',(0.,-1.,0.));
#6169=DIRECTION('ref_axis',(1.,0.,0.));
#6170=DIRECTION('',(0.,1.,0.));
#6171=DIRECTION('center_axis',(0.,-1.,0.));
#6172=DIRECTION('ref_axis',(1.,0.,0.));
#6173=DIRECTION('center_axis',(0.,1.,0.));
#6174=DIRECTION('ref_axis',(1.,0.,0.));
#6175=DIRECTION('',(0.,1.,0.));
#6176=DIRECTION('center_axis',(0.,-1.,0.));
#6177=DIRECTION('ref_axis',(1.,0.,0.));
#6178=DIRECTION('center_axis',(0.,1.,0.));
#6179=DIRECTION('ref_axis',(1.,0.,0.));
#6180=DIRECTION('center_axis',(0.,1.,0.));
#6181=DIRECTION('ref_axis',(1.,0.,0.));
#6182=DIRECTION('',(0.,1.,0.));
#6183=DIRECTION('center_axis',(0.,-1.,0.));
#6184=DIRECTION('ref_axis',(1.,0.,0.));
#6185=DIRECTION('center_axis',(0.,1.,0.));
#6186=DIRECTION('ref_axis',(1.,0.,0.));
#6187=DIRECTION('center_axis',(0.,1.,0.));
#6188=DIRECTION('ref_axis',(1.,0.,0.));
#6189=DIRECTION('',(0.,1.,0.));
#6190=DIRECTION('center_axis',(0.,-1.,0.));
#6191=DIRECTION('ref_axis',(1.,0.,0.));
#6192=DIRECTION('center_axis',(-0.436586103701123,0.,-0.899662477852151));
#6193=DIRECTION('ref_axis',(-0.899662477852151,0.,0.436586103701123));
#6194=DIRECTION('',(0.899662477852151,0.,-0.436586103701123));
#6195=DIRECTION('',(-0.899662477852151,0.,0.436586103701123));
#6196=DIRECTION('center_axis',(0.,0.707106781186548,0.707106781186547));
#6197=DIRECTION('ref_axis',(1.,0.,0.));
#6198=DIRECTION('',(-1.,0.,0.));
#6199=DIRECTION('',(0.,-0.707106781186547,0.707106781186548));
#6200=DIRECTION('',(1.,0.,0.));
#6201=DIRECTION('center_axis',(0.,0.,1.));
#6202=DIRECTION('ref_axis',(1.,0.,0.));
#6203=DIRECTION('',(0.,-1.,0.));
#6204=DIRECTION('',(-1.,0.,0.));
#6205=DIRECTION('center_axis',(-1.,0.,0.));
#6206=DIRECTION('ref_axis',(0.,0.,1.));
#6207=DIRECTION('',(0.,0.,1.));
#6208=DIRECTION('',(0.,0.,1.));
#6209=DIRECTION('',(0.,-0.707106781186547,0.707106781186548));
#6210=DIRECTION('',(0.,0.,-1.));
#6211=DIRECTION('',(0.,-0.707106781186547,-0.707106781186548));
#6212=DIRECTION('',(0.,0.,-1.));
#6213=DIRECTION('',(0.,1.,0.));
#6214=DIRECTION('',(0.,0.,1.));
#6215=DIRECTION('',(0.,-1.,0.));
#6216=DIRECTION('center_axis',(0.,-0.707106781186548,0.707106781186547));
#6217=DIRECTION('ref_axis',(1.,0.,0.));
#6218=DIRECTION('',(1.,0.,0.));
#6219=DIRECTION('center_axis',(0.,-1.,0.));
#6220=DIRECTION('ref_axis',(0.,0.,-1.));
#6221=DIRECTION('',(1.,0.,0.));
#6222=DIRECTION('',(1.,0.,0.));
#6223=DIRECTION('center_axis',(0.,0.,1.));
#6224=DIRECTION('ref_axis',(0.,-1.,0.));
#6225=DIRECTION('',(1.,0.,0.));
#6226=DIRECTION('center_axis',(0.,1.,0.));
#6227=DIRECTION('ref_axis',(0.,0.,1.));
#6228=DIRECTION('',(1.,0.,0.));
#6229=DIRECTION('center_axis',(0.,0.,-1.));
#6230=DIRECTION('ref_axis',(0.,1.,0.));
#6231=DIRECTION('center_axis',(0.,-0.707106781186548,-0.707106781186547));
#6232=DIRECTION('ref_axis',(0.,0.707106781186547,-0.707106781186548));
#6233=DIRECTION('',(-1.,0.,0.));
#6234=DIRECTION('',(1.,0.,0.));
#6235=DIRECTION('center_axis',(0.,-1.,0.));
#6236=DIRECTION('ref_axis',(0.,0.,-1.));
#6237=DIRECTION('center_axis',(0.,1.,0.));
#6238=DIRECTION('ref_axis',(-1.,0.,0.));
#6239=DIRECTION('',(1.33695552525318E-12,0.,-1.));
#6240=DIRECTION('',(-0.63476150136191,0.,-0.772708118495447));
#6241=DIRECTION('',(-1.,0.,0.));
#6242=DIRECTION('',(0.634761501361676,0.,-0.772708118495639));
#6243=DIRECTION('',(0.,0.,1.));
#6244=DIRECTION('',(-0.707106781186547,0.,-0.707106781186548));
#6245=DIRECTION('center_axis',(0.,-1.,0.));
#6246=DIRECTION('ref_axis',(1.,0.,0.));
#6247=DIRECTION('',(-0.866025403784436,0.,-0.500000000000004));
#6248=DIRECTION('',(2.7470895519765E-15,0.,-1.));
#6249=DIRECTION('',(0.866025403784439,0.,-0.499999999999999));
#6250=DIRECTION('',(0.866025403784436,0.,0.500000000000004));
#6251=DIRECTION('',(-2.7470895519765E-15,0.,1.));
#6252=DIRECTION('',(-0.866025403784439,0.,0.499999999999999));
#6253=DIRECTION('',(0.866025403784436,0.,0.500000000000004));
#6254=DIRECTION('',(-4.12063432796476E-15,0.,1.));
#6255=DIRECTION('',(-0.866025403784441,0.,0.499999999999996));
#6256=DIRECTION('',(-0.866025403784436,0.,-0.500000000000004));
#6257=DIRECTION('',(4.12063432796476E-15,0.,-1.));
#6258=DIRECTION('',(0.866025403784441,0.,-0.499999999999996));
#6259=DIRECTION('center_axis',(0.,-1.,0.));
#6260=DIRECTION('ref_axis',(1.,0.,0.));
#6261=DIRECTION('center_axis',(0.,-1.,0.));
#6262=DIRECTION('ref_axis',(-1.,0.,0.));
#6263=DIRECTION('center_axis',(0.,-1.,0.));
#6264=DIRECTION('ref_axis',(-1.,0.,0.));
#6265=DIRECTION('',(0.866025403784436,0.,0.500000000000005));
#6266=DIRECTION('',(-5.49417910395303E-15,0.,1.));
#6267=DIRECTION('',(-0.866025403784442,0.,0.499999999999994));
#6268=DIRECTION('',(-0.866025403784435,0.,-0.500000000000006));
#6269=DIRECTION('',(5.49417910395303E-15,0.,-1.));
#6270=DIRECTION('',(0.866025403784442,0.,-0.499999999999995));
#6271=DIRECTION('center_axis',(0.,-1.,0.));
#6272=DIRECTION('ref_axis',(1.,0.,0.));
#6273=DIRECTION('',(-0.866025403784438,0.,-0.500000000000001));
#6274=DIRECTION('',(1.37354477598826E-15,0.,-1.));
#6275=DIRECTION('',(0.866025403784439,0.,-0.5));
#6276=DIRECTION('',(0.866025403784438,0.,0.500000000000001));
#6277=DIRECTION('',(-1.37354477598826E-15,0.,1.));
#6278=DIRECTION('',(-0.866025403784439,0.,0.5));
#6279=DIRECTION('center_axis',(0.,1.,0.));
#6280=DIRECTION('ref_axis',(1.,0.,0.));
#6281=DIRECTION('center_axis',(0.,1.,0.));
#6282=DIRECTION('ref_axis',(1.,0.,0.));
#6283=DIRECTION('',(0.,1.,0.));
#6284=DIRECTION('center_axis',(0.,1.,0.));
#6285=DIRECTION('ref_axis',(1.,0.,0.));
#6286=DIRECTION('',(0.,1.,0.));
#6287=DIRECTION('center_axis',(0.,1.,0.));
#6288=DIRECTION('ref_axis',(-1.,0.,0.));
#6289=DIRECTION('',(0.707106781186547,0.,0.707106781186548));
#6290=DIRECTION('',(0.,0.,-1.));
#6291=DIRECTION('',(0.634761501361676,0.,-0.772708118495639));
#6292=DIRECTION('',(1.,0.,0.));
#6293=DIRECTION('',(3.99111730289597E-17,0.,1.));
#6294=DIRECTION('',(1.,0.,0.));
#6295=DIRECTION('',(7.36620013909752E-17,0.,-1.));
#6296=DIRECTION('',(1.,0.,0.));
#6297=DIRECTION('',(0.63476150136191,0.,0.772708118495447));
#6298=DIRECTION('',(-1.33695552525318E-12,0.,1.));
#6299=DIRECTION('',(-0.499999999999999,0.,0.866025403784439));
#6300=DIRECTION('',(0.499999999999999,0.,0.866025403784439));
#6301=DIRECTION('',(1.,0.,2.74708955197652E-15));
#6302=DIRECTION('',(0.499999999999999,0.,-0.866025403784439));
#6303=DIRECTION('',(-0.5,0.,-0.866025403784439));
#6304=DIRECTION('',(-1.,0.,0.));
#6305=DIRECTION('',(-1.,0.,-2.74708955197651E-15));
#6306=DIRECTION('',(-0.5,0.,0.866025403784438));
#6307=DIRECTION('',(0.500000000000001,0.,0.866025403784438));
#6308=DIRECTION('',(1.,0.,2.74708955197651E-15));
#6309=DIRECTION('',(0.500000000000001,0.,-0.866025403784438));
#6310=DIRECTION('',(-0.499999999999999,0.,-0.866025403784439));
#6311=DIRECTION('',(-1.,0.,0.));
#6312=DIRECTION('',(-0.5,0.,0.866025403784439));
#6313=DIRECTION('',(0.5,0.,0.866025403784439));
#6314=DIRECTION('',(1.,0.,0.));
#6315=DIRECTION('',(0.5,0.,-0.866025403784439));
#6316=DIRECTION('',(-0.5,0.,-0.866025403784439));
#6317=DIRECTION('center_axis',(0.,1.,0.));
#6318=DIRECTION('ref_axis',(-1.,0.,0.));
#6319=DIRECTION('center_axis',(0.,1.,0.));
#6320=DIRECTION('ref_axis',(-1.,0.,0.));
#6321=DIRECTION('center_axis',(0.,1.,0.));
#6322=DIRECTION('ref_axis',(-1.,0.,0.));
#6323=DIRECTION('center_axis',(0.,1.,0.));
#6324=DIRECTION('ref_axis',(-1.,0.,0.));
#6325=DIRECTION('center_axis',(-0.49029033784546,0.196116135138175,-0.849207775608449));
#6326=DIRECTION('ref_axis',(-0.866025403784439,2.77555756156289E-17,0.499999999999999));
#6327=DIRECTION('',(-0.194870940738499,-0.974354703692446,-0.112508790092592));
#6328=DIRECTION('',(-0.866025403784439,0.,0.499999999999999));
#6329=DIRECTION('',(2.16350205238236E-14,-0.974354703692447,-0.225017580185201));
#6330=DIRECTION('center_axis',(-0.490290337845465,0.196116135138175,0.849207775608446));
#6331=DIRECTION('ref_axis',(0.866025403784436,1.38777878078145E-17,0.500000000000004));
#6332=DIRECTION('',(0.,-0.974354703692447,0.225017580185201));
#6333=DIRECTION('',(0.866025403784436,0.,0.500000000000004));
#6334=DIRECTION('',(0.194870940738499,0.974354703692448,-0.112508790092575));
#6335=DIRECTION('center_axis',(0.49029033784546,0.196116135138176,0.849207775608449));
#6336=DIRECTION('ref_axis',(0.866025403784439,1.38777878078145E-17,-0.499999999999999));
#6337=DIRECTION('',(0.194870940738486,-0.974354703692448,0.112508790092592));
#6338=DIRECTION('',(0.866025403784439,0.,-0.499999999999999));
#6339=DIRECTION('center_axis',(0.980580675690921,0.196116135138181,2.69374292906059E-15));
#6340=DIRECTION('ref_axis',(2.7470895519765E-15,6.90253292068385E-31,-1.));
#6341=DIRECTION('',(2.7470895519765E-15,0.,-1.));
#6342=DIRECTION('',(0.19487094073849,-0.974354703692445,-0.112508790092609));
#6343=DIRECTION('center_axis',(0.490290337845463,0.196116135138196,-0.849207775608442));
#6344=DIRECTION('ref_axis',(-0.866025403784436,5.55111512312579E-17,-0.500000000000004));
#6345=DIRECTION('',(-0.866025403784436,0.,-0.500000000000004));
#6346=DIRECTION('center_axis',(-0.980580675690918,0.196116135138193,-2.69374292906058E-15));
#6347=DIRECTION('ref_axis',(-2.7470895519765E-15,3.94430452610506E-31,1.));
#6348=DIRECTION('',(-2.7470895519765E-15,0.,1.));
#6349=DIRECTION('center_axis',(0.499999999999999,0.,0.866025403784439));
#6350=DIRECTION('ref_axis',(-0.866025403784439,0.,0.499999999999999));
#6351=DIRECTION('',(0.,-1.,0.));
#6352=DIRECTION('',(-0.866025403784439,0.,0.499999999999999));
#6353=DIRECTION('',(0.,-1.,0.));
#6354=DIRECTION('center_axis',(1.,0.,2.7470895519765E-15));
#6355=DIRECTION('ref_axis',(-2.7470895519765E-15,0.,1.));
#6356=DIRECTION('',(0.,-1.,0.));
#6357=DIRECTION('',(-2.7470895519765E-15,0.,1.));
#6358=DIRECTION('center_axis',(0.500000000000004,0.,-0.866025403784436));
#6359=DIRECTION('ref_axis',(0.866025403784436,0.,0.500000000000004));
#6360=DIRECTION('',(0.,-1.,0.));
#6361=DIRECTION('',(0.866025403784436,0.,0.500000000000004));
#6362=DIRECTION('center_axis',(0.49029033784546,0.196116135138186,-0.849207775608446));
#6363=DIRECTION('ref_axis',(-0.866025403784438,-1.52655665885959E-16,-0.5));
#6364=DIRECTION('',(4.32700410476471E-15,-0.974354703692445,-0.225017580185209));
#6365=DIRECTION('',(-0.866025403784438,0.,-0.500000000000001));
#6366=DIRECTION('',(0.19487094073849,-0.974354703692445,-0.112508790092609));
#6367=DIRECTION('center_axis',(-0.49029033784546,0.196116135138185,-0.849207775608447));
#6368=DIRECTION('ref_axis',(-0.866025403784439,-1.38777878078145E-17,0.5));
#6369=DIRECTION('',(-0.19487094073849,-0.974354703692446,-0.1125087900926));
#6370=DIRECTION('',(-0.866025403784439,0.,0.5));
#6371=DIRECTION('center_axis',(-0.490290337845461,0.196116135138185,0.849207775608446));
#6372=DIRECTION('ref_axis',(0.866025403784438,1.38777878078145E-17,0.500000000000001));
#6373=DIRECTION('',(0.,-0.974354703692447,0.225017580185201));
#6374=DIRECTION('',(0.866025403784438,0.,0.500000000000001));
#6375=DIRECTION('',(0.19487094073849,0.974354703692445,-0.112508790092609));
#6376=DIRECTION('center_axis',(0.49029033784546,0.196116135138186,0.849207775608446));
#6377=DIRECTION('ref_axis',(0.866025403784438,-1.11022302462516E-16,-0.5));
#6378=DIRECTION('',(0.866025403784439,0.,-0.5));
#6379=DIRECTION('',(0.19487094073849,-0.974354703692446,0.1125087900926));
#6380=DIRECTION('center_axis',(-0.98058067569092,0.196116135138185,-1.3468714645303E-15));
#6381=DIRECTION('ref_axis',(-1.37354477598826E-15,-2.95822839457879E-31,
1.));
#6382=DIRECTION('',(-1.37354477598826E-15,0.,1.));
#6383=DIRECTION('center_axis',(0.98058067569092,0.196116135138185,1.3468714645303E-15));
#6384=DIRECTION('ref_axis',(1.37354477598826E-15,-2.95822839457879E-31,
-1.));
#6385=DIRECTION('',(1.37354477598826E-15,0.,-1.));
#6386=DIRECTION('center_axis',(0.5,0.,0.866025403784439));
#6387=DIRECTION('ref_axis',(-0.866025403784439,0.,0.5));
#6388=DIRECTION('',(0.,-1.,0.));
#6389=DIRECTION('',(-0.866025403784439,0.,0.5));
#6390=DIRECTION('',(0.,-1.,0.));
#6391=DIRECTION('center_axis',(1.,0.,1.37354477598826E-15));
#6392=DIRECTION('ref_axis',(-1.37354477598826E-15,0.,1.));
#6393=DIRECTION('',(0.,-1.,0.));
#6394=DIRECTION('',(-1.37354477598826E-15,0.,1.));
#6395=DIRECTION('center_axis',(0.500000000000001,0.,-0.866025403784438));
#6396=DIRECTION('ref_axis',(0.866025403784438,0.,0.500000000000001));
#6397=DIRECTION('',(0.,-1.,0.));
#6398=DIRECTION('',(0.866025403784438,0.,0.500000000000001));
#6399=DIRECTION('center_axis',(-0.490290337845463,0.196116135138186,0.849207775608445));
#6400=DIRECTION('ref_axis',(0.866025403784437,-1.38777878078145E-16,0.500000000000004));
#6401=DIRECTION('',(-1.29810123142942E-14,-0.974354703692447,0.225017580185201));
#6402=DIRECTION('',(0.866025403784436,0.,0.500000000000004));
#6403=DIRECTION('',(-0.194870940738486,-0.974354703692446,0.112508790092609));
#6404=DIRECTION('center_axis',(0.490290337845457,0.196116135138176,0.849207775608451));
#6405=DIRECTION('ref_axis',(0.866025403784441,4.16333634234434E-17,-0.499999999999996));
#6406=DIRECTION('',(0.194870940738486,-0.974354703692447,0.112508790092601));
#6407=DIRECTION('',(0.866025403784441,0.,-0.499999999999996));
#6408=DIRECTION('center_axis',(0.490290337845463,0.196116135138186,-0.849207775608445));
#6409=DIRECTION('ref_axis',(-0.866025403784437,-1.38777878078145E-16,-0.500000000000004));
#6410=DIRECTION('',(-1.73080164190589E-14,-0.974354703692445,-0.225017580185209));
#6411=DIRECTION('',(-0.866025403784436,0.,-0.500000000000004));
#6412=DIRECTION('',(-0.194870940738486,0.974354703692447,0.112508790092601));
#6413=DIRECTION('center_axis',(-0.490290337845455,0.196116135138195,-0.849207775608447));
#6414=DIRECTION('ref_axis',(-0.866025403784441,0.,0.499999999999996));
#6415=DIRECTION('',(-0.866025403784441,0.,0.499999999999996));
#6416=DIRECTION('',(-0.194870940738486,-0.974354703692445,-0.112508790092618));
#6417=DIRECTION('center_axis',(0.980580675690921,0.196116135138181,4.04061439359089E-15));
#6418=DIRECTION('ref_axis',(4.12063432796476E-15,2.95822839457879E-31,-1.));
#6419=DIRECTION('',(4.12063432796476E-15,0.,-1.));
#6420=DIRECTION('center_axis',(-0.980580675690921,0.196116135138181,-4.04061439359089E-15));
#6421=DIRECTION('ref_axis',(-4.12063432796476E-15,2.95822839457879E-31,
1.));
#6422=DIRECTION('',(-4.12063432796476E-15,0.,1.));
#6423=DIRECTION('center_axis',(-0.499999999999996,0.,-0.866025403784441));
#6424=DIRECTION('ref_axis',(0.866025403784441,0.,-0.499999999999996));
#6425=DIRECTION('',(0.,-1.,0.));
#6426=DIRECTION('',(0.866025403784441,0.,-0.499999999999996));
#6427=DIRECTION('',(0.,-1.,0.));
#6428=DIRECTION('center_axis',(-1.,0.,-4.12063432796476E-15));
#6429=DIRECTION('ref_axis',(4.12063432796476E-15,0.,-1.));
#6430=DIRECTION('',(0.,-1.,0.));
#6431=DIRECTION('',(4.12063432796476E-15,0.,-1.));
#6432=DIRECTION('center_axis',(-0.500000000000004,0.,0.866025403784437));
#6433=DIRECTION('ref_axis',(-0.866025403784437,0.,-0.500000000000004));
#6434=DIRECTION('',(0.,-1.,0.));
#6435=DIRECTION('',(-0.866025403784436,0.,-0.500000000000004));
#6436=DIRECTION('center_axis',(0.490290337845466,0.196116135138177,-0.849207775608445));
#6437=DIRECTION('ref_axis',(-0.866025403784436,0.,-0.500000000000005));
#6438=DIRECTION('',(1.73080164190589E-14,-0.974354703692447,-0.225017580185201));
#6439=DIRECTION('',(-0.866025403784436,0.,-0.500000000000005));
#6440=DIRECTION('',(-0.19487094073849,0.974354703692447,0.112508790092592));
#6441=DIRECTION('center_axis',(-0.490290337845456,0.196116135138173,-0.849207775608452));
#6442=DIRECTION('ref_axis',(-0.866025403784442,2.77555756156289E-17,0.499999999999995));
#6443=DIRECTION('',(-0.19487094073849,-0.974354703692447,-0.112508790092592));
#6444=DIRECTION('',(-0.866025403784442,0.,0.499999999999995));
#6445=DIRECTION('center_axis',(-0.980580675690919,0.196116135138189,-5.38748585812119E-15));
#6446=DIRECTION('ref_axis',(-5.49417910395303E-15,0.,1.));
#6447=DIRECTION('',(-0.194870940738495,-0.974354703692446,0.112508790092592));
#6448=DIRECTION('',(-5.49417910395303E-15,0.,1.));
#6449=DIRECTION('center_axis',(-0.490290337845467,0.196116135138177,0.849207775608445));
#6450=DIRECTION('ref_axis',(0.866025403784435,1.38777878078145E-17,0.500000000000006));
#6451=DIRECTION('',(-4.32700410476472E-15,-0.974354703692447,0.225017580185201));
#6452=DIRECTION('',(0.866025403784435,0.,0.500000000000006));
#6453=DIRECTION('center_axis',(0.490290337845455,0.196116135138176,0.849207775608452));
#6454=DIRECTION('ref_axis',(0.866025403784442,2.77555756156289E-17,-0.499999999999994));
#6455=DIRECTION('',(0.866025403784442,0.,-0.499999999999994));
#6456=DIRECTION('',(0.194870940738486,-0.974354703692448,0.112508790092592));
#6457=DIRECTION('center_axis',(0.980580675690921,0.196116135138181,5.3874858581212E-15));
#6458=DIRECTION('ref_axis',(5.49417910395303E-15,0.,-1.));
#6459=DIRECTION('',(5.49417910395303E-15,0.,-1.));
#6460=DIRECTION('center_axis',(-0.499999999999994,0.,-0.866025403784442));
#6461=DIRECTION('ref_axis',(0.866025403784442,0.,-0.499999999999994));
#6462=DIRECTION('',(0.,-1.,0.));
#6463=DIRECTION('',(0.866025403784442,0.,-0.499999999999994));
#6464=DIRECTION('',(0.,-1.,0.));
#6465=DIRECTION('center_axis',(-1.,0.,-5.49417910395303E-15));
#6466=DIRECTION('ref_axis',(5.49417910395303E-15,0.,-1.));
#6467=DIRECTION('',(0.,-1.,0.));
#6468=DIRECTION('',(5.49417910395303E-15,0.,-1.));
#6469=DIRECTION('center_axis',(-0.500000000000005,0.,0.866025403784436));
#6470=DIRECTION('ref_axis',(-0.866025403784436,0.,-0.500000000000005));
#6471=DIRECTION('',(0.,-1.,0.));
#6472=DIRECTION('',(-0.866025403784436,0.,-0.500000000000005));
#6473=DIRECTION('center_axis',(0.499999999999996,0.,0.866025403784441));
#6474=DIRECTION('ref_axis',(-0.866025403784441,0.,0.499999999999996));
#6475=DIRECTION('',(0.,-1.,0.));
#6476=DIRECTION('',(-0.866025403784441,0.,0.499999999999996));
#6477=DIRECTION('center_axis',(1.,0.,4.12063432796476E-15));
#6478=DIRECTION('ref_axis',(-4.12063432796476E-15,0.,1.));
#6479=DIRECTION('',(0.,-1.,0.));
#6480=DIRECTION('',(-4.12063432796476E-15,0.,1.));
#6481=DIRECTION('center_axis',(0.500000000000004,0.,-0.866025403784437));
#6482=DIRECTION('ref_axis',(0.866025403784437,0.,0.500000000000004));
#6483=DIRECTION('',(0.866025403784436,0.,0.500000000000004));
#6484=DIRECTION('center_axis',(0.,1.,0.));
#6485=DIRECTION('ref_axis',(-1.,0.,0.));
#6486=DIRECTION('center_axis',(0.,1.,0.));
#6487=DIRECTION('ref_axis',(-1.,0.,0.));
#6488=DIRECTION('center_axis',(-0.499999999999999,0.,-0.866025403784439));
#6489=DIRECTION('ref_axis',(0.866025403784439,0.,-0.499999999999999));
#6490=DIRECTION('',(0.,-1.,0.));
#6491=DIRECTION('',(0.866025403784439,0.,-0.499999999999999));
#6492=DIRECTION('center_axis',(-1.,0.,-2.7470895519765E-15));
#6493=DIRECTION('ref_axis',(2.7470895519765E-15,0.,-1.));
#6494=DIRECTION('',(0.,-1.,0.));
#6495=DIRECTION('',(2.7470895519765E-15,0.,-1.));
#6496=DIRECTION('center_axis',(-0.500000000000004,0.,0.866025403784436));
#6497=DIRECTION('ref_axis',(-0.866025403784436,0.,-0.500000000000004));
#6498=DIRECTION('',(-0.866025403784436,0.,-0.500000000000004));
#6499=DIRECTION('center_axis',(0.,1.,0.));
#6500=DIRECTION('ref_axis',(-1.,0.,0.));
#6501=DIRECTION('center_axis',(0.,1.,0.));
#6502=DIRECTION('ref_axis',(-1.,0.,0.));
#6503=DIRECTION('center_axis',(0.499999999999995,0.,0.866025403784442));
#6504=DIRECTION('ref_axis',(-0.866025403784442,0.,0.499999999999995));
#6505=DIRECTION('',(0.,-1.,0.));
#6506=DIRECTION('',(-0.866025403784442,0.,0.499999999999995));
#6507=DIRECTION('center_axis',(1.,0.,5.49417910395303E-15));
#6508=DIRECTION('ref_axis',(-5.49417910395303E-15,0.,1.));
#6509=DIRECTION('',(0.,-1.,0.));
#6510=DIRECTION('',(-5.49417910395303E-15,0.,1.));
#6511=DIRECTION('center_axis',(0.500000000000006,0.,-0.866025403784435));
#6512=DIRECTION('ref_axis',(0.866025403784435,0.,0.500000000000006));
#6513=DIRECTION('',(0.866025403784435,0.,0.500000000000006));
#6514=DIRECTION('center_axis',(0.,1.,0.));
#6515=DIRECTION('ref_axis',(-1.,0.,0.));
#6516=DIRECTION('center_axis',(0.,1.,0.));
#6517=DIRECTION('ref_axis',(-1.,0.,0.));
#6518=DIRECTION('center_axis',(-0.5,0.,-0.866025403784439));
#6519=DIRECTION('ref_axis',(0.866025403784439,0.,-0.5));
#6520=DIRECTION('',(0.,-1.,0.));
#6521=DIRECTION('',(0.866025403784439,0.,-0.5));
#6522=DIRECTION('center_axis',(-1.,0.,-1.37354477598826E-15));
#6523=DIRECTION('ref_axis',(1.37354477598826E-15,0.,-1.));
#6524=DIRECTION('',(0.,-1.,0.));
#6525=DIRECTION('',(1.37354477598826E-15,0.,-1.));
#6526=DIRECTION('center_axis',(-0.500000000000001,0.,0.866025403784438));
#6527=DIRECTION('ref_axis',(-0.866025403784438,0.,-0.500000000000001));
#6528=DIRECTION('',(-0.866025403784438,0.,-0.500000000000001));
#6529=DIRECTION('center_axis',(0.,1.,0.));
#6530=DIRECTION('ref_axis',(-1.,0.,0.));
#6531=DIRECTION('center_axis',(0.,1.,0.));
#6532=DIRECTION('ref_axis',(-1.,0.,0.));
#6533=DIRECTION('center_axis',(-0.707106781186548,0.,0.707106781186547));
#6534=DIRECTION('ref_axis',(0.707106781186547,0.,0.707106781186548));
#6535=DIRECTION('',(0.,-1.,0.));
#6536=DIRECTION('center_axis',(-1.,0.,-1.33695552525318E-12));
#6537=DIRECTION('ref_axis',(1.33695552525318E-12,0.,-1.));
#6538=DIRECTION('',(0.,-1.,0.));
#6539=DIRECTION('center_axis',(0.,-1.,0.));
#6540=DIRECTION('ref_axis',(-1.,0.,0.));
#6541=DIRECTION('',(0.,-1.,0.));
#6542=DIRECTION('center_axis',(0.,-1.,0.));
#6543=DIRECTION('ref_axis',(-1.,0.,0.));
#6544=DIRECTION('',(0.,-1.,0.));
#6545=DIRECTION('center_axis',(-0.772708118495447,0.,0.63476150136191));
#6546=DIRECTION('ref_axis',(-0.63476150136191,0.,-0.772708118495447));
#6547=DIRECTION('',(0.,1.,0.));
#6548=DIRECTION('center_axis',(0.,-1.,0.));
#6549=DIRECTION('ref_axis',(-1.,0.,0.));
#6550=DIRECTION('',(0.,-1.,0.));
#6551=DIRECTION('center_axis',(0.,-1.,0.));
#6552=DIRECTION('ref_axis',(-1.,0.,0.));
#6553=DIRECTION('',(0.,-1.,0.));
#6554=DIRECTION('center_axis',(-0.772708118495639,0.,-0.634761501361676));
#6555=DIRECTION('ref_axis',(0.634761501361676,0.,-0.772708118495639));
#6556=DIRECTION('',(0.,1.,0.));
#6557=DIRECTION('',(0.,-1.,0.));
#6558=DIRECTION('center_axis',(-1.,0.,0.));
#6559=DIRECTION('ref_axis',(0.,0.,-1.));
#6560=DIRECTION('center_axis',(0.,-0.707106781186548,-0.707106781186547));
#6561=DIRECTION('ref_axis',(0.,0.707106781186547,-0.707106781186548));
#6562=DIRECTION('',(0.,0.707106781186547,-0.707106781186548));
#6563=DIRECTION('',(1.,0.,0.));
#6564=DIRECTION('',(0.,0.707106781186547,-0.707106781186548));
#6565=DIRECTION('',(1.,0.,0.));
#6566=DIRECTION('center_axis',(0.,-1.,0.));
#6567=DIRECTION('ref_axis',(0.,0.,-1.));
#6568=DIRECTION('',(0.,0.,1.));
#6569=DIRECTION('',(0.,0.,-1.));
#6570=DIRECTION('',(1.,0.,0.));
#6571=DIRECTION('center_axis',(0.,0.,1.));
#6572=DIRECTION('ref_axis',(0.,-1.,0.));
#6573=DIRECTION('',(0.,-1.,0.));
#6574=DIRECTION('',(0.,1.,0.));
#6575=DIRECTION('',(-1.,0.,0.));
#6576=DIRECTION('center_axis',(0.,0.707106781186547,0.707106781186548));
#6577=DIRECTION('ref_axis',(0.,-0.707106781186548,0.707106781186547));
#6578=DIRECTION('',(0.,0.707106781186548,-0.707106781186547));
#6579=DIRECTION('',(0.,-0.707106781186548,0.707106781186547));
#6580=DIRECTION('',(1.,0.,0.));
#6581=DIRECTION('center_axis',(0.,0.,1.));
#6582=DIRECTION('ref_axis',(0.,-1.,0.));
#6583=DIRECTION('',(0.,-1.,0.));
#6584=DIRECTION('',(0.,-1.,0.));
#6585=DIRECTION('center_axis',(-1.,0.,3.99111730289597E-17));
#6586=DIRECTION('ref_axis',(-3.99111730289597E-17,0.,-1.));
#6587=DIRECTION('',(0.,-1.,0.));
#6588=DIRECTION('center_axis',(1.,0.,7.36620013909752E-17));
#6589=DIRECTION('ref_axis',(-7.36620013909752E-17,0.,1.));
#6590=DIRECTION('',(0.,1.,0.));
#6591=DIRECTION('center_axis',(0.,-1.,0.));
#6592=DIRECTION('ref_axis',(-1.,0.,0.));
#6593=DIRECTION('',(0.,-1.,0.));
#6594=DIRECTION('center_axis',(0.,-1.,0.));
#6595=DIRECTION('ref_axis',(-1.,0.,0.));
#6596=DIRECTION('center_axis',(0.,-1.,0.));
#6597=DIRECTION('ref_axis',(-1.,0.,0.));
#6598=DIRECTION('',(0.,-1.,0.));
#6599=DIRECTION('center_axis',(0.,-1.,0.));
#6600=DIRECTION('ref_axis',(-1.,0.,0.));
#6601=DIRECTION('center_axis',(0.,-1.,0.));
#6602=DIRECTION('ref_axis',(1.,0.,0.));
#6603=DIRECTION('',(0.5,0.,-0.866025403784439));
#6604=DIRECTION('',(1.,0.,0.));
#6605=DIRECTION('',(0.5,0.,0.866025403784439));
#6606=DIRECTION('',(-0.5,0.,0.866025403784439));
#6607=DIRECTION('',(-1.,0.,0.));
#6608=DIRECTION('',(-0.5,0.,-0.866025403784439));
#6609=DIRECTION('center_axis',(0.,0.,-1.));
#6610=DIRECTION('ref_axis',(-1.,0.,0.));
#6611=DIRECTION('',(-1.,0.,0.));
#6612=DIRECTION('',(0.,1.,0.));
#6613=DIRECTION('',(0.,1.,0.));
#6614=DIRECTION('center_axis',(-0.866025403784439,0.,-0.5));
#6615=DIRECTION('ref_axis',(-0.5,0.,0.866025403784439));
#6616=DIRECTION('',(-0.5,0.,0.866025403784439));
#6617=DIRECTION('',(0.,1.,0.));
#6618=DIRECTION('center_axis',(-0.866025403784439,0.,0.5));
#6619=DIRECTION('ref_axis',(0.5,0.,0.866025403784439));
#6620=DIRECTION('',(0.5,0.,0.866025403784439));
#6621=DIRECTION('',(0.,1.,0.));
#6622=DIRECTION('center_axis',(0.,-1.,0.));
#6623=DIRECTION('ref_axis',(1.,0.,0.));
#6624=DIRECTION('',(0.5,0.,-0.866025403784439));
#6625=DIRECTION('',(1.,0.,2.74708955197651E-15));
#6626=DIRECTION('',(0.499999999999999,0.,0.866025403784439));
#6627=DIRECTION('',(-0.500000000000001,0.,0.866025403784438));
#6628=DIRECTION('',(-1.,0.,-2.74708955197651E-15));
#6629=DIRECTION('',(-0.500000000000001,0.,-0.866025403784438));
#6630=DIRECTION('center_axis',(2.74708955197651E-15,0.,-1.));
#6631=DIRECTION('ref_axis',(-1.,0.,-2.74708955197651E-15));
#6632=DIRECTION('',(-1.,0.,-2.74708955197651E-15));
#6633=DIRECTION('',(0.,1.,0.));
#6634=DIRECTION('',(0.,1.,0.));
#6635=DIRECTION('center_axis',(-0.866025403784438,0.,-0.500000000000001));
#6636=DIRECTION('ref_axis',(-0.500000000000001,0.,0.866025403784438));
#6637=DIRECTION('',(-0.500000000000001,0.,0.866025403784438));
#6638=DIRECTION('',(0.,1.,0.));
#6639=DIRECTION('center_axis',(-0.866025403784439,0.,0.499999999999999));
#6640=DIRECTION('ref_axis',(0.499999999999999,0.,0.866025403784439));
#6641=DIRECTION('',(0.499999999999999,0.,0.866025403784439));
#6642=DIRECTION('',(0.,1.,0.));
#6643=DIRECTION('center_axis',(-2.74708955197651E-15,0.,1.));
#6644=DIRECTION('ref_axis',(1.,0.,2.74708955197651E-15));
#6645=DIRECTION('',(1.,0.,2.74708955197651E-15));
#6646=DIRECTION('',(0.,1.,0.));
#6647=DIRECTION('center_axis',(0.866025403784439,0.,0.5));
#6648=DIRECTION('ref_axis',(0.5,0.,-0.866025403784439));
#6649=DIRECTION('',(0.5,0.,-0.866025403784438));
#6650=DIRECTION('',(0.,1.,0.));
#6651=DIRECTION('center_axis',(0.866025403784438,0.,-0.500000000000001));
#6652=DIRECTION('ref_axis',(-0.500000000000001,0.,-0.866025403784438));
#6653=DIRECTION('',(-0.500000000000001,0.,-0.866025403784438));
#6654=DIRECTION('center_axis',(0.849207775608447,-0.196116135138178,0.490290337845462));
#6655=DIRECTION('ref_axis',(0.500000000000001,-8.32667268468868E-17,-0.866025403784438));
#6656=DIRECTION('',(0.2250175801852,0.974354703692447,0.));
#6657=DIRECTION('',(0.112508790092609,0.97435470369245,0.194870940738468));
#6658=DIRECTION('center_axis',(-0.849207775608447,-0.19611613513818,-0.490290337845461));
#6659=DIRECTION('ref_axis',(-0.500000000000001,-8.32667268468868E-17,0.866025403784438));
#6660=DIRECTION('',(0.112508790092606,-0.974354703692448,0.194870940738477));
#6661=DIRECTION('',(-0.225017580185199,0.974354703692448,0.));
#6662=DIRECTION('center_axis',(0.849207775608448,-0.196116135138182,-0.490290337845459));
#6663=DIRECTION('ref_axis',(-0.499999999999999,-9.71445146547012E-17,-0.866025403784439));
#6664=DIRECTION('',(0.112508790092613,0.974354703692449,-0.194870940738468));
#6665=DIRECTION('center_axis',(2.6937429290606E-15,-0.196116135138171,-0.980580675690923));
#6666=DIRECTION('ref_axis',(-1.,1.97215226305253E-31,-2.74708955197651E-15));
#6667=DIRECTION('center_axis',(-0.849207775608447,-0.196116135138179,0.490290337845461));
#6668=DIRECTION('ref_axis',(0.500000000000001,-8.32667268468867E-17,0.866025403784438));
#6669=DIRECTION('',(-0.112508790092608,0.97435470369245,0.194870940738468));
#6670=DIRECTION('center_axis',(-2.69374292906061E-15,-0.196116135138163,
0.980580675690924));
#6671=DIRECTION('ref_axis',(1.,-1.18329135783152E-30,2.74708955197652E-15));
#6672=DIRECTION('center_axis',(0.,0.,1.));
#6673=DIRECTION('ref_axis',(1.,0.,0.));
#6674=DIRECTION('',(1.,0.,0.));
#6675=DIRECTION('',(0.,1.,0.));
#6676=DIRECTION('center_axis',(0.866025403784439,0.,0.5));
#6677=DIRECTION('ref_axis',(0.5,0.,-0.866025403784439));
#6678=DIRECTION('',(0.5,0.,-0.866025403784439));
#6679=DIRECTION('',(0.,1.,0.));
#6680=DIRECTION('center_axis',(0.866025403784439,0.,-0.5));
#6681=DIRECTION('ref_axis',(-0.5,0.,-0.866025403784439));
#6682=DIRECTION('',(-0.5,0.,-0.866025403784439));
#6683=DIRECTION('center_axis',(0.849207775608448,-0.196116135138179,0.49029033784546));
#6684=DIRECTION('ref_axis',(0.499999999999999,-8.32667268468868E-17,-0.866025403784439));
#6685=DIRECTION('',(0.225017580185197,0.974354703692448,0.));
#6686=DIRECTION('',(0.112508790092605,0.974354703692448,0.194870940738477));
#6687=DIRECTION('center_axis',(-0.849207775608448,-0.196116135138181,-0.49029033784546));
#6688=DIRECTION('ref_axis',(-0.499999999999999,-6.93889390390723E-17,0.866025403784439));
#6689=DIRECTION('',(0.112508790092609,-0.974354703692448,0.194870940738477));
#6690=DIRECTION('',(-0.225017580185202,0.974354703692447,0.));
#6691=DIRECTION('center_axis',(0.849207775608448,-0.196116135138178,-0.490290337845461));
#6692=DIRECTION('ref_axis',(-0.5,9.71445146547012E-17,-0.866025403784439));
#6693=DIRECTION('',(0.112508790092601,0.974354703692449,-0.194870940738477));
#6694=DIRECTION('center_axis',(0.,-0.196116135138171,-0.980580675690923));
#6695=DIRECTION('ref_axis',(-1.,0.,0.));
#6696=DIRECTION('center_axis',(-0.849207775608447,-0.196116135138184,0.49029033784546));
#6697=DIRECTION('ref_axis',(0.5,1.38777878078144E-17,0.866025403784439));
#6698=DIRECTION('',(-0.112508790092607,0.974354703692448,0.194870940738477));
#6699=DIRECTION('center_axis',(0.,-0.196116135138171,0.980580675690923));
#6700=DIRECTION('ref_axis',(1.,0.,0.));
#6701=DIRECTION('center_axis',(0.,1.,0.));
#6702=DIRECTION('ref_axis',(1.,0.,0.));
#6703=DIRECTION('center_axis',(0.,-1.,0.));
#6704=DIRECTION('ref_axis',(1.,0.,0.));
#6705=DIRECTION('',(0.,1.,0.));
#6706=DIRECTION('center_axis',(0.,-1.,0.));
#6707=DIRECTION('ref_axis',(1.,0.,0.));
#6708=DIRECTION('',(-0.499999999999999,0.,-0.866025403784439));
#6709=DIRECTION('',(0.499999999999999,0.,-0.866025403784439));
#6710=DIRECTION('',(1.,0.,0.));
#6711=DIRECTION('',(0.5,0.,0.866025403784439));
#6712=DIRECTION('',(-0.499999999999999,0.,0.866025403784439));
#6713=DIRECTION('',(-1.,0.,-2.74708955197652E-15));
#6714=DIRECTION('center_axis',(-0.866025403784439,0.,-0.499999999999999));
#6715=DIRECTION('ref_axis',(-0.499999999999999,0.,0.866025403784439));
#6716=DIRECTION('',(-0.499999999999999,0.,0.866025403784439));
#6717=DIRECTION('',(0.,1.,0.));
#6718=DIRECTION('',(0.,1.,0.));
#6719=DIRECTION('center_axis',(-0.866025403784439,0.,0.5));
#6720=DIRECTION('ref_axis',(0.5,0.,0.866025403784439));
#6721=DIRECTION('',(0.5,0.,0.866025403784439));
#6722=DIRECTION('',(0.,1.,0.));
#6723=DIRECTION('center_axis',(0.,0.,1.));
#6724=DIRECTION('ref_axis',(1.,0.,0.));
#6725=DIRECTION('',(1.,0.,0.));
#6726=DIRECTION('',(0.,1.,0.));
#6727=DIRECTION('center_axis',(0.866025403784439,0.,0.499999999999999));
#6728=DIRECTION('ref_axis',(0.499999999999999,0.,-0.866025403784439));
#6729=DIRECTION('',(0.499999999999999,0.,-0.866025403784439));
#6730=DIRECTION('',(0.,1.,0.));
#6731=DIRECTION('center_axis',(0.866025403784439,0.,-0.499999999999999));
#6732=DIRECTION('ref_axis',(-0.499999999999999,0.,-0.866025403784439));
#6733=DIRECTION('',(-0.499999999999999,0.,-0.866025403784439));
#6734=DIRECTION('',(0.,1.,0.));
#6735=DIRECTION('center_axis',(2.74708955197652E-15,0.,-1.));
#6736=DIRECTION('ref_axis',(-1.,0.,-2.74708955197652E-15));
#6737=DIRECTION('',(-1.,0.,-2.74708955197652E-15));
#6738=DIRECTION('center_axis',(0.849207775608448,-0.196116135138178,-0.490290337845461));
#6739=DIRECTION('ref_axis',(-0.5,9.71445146547012E-17,-0.866025403784439));
#6740=DIRECTION('',(0.112508790092602,0.974354703692449,-0.194870940738477));
#6741=DIRECTION('',(0.2250175801852,0.974354703692448,8.65400820952941E-15));
#6742=DIRECTION('center_axis',(-0.849207775608448,-0.196116135138182,0.490290337845459));
#6743=DIRECTION('ref_axis',(0.499999999999999,-9.71445146547012E-17,0.866025403784439));
#6744=DIRECTION('',(0.225017580185202,-0.974354703692447,0.));
#6745=DIRECTION('',(-0.112508790092608,0.974354703692448,0.194870940738477));
#6746=DIRECTION('center_axis',(0.,-0.196116135138171,-0.980580675690923));
#6747=DIRECTION('ref_axis',(-1.,0.,0.));
#6748=DIRECTION('',(-0.112508790092603,0.974354703692449,-0.194870940738477));
#6749=DIRECTION('center_axis',(-0.849207775608448,-0.196116135138179,-0.49029033784546));
#6750=DIRECTION('ref_axis',(-0.499999999999999,-8.32667268468868E-17,0.866025403784439));
#6751=DIRECTION('center_axis',(-2.69374292906061E-15,-0.196116135138171,
0.980580675690923));
#6752=DIRECTION('ref_axis',(1.,2.95822839457879E-31,2.74708955197652E-15));
#6753=DIRECTION('',(0.112508790092607,0.974354703692448,0.194870940738477));
#6754=DIRECTION('center_axis',(0.849207775608448,-0.196116135138183,0.490290337845459));
#6755=DIRECTION('ref_axis',(0.499999999999999,8.32667268468868E-17,-0.866025403784439));
#6756=DIRECTION('center_axis',(0.,0.,-1.));
#6757=DIRECTION('ref_axis',(0.,1.,0.));
#6758=DIRECTION('',(4.23066613019473E-34,-1.,2.3037127760972E-15));
#6759=DIRECTION('',(0.,2.3037127760972E-15,1.));
#6760=CARTESIAN_POINT('',(0.,0.,0.));
#6761=CARTESIAN_POINT('',(0.,0.,0.));
#6762=CARTESIAN_POINT('',(0.,0.,0.));
#6763=CARTESIAN_POINT('',(0.,0.,0.));
#6764=CARTESIAN_POINT('Origin',(-19.,-8.97,0.));
#6765=CARTESIAN_POINT('',(-16.35,-8.97,-1.4));
#6766=CARTESIAN_POINT('Origin',(-19.,-8.97,-1.4));
#6767=CARTESIAN_POINT('',(-16.35,-8.97,0.));
#6768=CARTESIAN_POINT('',(-16.35,-8.97,0.));
#6769=CARTESIAN_POINT('Origin',(-19.,-8.97,0.));
#6770=CARTESIAN_POINT('Origin',(-19.,-8.97,-1.4));
#6771=CARTESIAN_POINT('',(-20.2295,-8.97,-1.4));
#6772=CARTESIAN_POINT('Origin',(-19.,-8.97,-1.4));
#6773=CARTESIAN_POINT('Origin',(-2.,10.03,0.));
#6774=CARTESIAN_POINT('',(0.65,10.03,-1.4));
#6775=CARTESIAN_POINT('Origin',(-2.,10.03,-1.4));
#6776=CARTESIAN_POINT('',(0.65,10.03,0.));
#6777=CARTESIAN_POINT('',(0.65,10.03,0.));
#6778=CARTESIAN_POINT('Origin',(-2.,10.03,0.));
#6779=CARTESIAN_POINT('Origin',(-2.,10.03,-1.4));
#6780=CARTESIAN_POINT('',(-3.2295,10.03,-1.4));
#6781=CARTESIAN_POINT('Origin',(-2.,10.03,-1.4));
#6782=CARTESIAN_POINT('Origin',(-17.6,-23.405,-15.6));
#6783=CARTESIAN_POINT('',(-17.6,-21.53,-18.6));
#6784=CARTESIAN_POINT('',(-14.6,-21.53,-15.6));
#6785=CARTESIAN_POINT('Origin',(-17.6,-21.53,-15.6));
#6786=CARTESIAN_POINT('',(-14.6,-24.03,-15.6));
#6787=CARTESIAN_POINT('',(-14.6,-23.405,-15.6));
#6788=CARTESIAN_POINT('',(-17.6,-24.03,-18.6));
#6789=CARTESIAN_POINT('Origin',(-17.6,-24.03,-15.6));
#6790=CARTESIAN_POINT('',(-17.6,-23.405,-18.6));
#6791=CARTESIAN_POINT('Origin',(-14.6,-24.03,0.));
#6792=CARTESIAN_POINT('',(-14.6,-21.53,-1.));
#6793=CARTESIAN_POINT('',(-14.6,-21.53,0.));
#6794=CARTESIAN_POINT('',(-14.6,-20.53,0.));
#6795=CARTESIAN_POINT('Origin',(-14.6,-20.53,-1.));
#6796=CARTESIAN_POINT('',(-14.6,-24.03,0.));
#6797=CARTESIAN_POINT('',(-14.6,-16.,0.));
#6798=CARTESIAN_POINT('',(-14.6,-24.03,0.));
#6799=CARTESIAN_POINT('Origin',(-14.6,-21.53,0.));
#6800=CARTESIAN_POINT('',(-24.8,-21.53,-18.6));
#6801=CARTESIAN_POINT('',(-14.6,-21.53,-18.6));
#6802=CARTESIAN_POINT('',(-24.8,-21.53,-7.20166847402782));
#6803=CARTESIAN_POINT('',(-24.8,-21.53,-10.9687723982525));
#6804=CARTESIAN_POINT('',(-26.5,-21.53,-7.20166847402782));
#6805=CARTESIAN_POINT('',(-19.7,-21.53,-7.20166847402782));
#6806=CARTESIAN_POINT('',(-26.5,-21.53,-18.6));
#6807=CARTESIAN_POINT('',(-26.5,-21.53,-3.60083423701391));
#6808=CARTESIAN_POINT('',(-29.,-21.53,-18.6));
#6809=CARTESIAN_POINT('',(-14.6,-21.53,-18.6));
#6810=CARTESIAN_POINT('',(-32.,-21.53,-15.6));
#6811=CARTESIAN_POINT('Origin',(-29.,-21.53,-15.6));
#6812=CARTESIAN_POINT('',(-32.,-21.53,-1.));
#6813=CARTESIAN_POINT('',(-32.,-21.53,0.));
#6814=CARTESIAN_POINT('',(-7.3,-21.53,-1.));
#6815=CARTESIAN_POINT('Origin',(-29.,0.625,-15.6));
#6816=CARTESIAN_POINT('',(-29.,-24.03,-18.6));
#6817=CARTESIAN_POINT('',(-32.,-24.03,-15.6));
#6818=CARTESIAN_POINT('Origin',(-29.,-24.03,-15.6));
#6819=CARTESIAN_POINT('',(-32.,0.625,-15.6));
#6820=CARTESIAN_POINT('',(-29.,0.625,-18.6));
#6821=CARTESIAN_POINT('Origin',(-32.,24.03,0.));
#6822=CARTESIAN_POINT('',(-32.,-24.03,0.));
#6823=CARTESIAN_POINT('',(-32.,-24.03,0.));
#6824=CARTESIAN_POINT('',(-32.,-21.53,2.5));
#6825=CARTESIAN_POINT('Origin',(-32.,-21.53,0.));
#6826=CARTESIAN_POINT('',(-32.,14.03,2.5));
#6827=CARTESIAN_POINT('',(-32.,24.03,2.5));
#6828=CARTESIAN_POINT('',(-32.,14.03,0.));
#6829=CARTESIAN_POINT('',(-32.,14.03,0.));
#6830=CARTESIAN_POINT('',(-32.,-20.53,0.));
#6831=CARTESIAN_POINT('',(-32.,24.03,0.));
#6832=CARTESIAN_POINT('Origin',(-32.,-20.53,-1.));
#6833=CARTESIAN_POINT('Origin',(-32.,-24.03,0.));
#6834=CARTESIAN_POINT('',(-16.,-24.03,0.));
#6835=CARTESIAN_POINT('',(-26.5,-24.03,-18.6));
#6836=CARTESIAN_POINT('',(-32.,-24.03,-18.6));
#6837=CARTESIAN_POINT('',(-26.5,-24.03,-7.20166847402782));
#6838=CARTESIAN_POINT('',(-26.5,-24.03,-3.60083423701391));
#6839=CARTESIAN_POINT('',(-24.8,-24.03,-7.20166847402782));
#6840=CARTESIAN_POINT('',(-28.4,-24.03,-7.20166847402782));
#6841=CARTESIAN_POINT('',(-24.8,-24.03,-18.6));
#6842=CARTESIAN_POINT('',(-24.8,-24.03,-10.9687723982525));
#6843=CARTESIAN_POINT('',(-32.,-24.03,-18.6));
#6844=CARTESIAN_POINT('Origin',(-7.3,-20.53,-1.));
#6845=CARTESIAN_POINT('',(-7.3,-20.53,0.));
#6846=CARTESIAN_POINT('Origin',(-16.,-21.53,0.));
#6847=CARTESIAN_POINT('',(-12.,-24.03,0.));
#6848=CARTESIAN_POINT('',(-32.,-24.03,0.));
#6849=CARTESIAN_POINT('',(-12.,-21.53,2.5));
#6850=CARTESIAN_POINT('Origin',(-12.,-21.53,0.));
#6851=CARTESIAN_POINT('',(-16.,-21.53,2.5));
#6852=CARTESIAN_POINT('Origin',(0.,-7.97,2.5));
#6853=CARTESIAN_POINT('',(-12.,-27.97,2.5));
#6854=CARTESIAN_POINT('',(-12.,-24.03,2.5));
#6855=CARTESIAN_POINT('',(12.,-27.97,2.5));
#6856=CARTESIAN_POINT('Origin',(-6.26106813841842E-16,-27.97,2.5));
#6857=CARTESIAN_POINT('',(12.,-21.53,2.5));
#6858=CARTESIAN_POINT('',(12.,-27.97,2.5));
#6859=CARTESIAN_POINT('',(32.,-21.53,2.5));
#6860=CARTESIAN_POINT('',(6.,-21.53,2.5));
#6861=CARTESIAN_POINT('',(32.,14.03,2.5));
#6862=CARTESIAN_POINT('',(32.,-24.03,2.5));
#6863=CARTESIAN_POINT('',(22.,24.03,2.5));
#6864=CARTESIAN_POINT('Origin',(22.,14.03,2.5));
#6865=CARTESIAN_POINT('',(-22.,24.03,2.5));
#6866=CARTESIAN_POINT('',(32.,24.03,2.5));
#6867=CARTESIAN_POINT('Origin',(-22.,14.03,2.5));
#6868=CARTESIAN_POINT('',(20.865,-0.669999999999997,2.5));
#6869=CARTESIAN_POINT('Origin',(23.5,-0.669999999999997,2.5));
#6870=CARTESIAN_POINT('',(6.865,-0.669999999999997,2.5));
#6871=CARTESIAN_POINT('Origin',(9.5,-0.669999999999997,2.5));
#6872=CARTESIAN_POINT('',(-3.2295,10.03,2.5));
#6873=CARTESIAN_POINT('Origin',(-2.,10.03,2.5));
#6874=CARTESIAN_POINT('',(-20.2295,-8.97,2.5));
#6875=CARTESIAN_POINT('Origin',(-19.,-8.97,2.5));
#6876=CARTESIAN_POINT('',(3.6,-27.97,2.5));
#6877=CARTESIAN_POINT('Origin',(-6.26106813841842E-16,-27.97,2.5));
#6878=CARTESIAN_POINT('',(22.53,12.03,2.5));
#6879=CARTESIAN_POINT('Origin',(20.,12.03,2.5));
#6880=CARTESIAN_POINT('',(-17.47,12.03,2.5));
#6881=CARTESIAN_POINT('Origin',(-20.,12.03,2.5));
#6882=CARTESIAN_POINT('Origin',(-24.8,-24.03,-7.20166847402782));
#6883=CARTESIAN_POINT('',(-24.8,-24.03,-7.20166847402782));
#6884=CARTESIAN_POINT('',(-26.5,-24.03,-7.20166847402782));
#6885=CARTESIAN_POINT('Origin',(-24.8,-24.03,-21.937544796505));
#6886=CARTESIAN_POINT('',(-24.8,-23.405,-18.6));
#6887=CARTESIAN_POINT('Origin',(-26.5,-24.03,-7.20166847402782));
#6888=CARTESIAN_POINT('',(-26.5,-23.405,-18.6));
#6889=CARTESIAN_POINT('Origin',(-23.3,-22.78,-18.6));
#6890=CARTESIAN_POINT('Origin',(-23.3,-22.78,-18.6));
#6891=CARTESIAN_POINT('Origin',(24.8,-24.03,-7.20166847402782));
#6892=CARTESIAN_POINT('',(26.5,-21.53,-7.20166847402782));
#6893=CARTESIAN_POINT('',(24.8,-21.53,-7.20166847402782));
#6894=CARTESIAN_POINT('',(19.7,-21.53,-7.20166847402782));
#6895=CARTESIAN_POINT('',(26.5,-24.03,-7.20166847402782));
#6896=CARTESIAN_POINT('',(26.5,-24.03,-7.20166847402782));
#6897=CARTESIAN_POINT('',(24.8,-24.03,-7.20166847402782));
#6898=CARTESIAN_POINT('',(18.4,-24.03,-7.20166847402782));
#6899=CARTESIAN_POINT('',(24.8,-24.03,-7.20166847402782));
#6900=CARTESIAN_POINT('Origin',(24.8,-24.03,-21.937544796505));
#6901=CARTESIAN_POINT('',(24.8,-21.53,-18.6));
#6902=CARTESIAN_POINT('',(24.8,-21.53,-10.9687723982525));
#6903=CARTESIAN_POINT('',(24.8,-24.03,-18.6));
#6904=CARTESIAN_POINT('',(24.8,-24.03,-10.9687723982525));
#6905=CARTESIAN_POINT('',(24.8,-23.405,-18.6));
#6906=CARTESIAN_POINT('Origin',(26.5,-24.03,-7.20166847402782));
#6907=CARTESIAN_POINT('',(26.5,-21.53,-18.6));
#6908=CARTESIAN_POINT('',(26.5,-21.53,-3.60083423701391));
#6909=CARTESIAN_POINT('',(26.5,-24.03,-18.6));
#6910=CARTESIAN_POINT('',(26.5,-23.405,-18.6));
#6911=CARTESIAN_POINT('',(26.5,-24.03,-3.60083423701391));
#6912=CARTESIAN_POINT('Origin',(14.6,-21.53,0.));
#6913=CARTESIAN_POINT('',(17.6,-21.53,-18.6));
#6914=CARTESIAN_POINT('',(14.6,-21.53,-18.6));
#6915=CARTESIAN_POINT('',(14.6,-21.53,-15.6));
#6916=CARTESIAN_POINT('Origin',(17.6,-21.53,-15.6));
#6917=CARTESIAN_POINT('',(14.6,-21.53,-1.));
#6918=CARTESIAN_POINT('',(14.6,-21.53,0.));
#6919=CARTESIAN_POINT('',(32.,-21.53,-1.));
#6920=CARTESIAN_POINT('',(7.3,-21.53,-1.));
#6921=CARTESIAN_POINT('',(32.,-21.53,-15.6));
#6922=CARTESIAN_POINT('',(32.,-21.53,0.));
#6923=CARTESIAN_POINT('',(29.,-21.53,-18.6));
#6924=CARTESIAN_POINT('Origin',(29.,-21.53,-15.6));
#6925=CARTESIAN_POINT('',(14.6,-21.53,-18.6));
#6926=CARTESIAN_POINT('Origin',(23.3,-22.78,-18.6));
#6927=CARTESIAN_POINT('',(17.6,-24.03,-18.6));
#6928=CARTESIAN_POINT('',(32.,-24.03,-18.6));
#6929=CARTESIAN_POINT('',(17.6,-23.405,-18.6));
#6930=CARTESIAN_POINT('Origin',(17.6,-23.405,-15.6));
#6931=CARTESIAN_POINT('',(14.6,-24.03,-15.6));
#6932=CARTESIAN_POINT('Origin',(17.6,-24.03,-15.6));
#6933=CARTESIAN_POINT('',(14.6,-23.405,-15.6));
#6934=CARTESIAN_POINT('Origin',(23.3,-22.78,-18.6));
#6935=CARTESIAN_POINT('',(29.,-24.03,-18.6));
#6936=CARTESIAN_POINT('',(29.,-23.405,-18.6));
#6937=CARTESIAN_POINT('',(32.,-24.03,-18.6));
#6938=CARTESIAN_POINT('Origin',(29.,-23.405,-15.6));
#6939=CARTESIAN_POINT('',(32.,-24.03,-15.6));
#6940=CARTESIAN_POINT('Origin',(29.,-24.03,-15.6));
#6941=CARTESIAN_POINT('',(32.,-23.405,-15.6));
#6942=CARTESIAN_POINT('Origin',(12.,-24.03,0.));
#6943=CARTESIAN_POINT('',(32.,-24.03,0.));
#6944=CARTESIAN_POINT('',(32.,-24.03,0.));
#6945=CARTESIAN_POINT('',(14.6,-24.03,0.));
#6946=CARTESIAN_POINT('',(6.,-24.03,0.));
#6947=CARTESIAN_POINT('',(14.6,-24.03,0.));
#6948=CARTESIAN_POINT('Origin',(32.,-24.03,0.));
#6949=CARTESIAN_POINT('',(32.,-20.53,0.));
#6950=CARTESIAN_POINT('Origin',(32.,-20.53,-1.));
#6951=CARTESIAN_POINT('',(32.,14.03,0.));
#6952=CARTESIAN_POINT('',(32.,-24.03,0.));
#6953=CARTESIAN_POINT('',(32.,14.03,0.));
#6954=CARTESIAN_POINT('Origin',(32.,-21.53,0.));
#6955=CARTESIAN_POINT('Origin',(7.3,-20.53,-1.));
#6956=CARTESIAN_POINT('',(14.6,-20.53,0.));
#6957=CARTESIAN_POINT('Origin',(14.6,-20.53,-1.));
#6958=CARTESIAN_POINT('',(7.3,-20.53,0.));
#6959=CARTESIAN_POINT('Origin',(0.,-7.97,0.));
#6960=CARTESIAN_POINT('',(-22.,24.03,0.));
#6961=CARTESIAN_POINT('Origin',(-22.,14.03,0.));
#6962=CARTESIAN_POINT('',(22.,24.03,0.));
#6963=CARTESIAN_POINT('',(32.,24.03,0.));
#6964=CARTESIAN_POINT('Origin',(22.,14.03,0.));
#6965=CARTESIAN_POINT('',(14.6,-16.,0.));
#6966=CARTESIAN_POINT('',(12.,-24.03,0.));
#6967=CARTESIAN_POINT('',(12.,-24.03,0.));
#6968=CARTESIAN_POINT('',(12.,-27.97,0.));
#6969=CARTESIAN_POINT('',(12.,-27.97,0.));
#6970=CARTESIAN_POINT('',(-12.,-27.97,0.));
#6971=CARTESIAN_POINT('Origin',(-6.26106813841842E-16,-27.97,0.));
#6972=CARTESIAN_POINT('',(-12.,-24.03,0.));
#6973=CARTESIAN_POINT('',(3.6,-27.97,0.));
#6974=CARTESIAN_POINT('Origin',(-6.26106813841842E-16,-27.97,0.));
#6975=CARTESIAN_POINT('',(22.53,12.03,0.));
#6976=CARTESIAN_POINT('Origin',(20.,12.03,0.));
#6977=CARTESIAN_POINT('',(-17.47,12.03,0.));
#6978=CARTESIAN_POINT('Origin',(-20.,12.03,0.));
#6979=CARTESIAN_POINT('Origin',(6.,-21.53,0.));
#6980=CARTESIAN_POINT('Origin',(12.,-21.53,0.));
#6981=CARTESIAN_POINT('Origin',(14.6,-24.03,0.));
#6982=CARTESIAN_POINT('Origin',(9.5,-0.669999999999997,3.42062093445281));
#6983=CARTESIAN_POINT('',(9.5,-0.669999999999997,3.05124186890561));
#6984=CARTESIAN_POINT('',(8.2705,-0.669999999999997,3.79));
#6985=CARTESIAN_POINT('',(8.88525,-0.669999999999997,3.42062093445281));
#6986=CARTESIAN_POINT('Origin',(9.5,-0.669999999999997,3.79));
#6987=CARTESIAN_POINT('Origin',(9.5,-0.669999999999997,6.65475));
#6988=CARTESIAN_POINT('',(8.2705,-0.669999999999997,6.2695));
#6989=CARTESIAN_POINT('Origin',(9.5,-0.669999999999997,6.2695));
#6990=CARTESIAN_POINT('',(7.5,-0.669999999999997,7.04));
#6991=CARTESIAN_POINT('',(7.88525,-0.669999999999997,6.65475));
#6992=CARTESIAN_POINT('Origin',(9.5,-0.669999999999997,7.04));
#6993=CARTESIAN_POINT('Origin',(9.5,-0.669999999999997,5.415));
#6994=CARTESIAN_POINT('',(8.2705,-0.669999999999997,5.415));
#6995=CARTESIAN_POINT('Origin',(23.5,-0.669999999999997,3.42062093445281));
#6996=CARTESIAN_POINT('',(23.5,-0.669999999999997,3.05124186890561));
#6997=CARTESIAN_POINT('',(22.2705,-0.669999999999997,3.79));
#6998=CARTESIAN_POINT('',(22.88525,-0.669999999999997,3.42062093445281));
#6999=CARTESIAN_POINT('Origin',(23.5,-0.669999999999997,3.79));
#7000=CARTESIAN_POINT('Origin',(23.5,-0.669999999999997,6.65475));
#7001=CARTESIAN_POINT('',(22.2705,-0.669999999999997,6.2695));
#7002=CARTESIAN_POINT('Origin',(23.5,-0.669999999999997,6.2695));
#7003=CARTESIAN_POINT('',(21.5,-0.669999999999997,7.04));
#7004=CARTESIAN_POINT('',(21.88525,-0.669999999999997,6.65475));
#7005=CARTESIAN_POINT('Origin',(23.5,-0.669999999999997,7.04));
#7006=CARTESIAN_POINT('Origin',(23.5,-0.669999999999997,5.415));
#7007=CARTESIAN_POINT('',(22.2705,-0.669999999999997,5.415));
#7008=CARTESIAN_POINT('Origin',(23.5,-0.669999999999997,2.5));
#7009=CARTESIAN_POINT('',(20.865,-0.669999999999997,7.04));
#7010=CARTESIAN_POINT('Origin',(23.5,-0.669999999999997,7.04));
#7011=CARTESIAN_POINT('',(20.865,-0.669999999999997,2.5));
#7012=CARTESIAN_POINT('Origin',(23.5,-0.669999999999997,7.04));
#7013=CARTESIAN_POINT('Origin',(9.5,-0.669999999999997,2.5));
#7014=CARTESIAN_POINT('',(6.865,-0.669999999999997,7.04));
#7015=CARTESIAN_POINT('Origin',(9.5,-0.669999999999997,7.04));
#7016=CARTESIAN_POINT('',(6.865,-0.669999999999997,2.5));
#7017=CARTESIAN_POINT('Origin',(9.5,-0.669999999999997,7.04));
#7018=CARTESIAN_POINT('Origin',(-2.,10.03,-88.0441881072441));
#7019=CARTESIAN_POINT('',(-3.2295,10.03,-88.0441881072441));
#7020=CARTESIAN_POINT('Origin',(-19.,-8.97,-88.0441881072441));
#7021=CARTESIAN_POINT('',(-20.2295,-8.97,-88.0441881072441));
#7022=CARTESIAN_POINT('Origin',(-22.,14.03,0.));
#7023=CARTESIAN_POINT('',(-22.,24.03,0.));
#7024=CARTESIAN_POINT('Origin',(22.,14.03,0.));
#7025=CARTESIAN_POINT('',(22.,24.03,0.));
#7026=CARTESIAN_POINT('Origin',(-20.,12.03,0.));
#7027=CARTESIAN_POINT('',(-17.47,12.03,0.));
#7028=CARTESIAN_POINT('Origin',(20.,12.03,0.));
#7029=CARTESIAN_POINT('',(22.53,12.03,0.));
#7030=CARTESIAN_POINT('Origin',(-6.26106813841842E-16,-27.97,0.));
#7031=CARTESIAN_POINT('',(3.6,-27.97,0.));
#7032=CARTESIAN_POINT('Origin',(-6.26106813841842E-16,-27.97,0.));
#7033=CARTESIAN_POINT('',(12.,-27.97,0.));
#7034=CARTESIAN_POINT('',(-12.,-27.97,0.));
#7035=CARTESIAN_POINT('Origin',(-12.,-24.03,0.));
#7036=CARTESIAN_POINT('Origin',(32.,24.03,0.));
#7037=CARTESIAN_POINT('Origin',(12.,-27.97,0.));
#7038=CARTESIAN_POINT('',(0.,0.,0.));
#7039=CARTESIAN_POINT('Origin',(-0.93,0.,9.95));
#7040=CARTESIAN_POINT('',(-3.38,3.00038465791102E-16,9.9));
#7041=CARTESIAN_POINT('',(1.52,3.00038465791102E-16,9.9));
#7042=CARTESIAN_POINT('Origin',(-0.93,0.,9.9));
#7043=CARTESIAN_POINT('',(1.62,3.12284933782575E-16,10.));
#7044=CARTESIAN_POINT('',(1.57,3.06161699786838E-16,9.95));
#7045=CARTESIAN_POINT('Origin',(-0.93,0.,10.));
#7046=CARTESIAN_POINT('Origin',(-0.93,0.,9.9));
#7047=CARTESIAN_POINT('Origin',(-0.93,0.,10.));
#7048=CARTESIAN_POINT('',(-3.38,3.00038465791102E-16,-0.5));
#7049=CARTESIAN_POINT('',(-3.38,3.00038465791102E-16,10.));
#7050=CARTESIAN_POINT('Origin',(-0.93,0.,-0.5));
#7051=CARTESIAN_POINT('Origin',(0.,0.,10.));
#7052=CARTESIAN_POINT('',(-3.52,-4.31075673299868E-16,10.));
#7053=CARTESIAN_POINT('Origin',(0.,0.,10.));
#7054=CARTESIAN_POINT('Origin',(-0.93,0.,0.));
#7055=CARTESIAN_POINT('',(2.59,-4.31075673299868E-16,-0.5));
#7056=CARTESIAN_POINT('Origin',(-0.93,0.,-0.5));
#7057=CARTESIAN_POINT('',(2.59,-4.31075673299868E-16,0.));
#7058=CARTESIAN_POINT('',(2.59,-4.31075673299868E-16,0.));
#7059=CARTESIAN_POINT('Origin',(-0.93,0.,0.));
#7060=CARTESIAN_POINT('Origin',(-0.93,0.,-0.5));
#7061=CARTESIAN_POINT('Origin',(0.,0.,7.8));
#7062=CARTESIAN_POINT('',(-3.52,-4.31075673299868E-16,7.8));
#7063=CARTESIAN_POINT('',(-3.52,-4.31075673299868E-16,7.8));
#7064=CARTESIAN_POINT('Origin',(0.,0.,7.8));
#7065=CARTESIAN_POINT('Origin',(2.87809109191028,4.98500000000001,0.));
#7066=CARTESIAN_POINT('',(2.87809109191028,4.98500000000001,0.));
#7067=CARTESIAN_POINT('',(-2.87809109191029,4.985,0.));
#7068=CARTESIAN_POINT('',(2.87809109191028,4.98500000000001,0.));
#7069=CARTESIAN_POINT('',(-2.87809109191029,4.985,7.8));
#7070=CARTESIAN_POINT('',(-2.87809109191029,4.985,0.));
#7071=CARTESIAN_POINT('',(2.87809109191028,4.98500000000001,7.8));
#7072=CARTESIAN_POINT('',(2.87809109191028,4.98500000000001,7.8));
#7073=CARTESIAN_POINT('',(2.87809109191028,4.98500000000001,0.));
#7074=CARTESIAN_POINT('Origin',(5.75618218382057,3.15034705657715E-15,0.));
#7075=CARTESIAN_POINT('',(5.75618218382057,3.09023971747771E-15,0.));
#7076=CARTESIAN_POINT('',(5.75618218382057,3.33066907387547E-15,0.));
#7077=CARTESIAN_POINT('',(5.75618218382057,3.33066907387547E-15,7.8));
#7078=CARTESIAN_POINT('',(5.75618218382057,3.33066907387547E-15,7.8));
#7079=CARTESIAN_POINT('',(5.75618218382057,3.09023971747771E-15,0.));
#7080=CARTESIAN_POINT('Origin',(2.87809109191029,-4.985,0.));
#7081=CARTESIAN_POINT('',(2.87809109191029,-4.985,0.));
#7082=CARTESIAN_POINT('',(2.87809109191029,-4.985,0.));
#7083=CARTESIAN_POINT('',(2.87809109191029,-4.985,7.8));
#7084=CARTESIAN_POINT('',(2.87809109191029,-4.985,7.8));
#7085=CARTESIAN_POINT('',(2.87809109191029,-4.985,0.));
#7086=CARTESIAN_POINT('Origin',(-2.87809109191028,-4.985,0.));
#7087=CARTESIAN_POINT('',(-2.87809109191028,-4.985,0.));
#7088=CARTESIAN_POINT('',(-2.87809109191028,-4.985,0.));
#7089=CARTESIAN_POINT('',(-2.87809109191028,-4.985,7.8));
#7090=CARTESIAN_POINT('',(-2.87809109191028,-4.985,7.8));
#7091=CARTESIAN_POINT('',(-2.87809109191028,-4.985,0.));
#7092=CARTESIAN_POINT('Origin',(-5.75618218382057,3.71141599655768E-16,
0.));
#7093=CARTESIAN_POINT('',(-5.75618218382057,3.09818295436831E-16,0.));
#7094=CARTESIAN_POINT('',(-5.75618218382057,5.55111512312578E-16,0.));
#7095=CARTESIAN_POINT('',(-5.75618218382057,5.55111512312578E-16,7.8));
#7096=CARTESIAN_POINT('',(-5.75618218382057,5.55111512312578E-16,7.8));
#7097=CARTESIAN_POINT('',(-5.75618218382057,3.09818295436831E-16,0.));
#7098=CARTESIAN_POINT('Origin',(-2.87809109191029,4.985,0.));
#7099=CARTESIAN_POINT('',(-2.87809109191029,4.985,0.));
#7100=CARTESIAN_POINT('',(-2.87809109191029,4.985,7.8));
#7101=CARTESIAN_POINT('Origin',(5.55111512312578E-16,4.44089209850063E-15,
7.8));
#7102=CARTESIAN_POINT('Origin',(5.55111512312578E-16,4.16333634234434E-15,
0.));
#7103=CARTESIAN_POINT('',(0.,0.,0.));
#7104=CARTESIAN_POINT('Origin',(1.37224318643355,0.425,1.1));
#7105=CARTESIAN_POINT('',(1.27224318643355,0.734529946162074,1.));
#7106=CARTESIAN_POINT('',(1.27224318643355,-0.734529946162075,1.));
#7107=CARTESIAN_POINT('',(1.27224318643355,0.425,1.));
#7108=CARTESIAN_POINT('',(1.47224318643355,-0.850000000000001,1.2));
#7109=CARTESIAN_POINT('',(1.27224318643355,-0.734529946162075,1.));
#7110=CARTESIAN_POINT('',(1.47224318643355,0.85,1.2));
#7111=CARTESIAN_POINT('',(1.47224318643355,0.424999999999999,1.2));
#7112=CARTESIAN_POINT('',(1.27224318643355,0.734529946162074,1.));
#7113=CARTESIAN_POINT('Origin',(1.05418238982516,-0.975897459621556,1.1));
#7114=CARTESIAN_POINT('',(-2.42861286636753E-16,-1.46905989232415,1.));
#7115=CARTESIAN_POINT('',(1.00418238982516,-0.889294919243113,1.));
#7116=CARTESIAN_POINT('',(1.6194100460362E-17,-1.7,1.2));
#7117=CARTESIAN_POINT('',(-3.12250225675825E-16,-1.46905989232415,1.));
#7118=CARTESIAN_POINT('',(1.10418238982516,-1.0625,1.2));
#7119=CARTESIAN_POINT('Origin',(-0.318060796608386,-1.40089745962156,1.1));
#7120=CARTESIAN_POINT('',(-1.47224318643355,-0.85,1.2));
#7121=CARTESIAN_POINT('',(-0.368060796608386,-1.4875,1.2));
#7122=CARTESIAN_POINT('',(-1.27224318643355,-0.734529946162076,1.));
#7123=CARTESIAN_POINT('',(-0.268060796608386,-1.31429491924311,1.));
#7124=CARTESIAN_POINT('',(-1.27224318643355,-0.734529946162076,1.));
#7125=CARTESIAN_POINT('Origin',(-1.37224318643355,-0.425,1.1));
#7126=CARTESIAN_POINT('',(-1.47224318643355,0.85,1.2));
#7127=CARTESIAN_POINT('',(-1.47224318643355,-0.425,1.2));
#7128=CARTESIAN_POINT('',(-1.27224318643355,0.734529946162075,1.));
#7129=CARTESIAN_POINT('',(-1.27224318643355,-0.425,1.));
#7130=CARTESIAN_POINT('',(-1.27224318643355,0.734529946162075,1.));
#7131=CARTESIAN_POINT('Origin',(-1.05418238982516,0.975897459621556,1.1));
#7132=CARTESIAN_POINT('',(3.28479034242937E-16,1.7,1.2));
#7133=CARTESIAN_POINT('',(-1.10418238982516,1.0625,1.2));
#7134=CARTESIAN_POINT('',(6.93889390390723E-17,1.46905989232415,1.));
#7135=CARTESIAN_POINT('',(-1.00418238982516,0.889294919243112,1.));
#7136=CARTESIAN_POINT('',(1.38777878078145E-16,1.46905989232415,1.));
#7137=CARTESIAN_POINT('Origin',(0.318060796608387,1.40089745962156,1.1));
#7138=CARTESIAN_POINT('',(0.368060796608387,1.4875,1.2));
#7139=CARTESIAN_POINT('',(0.268060796608387,1.31429491924311,1.));
#7140=CARTESIAN_POINT('Origin',(-1.47224318643355,0.85,3.));
#7141=CARTESIAN_POINT('',(2.90286575677951E-16,1.7,2.50046095349685));
#7142=CARTESIAN_POINT('',(3.28479034242937E-16,1.7,3.));
#7143=CARTESIAN_POINT('',(-1.47224318643355,0.85,2.50046095349685));
#7144=CARTESIAN_POINT('Origin',(-0.736121593216773,1.275,-2.02666666666667));
#7145=CARTESIAN_POINT('',(-1.47224318643355,0.85,3.));
#7146=CARTESIAN_POINT('Origin',(3.15748214721275E-16,1.7,3.));
#7147=CARTESIAN_POINT('',(1.47224318643355,0.85,2.50046095349685));
#7148=CARTESIAN_POINT('',(1.47224318643355,0.85,3.));
#7149=CARTESIAN_POINT('Origin',(0.736121593216773,1.275,-2.02666666666667));
#7150=CARTESIAN_POINT('Origin',(1.47224318643355,0.85,3.));
#7151=CARTESIAN_POINT('',(1.47224318643355,-0.850000000000001,2.50046095349685));
#7152=CARTESIAN_POINT('',(1.47224318643355,-0.850000000000001,3.));
#7153=CARTESIAN_POINT('Origin',(1.47224318643355,-4.80740671595891E-16,
-2.02666666666667));
#7154=CARTESIAN_POINT('Origin',(2.77555756156289E-16,0.,1.));
#7155=CARTESIAN_POINT('Origin',(0.78362815881549,1.35728378531008,-2.02666666666667));
#7156=CARTESIAN_POINT('',(1.66226944882841,0.959711713746774,2.61910468842246));
#7157=CARTESIAN_POINT('',(1.38777878078145E-15,1.91942342749355,2.61910468842246));
#7158=CARTESIAN_POINT('Origin',(0.831134724414206,1.43956757062016,-2.02666666666667));
#7159=CARTESIAN_POINT('Ctrl Pts',(1.13624387676481E-15,1.91942342749355,
2.61910468842246));
#7160=CARTESIAN_POINT('Ctrl Pts',(9.70102889457305E-16,1.84618513276968,
2.57976184612599));
#7161=CARTESIAN_POINT('Ctrl Pts',(1.19903962545389E-15,1.77302046802125,
2.54020718060826));
#7162=CARTESIAN_POINT('Ctrl Pts',(1.04212869299681E-15,1.7,2.50046095349685));
#7163=CARTESIAN_POINT('Ctrl Pts',(1.66226944882841,0.959711713746775,2.61910468842246));
#7164=CARTESIAN_POINT('Ctrl Pts',(1.59884322506769,0.923092566384839,2.57976184612599));
#7165=CARTESIAN_POINT('Ctrl Pts',(1.53548076673617,0.886510234010623,2.54020718060826));
#7166=CARTESIAN_POINT('Ctrl Pts',(1.47224318643355,0.850000000000001,2.50046095349685));
#7167=CARTESIAN_POINT('Origin',(-0.783628158815489,1.35728378531008,-2.02666666666667));
#7168=CARTESIAN_POINT('',(-1.66226944882841,0.959711713746773,2.61910468842246));
#7169=CARTESIAN_POINT('Origin',(-0.831134724414205,1.43956757062016,-2.02666666666667));
#7170=CARTESIAN_POINT('Ctrl Pts',(-1.66226944882841,0.959711713746773,2.61910468842246));
#7171=CARTESIAN_POINT('Ctrl Pts',(-1.59884322506779,0.923092566384896,2.57976184612605));
#7172=CARTESIAN_POINT('Ctrl Pts',(-1.53548076673622,0.886510234010651,2.54020718060829));
#7173=CARTESIAN_POINT('Ctrl Pts',(-1.47224318643355,0.849999999999999,2.50046095349685));
#7174=CARTESIAN_POINT('Origin',(-0.783628158815489,-1.35728378531008,-2.02666666666667));
#7175=CARTESIAN_POINT('',(-1.66226944882841,-0.959711713746775,2.61910468842246));
#7176=CARTESIAN_POINT('',(-2.77555756156289E-16,-1.91942342749355,2.61910468842246));
#7177=CARTESIAN_POINT('Origin',(-0.831134724414205,-1.43956757062016,-2.02666666666667));
#7178=CARTESIAN_POINT('',(4.0485251150905E-18,-1.7,2.50046095349685));
#7179=CARTESIAN_POINT('Ctrl Pts',(-3.92481186439753E-16,-1.91942342749355,
2.61910468842246));
#7180=CARTESIAN_POINT('Ctrl Pts',(-3.18640747636361E-16,-1.84618513276981,
2.57976184612606));
#7181=CARTESIAN_POINT('Ctrl Pts',(-7.3005782597582E-17,-1.77302046802131,
2.54020718060829));
#7182=CARTESIAN_POINT('Ctrl Pts',(-1.30104260698261E-17,-1.7,2.50046095349685));
#7183=CARTESIAN_POINT('',(-1.47224318643355,-0.85,2.50046095349685));
#7184=CARTESIAN_POINT('Origin',(-0.736121593216773,-1.275,-2.02666666666667));
#7185=CARTESIAN_POINT('Ctrl Pts',(-1.47224318643355,-0.850000000000001,
2.50046095349685));
#7186=CARTESIAN_POINT('Ctrl Pts',(-1.53548076673629,-0.886510234010693,
2.54020718060833));
#7187=CARTESIAN_POINT('Ctrl Pts',(-1.59884322506794,-0.923092566384988,
2.57976184612615));
#7188=CARTESIAN_POINT('Ctrl Pts',(-1.66226944882841,-0.959711713746775,
2.61910468842246));
#7189=CARTESIAN_POINT('Origin',(0.783628158815489,-1.35728378531008,-2.02666666666667));
#7190=CARTESIAN_POINT('Origin',(0.736121593216773,-1.275,-2.02666666666667));
#7191=CARTESIAN_POINT('',(1.66226944882841,-0.959711713746775,2.61910468842246));
#7192=CARTESIAN_POINT('Origin',(0.831134724414205,-1.43956757062016,-2.02666666666667));
#7193=CARTESIAN_POINT('Ctrl Pts',(1.66226944882841,-0.959711713746775,2.61910468842246));
#7194=CARTESIAN_POINT('Ctrl Pts',(1.59884322506799,-0.923092566385016,2.57976184612618));
#7195=CARTESIAN_POINT('Ctrl Pts',(1.53548076673631,-0.886510234010705,2.54020718060835));
#7196=CARTESIAN_POINT('Ctrl Pts',(1.47224318643355,-0.850000000000001,2.50046095349685));
#7197=CARTESIAN_POINT('Origin',(-1.56725631763098,-2.55882948429875E-16,
-2.02666666666667));
#7198=CARTESIAN_POINT('',(-1.66226944882841,-2.03569295982815E-16,2.71719653301241));
#7199=CARTESIAN_POINT('Origin',(-1.66226944882841,-2.71395561061804E-16,
-2.02666666666667));
#7200=CARTESIAN_POINT('Origin',(-1.66226944882841,-2.71395561061804E-16,
-2.02666666666667));
#7201=CARTESIAN_POINT('Origin',(-1.47224318643355,-2.40370335797945E-16,
-2.02666666666667));
#7202=CARTESIAN_POINT('Origin',(1.56725631763098,-5.1176589685975E-16,-2.02666666666667));
#7203=CARTESIAN_POINT('Origin',(1.66226944882841,-5.42791122123609E-16,
-2.02666666666667));
#7204=CARTESIAN_POINT('Origin',(-1.47224318643355,-0.85,3.));
#7205=CARTESIAN_POINT('',(-1.47224318643355,-0.85,3.));
#7206=CARTESIAN_POINT('Origin',(1.21455753452715E-17,-1.7,3.));
#7207=CARTESIAN_POINT('',(1.6194100460362E-17,-1.7,3.));
#7208=CARTESIAN_POINT('Origin',(0.,0.,-2.02666666666667));
#7209=CARTESIAN_POINT('',(-4.4598130909584,-5.46169582663767E-16,0.292265193370166));
#7210=CARTESIAN_POINT('Origin',(0.,0.,-2.02666666666667));
#7211=CARTESIAN_POINT('Origin',(0.,0.,0.292265193370166));
#7212=CARTESIAN_POINT('Origin',(1.47224318643355,-0.850000000000001,3.));
#7213=CARTESIAN_POINT('Origin',(0.,0.,0.2));
#7214=CARTESIAN_POINT('',(-4.28236694675581,-5.24438697411893E-16,0.));
#7215=CARTESIAN_POINT('Origin',(-4.28236694675581,-5.24438697411893E-16,
0.2));
#7216=CARTESIAN_POINT('Origin',(0.,0.,0.));
#7217=CARTESIAN_POINT('Origin',(0.,-4.6,0.));
#7218=CARTESIAN_POINT('',(-2.6,3.18408167778312E-16,0.));
#7219=CARTESIAN_POINT('Origin',(0.,0.,0.));
#7220=CARTESIAN_POINT('Origin',(0.,0.,-0.1));
#7221=CARTESIAN_POINT('',(-2.4,-2.93915231795365E-16,-0.2));
#7222=CARTESIAN_POINT('',(-2.5,-3.06161699786838E-16,-0.1));
#7223=CARTESIAN_POINT('',(2.4,-2.93915231795365E-16,-0.2));
#7224=CARTESIAN_POINT('Origin',(0.,0.,-0.2));
#7225=CARTESIAN_POINT('Origin',(0.,0.,-0.2));
#7226=CARTESIAN_POINT('Origin',(0.,0.,0.));
#7227=CARTESIAN_POINT('',(-2.4,2.93915231795365E-16,-29.3));
#7228=CARTESIAN_POINT('',(2.4,-2.93915231795365E-16,-29.3));
#7229=CARTESIAN_POINT('Origin',(0.,0.,-29.3));
#7230=CARTESIAN_POINT('Origin',(0.,0.,-29.3));
#7231=CARTESIAN_POINT('',(2.4,-2.93915231795365E-16,0.));
#7232=CARTESIAN_POINT('Origin',(0.,0.,-29.4));
#7233=CARTESIAN_POINT('',(-2.2,-2.69422295812418E-16,-29.5));
#7234=CARTESIAN_POINT('',(-2.3,-2.81668763803891E-16,-29.4));
#7235=CARTESIAN_POINT('Origin',(0.,0.,-29.5));
#7236=CARTESIAN_POINT('Origin',(0.,0.,-29.5));
#7237=CARTESIAN_POINT('',(0.,0.,0.));
#7238=CARTESIAN_POINT('Origin',(0.,0.,0.05));
#7239=CARTESIAN_POINT('',(2.6,3.18408167778312E-16,0.1));
#7240=CARTESIAN_POINT('Origin',(0.,0.,0.1));
#7241=CARTESIAN_POINT('',(2.7,-3.30654635769785E-16,0.));
#7242=CARTESIAN_POINT('',(2.65,-3.24531401774049E-16,0.05));
#7243=CARTESIAN_POINT('Origin',(0.,0.,0.));
#7244=CARTESIAN_POINT('Origin',(0.,0.,0.));
#7245=CARTESIAN_POINT('',(2.6,-3.18408167778312E-16,8.2));
#7246=CARTESIAN_POINT('',(2.6,3.18408167778312E-16,0.));
#7247=CARTESIAN_POINT('Origin',(0.,0.,8.2));
#7248=CARTESIAN_POINT('Origin',(0.,0.,0.));
#7249=CARTESIAN_POINT('',(-4.,-4.89858719658941E-16,0.));
#7250=CARTESIAN_POINT('Origin',(0.,0.,0.));
#7251=CARTESIAN_POINT('Origin',(0.,0.,8.25));
#7252=CARTESIAN_POINT('',(2.7,3.30654635769785E-16,8.3));
#7253=CARTESIAN_POINT('',(2.65,3.24531401774049E-16,8.25));
#7254=CARTESIAN_POINT('Origin',(0.,0.,8.3));
#7255=CARTESIAN_POINT('Origin',(0.,0.,8.3));
#7256=CARTESIAN_POINT('',(-4.,-4.89858719658941E-16,8.3));
#7257=CARTESIAN_POINT('Origin',(0.,0.,8.3));
#7258=CARTESIAN_POINT('Origin',(0.,0.,0.));
#7259=CARTESIAN_POINT('',(-4.,-4.89858719658941E-16,0.));
#7260=CARTESIAN_POINT('',(0.,0.,0.));
#7261=CARTESIAN_POINT('Origin',(0.,0.,0.));
#7262=CARTESIAN_POINT('',(-4.27,-5.2292418323592E-16,0.));
#7263=CARTESIAN_POINT('Origin',(0.,0.,0.));
#7264=CARTESIAN_POINT('',(-4.27,-5.2292418323592E-16,-0.1));
#7265=CARTESIAN_POINT('',(-4.27,-5.2292418323592E-16,0.));
#7266=CARTESIAN_POINT('Origin',(0.,0.,-0.1));
#7267=CARTESIAN_POINT('Origin',(0.,0.,-0.1));
#7268=CARTESIAN_POINT('',(-2.48,-3.03712406188544E-16,-0.0999999999999979));
#7269=CARTESIAN_POINT('Origin',(0.,0.,-0.1));
#7270=CARTESIAN_POINT('Origin',(0.,0.,0.));
#7271=CARTESIAN_POINT('',(7.8,9.55224503334936E-16,0.));
#7272=CARTESIAN_POINT('Origin',(0.,0.,0.));
#7273=CARTESIAN_POINT('',(7.8,9.55224503334936E-16,0.2));
#7274=CARTESIAN_POINT('',(7.8,-9.55224503334935E-16,0.));
#7275=CARTESIAN_POINT('Origin',(0.,0.,0.2));
#7276=CARTESIAN_POINT('Origin',(0.,0.,0.));
#7277=CARTESIAN_POINT('',(-8.,9.79717439317883E-16,0.2));
#7278=CARTESIAN_POINT('Origin',(0.,0.,0.2));
#7279=CARTESIAN_POINT('',(-8.,9.79717439317883E-16,0.));
#7280=CARTESIAN_POINT('',(-8.,9.79717439317883E-16,0.));
#7281=CARTESIAN_POINT('Origin',(0.,0.,0.));
#7282=CARTESIAN_POINT('Origin',(0.,0.,0.2));
#7283=CARTESIAN_POINT('Origin',(0.,0.,0.));
#7284=CARTESIAN_POINT('',(10.04,1.22954538634394E-15,0.));
#7285=CARTESIAN_POINT('Origin',(0.,0.,0.));
#7286=CARTESIAN_POINT('Origin',(0.,0.,10.26));
#7287=CARTESIAN_POINT('',(-4.27,-5.2292418323592E-16,10.36));
#7288=CARTESIAN_POINT('Origin',(0.,0.,10.36));
#7289=CARTESIAN_POINT('',(-4.27,-5.2292418323592E-16,10.26));
#7290=CARTESIAN_POINT('',(-4.27,-5.2292418323592E-16,10.26));
#7291=CARTESIAN_POINT('Origin',(0.,0.,10.26));
#7292=CARTESIAN_POINT('Origin',(0.,0.,10.36));
#7293=CARTESIAN_POINT('',(-2.48,-3.03712406188544E-16,10.36));
#7294=CARTESIAN_POINT('Origin',(0.,0.,10.36));
#7295=CARTESIAN_POINT('Origin',(0.,0.,10.26));
#7296=CARTESIAN_POINT('',(7.8,9.55224503334936E-16,10.06));
#7297=CARTESIAN_POINT('Origin',(0.,0.,10.06));
#7298=CARTESIAN_POINT('',(7.8,9.55224503334936E-16,10.26));
#7299=CARTESIAN_POINT('',(7.8,-9.55224503334935E-16,10.26));
#7300=CARTESIAN_POINT('Origin',(0.,0.,10.26));
#7301=CARTESIAN_POINT('Origin',(0.,0.,10.26));
#7302=CARTESIAN_POINT('',(-8.,9.79717439317883E-16,10.26));
#7303=CARTESIAN_POINT('Origin',(0.,0.,10.26));
#7304=CARTESIAN_POINT('',(-8.,9.79717439317883E-16,10.06));
#7305=CARTESIAN_POINT('',(-8.,9.79717439317883E-16,10.26));
#7306=CARTESIAN_POINT('Origin',(0.,0.,10.06));
#7307=CARTESIAN_POINT('Origin',(0.,0.,10.06));
#7308=CARTESIAN_POINT('Origin',(0.,0.,10.26));
#7309=CARTESIAN_POINT('',(10.04,-1.22954538634394E-15,10.26));
#7310=CARTESIAN_POINT('Origin',(0.,0.,10.26));
#7311=CARTESIAN_POINT('Origin',(0.,0.,-25.3062817848591));
#7312=CARTESIAN_POINT('',(-2.48,-3.03712406188544E-16,-25.3062817848591));
#7313=CARTESIAN_POINT('Origin',(0.,0.,1.));
#7314=CARTESIAN_POINT('',(-12.04,-1.47447474617341E-15,2.));
#7315=CARTESIAN_POINT('',(12.04,1.47447474617341E-15,2.));
#7316=CARTESIAN_POINT('Origin',(0.,0.,2.));
#7317=CARTESIAN_POINT('',(11.04,1.35201006625868E-15,1.));
#7318=CARTESIAN_POINT('Origin',(0.,0.,2.));
#7319=CARTESIAN_POINT('Origin',(0.,0.,0.));
#7320=CARTESIAN_POINT('',(12.04,1.47447474617341E-15,8.26));
#7321=CARTESIAN_POINT('',(-12.04,-1.47447474617341E-15,8.26));
#7322=CARTESIAN_POINT('Origin',(0.,0.,8.26));
#7323=CARTESIAN_POINT('Origin',(0.,0.,8.26));
#7324=CARTESIAN_POINT('',(-12.04,-1.47447474617341E-15,0.));
#7325=CARTESIAN_POINT('Origin',(0.,0.,0.));
#7326=CARTESIAN_POINT('Origin',(0.,0.,9.26));
#7327=CARTESIAN_POINT('',(11.04,-1.35201006625868E-15,9.26));
#7328=CARTESIAN_POINT('Origin',(0.,0.,10.26));
#7329=CARTESIAN_POINT('',(0.,0.,0.));
#7330=CARTESIAN_POINT('Origin',(0.125,0.,0.));
#7331=CARTESIAN_POINT('',(0.25,-2.53134493383758E-16,2.067));
#7332=CARTESIAN_POINT('Origin',(0.25,0.,0.));
#7333=CARTESIAN_POINT('',(0.,3.06163255320003E-16,2.50001270189222));
#7334=CARTESIAN_POINT('',(0.125,2.79648874351881E-16,2.28350635094611));
#7335=CARTESIAN_POINT('Origin',(0.,0.,0.));
#7336=CARTESIAN_POINT('Origin',(-8.39287337956545,0.,0.));
#7337=CARTESIAN_POINT('',(4.45,-2.53134493383758E-16,2.067));
#7338=CARTESIAN_POINT('',(-8.39287337956545,-2.53134493383758E-16,2.067));
#7339=CARTESIAN_POINT('',(4.45,-2.53134493383758E-16,-2.067));
#7340=CARTESIAN_POINT('Origin',(4.45,0.,0.));
#7341=CARTESIAN_POINT('Origin',(4.45,0.,0.));
#7342=CARTESIAN_POINT('Origin',(0.,3.46944695195361E-16,-1.66533453693773E-15));
#7343=CARTESIAN_POINT('',(0.,-3.46410161513775,-2.));
#7344=CARTESIAN_POINT('',(0.,-3.46410161513776,2.));
#7345=CARTESIAN_POINT('Origin',(0.,0.,0.));
#7346=CARTESIAN_POINT('',(0.,0.,4.));
#7347=CARTESIAN_POINT('Origin',(0.,0.,0.));
#7348=CARTESIAN_POINT('',(0.,3.46410161513775,2.));
#7349=CARTESIAN_POINT('Origin',(0.,0.,0.));
#7350=CARTESIAN_POINT('',(0.,3.46410161513776,-2.));
#7351=CARTESIAN_POINT('Origin',(0.,0.,0.));
#7352=CARTESIAN_POINT('',(0.,6.66133814775094E-15,-4.));
#7353=CARTESIAN_POINT('Origin',(0.,0.,0.));
#7354=CARTESIAN_POINT('Origin',(0.,0.,0.));
#7355=CARTESIAN_POINT('Origin',(4.575,0.,0.));
#7356=CARTESIAN_POINT('',(4.7,3.06163255320003E-16,-2.50001270189222));
#7357=CARTESIAN_POINT('',(4.575,2.79648874351881E-16,-2.28350635094611));
#7358=CARTESIAN_POINT('Origin',(4.7,0.,0.));
#7359=CARTESIAN_POINT('Origin',(4.7,3.11198878114627E-16,-1.80411241501588E-15));
#7360=CARTESIAN_POINT('',(4.7,-3.46410161513775,-2.));
#7361=CARTESIAN_POINT('',(4.7,6.66133814775094E-15,-4.));
#7362=CARTESIAN_POINT('Origin',(4.7,0.,0.));
#7363=CARTESIAN_POINT('',(4.7,3.46410161513776,-2.));
#7364=CARTESIAN_POINT('Origin',(4.7,0.,0.));
#7365=CARTESIAN_POINT('',(4.7,3.46410161513775,2.));
#7366=CARTESIAN_POINT('Origin',(4.7,0.,0.));
#7367=CARTESIAN_POINT('',(4.7,0.,4.));
#7368=CARTESIAN_POINT('Origin',(4.7,0.,0.));
#7369=CARTESIAN_POINT('',(4.7,-3.46410161513776,2.));
#7370=CARTESIAN_POINT('Origin',(4.7,0.,0.));
#7371=CARTESIAN_POINT('Origin',(4.7,0.,0.));
#7372=CARTESIAN_POINT('Origin',(0.178632794954082,0.,0.));
#7373=CARTESIAN_POINT('',(0.357265589908163,-4.61880215351701,2.77555756156289E-16));
#7374=CARTESIAN_POINT('Ctrl Pts',(0.,-3.46410161513776,2.));
#7375=CARTESIAN_POINT('Ctrl Pts',(1.38777878078145E-16,-4.,1.07179676972449));
#7376=CARTESIAN_POINT('Ctrl Pts',(0.357265589908163,-4.61880215351701,0.));
#7377=CARTESIAN_POINT('Ctrl Pts',(0.357265589908163,-4.61880215351701,8.92450088600247E-16));
#7378=CARTESIAN_POINT('Ctrl Pts',(-9.58434720477186E-16,-4.,-1.07179676972449));
#7379=CARTESIAN_POINT('Ctrl Pts',(0.,-3.46410161513775,-2.));
#7380=CARTESIAN_POINT('Origin',(0.178632794954082,0.,0.));
#7381=CARTESIAN_POINT('',(0.357265589908163,-2.30940107675849,-4.00000000000001));
#7382=CARTESIAN_POINT('Ctrl Pts',(0.357265589908163,-2.30940107675849,-4.00000000000001));
#7383=CARTESIAN_POINT('Ctrl Pts',(2.05347891468755E-15,-1.07179676972448,
-4.00000000000001));
#7384=CARTESIAN_POINT('Ctrl Pts',(0.,6.66133814775094E-15,-4.));
#7385=CARTESIAN_POINT('Ctrl Pts',(0.,-3.46410161513775,-2.));
#7386=CARTESIAN_POINT('Ctrl Pts',(-1.04083408558608E-15,-2.92820323027551,
-2.92820323027551));
#7387=CARTESIAN_POINT('Ctrl Pts',(0.357265589908163,-2.3094010767585,-4.));
#7388=CARTESIAN_POINT('Origin',(0.178632794954082,0.,0.));
#7389=CARTESIAN_POINT('',(0.357265589908163,-2.3094010767585,4.));
#7390=CARTESIAN_POINT('Ctrl Pts',(0.,0.,4.));
#7391=CARTESIAN_POINT('Ctrl Pts',(-6.93889390390723E-17,-1.07179676972449,
4.));
#7392=CARTESIAN_POINT('Ctrl Pts',(0.357265589908163,-2.3094010767585,4.));
#7393=CARTESIAN_POINT('Ctrl Pts',(0.357265589908163,-2.3094010767585,4.));
#7394=CARTESIAN_POINT('Ctrl Pts',(4.33680868994202E-18,-2.92820323027551,
2.92820323027551));
#7395=CARTESIAN_POINT('Ctrl Pts',(0.,-3.46410161513776,2.));
#7396=CARTESIAN_POINT('Origin',(0.178632794954082,0.,0.));
#7397=CARTESIAN_POINT('',(0.357265589908163,2.30940107675851,-4.));
#7398=CARTESIAN_POINT('Ctrl Pts',(0.357265589908163,2.30940107675851,-3.99999999999999));
#7399=CARTESIAN_POINT('Ctrl Pts',(1.2490009027033E-15,2.92820323027551,
-2.92820323027551));
#7400=CARTESIAN_POINT('Ctrl Pts',(0.,3.46410161513776,-2.));
#7401=CARTESIAN_POINT('Ctrl Pts',(0.,6.66133814775094E-15,-4.));
#7402=CARTESIAN_POINT('Ctrl Pts',(2.0122792321331E-15,1.07179676972449,
-4.));
#7403=CARTESIAN_POINT('Ctrl Pts',(0.357265589908163,2.3094010767585,-4.));
#7404=CARTESIAN_POINT('Origin',(0.178632794954082,0.,0.));
#7405=CARTESIAN_POINT('',(0.357265589908163,2.3094010767585,4.));
#7406=CARTESIAN_POINT('Ctrl Pts',(0.,3.46410161513775,2.));
#7407=CARTESIAN_POINT('Ctrl Pts',(6.93889390390723E-17,2.92820323027551,
2.92820323027551));
#7408=CARTESIAN_POINT('Ctrl Pts',(0.357265589908163,2.3094010767585,4.));
#7409=CARTESIAN_POINT('Ctrl Pts',(0.357265589908163,2.3094010767585,4.));
#7410=CARTESIAN_POINT('Ctrl Pts',(-2.60208521396521E-17,1.07179676972449,
4.));
#7411=CARTESIAN_POINT('Ctrl Pts',(0.,0.,4.));
#7412=CARTESIAN_POINT('Origin',(0.178632794954082,0.,0.));
#7413=CARTESIAN_POINT('',(0.357265589908163,4.61880215351701,0.));
#7414=CARTESIAN_POINT('Ctrl Pts',(0.,3.46410161513776,-2.));
#7415=CARTESIAN_POINT('Ctrl Pts',(1.2490009027033E-15,4.,-1.07179676972449));
#7416=CARTESIAN_POINT('Ctrl Pts',(0.357265589908163,4.61880215351701,2.37986690293399E-15));
#7417=CARTESIAN_POINT('Ctrl Pts',(0.357265589908163,4.61880215351701,1.189933451467E-15));
#7418=CARTESIAN_POINT('Ctrl Pts',(1.06251812903579E-16,4.,1.07179676972449));
#7419=CARTESIAN_POINT('Ctrl Pts',(0.,3.46410161513775,2.));
#7420=CARTESIAN_POINT('Origin',(4.52136720504592,0.,0.));
#7421=CARTESIAN_POINT('',(4.34273441009184,-4.61880215351701,2.77555756156289E-16));
#7422=CARTESIAN_POINT('Ctrl Pts',(4.34273441009184,-4.61880215351701,-4.16476708013449E-15));
#7423=CARTESIAN_POINT('Ctrl Pts',(4.7,-4.,1.07179676972449));
#7424=CARTESIAN_POINT('Ctrl Pts',(4.7,-3.46410161513776,2.));
#7425=CARTESIAN_POINT('Ctrl Pts',(4.7,-3.46410161513775,-2.));
#7426=CARTESIAN_POINT('Ctrl Pts',(4.7,-4.,-1.07179676972449));
#7427=CARTESIAN_POINT('Ctrl Pts',(4.34273441009184,-4.61880215351701,-8.92450088600247E-16));
#7428=CARTESIAN_POINT('Origin',(4.52136720504592,0.,0.));
#7429=CARTESIAN_POINT('',(4.34273441009184,-2.30940107675849,-4.00000000000001));
#7430=CARTESIAN_POINT('Ctrl Pts',(4.7,6.66133814775094E-15,-4.));
#7431=CARTESIAN_POINT('Ctrl Pts',(4.7,-1.07179676972448,-4.00000000000001));
#7432=CARTESIAN_POINT('Ctrl Pts',(4.34273441009184,-2.30940107675849,-4.00000000000001));
#7433=CARTESIAN_POINT('Ctrl Pts',(4.34273441009184,-2.3094010767585,-4.));
#7434=CARTESIAN_POINT('Ctrl Pts',(4.7,-2.92820323027551,-2.92820323027551));
#7435=CARTESIAN_POINT('Ctrl Pts',(4.7,-3.46410161513775,-2.));
#7436=CARTESIAN_POINT('Origin',(4.52136720504592,0.,0.));
#7437=CARTESIAN_POINT('',(4.34273441009184,-2.3094010767585,4.));
#7438=CARTESIAN_POINT('Ctrl Pts',(4.34273441009184,-2.3094010767585,4.));
#7439=CARTESIAN_POINT('Ctrl Pts',(4.7,-1.07179676972449,4.));
#7440=CARTESIAN_POINT('Ctrl Pts',(4.7,0.,4.));
#7441=CARTESIAN_POINT('Ctrl Pts',(4.7,-3.46410161513776,2.));
#7442=CARTESIAN_POINT('Ctrl Pts',(4.7,-2.92820323027551,2.92820323027551));
#7443=CARTESIAN_POINT('Ctrl Pts',(4.34273441009184,-2.3094010767585,4.));
#7444=CARTESIAN_POINT('Origin',(4.52136720504592,0.,0.));
#7445=CARTESIAN_POINT('',(4.34273441009184,2.3094010767585,4.));
#7446=CARTESIAN_POINT('Ctrl Pts',(4.34273441009184,2.3094010767585,4.));
#7447=CARTESIAN_POINT('Ctrl Pts',(4.7,2.92820323027551,2.92820323027551));
#7448=CARTESIAN_POINT('Ctrl Pts',(4.7,3.46410161513775,2.));
#7449=CARTESIAN_POINT('Ctrl Pts',(4.7,0.,4.));
#7450=CARTESIAN_POINT('Ctrl Pts',(4.7,1.07179676972449,4.));
#7451=CARTESIAN_POINT('Ctrl Pts',(4.34273441009184,2.3094010767585,4.));
#7452=CARTESIAN_POINT('Origin',(4.52136720504592,0.,0.));
#7453=CARTESIAN_POINT('',(4.34273441009184,2.30940107675851,-4.));
#7454=CARTESIAN_POINT('Ctrl Pts',(4.7,3.46410161513776,-2.));
#7455=CARTESIAN_POINT('Ctrl Pts',(4.7,2.92820323027551,-2.92820323027551));
#7456=CARTESIAN_POINT('Ctrl Pts',(4.34273441009184,2.30940107675851,-4.));
#7457=CARTESIAN_POINT('Ctrl Pts',(4.34273441009184,2.3094010767585,-4.));
#7458=CARTESIAN_POINT('Ctrl Pts',(4.7,1.07179676972449,-4.));
#7459=CARTESIAN_POINT('Ctrl Pts',(4.7,6.66133814775094E-15,-4.));
#7460=CARTESIAN_POINT('Origin',(4.52136720504592,0.,0.));
#7461=CARTESIAN_POINT('',(4.34273441009184,4.61880215351701,0.));
#7462=CARTESIAN_POINT('Ctrl Pts',(4.7,3.46410161513775,2.));
#7463=CARTESIAN_POINT('Ctrl Pts',(4.7,4.,1.0717967697245));
#7464=CARTESIAN_POINT('Ctrl Pts',(4.34273441009184,4.61880215351701,3.27231699153424E-15));
#7465=CARTESIAN_POINT('Ctrl Pts',(4.34273441009184,4.61880215351701,5.35470053160149E-15));
#7466=CARTESIAN_POINT('Ctrl Pts',(4.7,4.,-1.07179676972449));
#7467=CARTESIAN_POINT('Ctrl Pts',(4.7,3.46410161513776,-2.));
#7468=CARTESIAN_POINT('Origin',(0.,2.3094010767585,4.));
#7469=CARTESIAN_POINT('',(0.,2.3094010767585,4.));
#7470=CARTESIAN_POINT('',(0.,4.61880215351701,2.16056629040725E-15));
#7471=CARTESIAN_POINT('Origin',(0.,-2.3094010767585,4.));
#7472=CARTESIAN_POINT('',(0.,-2.3094010767585,4.));
#7473=CARTESIAN_POINT('Origin',(0.,-4.61880215351701,1.13498619100269E-15));
#7474=CARTESIAN_POINT('',(0.,-4.61880215351701,1.13498619100269E-15));
#7475=CARTESIAN_POINT('Origin',(0.,4.61880215351701,2.16056629040725E-15));
#7476=CARTESIAN_POINT('',(0.,2.30940107675851,-4.));
#7477=CARTESIAN_POINT('Origin',(0.,2.30940107675851,-4.));
#7478=CARTESIAN_POINT('',(0.,-2.3094010767585,-4.00000000000001));
#7479=CARTESIAN_POINT('Origin',(0.,-2.3094010767585,-4.00000000000001));
#7480=CARTESIAN_POINT('',(1.60214847525225,10.8996316015492,5.77999999999998));
#7481=CARTESIAN_POINT('',(21.60214847525,22.9296316015499,-17.6799999999999));
#7482=CARTESIAN_POINT('',(0.672148475252428,-17.070368398451,8.27999999999985));
#7483=CARTESIAN_POINT('',(0.672148475252428,-17.0703683984507,-2.61999999999993));
#7484=CARTESIAN_POINT('',(1.60214847525239,-17.0703683984507,-2.01999999999998));
#7485=CARTESIAN_POINT('',(-18.3978515247478,22.929631601549,5.77999999999997));
#7486=CARTESIAN_POINT('',(-18.3978515247478,22.929631601549,8.28000000000001));
#7487=CARTESIAN_POINT('',(-18.3978515247478,22.9296316015493,-2.62000000000003));
#7488=CARTESIAN_POINT('',(21.6021484752522,22.929631601549,8.28000000000001));
#7489=CARTESIAN_POINT('',(21.6021484752522,22.929631601549,5.77999999999997));
#7490=CARTESIAN_POINT('',(21.6021484752522,22.9296316015493,-2.62000000000003));
#7491=CARTESIAN_POINT('',(-18.39785152475,22.9296316015499,-17.6799999999999));
#7492=CARTESIAN_POINT('',(0.672148475250155,-17.0703683984506,-17.68));
#7493=CARTESIAN_POINT('',(29.9340482224827,142.737730450676,31.1114017334934));
#7494=CARTESIAN_POINT('Origin',(-2.00000000000007,-6.,17.9999999999998));
#7495=CARTESIAN_POINT('',(-2.34467096943576,-6.,22.9881060456677));
#7496=CARTESIAN_POINT('',(-6.97563761174279,-6.,18.492981091535));
#7497=CARTESIAN_POINT('Origin',(-2.00000000000007,-6.,17.9999999999998));
#7498=CARTESIAN_POINT('',(-2.34467096943576,0.,22.9881060456677));
#7499=CARTESIAN_POINT('',(-2.34467096943574,-6.,22.9881060456677));
#7500=CARTESIAN_POINT('',(-6.97563761174279,0.,18.492981091535));
#7501=CARTESIAN_POINT('Origin',(-2.00000000000007,0.,17.9999999999998));
#7502=CARTESIAN_POINT('',(-6.97563761174279,-6.,18.492981091535));
#7503=CARTESIAN_POINT('Origin',(-28.5,-6.,-2.39999999999998));
#7504=CARTESIAN_POINT('',(8.99999999999985,-6.,33.9999999999998));
#7505=CARTESIAN_POINT('',(-28.5,-6.,-2.39999999999998));
#7506=CARTESIAN_POINT('',(8.99999999999985,0.,33.9999999999998));
#7507=CARTESIAN_POINT('',(8.99999999999985,-6.,33.9999999999998));
#7508=CARTESIAN_POINT('',(-28.5,0.,-2.39999999999998));
#7509=CARTESIAN_POINT('Origin',(-19.0000000000001,-6.,-1.00000000000018));
#7510=CARTESIAN_POINT('',(-22.0000000000001,-6.,-1.00000000000018));
#7511=CARTESIAN_POINT('Origin',(-19.0000000000001,-6.,-1.00000000000018));
#7512=CARTESIAN_POINT('',(-22.0000000000001,-3.,-1.00000000000018));
#7513=CARTESIAN_POINT('',(-22.0000000000001,-6.,-1.00000000000018));
#7514=CARTESIAN_POINT('Origin',(-19.0000000000001,-3.,-1.00000000000018));
#7515=CARTESIAN_POINT('Origin',(-19.0000000000001,-3.,-1.00000000000018));
#7516=CARTESIAN_POINT('',(-20.7000000000001,-3.,-1.00000000000018));
#7517=CARTESIAN_POINT('Origin',(-19.0000000000001,-3.,-1.00000000000018));
#7518=CARTESIAN_POINT('Origin',(-2.00000000000007,-6.,17.9999999999998));
#7519=CARTESIAN_POINT('',(-5.00000000000007,-6.,17.9999999999998));
#7520=CARTESIAN_POINT('Origin',(-2.00000000000007,-6.,17.9999999999998));
#7521=CARTESIAN_POINT('',(-5.00000000000007,-3.,17.9999999999998));
#7522=CARTESIAN_POINT('',(-5.00000000000007,-6.,17.9999999999998));
#7523=CARTESIAN_POINT('Origin',(-2.00000000000007,-3.,17.9999999999998));
#7524=CARTESIAN_POINT('Origin',(-2.00000000000007,-3.,17.9999999999998));
#7525=CARTESIAN_POINT('',(-3.70000000000007,-3.,17.9999999999998));
#7526=CARTESIAN_POINT('Origin',(-2.00000000000007,-3.,17.9999999999998));
#7527=CARTESIAN_POINT('Origin',(-28.5,-6.,-2.39999999999998));
#7528=CARTESIAN_POINT('',(-28.5,0.,-2.39999999999998));
#7529=CARTESIAN_POINT('',(-28.5,0.,-2.39999999999998));
#7530=CARTESIAN_POINT('',(-28.5,-6.,-2.39999999999998));
#7531=CARTESIAN_POINT('',(-28.5,0.,-2.39999999999998));
#7532=CARTESIAN_POINT('',(-28.5,-6.,-2.39999999999998));
#7533=CARTESIAN_POINT('Origin',(14.9999999999999,-6.,41.9999999999998));
#7534=CARTESIAN_POINT('',(14.9999999999999,0.,39.9999999999998));
#7535=CARTESIAN_POINT('',(14.9999999999999,0.,19.9999999999996));
#7536=CARTESIAN_POINT('',(14.9999999999999,0.,21.9999999999996));
#7537=CARTESIAN_POINT('',(14.9999999999999,-2.,41.9999999999998));
#7538=CARTESIAN_POINT('',(14.9999999999999,-2.5,42.4999999999998));
#7539=CARTESIAN_POINT('',(14.9999999999999,-6.,41.9999999999998));
#7540=CARTESIAN_POINT('',(14.9999999999999,-6.,41.9999999999998));
#7541=CARTESIAN_POINT('',(14.9999999999999,-8.,39.9999999999998));
#7542=CARTESIAN_POINT('',(14.9999999999999,-6.5,41.4999999999998));
#7543=CARTESIAN_POINT('',(14.9999999999999,-8.,31.9999999999998));
#7544=CARTESIAN_POINT('',(14.9999999999999,-8.,41.9999999999998));
#7545=CARTESIAN_POINT('',(14.9999999999999,-6.,29.9999999999998));
#7546=CARTESIAN_POINT('',(14.9999999999999,-6.,29.9999999999998));
#7547=CARTESIAN_POINT('',(14.9999999999999,-6.,19.9999999999996));
#7548=CARTESIAN_POINT('',(14.9999999999999,-6.,21.9999999999996));
#7549=CARTESIAN_POINT('',(14.9999999999999,-6.,19.9999999999996));
#7550=CARTESIAN_POINT('',(14.9999999999999,-6.,35.9999999999998));
#7551=CARTESIAN_POINT('',(14.9999999999999,-6.,37.9999999999998));
#7552=CARTESIAN_POINT('',(14.9999999999999,-6.,39.9999999999998));
#7553=CARTESIAN_POINT('',(14.9999999999999,-2.,37.9999999999998));
#7554=CARTESIAN_POINT('',(14.9999999999999,-4.,37.9999999999998));
#7555=CARTESIAN_POINT('',(14.9999999999999,-2.,35.9999999999998));
#7556=CARTESIAN_POINT('',(14.9999999999999,-2.,38.9999999999998));
#7557=CARTESIAN_POINT('',(14.9999999999999,-6.,35.9999999999998));
#7558=CARTESIAN_POINT('Origin',(31.4999999999611,-6.,-5.39999999999999));
#7559=CARTESIAN_POINT('',(31.4999999999611,-6.,-5.39999999999999));
#7560=CARTESIAN_POINT('',(28.6373569544716,-6.,10.2508438053694));
#7561=CARTESIAN_POINT('',(32.0601781512597,-6.,-8.46264546778483));
#7562=CARTESIAN_POINT('',(31.4999999999611,0.,-5.39999999999999));
#7563=CARTESIAN_POINT('',(31.4999999999611,0.,-5.39999999999999));
#7564=CARTESIAN_POINT('',(28.6373569544716,0.,10.2508438053694));
#7565=CARTESIAN_POINT('',(32.0601781512597,5.55111512312578E-16,-8.46264546778483));
#7566=CARTESIAN_POINT('',(28.6373569544716,-6.,10.2508438053694));
#7567=CARTESIAN_POINT('Origin',(9.49999999999993,-6.,7.29999999999984));
#7568=CARTESIAN_POINT('',(6.71499999999993,-6.,7.29999999999984));
#7569=CARTESIAN_POINT('Origin',(9.49999999999993,-6.,7.29999999999984));
#7570=CARTESIAN_POINT('',(6.71499999999993,0.,7.29999999999984));
#7571=CARTESIAN_POINT('',(6.71499999999993,-6.,7.29999999999984));
#7572=CARTESIAN_POINT('Origin',(9.49999999999993,0.,7.29999999999984));
#7573=CARTESIAN_POINT('Origin',(-2.00000000000007,-6.,17.9999999999998));
#7574=CARTESIAN_POINT('',(-3.70000000000007,0.,17.9999999999998));
#7575=CARTESIAN_POINT('',(-3.70000000000007,-6.,17.9999999999998));
#7576=CARTESIAN_POINT('Origin',(-2.00000000000007,0.,17.9999999999998));
#7577=CARTESIAN_POINT('Origin',(23.4999999999999,-6.,7.29999999999984));
#7578=CARTESIAN_POINT('',(20.7149999999999,-6.,7.29999999999984));
#7579=CARTESIAN_POINT('Origin',(23.4999999999999,-6.,7.29999999999984));
#7580=CARTESIAN_POINT('',(20.7149999999999,0.,7.29999999999984));
#7581=CARTESIAN_POINT('',(20.7149999999999,-6.,7.29999999999984));
#7582=CARTESIAN_POINT('Origin',(23.4999999999999,0.,7.29999999999984));
#7583=CARTESIAN_POINT('Origin',(19.9999999999999,-6.,19.9999999999996));
#7584=CARTESIAN_POINT('',(17.8170694814943,-6.,15.5016876107388));
#7585=CARTESIAN_POINT('Origin',(19.9999999999999,-6.,19.9999999999996));
#7586=CARTESIAN_POINT('',(17.8170694814943,0.,15.5016876107388));
#7587=CARTESIAN_POINT('',(17.8170694814943,-6.,15.5016876107388));
#7588=CARTESIAN_POINT('Origin',(19.9999999999999,0.,19.9999999999996));
#7589=CARTESIAN_POINT('Origin',(39.457644427449,-6.,5.));
#7590=CARTESIAN_POINT('',(29.5028049838938,0.,9.83086120920369));
#7591=CARTESIAN_POINT('',(29.5028049838938,-6.,9.83086120920369));
#7592=CARTESIAN_POINT('Origin',(6.66441110686217,-1.,40.9999999999998));
#7593=CARTESIAN_POINT('',(8.99999999999985,0.,39.9999999999998));
#7594=CARTESIAN_POINT('',(6.66441110686217,0.,39.9999999999998));
#7595=CARTESIAN_POINT('',(8.99999999999985,-2.,41.9999999999998));
#7596=CARTESIAN_POINT('',(8.99999999999985,-0.499999999999998,40.4999999999998));
#7597=CARTESIAN_POINT('',(6.66441110686217,-2.,41.9999999999998));
#7598=CARTESIAN_POINT('Origin',(8.99999999999985,-6.,41.9999999999998));
#7599=CARTESIAN_POINT('',(8.99999999999985,-6.,41.9999999999998));
#7600=CARTESIAN_POINT('',(8.99999999999985,-6.,41.9999999999998));
#7601=CARTESIAN_POINT('',(8.99999999999985,-6.,41.9999999999998));
#7602=CARTESIAN_POINT('Origin',(8.99999999999985,-6.,33.9999999999998));
#7603=CARTESIAN_POINT('',(8.99999999999985,0.,41.9999999999998));
#7604=CARTESIAN_POINT('',(8.99999999999985,-6.,29.9999999999998));
#7605=CARTESIAN_POINT('',(8.99999999999985,-6.,9.64999999999992));
#7606=CARTESIAN_POINT('',(8.99999999999985,-8.,31.9999999999998));
#7607=CARTESIAN_POINT('',(8.99999999999985,-6.,29.9999999999998));
#7608=CARTESIAN_POINT('',(8.99999999999985,-8.,39.9999999999998));
#7609=CARTESIAN_POINT('',(8.99999999999985,-8.,41.9999999999998));
#7610=CARTESIAN_POINT('',(8.99999999999985,-8.5,39.4999999999998));
#7611=CARTESIAN_POINT('',(8.99999999999985,-6.,37.9999999999998));
#7612=CARTESIAN_POINT('',(8.99999999999985,-6.,35.9999999999998));
#7613=CARTESIAN_POINT('',(8.99999999999985,-6.,35.9999999999998));
#7614=CARTESIAN_POINT('',(8.99999999999985,-2.,35.9999999999998));
#7615=CARTESIAN_POINT('',(8.99999999999985,-6.,35.9999999999998));
#7616=CARTESIAN_POINT('',(8.99999999999985,-2.,37.9999999999998));
#7617=CARTESIAN_POINT('',(8.99999999999985,-2.,34.9999999999998));
#7618=CARTESIAN_POINT('',(8.99999999999985,-4.,37.9999999999998));
#7619=CARTESIAN_POINT('Origin',(8.99999999999985,-7.,40.9999999999998));
#7620=CARTESIAN_POINT('',(8.99999999999985,-8.,39.9999999999998));
#7621=CARTESIAN_POINT('Origin',(8.99999999999985,-6.,37.9999999999998));
#7622=CARTESIAN_POINT('',(8.99999999999985,-6.,37.9999999999998));
#7623=CARTESIAN_POINT('',(8.99999999999985,-6.,35.9999999999998));
#7624=CARTESIAN_POINT('Origin',(8.99999999999985,-2.,37.9999999999998));
#7625=CARTESIAN_POINT('',(8.99999999999985,-2.,37.9999999999998));
#7626=CARTESIAN_POINT('Origin',(8.99999999999985,-2.,35.9999999999998));
#7627=CARTESIAN_POINT('',(8.99999999999985,-2.,35.9999999999998));
#7628=CARTESIAN_POINT('Origin',(8.99999999999985,-6.,35.9999999999998));
#7629=CARTESIAN_POINT('Origin',(8.99999999999985,-8.,31.9999999999998));
#7630=CARTESIAN_POINT('',(6.66441110686217,-6.,29.9999999999999));
#7631=CARTESIAN_POINT('',(8.99999999999985,-8.,31.9999999999998));
#7632=CARTESIAN_POINT('Origin',(8.99999999999985,-8.,41.9999999999998));
#7633=CARTESIAN_POINT('Origin',(4.32882221372449,0.,-16.7));
#7634=CARTESIAN_POINT('',(31.5000000000079,0.,-40.4142135623759));
#7635=CARTESIAN_POINT('',(31.4999999999666,0.,-9.54999999998188));
#7636=CARTESIAN_POINT('',(15.,0.,-60.5));
#7637=CARTESIAN_POINT('',(31.8418024815353,0.,-39.9981304322058));
#7638=CARTESIAN_POINT('',(-15.,0.,-60.5));
#7639=CARTESIAN_POINT('',(-5.,0.,-60.5));
#7640=CARTESIAN_POINT('',(-31.5,0.,-40.4142135623731));
#7641=CARTESIAN_POINT('',(-31.5,0.,-40.4142135623731));
#7642=CARTESIAN_POINT('',(-31.5,0.,-5.39999999999999));
#7643=CARTESIAN_POINT('',(-31.5,0.,-4.9857864376269));
#7644=CARTESIAN_POINT('',(-24.6177944465689,0.,1.48220555343102));
#7645=CARTESIAN_POINT('',(-20.7000000000001,0.,-1.00000000000018));
#7646=CARTESIAN_POINT('Origin',(-19.0000000000001,0.,-1.00000000000018));
#7647=CARTESIAN_POINT('',(-23.5,0.,-9.13205080756891));
#7648=CARTESIAN_POINT('',(-26.5,0.,-10.8641016151378));
#7649=CARTESIAN_POINT('',(-16.1527007336522,0.,-4.89008559832619));
#7650=CARTESIAN_POINT('',(-23.5,0.,-5.66794919243108));
#7651=CARTESIAN_POINT('',(-23.5,0.,-12.8582903768655));
#7652=CARTESIAN_POINT('',(-26.5,0.,-3.935898384862));
#7653=CARTESIAN_POINT('',(-10.7256826060545,0.,-13.0432047785393));
#7654=CARTESIAN_POINT('',(-29.5,0.,-5.66794919243108));
#7655=CARTESIAN_POINT('',(-17.7527007336522,0.,1.11435720124602));
#7656=CARTESIAN_POINT('',(-29.5,0.,-9.13205080756891));
#7657=CARTESIAN_POINT('',(-29.5,0.,-11.2417096231346));
#7658=CARTESIAN_POINT('',(-15.1256826060545,0.,-17.4310668243805));
#7659=CARTESIAN_POINT('',(23.5000000000011,0.,-36.2679491924323));
#7660=CARTESIAN_POINT('',(26.5000000000011,0.,-34.5358983848633));
#7661=CARTESIAN_POINT('',(21.9973936052998,0.,-37.1354793988991));
#7662=CARTESIAN_POINT('',(23.5000000000011,0.,-39.73205080757));
#7663=CARTESIAN_POINT('',(23.5000000000011,0.,-26.5417096231351));
#7664=CARTESIAN_POINT('',(26.5000000000011,0.,-41.4641016151389));
#7665=CARTESIAN_POINT('',(11.374223054995,0.,-32.7312302242375));
#7666=CARTESIAN_POINT('',(29.5000000000011,0.,-39.73205080757));
#7667=CARTESIAN_POINT('',(23.5973936052998,0.,-43.1399221984712));
#7668=CARTESIAN_POINT('',(29.5000000000011,0.,-36.2679491924322));
#7669=CARTESIAN_POINT('',(29.5000000000011,0.,-28.158290376866));
#7670=CARTESIAN_POINT('',(15.774223054995,0.,-28.3433681783962));
#7671=CARTESIAN_POINT('',(-1.7,0.,-36.5));
#7672=CARTESIAN_POINT('Origin',(8.24626363076327E-16,0.,-36.5));
#7673=CARTESIAN_POINT('',(11.7,0.,-54.5));
#7674=CARTESIAN_POINT('Origin',(9.99999999999999,0.,-54.5));
#7675=CARTESIAN_POINT('',(-8.3,0.,-54.5));
#7676=CARTESIAN_POINT('Origin',(-10.,0.,-54.5));
#7677=CARTESIAN_POINT('',(23.5000000000067,0.,-15.9105898795595));
#7678=CARTESIAN_POINT('',(26.5000000000067,0.,-14.1785390719905));
#7679=CARTESIAN_POINT('',(17.5898960255744,0.,-19.3227900001367));
#7680=CARTESIAN_POINT('',(23.5000000000068,0.,-19.3746914946972));
#7681=CARTESIAN_POINT('',(23.5000000000067,0.,-16.3630299666986));
#7682=CARTESIAN_POINT('',(26.5000000000068,0.,-21.1067423022661));
#7683=CARTESIAN_POINT('',(15.7817206347274,0.,-14.9185408254725));
#7684=CARTESIAN_POINT('',(29.5000000000068,0.,-19.3746914946971));
#7685=CARTESIAN_POINT('',(19.1898960255745,0.,-25.3272327997088));
#7686=CARTESIAN_POINT('',(29.5000000000067,0.,-15.9105898795594));
#7687=CARTESIAN_POINT('',(29.5000000000068,0.,-17.9796107204296));
#7688=CARTESIAN_POINT('',(20.1817206347274,0.,-10.5306787796313));
#7689=CARTESIAN_POINT('',(-5.92999999999989,0.,-20.0000000000004));
#7690=CARTESIAN_POINT('Origin',(-0.929999999999893,0.,-20.0000000000004));
#7691=CARTESIAN_POINT('',(-23.5,0.,-40.2320508075689));
#7692=CARTESIAN_POINT('',(-26.5,0.,-41.9641016151378));
#7693=CARTESIAN_POINT('',(-9.41935321922813,0.,-32.1025855983262));
#7694=CARTESIAN_POINT('',(-23.5,0.,-36.7679491924311));
#7695=CARTESIAN_POINT('',(-23.5,0.,-28.4082903768655));
#7696=CARTESIAN_POINT('',(-26.5,0.,-35.0358983848623));
#7697=CARTESIAN_POINT('',(-17.4590301204785,0.,-40.2557047785393));
#7698=CARTESIAN_POINT('',(-29.5,0.,-36.7679491924311));
#7699=CARTESIAN_POINT('',(-11.0193532192281,0.,-26.0981427987541));
#7700=CARTESIAN_POINT('',(-29.5,0.,-40.2320508075689));
#7701=CARTESIAN_POINT('',(-29.5,0.,-26.7917096231346));
#7702=CARTESIAN_POINT('',(-21.8590301204785,0.,-44.6435668243805));
#7703=CARTESIAN_POINT('Origin',(-0.929999999999893,-6.,-20.0000000000004));
#7704=CARTESIAN_POINT('',(-5.92999999999989,-6.,-20.0000000000004));
#7705=CARTESIAN_POINT('Origin',(-0.929999999999893,-6.,-20.0000000000004));
#7706=CARTESIAN_POINT('',(-5.92999999999989,-6.,-20.0000000000004));
#7707=CARTESIAN_POINT('Origin',(-19.0000000000001,-6.,-1.00000000000018));
#7708=CARTESIAN_POINT('',(-20.7000000000001,-6.,-1.00000000000018));
#7709=CARTESIAN_POINT('Origin',(4.32882221372449,-6.,-16.7));
#7710=CARTESIAN_POINT('',(-31.5,-6.,-5.39999999999999));
#7711=CARTESIAN_POINT('',(-24.6177944465689,-6.,1.48220555343102));
#7712=CARTESIAN_POINT('',(-31.5,-6.,-40.4142135623731));
#7713=CARTESIAN_POINT('',(-31.5,-6.,-4.9857864376269));
#7714=CARTESIAN_POINT('',(-15.,-6.,-60.5));
#7715=CARTESIAN_POINT('',(-31.5,-6.,-40.4142135623731));
#7716=CARTESIAN_POINT('',(-5.,-6.,-60.5));
#7717=CARTESIAN_POINT('',(-0.335588893137756,-6.,-60.5));
#7718=CARTESIAN_POINT('',(-5.,-6.,-51.5));
#7719=CARTESIAN_POINT('',(-5.,-6.,-20.0413255566358));
#7720=CARTESIAN_POINT('',(5.,-6.,-51.5));
#7721=CARTESIAN_POINT('',(-0.335588893137752,-6.,-51.5));
#7722=CARTESIAN_POINT('',(5.,-6.,-60.5));
#7723=CARTESIAN_POINT('',(5.,-6.,-33.95));
#7724=CARTESIAN_POINT('',(15.,-6.,-60.5));
#7725=CARTESIAN_POINT('',(-0.335588893137756,-6.,-60.5));
#7726=CARTESIAN_POINT('',(31.5000000000079,-6.,-40.4142135623759));
#7727=CARTESIAN_POINT('',(31.8418024815353,-6.,-39.9981304322058));
#7728=CARTESIAN_POINT('',(31.4999999999666,-6.,-9.54999999998188));
#7729=CARTESIAN_POINT('',(3.46410161513774,-6.,-36.5));
#7730=CARTESIAN_POINT('',(1.73205080756888,-6.,-33.5));
#7731=CARTESIAN_POINT('',(-1.55179194909683,-6.,-27.812217501388));
#7732=CARTESIAN_POINT('',(1.73205080756888,-6.,-39.5));
#7733=CARTESIAN_POINT('',(7.83014992523458,-6.,-28.9377824986121));
#7734=CARTESIAN_POINT('',(-1.73205080756889,-6.,-39.5));
#7735=CARTESIAN_POINT('',(2.97270148372775,-6.,-39.5));
#7736=CARTESIAN_POINT('',(-3.46410161513776,-6.,-36.5));
#7737=CARTESIAN_POINT('',(-5.93965399493799,-6.,-32.212217501388));
#7738=CARTESIAN_POINT('',(-1.73205080756888,-6.,-33.5));
#7739=CARTESIAN_POINT('',(1.82570712566247,-6.,-27.3377824986121));
#7740=CARTESIAN_POINT('',(1.35612072999677,-6.,-33.5));
#7741=CARTESIAN_POINT('',(-8.26794919243112,-6.,-51.5));
#7742=CARTESIAN_POINT('',(-11.7320508075689,-6.,-51.5));
#7743=CARTESIAN_POINT('',(-3.64387927000319,-6.,-51.5));
#7744=CARTESIAN_POINT('',(-6.53589838486224,-6.,-54.5));
#7745=CARTESIAN_POINT('',(-14.1989062661268,-6.,-41.2272810108491));
#7746=CARTESIAN_POINT('',(-8.26794919243112,-6.,-57.5));
#7747=CARTESIAN_POINT('',(2.97726424226457,-6.,-38.022718989151));
#7748=CARTESIAN_POINT('',(-11.7320508075689,-6.,-57.5));
#7749=CARTESIAN_POINT('',(-2.02729851627222,-6.,-57.5));
#7750=CARTESIAN_POINT('',(-13.4641016151378,-6.,-54.5));
#7751=CARTESIAN_POINT('',(-18.586768311968,-6.,-45.6272810108491));
#7752=CARTESIAN_POINT('',(-3.02717855730757,-6.,-36.422718989151));
#7753=CARTESIAN_POINT('',(11.7320508075689,-6.,-51.5));
#7754=CARTESIAN_POINT('',(8.26794919243113,-6.,-51.5));
#7755=CARTESIAN_POINT('',(6.35612072999677,-6.,-51.5));
#7756=CARTESIAN_POINT('',(13.4641016151377,-6.,-54.5));
#7757=CARTESIAN_POINT('',(3.30109373387319,-6.,-36.8971539919269));
#7758=CARTESIAN_POINT('',(11.7320508075689,-6.,-57.5));
#7759=CARTESIAN_POINT('',(20.4772642422646,-6.,-42.3528460080732));
#7760=CARTESIAN_POINT('',(8.26794919243112,-6.,-57.5));
#7761=CARTESIAN_POINT('',(7.97270148372772,-6.,-57.5));
#7762=CARTESIAN_POINT('',(6.53589838486226,-6.,-54.5));
#7763=CARTESIAN_POINT('',(-1.08676831196796,-6.,-41.2971539919269));
#7764=CARTESIAN_POINT('',(14.4728214426924,-6.,-40.7528460080732));
#7765=CARTESIAN_POINT('',(28.2500000000011,-6.,-38.0000000000011));
#7766=CARTESIAN_POINT('Origin',(26.5000000000011,-6.,-38.0000000000011));
#7767=CARTESIAN_POINT('',(28.2500000000068,-6.,-17.6426406871283));
#7768=CARTESIAN_POINT('Origin',(26.5000000000068,-6.,-17.6426406871283));
#7769=CARTESIAN_POINT('',(-24.75,-6.,-7.39999999999998));
#7770=CARTESIAN_POINT('Origin',(-26.5,-6.,-7.39999999999998));
#7771=CARTESIAN_POINT('',(-24.75,-6.,-38.5));
#7772=CARTESIAN_POINT('Origin',(-26.5,-6.,-38.5));
#7773=CARTESIAN_POINT('Origin',(-10.7756826060545,-0.499999999999998,-13.1298073189177));
#7774=CARTESIAN_POINT('',(-23.7,-1.,-5.78341924626908));
#7775=CARTESIAN_POINT('',(-23.5,0.,-5.66794919243108));
#7776=CARTESIAN_POINT('',(-26.5,-1.,-4.16683849253799));
#7777=CARTESIAN_POINT('',(-10.8256826060545,-1.,-13.2164098592962));
#7778=CARTESIAN_POINT('',(-26.5,0.,-3.935898384862));
#7779=CARTESIAN_POINT('Origin',(-16.2027007336522,-0.499999999999998,-4.80348305794779));
#7780=CARTESIAN_POINT('',(-26.5,-1.,-10.633161507462));
#7781=CARTESIAN_POINT('',(-26.5,0.,-10.8641016151378));
#7782=CARTESIAN_POINT('',(-23.7,-1.,-9.01658075373099));
#7783=CARTESIAN_POINT('',(-16.2527007336522,-1.,-4.71688051756928));
#7784=CARTESIAN_POINT('',(-23.7,-1.,-9.01658075373099));
#7785=CARTESIAN_POINT('Origin',(-15.0756826060545,-0.499999999999998,-17.344464284002));
#7786=CARTESIAN_POINT('',(-29.3,-1.,-9.01658075373099));
#7787=CARTESIAN_POINT('',(-29.5,0.,-9.13205080756891));
#7788=CARTESIAN_POINT('',(-15.0256826060545,-1.,-17.2578617436236));
#7789=CARTESIAN_POINT('Origin',(-29.4,-0.499999999999998,-11.2417096231346));
#7790=CARTESIAN_POINT('',(-29.3,-1.,-5.78341924626908));
#7791=CARTESIAN_POINT('',(-29.3,-1.,-11.2417096231346));
#7792=CARTESIAN_POINT('',(-29.5,0.,-5.66794919243108));
#7793=CARTESIAN_POINT('Origin',(-17.7027007336522,-0.499999999999998,1.02775466086701));
#7794=CARTESIAN_POINT('',(-17.6527007336522,-1.,0.941152120489015));
#7795=CARTESIAN_POINT('Origin',(-23.6,-0.499999999999998,-12.8582903768655));
#7796=CARTESIAN_POINT('',(-23.7,-1.,-12.8582903768655));
#7797=CARTESIAN_POINT('Origin',(-23.7,0.,-5.78341924626908));
#7798=CARTESIAN_POINT('',(-23.7,-3.,-5.78341924626908));
#7799=CARTESIAN_POINT('',(-23.7,0.,-5.78341924626908));
#7800=CARTESIAN_POINT('',(-26.5,-3.,-4.16683849253799));
#7801=CARTESIAN_POINT('',(-26.5,-3.,-4.16683849253799));
#7802=CARTESIAN_POINT('',(-26.5,0.,-4.16683849253799));
#7803=CARTESIAN_POINT('Origin',(-23.7,0.,-9.01658075373099));
#7804=CARTESIAN_POINT('',(-23.7,-3.,-9.01658075373099));
#7805=CARTESIAN_POINT('',(-23.7,0.,-9.01658075373099));
#7806=CARTESIAN_POINT('',(-23.7,-3.,-5.78341924626908));
#7807=CARTESIAN_POINT('Origin',(-26.5,0.,-10.633161507462));
#7808=CARTESIAN_POINT('',(-26.5,-3.,-10.633161507462));
#7809=CARTESIAN_POINT('',(-26.5,0.,-10.633161507462));
#7810=CARTESIAN_POINT('',(-23.7,-3.,-9.01658075373099));
#7811=CARTESIAN_POINT('Origin',(-10.9693532192281,-0.499999999999998,-26.1847453391325));
#7812=CARTESIAN_POINT('',(-26.5,-1.,-35.2668384925381));
#7813=CARTESIAN_POINT('',(-26.5,0.,-35.0358983848623));
#7814=CARTESIAN_POINT('',(-29.3,-1.,-36.8834192462691));
#7815=CARTESIAN_POINT('',(-10.9193532192281,-1.,-26.271347879511));
#7816=CARTESIAN_POINT('',(-29.5,0.,-36.7679491924311));
#7817=CARTESIAN_POINT('Origin',(-17.5090301204785,-0.499999999999998,-40.3423073189177));
#7818=CARTESIAN_POINT('',(-23.7,-1.,-36.8834192462691));
#7819=CARTESIAN_POINT('',(-23.5,0.,-36.7679491924311));
#7820=CARTESIAN_POINT('',(-17.5590301204785,-1.,-40.4289098592962));
#7821=CARTESIAN_POINT('Origin',(-9.46935321922813,-0.499999999999998,-32.0159830579478));
#7822=CARTESIAN_POINT('',(-26.5,-1.,-41.7331615074619));
#7823=CARTESIAN_POINT('',(-26.5,0.,-41.9641016151378));
#7824=CARTESIAN_POINT('',(-23.7,-1.,-40.116580753731));
#7825=CARTESIAN_POINT('',(-9.51935321922813,-1.,-31.9293805175693));
#7826=CARTESIAN_POINT('',(-23.7,-1.,-40.116580753731));
#7827=CARTESIAN_POINT('Origin',(-21.8090301204785,-0.499999999999998,-44.556964284002));
#7828=CARTESIAN_POINT('',(-29.3,-1.,-40.116580753731));
#7829=CARTESIAN_POINT('',(-21.7590301204785,-1.,-44.4703617436236));
#7830=CARTESIAN_POINT('',(-29.5,0.,-40.2320508075689));
#7831=CARTESIAN_POINT('Origin',(-23.6,-0.499999999999998,-28.4082903768655));
#7832=CARTESIAN_POINT('',(-23.7,-1.,-28.4082903768655));
#7833=CARTESIAN_POINT('Origin',(-29.4,-0.499999999999998,-26.7917096231346));
#7834=CARTESIAN_POINT('',(-29.3,-1.,-26.7917096231346));
#7835=CARTESIAN_POINT('Origin',(-23.7,0.,-36.8834192462691));
#7836=CARTESIAN_POINT('',(-23.7,-3.,-36.8834192462691));
#7837=CARTESIAN_POINT('',(-23.7,0.,-36.8834192462691));
#7838=CARTESIAN_POINT('',(-26.5,-3.,-35.2668384925381));
#7839=CARTESIAN_POINT('',(-26.5,-3.,-35.2668384925381));
#7840=CARTESIAN_POINT('',(-26.5,0.,-35.2668384925381));
#7841=CARTESIAN_POINT('Origin',(-23.7,0.,-40.116580753731));
#7842=CARTESIAN_POINT('',(-23.7,-3.,-40.116580753731));
#7843=CARTESIAN_POINT('',(-23.7,0.,-40.116580753731));
#7844=CARTESIAN_POINT('',(-23.7,-3.,-36.8834192462691));
#7845=CARTESIAN_POINT('Origin',(-26.5,0.,-41.7331615074619));
#7846=CARTESIAN_POINT('',(-26.5,-3.,-41.7331615074619));
#7847=CARTESIAN_POINT('',(-26.5,0.,-41.7331615074619));
#7848=CARTESIAN_POINT('',(-23.7,-3.,-40.116580753731));
#7849=CARTESIAN_POINT('Origin',(23.5473936052998,-0.499999999999998,-43.0533196580928));
#7850=CARTESIAN_POINT('',(26.5000000000011,-1.,-41.233161507463));
#7851=CARTESIAN_POINT('',(26.5000000000011,0.,-41.4641016151389));
#7852=CARTESIAN_POINT('',(29.3000000000011,-1.,-39.6165807537321));
#7853=CARTESIAN_POINT('',(23.4973936052998,-1.,-42.9667171177143));
#7854=CARTESIAN_POINT('',(29.5000000000011,0.,-39.73205080757));
#7855=CARTESIAN_POINT('Origin',(11.424223054995,-0.499999999999998,-32.644627683859));
#7856=CARTESIAN_POINT('',(23.7000000000011,-1.,-39.6165807537321));
#7857=CARTESIAN_POINT('',(23.5000000000011,0.,-39.73205080757));
#7858=CARTESIAN_POINT('',(11.474223054995,-1.,-32.5580251434806));
#7859=CARTESIAN_POINT('Origin',(22.0473936052998,-0.499999999999998,-37.2220819392775));
#7860=CARTESIAN_POINT('',(26.5000000000011,-1.,-34.7668384925392));
#7861=CARTESIAN_POINT('',(26.5000000000011,0.,-34.5358983848633));
#7862=CARTESIAN_POINT('',(23.7000000000011,-1.,-36.3834192462702));
#7863=CARTESIAN_POINT('',(22.0973936052998,-1.,-37.308684479656));
#7864=CARTESIAN_POINT('',(23.7000000000011,-1.,-36.3834192462702));
#7865=CARTESIAN_POINT('Origin',(15.724223054995,-0.499999999999998,-28.4299707187747));
#7866=CARTESIAN_POINT('',(29.3000000000011,-1.,-36.3834192462702));
#7867=CARTESIAN_POINT('',(15.674223054995,-1.,-28.5165732591532));
#7868=CARTESIAN_POINT('',(29.5000000000011,0.,-36.2679491924322));
#7869=CARTESIAN_POINT('Origin',(23.6000000000011,-0.499999999999998,-26.5417096231351));
#7870=CARTESIAN_POINT('',(23.700000000001,-1.,-26.5417096231351));
#7871=CARTESIAN_POINT('Origin',(29.4000000000011,-0.499999999999998,-28.158290376866));
#7872=CARTESIAN_POINT('',(29.3000000000011,-1.,-28.158290376866));
#7873=CARTESIAN_POINT('Origin',(23.7000000000011,0.,-39.6165807537321));
#7874=CARTESIAN_POINT('',(23.7000000000011,-3.,-39.6165807537321));
#7875=CARTESIAN_POINT('',(23.7000000000011,0.,-39.6165807537321));
#7876=CARTESIAN_POINT('',(26.5000000000011,-3.,-41.233161507463));
#7877=CARTESIAN_POINT('',(26.5000000000011,-3.,-41.233161507463));
#7878=CARTESIAN_POINT('',(26.5000000000011,0.,-41.233161507463));
#7879=CARTESIAN_POINT('Origin',(23.7000000000011,0.,-36.3834192462702));
#7880=CARTESIAN_POINT('',(23.7000000000011,-3.,-36.3834192462702));
#7881=CARTESIAN_POINT('',(23.7000000000011,0.,-36.3834192462702));
#7882=CARTESIAN_POINT('',(23.7000000000011,-3.,-39.6165807537321));
#7883=CARTESIAN_POINT('Origin',(26.5000000000011,0.,-34.7668384925392));
#7884=CARTESIAN_POINT('',(26.5000000000011,-3.,-34.7668384925392));
#7885=CARTESIAN_POINT('',(26.5000000000011,0.,-34.7668384925392));
#7886=CARTESIAN_POINT('',(23.7000000000011,-3.,-36.3834192462702));
#7887=CARTESIAN_POINT('Origin',(17.6398960255744,-0.499999999999998,-19.4093925405151));
#7888=CARTESIAN_POINT('',(26.5000000000067,-1.,-14.4094791796664));
#7889=CARTESIAN_POINT('',(26.5000000000067,0.,-14.1785390719905));
#7890=CARTESIAN_POINT('',(23.7000000000067,-1.,-16.0260599333974));
#7891=CARTESIAN_POINT('',(17.6898960255744,-1.,-19.4959950808936));
#7892=CARTESIAN_POINT('',(23.7000000000067,-1.,-16.0260599333974));
#7893=CARTESIAN_POINT('Origin',(20.1317206347274,-0.499999999999998,-10.6172813200097));
#7894=CARTESIAN_POINT('',(29.3000000000067,-1.,-16.0260599333973));
#7895=CARTESIAN_POINT('',(29.5000000000067,0.,-15.9105898795594));
#7896=CARTESIAN_POINT('',(20.0817206347274,-1.,-10.7038838603882));
#7897=CARTESIAN_POINT('Origin',(29.4000000000068,-0.499999999999998,-17.9796107204296));
#7898=CARTESIAN_POINT('',(29.3000000000068,-1.,-19.2592214408592));
#7899=CARTESIAN_POINT('',(29.5000000000068,0.,-19.3746914946971));
#7900=CARTESIAN_POINT('',(29.3000000000068,-1.,-17.9796107204296));
#7901=CARTESIAN_POINT('Origin',(19.1398960255745,-0.499999999999998,-25.2406302593303));
#7902=CARTESIAN_POINT('',(26.5000000000068,-1.,-20.8758021945902));
#7903=CARTESIAN_POINT('',(26.5000000000068,0.,-21.1067423022661));
#7904=CARTESIAN_POINT('',(19.0898960255745,-1.,-25.1540277189519));
#7905=CARTESIAN_POINT('Origin',(15.8317206347274,-0.499999999999998,-14.831938285094));
#7906=CARTESIAN_POINT('',(23.7000000000068,-1.,-19.2592214408593));
#7907=CARTESIAN_POINT('',(15.8817206347274,-1.,-14.7453357447156));
#7908=CARTESIAN_POINT('',(23.5000000000068,0.,-19.3746914946972));
#7909=CARTESIAN_POINT('Origin',(23.6000000000067,-0.499999999999998,-16.3630299666986));
#7910=CARTESIAN_POINT('',(23.7000000000067,-1.,-16.3630299666986));
#7911=CARTESIAN_POINT('Origin',(23.7000000000068,0.,-19.2592214408593));
#7912=CARTESIAN_POINT('',(23.7000000000068,-3.,-19.2592214408593));
#7913=CARTESIAN_POINT('',(23.7000000000068,0.,-19.2592214408593));
#7914=CARTESIAN_POINT('',(26.5000000000068,-3.,-20.8758021945902));
#7915=CARTESIAN_POINT('',(26.5000000000068,-3.,-20.8758021945902));
#7916=CARTESIAN_POINT('',(26.5000000000068,0.,-20.8758021945902));
#7917=CARTESIAN_POINT('Origin',(23.7000000000067,0.,-16.0260599333974));
#7918=CARTESIAN_POINT('',(23.7000000000067,-3.,-16.0260599333974));
#7919=CARTESIAN_POINT('',(23.7000000000067,0.,-16.0260599333974));
#7920=CARTESIAN_POINT('',(23.7000000000068,-3.,-19.2592214408593));
#7921=CARTESIAN_POINT('Origin',(26.5000000000067,0.,-14.4094791796664));
#7922=CARTESIAN_POINT('',(26.5000000000067,-3.,-14.4094791796664));
#7923=CARTESIAN_POINT('',(26.5000000000067,0.,-14.4094791796664));
#7924=CARTESIAN_POINT('',(23.7000000000067,-3.,-16.0260599333974));
#7925=CARTESIAN_POINT('Origin',(29.3000000000011,0.,-36.3834192462702));
#7926=CARTESIAN_POINT('',(29.3000000000011,-3.,-36.3834192462702));
#7927=CARTESIAN_POINT('',(29.3000000000011,0.,-36.3834192462702));
#7928=CARTESIAN_POINT('',(26.5000000000011,-3.,-34.7668384925392));
#7929=CARTESIAN_POINT('Origin',(29.3000000000011,0.,-39.6165807537321));
#7930=CARTESIAN_POINT('',(29.3000000000011,-3.,-39.6165807537321));
#7931=CARTESIAN_POINT('',(29.3000000000011,0.,-39.6165807537321));
#7932=CARTESIAN_POINT('',(29.3000000000011,-3.,-36.3834192462702));
#7933=CARTESIAN_POINT('Origin',(26.5000000000011,0.,-41.233161507463));
#7934=CARTESIAN_POINT('',(29.3000000000011,-3.,-39.6165807537321));
#7935=CARTESIAN_POINT('Origin',(26.5000000000011,-3.,-38.0000000000011));
#7936=CARTESIAN_POINT('',(28.2500000000011,-3.,-38.0000000000011));
#7937=CARTESIAN_POINT('Origin',(26.5000000000011,-3.,-38.0000000000011));
#7938=CARTESIAN_POINT('Origin',(-29.3,0.,-9.01658075373099));
#7939=CARTESIAN_POINT('',(-29.3,-3.,-9.01658075373099));
#7940=CARTESIAN_POINT('',(-29.3,0.,-9.01658075373099));
#7941=CARTESIAN_POINT('',(-26.5,-3.,-10.633161507462));
#7942=CARTESIAN_POINT('Origin',(-29.3,0.,-5.78341924626908));
#7943=CARTESIAN_POINT('',(-29.3,-3.,-5.78341924626908));
#7944=CARTESIAN_POINT('',(-29.3,0.,-5.78341924626908));
#7945=CARTESIAN_POINT('',(-29.3,-3.,-9.01658075373099));
#7946=CARTESIAN_POINT('Origin',(-26.5,0.,-4.16683849253799));
#7947=CARTESIAN_POINT('',(-29.3,-3.,-5.78341924626908));
#7948=CARTESIAN_POINT('Origin',(-26.5,-3.,-7.39999999999998));
#7949=CARTESIAN_POINT('',(-24.75,-3.,-7.39999999999998));
#7950=CARTESIAN_POINT('Origin',(-26.5,-3.,-7.39999999999998));
#7951=CARTESIAN_POINT('Origin',(29.3000000000067,0.,-16.0260599333973));
#7952=CARTESIAN_POINT('',(29.3000000000067,-3.,-16.0260599333973));
#7953=CARTESIAN_POINT('',(29.3000000000067,0.,-16.0260599333973));
#7954=CARTESIAN_POINT('',(26.5000000000067,-3.,-14.4094791796664));
#7955=CARTESIAN_POINT('Origin',(29.3000000000068,0.,-19.2592214408592));
#7956=CARTESIAN_POINT('',(29.3000000000068,-3.,-19.2592214408592));
#7957=CARTESIAN_POINT('',(29.3000000000068,0.,-19.2592214408592));
#7958=CARTESIAN_POINT('',(29.3000000000067,-3.,-16.0260599333973));
#7959=CARTESIAN_POINT('Origin',(26.5000000000068,0.,-20.8758021945902));
#7960=CARTESIAN_POINT('',(29.3000000000068,-3.,-19.2592214408592));
#7961=CARTESIAN_POINT('Origin',(26.5000000000068,-3.,-17.6426406871283));
#7962=CARTESIAN_POINT('',(28.2500000000068,-3.,-17.6426406871283));
#7963=CARTESIAN_POINT('Origin',(26.5000000000068,-3.,-17.6426406871283));
#7964=CARTESIAN_POINT('Origin',(-29.3,0.,-40.116580753731));
#7965=CARTESIAN_POINT('',(-29.3,-3.,-40.116580753731));
#7966=CARTESIAN_POINT('',(-29.3,0.,-40.116580753731));
#7967=CARTESIAN_POINT('',(-26.5,-3.,-41.7331615074619));
#7968=CARTESIAN_POINT('Origin',(-29.3,0.,-36.8834192462691));
#7969=CARTESIAN_POINT('',(-29.3,-3.,-36.8834192462691));
#7970=CARTESIAN_POINT('',(-29.3,0.,-36.8834192462691));
#7971=CARTESIAN_POINT('',(-29.3,-3.,-40.116580753731));
#7972=CARTESIAN_POINT('Origin',(-26.5,0.,-35.2668384925381));
#7973=CARTESIAN_POINT('',(-29.3,-3.,-36.8834192462691));
#7974=CARTESIAN_POINT('Origin',(-26.5,-3.,-38.5));
#7975=CARTESIAN_POINT('',(-24.75,-3.,-38.5));
#7976=CARTESIAN_POINT('Origin',(-26.5,-3.,-38.5));
#7977=CARTESIAN_POINT('Origin',(-30.,0.,-3.89999999999999));
#7978=CARTESIAN_POINT('',(-31.5,0.,-5.39999999999999));
#7979=CARTESIAN_POINT('Origin',(31.499999999957,0.,-2.39999999999998));
#7980=CARTESIAN_POINT('',(31.5000000000079,0.,-40.4142135623759));
#7981=CARTESIAN_POINT('Origin',(-26.5,0.,-7.39999999999998));
#7982=CARTESIAN_POINT('',(-24.75,0.,-7.39999999999998));
#7983=CARTESIAN_POINT('Origin',(26.5000000000068,0.,-17.6426406871283));
#7984=CARTESIAN_POINT('',(28.2500000000068,0.,-17.6426406871283));
#7985=CARTESIAN_POINT('Origin',(31.5000000000079,0.,-40.4142135623759));
#7986=CARTESIAN_POINT('',(15.,-6.,-60.5));
#7987=CARTESIAN_POINT('Origin',(26.5000000000011,0.,-38.0000000000011));
#7988=CARTESIAN_POINT('',(28.2500000000011,0.,-38.0000000000011));
#7989=CARTESIAN_POINT('Origin',(-26.5,0.,-38.5));
#7990=CARTESIAN_POINT('',(-24.75,0.,-38.5));
#7991=CARTESIAN_POINT('Origin',(-31.5,0.,-40.4142135623731));
#7992=CARTESIAN_POINT('',(-15.,-6.,-60.5));
#7993=CARTESIAN_POINT('',(-31.5,0.,-40.4142135623731));
#7994=CARTESIAN_POINT('Origin',(-31.5,0.,-2.39999999999998));
#7995=CARTESIAN_POINT('Origin',(-5.,-12.7,-57.5));
#7996=CARTESIAN_POINT('',(-5.,-12.7,-57.5));
#7997=CARTESIAN_POINT('',(-5.,-9.7,-60.5));
#7998=CARTESIAN_POINT('',(-5.,-12.7,-57.5));
#7999=CARTESIAN_POINT('',(5.,-9.7,-60.5));
#8000=CARTESIAN_POINT('',(-5.,-9.7,-60.5));
#8001=CARTESIAN_POINT('',(5.,-12.7,-57.5));
#8002=CARTESIAN_POINT('',(5.,-12.7,-57.5));
#8003=CARTESIAN_POINT('',(-5.,-12.7,-57.5));
#8004=CARTESIAN_POINT('Origin',(-5.,-12.7,-47.5));
#8005=CARTESIAN_POINT('',(-5.,-12.7,-49.));
#8006=CARTESIAN_POINT('',(-5.,-12.7,-57.5));
#8007=CARTESIAN_POINT('',(5.,-12.7,-49.));
#8008=CARTESIAN_POINT('',(5.,-12.7,-57.5));
#8009=CARTESIAN_POINT('',(-5.,-12.7,-49.));
#8010=CARTESIAN_POINT('Origin',(-5.,-12.2656854249492,-49.));
#8011=CARTESIAN_POINT('',(-5.,-10.7656854249492,-49.));
#8012=CARTESIAN_POINT('',(-5.,-6.1328427124746,-49.));
#8013=CARTESIAN_POINT('',(5.,-10.7656854249492,-49.));
#8014=CARTESIAN_POINT('',(5.,-6.1328427124746,-49.));
#8015=CARTESIAN_POINT('',(-5.,-10.7656854249492,-49.));
#8016=CARTESIAN_POINT('Origin',(-5.,-8.2656854249492,-51.5));
#8017=CARTESIAN_POINT('',(-5.,-8.2656854249492,-51.5));
#8018=CARTESIAN_POINT('',(-5.,-13.2828427124746,-46.4828427124746));
#8019=CARTESIAN_POINT('',(5.,-8.2656854249492,-51.5));
#8020=CARTESIAN_POINT('',(5.,-13.2828427124746,-46.4828427124746));
#8021=CARTESIAN_POINT('',(-5.,-8.2656854249492,-51.5));
#8022=CARTESIAN_POINT('Origin',(-5.,0.,-51.5));
#8023=CARTESIAN_POINT('',(-5.,-7.802775637732,-51.5));
#8024=CARTESIAN_POINT('',(5.,-7.802775637732,-51.5));
#8025=CARTESIAN_POINT('Origin',(-5.,0.,-23.3826511132716));
#8026=CARTESIAN_POINT('',(-5.,0.,-60.5));
#8027=CARTESIAN_POINT('Origin',(5.,0.,-51.2));
#8028=CARTESIAN_POINT('',(5.,0.,-60.5));
#8029=CARTESIAN_POINT('Origin',(-10.,0.,-54.5));
#8030=CARTESIAN_POINT('',(-8.3,-3.,-54.5));
#8031=CARTESIAN_POINT('',(-8.3,0.,-54.5));
#8032=CARTESIAN_POINT('Origin',(-10.,-3.,-54.5));
#8033=CARTESIAN_POINT('Origin',(9.99999999999999,0.,-54.5));
#8034=CARTESIAN_POINT('',(11.7,-3.,-54.5));
#8035=CARTESIAN_POINT('',(11.7,0.,-54.5));
#8036=CARTESIAN_POINT('Origin',(9.99999999999999,-3.,-54.5));
#8037=CARTESIAN_POINT('Origin',(9.99999999999999,-3.,-54.5));
#8038=CARTESIAN_POINT('',(11.616580753731,-3.,-51.7));
#8039=CARTESIAN_POINT('',(13.2331615074619,-3.,-54.5));
#8040=CARTESIAN_POINT('',(13.2331615074619,-3.,-54.5));
#8041=CARTESIAN_POINT('',(8.38341924626905,-3.,-51.7));
#8042=CARTESIAN_POINT('',(11.616580753731,-3.,-51.7));
#8043=CARTESIAN_POINT('',(6.7668384925381,-3.,-54.5));
#8044=CARTESIAN_POINT('',(8.38341924626905,-3.,-51.7));
#8045=CARTESIAN_POINT('',(8.38341924626905,-3.,-57.3));
#8046=CARTESIAN_POINT('',(6.7668384925381,-3.,-54.5));
#8047=CARTESIAN_POINT('',(11.6165807537309,-3.,-57.3));
#8048=CARTESIAN_POINT('',(8.38341924626905,-3.,-57.3));
#8049=CARTESIAN_POINT('',(11.6165807537309,-3.,-57.3));
#8050=CARTESIAN_POINT('Origin',(11.6165807537309,-6.,-57.3));
#8051=CARTESIAN_POINT('',(11.6165807537309,-5.,-57.3));
#8052=CARTESIAN_POINT('',(8.38341924626905,-5.,-57.3));
#8053=CARTESIAN_POINT('',(7.97270148372772,-5.,-57.3));
#8054=CARTESIAN_POINT('',(11.6165807537309,-6.,-57.3));
#8055=CARTESIAN_POINT('',(8.38341924626905,-6.,-57.3));
#8056=CARTESIAN_POINT('Origin',(8.38341924626905,-6.,-57.3));
#8057=CARTESIAN_POINT('',(6.7668384925381,-5.,-54.5));
#8058=CARTESIAN_POINT('',(-0.91356323121107,-5.,-41.1971539919269));
#8059=CARTESIAN_POINT('',(6.7668384925381,-6.,-54.5));
#8060=CARTESIAN_POINT('Origin',(6.7668384925381,-6.,-54.5));
#8061=CARTESIAN_POINT('',(8.38341924626905,-5.,-51.7));
#8062=CARTESIAN_POINT('',(14.6460265234493,-5.,-40.8528460080732));
#8063=CARTESIAN_POINT('',(8.38341924626905,-6.,-51.7));
#8064=CARTESIAN_POINT('Origin',(-10.,-3.,-54.5));
#8065=CARTESIAN_POINT('',(-8.38341924626905,-3.,-51.7));
#8066=CARTESIAN_POINT('',(-6.76683849253809,-3.,-54.5));
#8067=CARTESIAN_POINT('',(-6.76683849253809,-3.,-54.5));
#8068=CARTESIAN_POINT('',(-11.616580753731,-3.,-51.7));
#8069=CARTESIAN_POINT('',(-8.38341924626905,-3.,-51.7));
#8070=CARTESIAN_POINT('',(-13.2331615074619,-3.,-54.5));
#8071=CARTESIAN_POINT('',(-11.616580753731,-3.,-51.7));
#8072=CARTESIAN_POINT('',(-11.616580753731,-3.,-57.3));
#8073=CARTESIAN_POINT('',(-13.2331615074619,-3.,-54.5));
#8074=CARTESIAN_POINT('',(-8.38341924626904,-3.,-57.3));
#8075=CARTESIAN_POINT('',(-11.616580753731,-3.,-57.3));
#8076=CARTESIAN_POINT('',(-8.38341924626904,-3.,-57.3));
#8077=CARTESIAN_POINT('Origin',(-8.38341924626904,-6.,-57.3));
#8078=CARTESIAN_POINT('',(-8.38341924626904,-5.,-57.3));
#8079=CARTESIAN_POINT('',(-11.616580753731,-5.,-57.3));
#8080=CARTESIAN_POINT('',(-2.02729851627222,-5.,-57.3));
#8081=CARTESIAN_POINT('',(-8.38341924626904,-6.,-57.3));
#8082=CARTESIAN_POINT('',(-11.616580753731,-6.,-57.3));
#8083=CARTESIAN_POINT('Origin',(-11.616580753731,-6.,-57.3));
#8084=CARTESIAN_POINT('',(-13.2331615074619,-5.,-54.5));
#8085=CARTESIAN_POINT('',(-18.4135632312111,-5.,-45.5272810108491));
#8086=CARTESIAN_POINT('',(-13.2331615074619,-6.,-54.5));
#8087=CARTESIAN_POINT('Origin',(-13.2331615074619,-6.,-54.5));
#8088=CARTESIAN_POINT('',(-11.616580753731,-5.,-51.7));
#8089=CARTESIAN_POINT('',(-2.85397347655069,-5.,-36.5227189891509));
#8090=CARTESIAN_POINT('',(-11.616580753731,-6.,-51.7));
#8091=CARTESIAN_POINT('Origin',(-11.616580753731,-6.,-51.7));
#8092=CARTESIAN_POINT('',(-8.38341924626905,-5.,-51.7));
#8093=CARTESIAN_POINT('',(-3.64387927000319,-5.,-51.7));
#8094=CARTESIAN_POINT('',(-8.38341924626905,-6.,-51.7));
#8095=CARTESIAN_POINT('Origin',(-8.38341924626905,-6.,-51.7));
#8096=CARTESIAN_POINT('',(-6.76683849253809,-5.,-54.5));
#8097=CARTESIAN_POINT('',(-14.3721113468837,-5.,-41.3272810108491));
#8098=CARTESIAN_POINT('',(-6.76683849253809,-6.,-54.5));
#8099=CARTESIAN_POINT('Origin',(-6.76683849253809,-6.,-54.5));
#8100=CARTESIAN_POINT('',(2.80405916150769,-5.,-37.922718989151));
#8101=CARTESIAN_POINT('Origin',(-18.5001657715895,-5.5,-45.5772810108491));
#8102=CARTESIAN_POINT('',(-13.4641016151378,-6.,-54.5));
#8103=CARTESIAN_POINT('',(-11.7320508075689,-6.,-57.5));
#8104=CARTESIAN_POINT('Origin',(-14.2855088065052,-5.5,-41.2772810108491));
#8105=CARTESIAN_POINT('',(-8.38341924626905,-5.,-51.7));
#8106=CARTESIAN_POINT('',(-6.53589838486224,-6.,-54.5));
#8107=CARTESIAN_POINT('Origin',(-2.94057601692913,-5.5,-36.472718989151));
#8108=CARTESIAN_POINT('',(-11.7320508075689,-6.,-51.5));
#8109=CARTESIAN_POINT('Origin',(-3.64387927000319,-5.5,-51.6));
#8110=CARTESIAN_POINT('Origin',(2.89066170188613,-5.5,-37.972718989151));
#8111=CARTESIAN_POINT('',(-8.26794919243111,-6.,-57.5));
#8112=CARTESIAN_POINT('Origin',(-2.02729851627222,-5.5,-57.4));
#8113=CARTESIAN_POINT('Origin',(8.38341924626905,-6.,-51.7));
#8114=CARTESIAN_POINT('',(11.616580753731,-5.,-51.7));
#8115=CARTESIAN_POINT('',(6.35612072999677,-5.,-51.7));
#8116=CARTESIAN_POINT('',(11.616580753731,-6.,-51.7));
#8117=CARTESIAN_POINT('Origin',(11.616580753731,-6.,-51.7));
#8118=CARTESIAN_POINT('',(13.2331615074619,-5.,-54.5));
#8119=CARTESIAN_POINT('',(3.12788865311631,-5.,-36.9971539919269));
#8120=CARTESIAN_POINT('',(13.2331615074619,-6.,-54.5));
#8121=CARTESIAN_POINT('Origin',(13.2331615074619,-6.,-54.5));
#8122=CARTESIAN_POINT('',(20.3040591615077,-5.,-42.2528460080732));
#8123=CARTESIAN_POINT('Origin',(-1.00016577158952,-5.5,-41.2471539919269));
#8124=CARTESIAN_POINT('',(6.53589838486226,-6.,-54.5));
#8125=CARTESIAN_POINT('',(8.26794919243112,-6.,-57.5));
#8126=CARTESIAN_POINT('Origin',(3.21449119349476,-5.5,-36.9471539919269));
#8127=CARTESIAN_POINT('',(11.616580753731,-5.,-51.7));
#8128=CARTESIAN_POINT('',(13.4641016151377,-6.,-54.5));
#8129=CARTESIAN_POINT('Origin',(14.5594239830709,-5.5,-40.8028460080732));
#8130=CARTESIAN_POINT('',(8.26794919243113,-6.,-51.5));
#8131=CARTESIAN_POINT('Origin',(6.35612072999677,-5.5,-51.6));
#8132=CARTESIAN_POINT('Origin',(20.3906617018861,-5.5,-42.3028460080732));
#8133=CARTESIAN_POINT('',(11.7320508075689,-6.,-57.5));
#8134=CARTESIAN_POINT('Origin',(7.97270148372772,-5.5,-57.4));
#8135=CARTESIAN_POINT('Origin',(8.24626363076327E-16,-6.,-36.5));
#8136=CARTESIAN_POINT('',(-1.7,-3.,-36.5));
#8137=CARTESIAN_POINT('Origin',(8.24626363076327E-16,-3.,-36.5));
#8138=CARTESIAN_POINT('',(-1.7,-6.,-36.5));
#8139=CARTESIAN_POINT('Origin',(-1.38777878078144E-15,-3.,-36.5));
#8140=CARTESIAN_POINT('',(3.2331615074619,-3.,-36.5));
#8141=CARTESIAN_POINT('',(1.61658075373095,-3.,-39.3));
#8142=CARTESIAN_POINT('',(1.61658075373095,-3.,-39.3));
#8143=CARTESIAN_POINT('',(1.61658075373095,-3.,-33.7));
#8144=CARTESIAN_POINT('',(3.2331615074619,-3.,-36.5));
#8145=CARTESIAN_POINT('',(-1.61658075373096,-3.,-33.7));
#8146=CARTESIAN_POINT('',(1.61658075373095,-3.,-33.7));
#8147=CARTESIAN_POINT('',(-3.23316150746191,-3.,-36.5));
#8148=CARTESIAN_POINT('',(-1.61658075373096,-3.,-33.7));
#8149=CARTESIAN_POINT('',(-1.61658075373096,-3.,-39.3));
#8150=CARTESIAN_POINT('',(-3.23316150746191,-3.,-36.5));
#8151=CARTESIAN_POINT('',(-1.61658075373096,-3.,-39.3));
#8152=CARTESIAN_POINT('Origin',(-1.61658075373096,-6.,-39.3));
#8153=CARTESIAN_POINT('',(-1.61658075373096,-5.,-39.3));
#8154=CARTESIAN_POINT('',(-3.23316150746191,-5.,-36.5));
#8155=CARTESIAN_POINT('',(-5.7664489141811,-5.,-32.112217501388));
#8156=CARTESIAN_POINT('',(-1.61658075373096,-6.,-39.3));
#8157=CARTESIAN_POINT('',(-3.23316150746191,-6.,-36.5));
#8158=CARTESIAN_POINT('Origin',(-3.23316150746191,-6.,-36.5));
#8159=CARTESIAN_POINT('',(-1.61658075373096,-5.,-33.7));
#8160=CARTESIAN_POINT('',(1.99891220641936,-5.,-27.4377824986121));
#8161=CARTESIAN_POINT('',(-1.61658075373096,-6.,-33.7));
#8162=CARTESIAN_POINT('Origin',(-1.61658075373096,-6.,-33.7));
#8163=CARTESIAN_POINT('',(1.61658075373095,-5.,-33.7));
#8164=CARTESIAN_POINT('',(1.35612072999677,-5.,-33.7));
#8165=CARTESIAN_POINT('',(1.61658075373095,-6.,-33.7));
#8166=CARTESIAN_POINT('Origin',(1.61658075373095,-6.,-33.7));
#8167=CARTESIAN_POINT('',(3.2331615074619,-5.,-36.5));
#8168=CARTESIAN_POINT('',(-1.72499702985372,-5.,-27.9122175013879));
#8169=CARTESIAN_POINT('',(3.2331615074619,-6.,-36.5));
#8170=CARTESIAN_POINT('Origin',(3.2331615074619,-6.,-36.5));
#8171=CARTESIAN_POINT('',(1.61658075373095,-5.,-39.3));
#8172=CARTESIAN_POINT('',(7.65694484447769,-5.,-28.837782498612));
#8173=CARTESIAN_POINT('',(1.61658075373095,-6.,-39.3));
#8174=CARTESIAN_POINT('Origin',(1.61658075373095,-6.,-39.3));
#8175=CARTESIAN_POINT('',(2.97270148372775,-5.,-39.3));
#8176=CARTESIAN_POINT('Origin',(1.91230966604092,-5.5,-27.3877824986121));
#8177=CARTESIAN_POINT('',(-1.73205080756888,-6.,-33.5));
#8178=CARTESIAN_POINT('',(-3.46410161513776,-6.,-36.5));
#8179=CARTESIAN_POINT('Origin',(7.74354738485613,-5.5,-28.8877824986121));
#8180=CARTESIAN_POINT('',(3.2331615074619,-5.,-36.5));
#8181=CARTESIAN_POINT('',(1.73205080756888,-6.,-39.5));
#8182=CARTESIAN_POINT('Origin',(1.35612072999677,-5.5,-33.6));
#8183=CARTESIAN_POINT('',(1.73205080756888,-6.,-33.5));
#8184=CARTESIAN_POINT('Origin',(-1.63839448947527,-5.5,-27.8622175013879));
#8185=CARTESIAN_POINT('Origin',(2.97270148372775,-5.5,-39.4));
#8186=CARTESIAN_POINT('',(-1.73205080756889,-6.,-39.5));
#8187=CARTESIAN_POINT('Origin',(-5.85305145455954,-5.5,-32.162217501388));
#8188=CARTESIAN_POINT('Origin',(-5.,-9.7,-60.5));
#8189=CARTESIAN_POINT('',(141.135581975424,39.3914017334935,-32.8636798240322));
#8190=UNCERTAINTY_MEASURE_WITH_UNIT(LENGTH_MEASURE(0.01),#8210,
'DISTANCE_ACCURACY_VALUE',
'Maximum model space distance between geometric entities at asserted c
onnectivities');
#8191=UNCERTAINTY_MEASURE_WITH_UNIT(LENGTH_MEASURE(0.01),#8210,
'DISTANCE_ACCURACY_VALUE',
'Maximum model space distance between geometric entities at asserted c
onnectivities');
#8192=UNCERTAINTY_MEASURE_WITH_UNIT(LENGTH_MEASURE(0.01),#8210,
'DISTANCE_ACCURACY_VALUE',
'Maximum model space distance between geometric entities at asserted c
onnectivities');
#8193=UNCERTAINTY_MEASURE_WITH_UNIT(LENGTH_MEASURE(0.01),#8210,
'DISTANCE_ACCURACY_VALUE',
'Maximum model space distance between geometric entities at asserted c
onnectivities');
#8194=UNCERTAINTY_MEASURE_WITH_UNIT(LENGTH_MEASURE(0.01),#8210,
'DISTANCE_ACCURACY_VALUE',
'Maximum model space distance between geometric entities at asserted c
onnectivities');
#8195=UNCERTAINTY_MEASURE_WITH_UNIT(LENGTH_MEASURE(0.01),#8210,
'DISTANCE_ACCURACY_VALUE',
'Maximum model space distance between geometric entities at asserted c
onnectivities');
#8196=UNCERTAINTY_MEASURE_WITH_UNIT(LENGTH_MEASURE(0.01),#8210,
'DISTANCE_ACCURACY_VALUE',
'Maximum model space distance between geometric entities at asserted c
onnectivities');
#8197=UNCERTAINTY_MEASURE_WITH_UNIT(LENGTH_MEASURE(0.01),#8210,
'DISTANCE_ACCURACY_VALUE',
'Maximum model space distance between geometric entities at asserted c
onnectivities');
#8198=UNCERTAINTY_MEASURE_WITH_UNIT(LENGTH_MEASURE(0.01),#8210,
'DISTANCE_ACCURACY_VALUE',
'Maximum model space distance between geometric entities at asserted c
onnectivities');
#8199=UNCERTAINTY_MEASURE_WITH_UNIT(LENGTH_MEASURE(0.01),#8210,
'DISTANCE_ACCURACY_VALUE',
'Maximum model space distance between geometric entities at asserted c
onnectivities');
#8200=(
GEOMETRIC_REPRESENTATION_CONTEXT(3)
GLOBAL_UNCERTAINTY_ASSIGNED_CONTEXT((#8190))
GLOBAL_UNIT_ASSIGNED_CONTEXT((#8210,#8212,#8213))
REPRESENTATION_CONTEXT('','3D')
);
#8201=(
GEOMETRIC_REPRESENTATION_CONTEXT(3)
GLOBAL_UNCERTAINTY_ASSIGNED_CONTEXT((#8191))
GLOBAL_UNIT_ASSIGNED_CONTEXT((#8210,#8212,#8213))
REPRESENTATION_CONTEXT('','3D')
);
#8202=(
GEOMETRIC_REPRESENTATION_CONTEXT(3)
GLOBAL_UNCERTAINTY_ASSIGNED_CONTEXT((#8192))
GLOBAL_UNIT_ASSIGNED_CONTEXT((#8210,#8212,#8213))
REPRESENTATION_CONTEXT('','3D')
);
#8203=(
GEOMETRIC_REPRESENTATION_CONTEXT(3)
GLOBAL_UNCERTAINTY_ASSIGNED_CONTEXT((#8193))
GLOBAL_UNIT_ASSIGNED_CONTEXT((#8210,#8212,#8213))
REPRESENTATION_CONTEXT('','3D')
);
#8204=(
GEOMETRIC_REPRESENTATION_CONTEXT(3)
GLOBAL_UNCERTAINTY_ASSIGNED_CONTEXT((#8194))
GLOBAL_UNIT_ASSIGNED_CONTEXT((#8210,#8212,#8213))
REPRESENTATION_CONTEXT('','3D')
);
#8205=(
GEOMETRIC_REPRESENTATION_CONTEXT(3)
GLOBAL_UNCERTAINTY_ASSIGNED_CONTEXT((#8195))
GLOBAL_UNIT_ASSIGNED_CONTEXT((#8210,#8212,#8213))
REPRESENTATION_CONTEXT('','3D')
);
#8206=(
GEOMETRIC_REPRESENTATION_CONTEXT(3)
GLOBAL_UNCERTAINTY_ASSIGNED_CONTEXT((#8196))
GLOBAL_UNIT_ASSIGNED_CONTEXT((#8210,#8212,#8213))
REPRESENTATION_CONTEXT('','3D')
);
#8207=(
GEOMETRIC_REPRESENTATION_CONTEXT(3)
GLOBAL_UNCERTAINTY_ASSIGNED_CONTEXT((#8197))
GLOBAL_UNIT_ASSIGNED_CONTEXT((#8210,#8212,#8213))
REPRESENTATION_CONTEXT('','3D')
);
#8208=(
GEOMETRIC_REPRESENTATION_CONTEXT(3)
GLOBAL_UNCERTAINTY_ASSIGNED_CONTEXT((#8198))
GLOBAL_UNIT_ASSIGNED_CONTEXT((#8210,#8212,#8213))
REPRESENTATION_CONTEXT('','3D')
);
#8209=(
GEOMETRIC_REPRESENTATION_CONTEXT(3)
GLOBAL_UNCERTAINTY_ASSIGNED_CONTEXT((#8199))
GLOBAL_UNIT_ASSIGNED_CONTEXT((#8210,#8212,#8213))
REPRESENTATION_CONTEXT('','3D')
);
#8210=(
LENGTH_UNIT()
NAMED_UNIT(*)
SI_UNIT(.MILLI.,.METRE.)
);
#8211=(
LENGTH_UNIT()
NAMED_UNIT(*)
SI_UNIT($,.METRE.)
);
#8212=(
NAMED_UNIT(*)
PLANE_ANGLE_UNIT()
SI_UNIT($,.RADIAN.)
);
#8213=(
NAMED_UNIT(*)
SI_UNIT($,.STERADIAN.)
SOLID_ANGLE_UNIT()
);
#8214=SHAPE_DEFINITION_REPRESENTATION(#8223,#8247);
#8215=SHAPE_DEFINITION_REPRESENTATION(#8224,#8248);
#8216=SHAPE_DEFINITION_REPRESENTATION(#8225,#8249);
#8217=SHAPE_DEFINITION_REPRESENTATION(#8226,#8250);
#8218=SHAPE_DEFINITION_REPRESENTATION(#8227,#8251);
#8219=SHAPE_DEFINITION_REPRESENTATION(#8228,#8252);
#8220=SHAPE_DEFINITION_REPRESENTATION(#8229,#8253);
#8221=SHAPE_DEFINITION_REPRESENTATION(#8230,#8254);
#8222=SHAPE_DEFINITION_REPRESENTATION(#8231,#8255);
#8223=PRODUCT_DEFINITION_SHAPE('',$,#8257);
#8224=PRODUCT_DEFINITION_SHAPE('',$,#8258);
#8225=PRODUCT_DEFINITION_SHAPE('',$,#8259);
#8226=PRODUCT_DEFINITION_SHAPE('',$,#8260);
#8227=PRODUCT_DEFINITION_SHAPE('',$,#8261);
#8228=PRODUCT_DEFINITION_SHAPE('',$,#8262);
#8229=PRODUCT_DEFINITION_SHAPE('',$,#8263);
#8230=PRODUCT_DEFINITION_SHAPE('',$,#8264);
#8231=PRODUCT_DEFINITION_SHAPE('',$,#8265);
#8232=PRODUCT_DEFINITION_SHAPE($,$,#56);
#8233=PRODUCT_DEFINITION_SHAPE($,$,#57);
#8234=PRODUCT_DEFINITION_SHAPE($,$,#58);
#8235=PRODUCT_DEFINITION_SHAPE($,$,#59);
#8236=PRODUCT_DEFINITION_SHAPE($,$,#60);
#8237=PRODUCT_DEFINITION_SHAPE($,$,#61);
#8238=PRODUCT_DEFINITION_SHAPE($,$,#62);
#8239=PRODUCT_DEFINITION_SHAPE($,$,#63);
#8240=PRODUCT_DEFINITION_SHAPE($,$,#64);
#8241=PRODUCT_DEFINITION_SHAPE($,$,#65);
#8242=PRODUCT_DEFINITION_SHAPE($,$,#66);
#8243=PRODUCT_DEFINITION_SHAPE($,$,#67);
#8244=PRODUCT_DEFINITION_SHAPE($,$,#68);
#8245=PRODUCT_DEFINITION_SHAPE($,$,#69);
#8246=PRODUCT_DEFINITION_SHAPE($,$,#70);
#8247=SHAPE_REPRESENTATION('',(#4926,#5380),#8200);
#8248=SHAPE_REPRESENTATION('',(#4927,#5208),#8201);
#8249=SHAPE_REPRESENTATION('',(#4928,#5195,#5196,#5197,#5198,#5199,#5200,
#5201,#5202,#5203,#5204,#5205,#5206,#5207),#8202);
#8250=SHAPE_REPRESENTATION('',(#4929),#8203);
#8251=SHAPE_REPRESENTATION('',(#5029),#8204);
#8252=SHAPE_REPRESENTATION('',(#5052),#8205);
#8253=SHAPE_REPRESENTATION('',(#5102),#8206);
#8254=SHAPE_REPRESENTATION('',(#5115),#8207);
#8255=SHAPE_REPRESENTATION('',(#5154),#8208);
#8256=PRODUCT_DEFINITION_CONTEXT('part definition',#8285,'design');
#8257=PRODUCT_DEFINITION('\X2\04200430043C0430\X0\',
'Ender3Pro printer mounting plate_ v24',#8266,#8256);
#8258=PRODUCT_DEFINITION('\X2\04110430043B043A0430\X0\_\X2\043E04410438\X0\_
Z_\X2\0432\X0\_\X2\04410431043E04400435\X0\','Ender 3 x carriage',#8267,
#8256);
#8259=PRODUCT_DEFINITION('\X2\042D043A0441044204400443043404350440\X0\_
\X2\0432\X0\_\X2\04410431043E04400435\X0\','Ender 3 x carriage (1)',#8268,
#8256);
#8260=PRODUCT_DEFINITION('\X2\041E0441043D043E04320430043D04380435\X0\_
3','Mounting plate',#8269,#8256);
#8261=PRODUCT_DEFINITION('\X2\042D043A044104460435043D044204400438043A\X0\',
'wheel tensioner',#8270,#8256);
#8262=PRODUCT_DEFINITION('\X2\04120438043D0442\X0\_1','M5x30',#8271,#8256);
#8263=PRODUCT_DEFINITION('\X2\04140438044104420430043D04460438043E043D043D0430044F\X0\_
\X2\043204420443043B043A0430\X0\','wheel standoff',#8272,#8256);
#8264=PRODUCT_DEFINITION('\X2\0420043E043B0438043A\X0\_1',
'rubber wheel',#8273,#8256);
#8265=PRODUCT_DEFINITION('AS 1112 - M5  \X2\04220438043F\X0\ 5',
'm5 nut',#8274,#8256);
#8266=PRODUCT_DEFINITION_FORMATION('',$,#8287);
#8267=PRODUCT_DEFINITION_FORMATION('',$,#8288);
#8268=PRODUCT_DEFINITION_FORMATION('',$,#8289);
#8269=PRODUCT_DEFINITION_FORMATION('',$,#8290);
#8270=PRODUCT_DEFINITION_FORMATION('',$,#8291);
#8271=PRODUCT_DEFINITION_FORMATION('',$,#8292);
#8272=PRODUCT_DEFINITION_FORMATION('',$,#8293);
#8273=PRODUCT_DEFINITION_FORMATION('',$,#8294);
#8274=PRODUCT_DEFINITION_FORMATION('',$,#8295);
#8275=PRODUCT_RELATED_PRODUCT_CATEGORY(
'Ender3Pro printer mounting plate_ v24',
'Ender3Pro printer mounting plate_ v24',(#8287));
#8276=PRODUCT_RELATED_PRODUCT_CATEGORY('Ender 3 x carriage',
'Ender 3 x carriage',(#8288));
#8277=PRODUCT_RELATED_PRODUCT_CATEGORY('Ender 3 x carriage (1)',
'Ender 3 x carriage (1)',(#8289));
#8278=PRODUCT_RELATED_PRODUCT_CATEGORY('Mounting plate',
'Mounting plate',(#8290));
#8279=PRODUCT_RELATED_PRODUCT_CATEGORY('wheel tensioner',
'wheel tensioner',(#8291));
#8280=PRODUCT_RELATED_PRODUCT_CATEGORY('M5x30','M5x30',(#8292));
#8281=PRODUCT_RELATED_PRODUCT_CATEGORY('wheel standoff',
'wheel standoff',(#8293));
#8282=PRODUCT_RELATED_PRODUCT_CATEGORY('rubber wheel','rubber wheel',(#8294));
#8283=PRODUCT_RELATED_PRODUCT_CATEGORY('m5 nut','m5 nut',(#8295));
#8284=APPLICATION_PROTOCOL_DEFINITION('international standard',
'automotive_design',2009,#8285);
#8285=APPLICATION_CONTEXT(
'Core Data for Automotive Mechanical Design Process');
#8286=PRODUCT_CONTEXT('part definition',#8285,'mechanical');
#8287=PRODUCT('\X2\04200430043C0430\X0\',
'Ender3Pro printer mounting plate_ v24',$,(#8286));
#8288=PRODUCT('\X2\04110430043B043A0430\X0\_\X2\043E04410438\X0\_Z_\X2\0432\X0\_
\X2\04410431043E04400435\X0\','Ender 3 x carriage',$,(#8286));
#8289=PRODUCT('\X2\042D043A0441044204400443043404350440\X0\_\X2\0432\X0\_
\X2\04410431043E04400435\X0\','Ender 3 x carriage (1)',$,(#8286));
#8290=PRODUCT('\X2\041E0441043D043E04320430043D04380435\X0\_3',
'Mounting plate',$,(#8286));
#8291=PRODUCT('\X2\042D043A044104460435043D044204400438043A\X0\',
'wheel tensioner',$,(#8286));
#8292=PRODUCT('\X2\04120438043D0442\X0\_1','M5x30',$,(#8286));
#8293=PRODUCT('\X2\04140438044104420430043D04460438043E043D043D0430044F\X0\_
\X2\043204420443043B043A0430\X0\','wheel standoff',$,(#8286));
#8294=PRODUCT('\X2\0420043E043B0438043A\X0\_1','rubber wheel',$,(#8286));
#8295=PRODUCT('AS 1112 - M5  \X2\04220438043F\X0\ 5','m5 nut',
'\X2\041304300439043A0438\X0\ \X2\04480435044104420438043304400430043D043D044B0435\X0\ 
\X2\043C0435044204400438044704350441043A04380435\X0\ ISO, \X2\0432043A043B044E04470430044F\X0\ 
\X2\043304300439043A0438\X0\ \X2\043D04380437043A04380435\X0\, \X2\043A043E0440043E043D044704300442044B0435\X0\',
(#8286));
#8296=PRESENTATION_STYLE_ASSIGNMENT((#8303));
#8297=PRESENTATION_STYLE_ASSIGNMENT((#8304));
#8298=PRESENTATION_STYLE_ASSIGNMENT((#8305));
#8299=PRESENTATION_STYLE_ASSIGNMENT((#8306));
#8300=PRESENTATION_STYLE_ASSIGNMENT((#8307));
#8301=PRESENTATION_STYLE_ASSIGNMENT((#8308));
#8302=PRESENTATION_STYLE_ASSIGNMENT((#8309));
#8303=SURFACE_STYLE_USAGE(.BOTH.,#8310);
#8304=SURFACE_STYLE_USAGE(.BOTH.,#8311);
#8305=SURFACE_STYLE_USAGE(.BOTH.,#8312);
#8306=SURFACE_STYLE_USAGE(.BOTH.,#8313);
#8307=SURFACE_STYLE_USAGE(.BOTH.,#8314);
#8308=SURFACE_STYLE_USAGE(.BOTH.,#8315);
#8309=SURFACE_STYLE_USAGE(.BOTH.,#8316);
#8310=SURFACE_SIDE_STYLE('',(#8317));
#8311=SURFACE_SIDE_STYLE('',(#8318));
#8312=SURFACE_SIDE_STYLE('',(#8319));
#8313=SURFACE_SIDE_STYLE('',(#8320));
#8314=SURFACE_SIDE_STYLE('',(#8321));
#8315=SURFACE_SIDE_STYLE('',(#8322));
#8316=SURFACE_SIDE_STYLE('',(#8323));
#8317=SURFACE_STYLE_FILL_AREA(#8324);
#8318=SURFACE_STYLE_FILL_AREA(#8325);
#8319=SURFACE_STYLE_FILL_AREA(#8326);
#8320=SURFACE_STYLE_FILL_AREA(#8327);
#8321=SURFACE_STYLE_FILL_AREA(#8328);
#8322=SURFACE_STYLE_FILL_AREA(#8329);
#8323=SURFACE_STYLE_FILL_AREA(#8330);
#8324=FILL_AREA_STYLE('Steel - Satin',(#8331));
#8325=FILL_AREA_STYLE('Opaque(160,160,160)',(#8332));
#8326=FILL_AREA_STYLE('Opaque(190,188,186)',(#8333));
#8327=FILL_AREA_STYLE('Opaque(254,254,255)',(#8334));
#8328=FILL_AREA_STYLE('Opaque(191,191,191)',(#8335));
#8329=FILL_AREA_STYLE('Opaque(244,244,244)',(#8336));
#8330=FILL_AREA_STYLE('Opaque(10,10,10)',(#8337));
#8331=FILL_AREA_STYLE_COLOUR('Steel - Satin',#8338);
#8332=FILL_AREA_STYLE_COLOUR('Opaque(160,160,160)',#8339);
#8333=FILL_AREA_STYLE_COLOUR('Opaque(190,188,186)',#8340);
#8334=FILL_AREA_STYLE_COLOUR('Opaque(254,254,255)',#8341);
#8335=FILL_AREA_STYLE_COLOUR('Opaque(191,191,191)',#8342);
#8336=FILL_AREA_STYLE_COLOUR('Opaque(244,244,244)',#8343);
#8337=FILL_AREA_STYLE_COLOUR('Opaque(10,10,10)',#8344);
#8338=COLOUR_RGB('Steel - Satin',0.627450980392157,0.627450980392157,0.627450980392157);
#8339=COLOUR_RGB('Opaque(160,160,160)',0.627450980392157,0.627450980392157,
0.627450980392157);
#8340=COLOUR_RGB('Opaque(190,188,186)',0.745098039215686,0.737254901960784,
0.729411764705882);
#8341=COLOUR_RGB('Opaque(254,254,255)',0.996078431372549,0.996078431372549,
1.);
#8342=COLOUR_RGB('Opaque(191,191,191)',0.749019607843137,0.749019607843137,
0.749019607843137);
#8343=COLOUR_RGB('Opaque(244,244,244)',0.956862745098039,0.956862745098039,
0.956862745098039);
#8344=COLOUR_RGB('Opaque(10,10,10)',0.0392156862745098,0.0392156862745098,
0.0392156862745098);
ENDSEC;
END-ISO-10303-21;
