ISO-10303-21;
HEADER;
/* Generated by software containing ST-Developer
 * from STEP Tools, Inc. (www.steptools.com) 
 */

FILE_DESCRIPTION(
/* description */ (''),
/* implementation_level */ '2;1');

FILE_NAME(
/* name */ 'Neptune 3 mounting plate.step',
/* time_stamp */ '2025-08-18T01:23:43+02:00',
/* author */ (''),
/* organization */ (''),
/* preprocessor_version */ 'ST-DEVELOPER v20.1',
/* originating_system */ 'Autodesk Translation Framework v14.10.0.0',
/* authorisation */ '');

FILE_SCHEMA (('AUTOMOTIVE_DESIGN { 1 0 10303 214 3 1 1 }'));
ENDSEC;

DATA;
#10=MECHANICAL_DESIGN_GEOMETRIC_PRESENTATION_REPRESENTATION('',(#57,#58,
#59,#60,#61,#62,#63),#9166);
#11=B_SPLINE_CURVE_WITH_KNOTS('',3,(#8681,#8682,#8683,#8684,#8685,#8686,
#8687,#8688),.UNSPECIFIED.,.F.,.F.,(4,2,2,4),(-0.237424345861104,-0.232629800379426,
-0.19528972010864,-0.130662286703849),.UNSPECIFIED.);
#12=B_SPLINE_CURVE_WITH_KNOTS('',3,(#8691,#8692,#8693,#8694,#8695,#8696,
#8697,#8698),.UNSPECIFIED.,.F.,.F.,(4,2,2,4),(-0.361083527688214,-0.296456094283428,
-0.25911601401264,-0.254321468530958),.UNSPECIFIED.);
#13=B_SPLINE_CURVE_WITH_KNOTS('',3,(#8704,#8705,#8706,#8707,#8708,#8709,
#8710,#8711),.UNSPECIFIED.,.F.,.F.,(4,2,2,4),(-0.237424345861076,-0.232629800379406,
-0.195289720108619,-0.130662286703811),.UNSPECIFIED.);
#14=B_SPLINE_CURVE_WITH_KNOTS('',3,(#8714,#8715,#8716,#8717,#8718,#8719,
#8720,#8721),.UNSPECIFIED.,.F.,.F.,(4,2,2,4),(-0.361083527688214,-0.296456094283401,
-0.259116014012614,-0.254321468530953),.UNSPECIFIED.);
#15=B_SPLINE_CURVE_WITH_KNOTS('',3,(#8727,#8728,#8729,#8730,#8731,#8732,
#8733,#8734),.UNSPECIFIED.,.F.,.F.,(4,2,2,4),(-0.237424345861124,-0.232629800379407,
-0.19528972010863,-0.13066228670384),.UNSPECIFIED.);
#16=B_SPLINE_CURVE_WITH_KNOTS('',3,(#8737,#8738,#8739,#8740,#8741,#8742,
#8743,#8744),.UNSPECIFIED.,.F.,.F.,(4,2,2,4),(-0.361083527688197,-0.296456094283412,
-0.259116014012626,-0.254321468530919),.UNSPECIFIED.);
#17=B_SPLINE_CURVE_WITH_KNOTS('',3,(#8750,#8751,#8752,#8753,#8754,#8755,
#8756,#8757),.UNSPECIFIED.,.F.,.F.,(4,2,2,4),(-0.237424345861107,-0.23262980037943,
-0.195289720108642,-0.130662286703854),.UNSPECIFIED.);
#18=B_SPLINE_CURVE_WITH_KNOTS('',3,(#8760,#8761,#8762,#8763,#8764,#8765,
#8766,#8767),.UNSPECIFIED.,.F.,.F.,(4,2,2,4),(-0.361083527688213,-0.296456094283429,
-0.259116014012642,-0.254321468530891),.UNSPECIFIED.);
#19=B_SPLINE_CURVE_WITH_KNOTS('',3,(#8773,#8774,#8775,#8776,#8777,#8778,
#8779,#8780),.UNSPECIFIED.,.F.,.F.,(4,2,2,4),(-0.23742434586113,-0.23262980037941,
-0.195289720108625,-0.130662286703838),.UNSPECIFIED.);
#20=B_SPLINE_CURVE_WITH_KNOTS('',3,(#8783,#8784,#8785,#8786,#8787,#8788,
#8789,#8790),.UNSPECIFIED.,.F.,.F.,(4,2,2,4),(-0.361083527688201,-0.296456094283411,
-0.259116014012625,-0.254321468530913),.UNSPECIFIED.);
#21=B_SPLINE_CURVE_WITH_KNOTS('',3,(#8796,#8797,#8798,#8799,#8800,#8801,
#8802,#8803),.UNSPECIFIED.,.F.,.F.,(4,2,2,4),(-0.237424345861083,-0.232629800379412,
-0.195289720108628,-0.130662286703819),.UNSPECIFIED.);
#22=B_SPLINE_CURVE_WITH_KNOTS('',3,(#8806,#8807,#8808,#8809,#8810,#8811,
#8812,#8813),.UNSPECIFIED.,.F.,.F.,(4,2,2,4),(-0.361083527688219,-0.296456094283406,
-0.259116014012623,-0.254321468530963),.UNSPECIFIED.);
#23=CONICAL_SURFACE('',#5749,4.12499999999999,0.78539816339745);
#24=CONICAL_SURFACE('',#5753,4.12499999999999,0.785398163397451);
#25=CONICAL_SURFACE('',#5836,0.580000000000003,0.327738506780554);
#26=CONICAL_SURFACE('',#5839,0.580000000000001,0.327738506780552);
#27=CONICAL_SURFACE('',#5842,0.579999999999998,0.327738506780561);
#28=CONICAL_SURFACE('',#5845,0.580000000000001,0.327738506780552);
#29=CONICAL_SURFACE('',#5848,0.579999999999998,0.327738506780561);
#30=CONICAL_SURFACE('',#5851,0.580000000000002,0.32773850678055);
#31=(
BOUNDED_CURVE()
B_SPLINE_CURVE(2,(#8371,#8372,#8373),.UNSPECIFIED.,.F.,.F.)
B_SPLINE_CURVE_WITH_KNOTS((3,3),(1.07203618671576,1.35350445131756),
 .UNSPECIFIED.)
CURVE()
GEOMETRIC_REPRESENTATION_ITEM()
RATIONAL_B_SPLINE_CURVE((1.81382695148407,1.7820382959471,1.67745592434995))
REPRESENTATION_ITEM('')
);
#32=(
BOUNDED_CURVE()
B_SPLINE_CURVE(2,(#8377,#8378,#8379),.UNSPECIFIED.,.F.,.F.)
B_SPLINE_CURVE_WITH_KNOTS((3,3),(0.,0.374199925467735),.UNSPECIFIED.)
CURVE()
GEOMETRIC_REPRESENTATION_ITEM()
RATIONAL_B_SPLINE_CURVE((1.,1.08976281980323,1.))
REPRESENTATION_ITEM('')
);
#33=(
BOUNDED_CURVE()
B_SPLINE_CURVE(2,(#8386,#8387,#8388),.UNSPECIFIED.,.F.,.F.)
B_SPLINE_CURVE_WITH_KNOTS((3,3),(0.544736325853166,0.826204590465953),
 .UNSPECIFIED.)
CURVE()
GEOMETRIC_REPRESENTATION_ITEM()
RATIONAL_B_SPLINE_CURVE((1.67745592434181,1.78203829594586,1.81382695148406))
REPRESENTATION_ITEM('')
);
#34=(
BOUNDED_CURVE()
B_SPLINE_CURVE(2,(#8392,#8393,#8394),.UNSPECIFIED.,.F.,.F.)
B_SPLINE_CURVE_WITH_KNOTS((3,3),(0.,0.374199925467751),.UNSPECIFIED.)
CURVE()
GEOMETRIC_REPRESENTATION_ITEM()
RATIONAL_B_SPLINE_CURVE((1.,1.08976281980346,1.))
REPRESENTATION_ITEM('')
);
#35=(
BOUNDED_CURVE()
B_SPLINE_CURVE(2,(#8397,#8398,#8399),.UNSPECIFIED.,.F.,.F.)
B_SPLINE_CURVE_WITH_KNOTS((3,3),(0.0784457230731076,0.137691845847289),
 .UNSPECIFIED.)
CURVE()
GEOMETRIC_REPRESENTATION_ITEM()
RATIONAL_B_SPLINE_CURVE((1.59836861391207,1.81627946449356,2.0220337213193))
REPRESENTATION_ITEM('')
);
#36=(
BOUNDED_CURVE()
B_SPLINE_CURVE(2,(#8404,#8405,#8406),.UNSPECIFIED.,.F.,.F.)
B_SPLINE_CURVE_WITH_KNOTS((3,3),(1.92341555027894,2.02896863123614),
 .UNSPECIFIED.)
CURVE()
GEOMETRIC_REPRESENTATION_ITEM()
RATIONAL_B_SPLINE_CURVE((1.88296134042017,1.71792565357124,1.53211721412957))
REPRESENTATION_ITEM('')
);
#37=ITEM_DEFINED_TRANSFORMATION($,$,#5505,#5667);
#38=ITEM_DEFINED_TRANSFORMATION($,$,#5504,#5668);
#39=ITEM_DEFINED_TRANSFORMATION($,$,#5503,#5669);
#40=ITEM_DEFINED_TRANSFORMATION($,$,#5502,#5982);
#41=(
REPRESENTATION_RELATIONSHIP($,$,#9189,#9188)
REPRESENTATION_RELATIONSHIP_WITH_TRANSFORMATION(#37)
SHAPE_REPRESENTATION_RELATIONSHIP()
);
#42=(
REPRESENTATION_RELATIONSHIP($,$,#9188,#9187)
REPRESENTATION_RELATIONSHIP_WITH_TRANSFORMATION(#38)
SHAPE_REPRESENTATION_RELATIONSHIP()
);
#43=(
REPRESENTATION_RELATIONSHIP($,$,#9187,#9186)
REPRESENTATION_RELATIONSHIP_WITH_TRANSFORMATION(#39)
SHAPE_REPRESENTATION_RELATIONSHIP()
);
#44=(
REPRESENTATION_RELATIONSHIP($,$,#9186,#9185)
REPRESENTATION_RELATIONSHIP_WITH_TRANSFORMATION(#40)
SHAPE_REPRESENTATION_RELATIONSHIP()
);
#45=CONTEXT_DEPENDENT_SHAPE_REPRESENTATION(#41,#9181);
#46=CONTEXT_DEPENDENT_SHAPE_REPRESENTATION(#42,#9182);
#47=CONTEXT_DEPENDENT_SHAPE_REPRESENTATION(#43,#9183);
#48=CONTEXT_DEPENDENT_SHAPE_REPRESENTATION(#44,#9184);
#49=NEXT_ASSEMBLY_USAGE_OCCURRENCE('FIXING_PLATE_EXTRUDER:1',
'FIXING_PLATE_EXTRUDER:1','FIXING_PLATE_EXTRUDER:1',#9194,#9195,
'FIXING_PLATE_EXTRUDER:1');
#50=NEXT_ASSEMBLY_USAGE_OCCURRENCE('FIXING_PLATE_EXTRUDER_KIT_ASM:1',
'FIXING_PLATE_EXTRUDER_KIT_ASM:1','FIXING_PLATE_EXTRUDER_KIT_ASM:1',#9193,
#9194,'FIXING_PLATE_EXTRUDER_KIT_ASM:1');
#51=NEXT_ASSEMBLY_USAGE_OCCURRENCE('Neptune 3 :1','Neptune 3 :1',
'Neptune 3 :1',#9192,#9193,'Neptune 3 :1');
#52=NEXT_ASSEMBLY_USAGE_OCCURRENCE('Neptune 3 mount:1',
'Neptune 3 mount:1','Neptune 3 mount:1',#9191,#9192,'Neptune 3 mount:1');
#53=SHAPE_REPRESENTATION_RELATIONSHIP('SRR','None',#9189,#55);
#54=SHAPE_REPRESENTATION_RELATIONSHIP('SRR','None',#9185,#56);
#55=ADVANCED_BREP_SHAPE_REPRESENTATION('',(#64),#9165);
#56=ADVANCED_BREP_SHAPE_REPRESENTATION('',(#65,#66,#67,#68,#69,#70),#9161);
#57=STYLED_ITEM('',(#9215),#64);
#58=STYLED_ITEM('',(#9215),#65);
#59=STYLED_ITEM('',(#9214),#66);
#60=STYLED_ITEM('',(#9214),#67);
#61=STYLED_ITEM('',(#9214),#68);
#62=STYLED_ITEM('',(#9214),#69);
#63=STYLED_ITEM('',(#9214),#70);
#64=MANIFOLD_SOLID_BREP('K\X\F6rper1',#5482);
#65=MANIFOLD_SOLID_BREP('Neptune 3 mounting plate',#5483);
#66=MANIFOLD_SOLID_BREP('pcb standoff (3)',#5484);
#67=MANIFOLD_SOLID_BREP('pcb standoff (1)',#5485);
#68=MANIFOLD_SOLID_BREP('pcb standoff (2)',#5486);
#69=MANIFOLD_SOLID_BREP('pcb standoff (5)',#5487);
#70=MANIFOLD_SOLID_BREP('pcb standoff (4)',#5488);
#71=FACE_BOUND('',#675,.T.);
#72=FACE_BOUND('',#676,.T.);
#73=FACE_BOUND('',#677,.T.);
#74=FACE_BOUND('',#678,.T.);
#75=FACE_BOUND('',#679,.T.);
#76=FACE_BOUND('',#680,.T.);
#77=FACE_BOUND('',#681,.T.);
#78=FACE_BOUND('',#682,.T.);
#79=FACE_BOUND('',#683,.T.);
#80=FACE_BOUND('',#684,.T.);
#81=FACE_BOUND('',#687,.T.);
#82=FACE_BOUND('',#688,.T.);
#83=FACE_BOUND('',#689,.T.);
#84=FACE_BOUND('',#690,.T.);
#85=FACE_BOUND('',#691,.T.);
#86=FACE_BOUND('',#692,.T.);
#87=FACE_BOUND('',#693,.T.);
#88=FACE_BOUND('',#694,.T.);
#89=FACE_BOUND('',#695,.T.);
#90=FACE_BOUND('',#696,.T.);
#91=FACE_BOUND('',#762,.T.);
#92=FACE_BOUND('',#776,.T.);
#93=FACE_BOUND('',#780,.T.);
#94=FACE_BOUND('',#792,.T.);
#95=FACE_BOUND('',#793,.T.);
#96=FACE_BOUND('',#794,.T.);
#97=FACE_BOUND('',#823,.T.);
#98=FACE_BOUND('',#824,.T.);
#99=FACE_BOUND('',#825,.T.);
#100=FACE_BOUND('',#826,.T.);
#101=FACE_BOUND('',#827,.T.);
#102=FACE_BOUND('',#828,.T.);
#103=FACE_BOUND('',#829,.T.);
#104=FACE_BOUND('',#830,.T.);
#105=FACE_BOUND('',#831,.T.);
#106=FACE_BOUND('',#832,.T.);
#107=FACE_BOUND('',#833,.T.);
#108=FACE_BOUND('',#834,.T.);
#109=FACE_BOUND('',#835,.T.);
#110=FACE_BOUND('',#836,.T.);
#111=FACE_BOUND('',#841,.T.);
#112=FACE_BOUND('',#846,.T.);
#113=FACE_BOUND('',#851,.T.);
#114=FACE_BOUND('',#868,.T.);
#115=FACE_BOUND('',#871,.T.);
#116=FACE_BOUND('',#873,.T.);
#117=FACE_BOUND('',#874,.T.);
#118=FACE_BOUND('',#875,.T.);
#119=FACE_BOUND('',#876,.T.);
#120=FACE_BOUND('',#877,.T.);
#121=FACE_BOUND('',#878,.T.);
#122=FACE_BOUND('',#879,.T.);
#123=FACE_BOUND('',#880,.T.);
#124=FACE_BOUND('',#881,.T.);
#125=FACE_BOUND('',#882,.T.);
#126=FACE_BOUND('',#883,.T.);
#127=FACE_BOUND('',#884,.T.);
#128=FACE_BOUND('',#885,.T.);
#129=FACE_BOUND('',#886,.T.);
#130=FACE_BOUND('',#887,.T.);
#131=FACE_BOUND('',#888,.T.);
#132=FACE_BOUND('',#889,.T.);
#133=FACE_BOUND('',#890,.T.);
#134=FACE_BOUND('',#959,.T.);
#135=FACE_BOUND('',#964,.T.);
#136=FACE_BOUND('',#988,.T.);
#137=FACE_BOUND('',#1004,.T.);
#138=FACE_BOUND('',#1008,.T.);
#139=FACE_BOUND('',#1011,.T.);
#140=FACE_BOUND('',#1019,.T.);
#141=FACE_BOUND('',#1031,.T.);
#142=FACE_BOUND('',#1033,.T.);
#143=FACE_BOUND('',#1037,.T.);
#144=FACE_BOUND('',#1039,.T.);
#145=FACE_BOUND('',#1043,.T.);
#146=FACE_BOUND('',#1045,.T.);
#147=FACE_BOUND('',#1049,.T.);
#148=FACE_BOUND('',#1051,.T.);
#149=FACE_BOUND('',#1055,.T.);
#150=FACE_BOUND('',#1057,.T.);
#151=PLANE('',#5509);
#152=PLANE('',#5534);
#153=PLANE('',#5535);
#154=PLANE('',#5560);
#155=PLANE('',#5562);
#156=PLANE('',#5564);
#157=PLANE('',#5566);
#158=PLANE('',#5567);
#159=PLANE('',#5570);
#160=PLANE('',#5571);
#161=PLANE('',#5574);
#162=PLANE('',#5575);
#163=PLANE('',#5578);
#164=PLANE('',#5579);
#165=PLANE('',#5580);
#166=PLANE('',#5581);
#167=PLANE('',#5582);
#168=PLANE('',#5583);
#169=PLANE('',#5584);
#170=PLANE('',#5589);
#171=PLANE('',#5591);
#172=PLANE('',#5592);
#173=PLANE('',#5594);
#174=PLANE('',#5596);
#175=PLANE('',#5597);
#176=PLANE('',#5598);
#177=PLANE('',#5601);
#178=PLANE('',#5602);
#179=PLANE('',#5605);
#180=PLANE('',#5606);
#181=PLANE('',#5609);
#182=PLANE('',#5613);
#183=PLANE('',#5615);
#184=PLANE('',#5617);
#185=PLANE('',#5619);
#186=PLANE('',#5621);
#187=PLANE('',#5623);
#188=PLANE('',#5625);
#189=PLANE('',#5628);
#190=PLANE('',#5630);
#191=PLANE('',#5631);
#192=PLANE('',#5632);
#193=PLANE('',#5633);
#194=PLANE('',#5634);
#195=PLANE('',#5635);
#196=PLANE('',#5637);
#197=PLANE('',#5641);
#198=PLANE('',#5646);
#199=PLANE('',#5648);
#200=PLANE('',#5650);
#201=PLANE('',#5652);
#202=PLANE('',#5656);
#203=PLANE('',#5661);
#204=PLANE('',#5670);
#205=PLANE('',#5671);
#206=PLANE('',#5672);
#207=PLANE('',#5673);
#208=PLANE('',#5674);
#209=PLANE('',#5675);
#210=PLANE('',#5676);
#211=PLANE('',#5677);
#212=PLANE('',#5678);
#213=PLANE('',#5679);
#214=PLANE('',#5680);
#215=PLANE('',#5681);
#216=PLANE('',#5682);
#217=PLANE('',#5683);
#218=PLANE('',#5684);
#219=PLANE('',#5685);
#220=PLANE('',#5686);
#221=PLANE('',#5687);
#222=PLANE('',#5688);
#223=PLANE('',#5689);
#224=PLANE('',#5690);
#225=PLANE('',#5691);
#226=PLANE('',#5692);
#227=PLANE('',#5693);
#228=PLANE('',#5694);
#229=PLANE('',#5695);
#230=PLANE('',#5696);
#231=PLANE('',#5697);
#232=PLANE('',#5698);
#233=PLANE('',#5699);
#234=PLANE('',#5700);
#235=PLANE('',#5701);
#236=PLANE('',#5702);
#237=PLANE('',#5703);
#238=PLANE('',#5704);
#239=PLANE('',#5725);
#240=PLANE('',#5726);
#241=PLANE('',#5727);
#242=PLANE('',#5728);
#243=PLANE('',#5730);
#244=PLANE('',#5731);
#245=PLANE('',#5732);
#246=PLANE('',#5733);
#247=PLANE('',#5735);
#248=PLANE('',#5736);
#249=PLANE('',#5737);
#250=PLANE('',#5738);
#251=PLANE('',#5740);
#252=PLANE('',#5741);
#253=PLANE('',#5748);
#254=PLANE('',#5752);
#255=PLANE('',#5756);
#256=PLANE('',#5761);
#257=PLANE('',#5762);
#258=PLANE('',#5765);
#259=PLANE('',#5769);
#260=PLANE('',#5771);
#261=PLANE('',#5794);
#262=PLANE('',#5798);
#263=PLANE('',#5799);
#264=PLANE('',#5801);
#265=PLANE('',#5804);
#266=PLANE('',#5807);
#267=PLANE('',#5809);
#268=PLANE('',#5810);
#269=PLANE('',#5811);
#270=PLANE('',#5812);
#271=PLANE('',#5813);
#272=PLANE('',#5814);
#273=PLANE('',#5815);
#274=PLANE('',#5816);
#275=PLANE('',#5817);
#276=PLANE('',#5818);
#277=PLANE('',#5819);
#278=PLANE('',#5820);
#279=PLANE('',#5821);
#280=PLANE('',#5822);
#281=PLANE('',#5823);
#282=PLANE('',#5824);
#283=PLANE('',#5825);
#284=PLANE('',#5826);
#285=PLANE('',#5827);
#286=PLANE('',#5828);
#287=PLANE('',#5829);
#288=PLANE('',#5830);
#289=PLANE('',#5831);
#290=PLANE('',#5832);
#291=PLANE('',#5833);
#292=PLANE('',#5834);
#293=PLANE('',#5835);
#294=PLANE('',#5860);
#295=PLANE('',#5861);
#296=PLANE('',#5862);
#297=PLANE('',#5863);
#298=PLANE('',#5864);
#299=PLANE('',#5865);
#300=PLANE('',#5866);
#301=PLANE('',#5871);
#302=PLANE('',#5872);
#303=PLANE('',#5873);
#304=PLANE('',#5874);
#305=PLANE('',#5875);
#306=PLANE('',#5876);
#307=PLANE('',#5877);
#308=PLANE('',#5878);
#309=PLANE('',#5879);
#310=PLANE('',#5880);
#311=PLANE('',#5881);
#312=PLANE('',#5882);
#313=PLANE('',#5883);
#314=PLANE('',#5884);
#315=PLANE('',#5885);
#316=PLANE('',#5886);
#317=PLANE('',#5887);
#318=PLANE('',#5888);
#319=PLANE('',#5889);
#320=PLANE('',#5890);
#321=PLANE('',#5891);
#322=PLANE('',#5892);
#323=PLANE('',#5893);
#324=PLANE('',#5894);
#325=PLANE('',#5895);
#326=PLANE('',#5896);
#327=PLANE('',#5899);
#328=PLANE('',#5900);
#329=PLANE('',#5901);
#330=PLANE('',#5902);
#331=PLANE('',#5903);
#332=PLANE('',#5904);
#333=PLANE('',#5905);
#334=PLANE('',#5906);
#335=PLANE('',#5907);
#336=PLANE('',#5908);
#337=PLANE('',#5909);
#338=PLANE('',#5910);
#339=PLANE('',#5911);
#340=PLANE('',#5912);
#341=PLANE('',#5913);
#342=PLANE('',#5914);
#343=PLANE('',#5919);
#344=PLANE('',#5920);
#345=PLANE('',#5921);
#346=PLANE('',#5922);
#347=PLANE('',#5923);
#348=PLANE('',#5924);
#349=PLANE('',#5925);
#350=PLANE('',#5926);
#351=PLANE('',#5929);
#352=PLANE('',#5930);
#353=PLANE('',#5931);
#354=PLANE('',#5932);
#355=PLANE('',#5933);
#356=PLANE('',#5938);
#357=PLANE('',#5941);
#358=PLANE('',#5948);
#359=PLANE('',#5949);
#360=PLANE('',#5956);
#361=PLANE('',#5957);
#362=PLANE('',#5964);
#363=PLANE('',#5965);
#364=PLANE('',#5972);
#365=PLANE('',#5973);
#366=PLANE('',#5980);
#367=PLANE('',#5981);
#368=FACE_OUTER_BOUND('',#673,.T.);
#369=FACE_OUTER_BOUND('',#674,.T.);
#370=FACE_OUTER_BOUND('',#685,.T.);
#371=FACE_OUTER_BOUND('',#686,.T.);
#372=FACE_OUTER_BOUND('',#697,.T.);
#373=FACE_OUTER_BOUND('',#698,.T.);
#374=FACE_OUTER_BOUND('',#699,.T.);
#375=FACE_OUTER_BOUND('',#700,.T.);
#376=FACE_OUTER_BOUND('',#701,.T.);
#377=FACE_OUTER_BOUND('',#702,.T.);
#378=FACE_OUTER_BOUND('',#703,.T.);
#379=FACE_OUTER_BOUND('',#704,.T.);
#380=FACE_OUTER_BOUND('',#705,.T.);
#381=FACE_OUTER_BOUND('',#706,.T.);
#382=FACE_OUTER_BOUND('',#707,.T.);
#383=FACE_OUTER_BOUND('',#708,.T.);
#384=FACE_OUTER_BOUND('',#709,.T.);
#385=FACE_OUTER_BOUND('',#710,.T.);
#386=FACE_OUTER_BOUND('',#711,.T.);
#387=FACE_OUTER_BOUND('',#712,.T.);
#388=FACE_OUTER_BOUND('',#713,.T.);
#389=FACE_OUTER_BOUND('',#714,.T.);
#390=FACE_OUTER_BOUND('',#715,.T.);
#391=FACE_OUTER_BOUND('',#716,.T.);
#392=FACE_OUTER_BOUND('',#717,.T.);
#393=FACE_OUTER_BOUND('',#718,.T.);
#394=FACE_OUTER_BOUND('',#719,.T.);
#395=FACE_OUTER_BOUND('',#720,.T.);
#396=FACE_OUTER_BOUND('',#721,.T.);
#397=FACE_OUTER_BOUND('',#722,.T.);
#398=FACE_OUTER_BOUND('',#723,.T.);
#399=FACE_OUTER_BOUND('',#724,.T.);
#400=FACE_OUTER_BOUND('',#725,.T.);
#401=FACE_OUTER_BOUND('',#726,.T.);
#402=FACE_OUTER_BOUND('',#727,.T.);
#403=FACE_OUTER_BOUND('',#728,.T.);
#404=FACE_OUTER_BOUND('',#729,.T.);
#405=FACE_OUTER_BOUND('',#730,.T.);
#406=FACE_OUTER_BOUND('',#731,.T.);
#407=FACE_OUTER_BOUND('',#732,.T.);
#408=FACE_OUTER_BOUND('',#733,.T.);
#409=FACE_OUTER_BOUND('',#734,.T.);
#410=FACE_OUTER_BOUND('',#735,.T.);
#411=FACE_OUTER_BOUND('',#736,.T.);
#412=FACE_OUTER_BOUND('',#737,.T.);
#413=FACE_OUTER_BOUND('',#738,.T.);
#414=FACE_OUTER_BOUND('',#739,.T.);
#415=FACE_OUTER_BOUND('',#740,.T.);
#416=FACE_OUTER_BOUND('',#741,.T.);
#417=FACE_OUTER_BOUND('',#742,.T.);
#418=FACE_OUTER_BOUND('',#743,.T.);
#419=FACE_OUTER_BOUND('',#744,.T.);
#420=FACE_OUTER_BOUND('',#745,.T.);
#421=FACE_OUTER_BOUND('',#746,.T.);
#422=FACE_OUTER_BOUND('',#747,.T.);
#423=FACE_OUTER_BOUND('',#748,.T.);
#424=FACE_OUTER_BOUND('',#749,.T.);
#425=FACE_OUTER_BOUND('',#750,.T.);
#426=FACE_OUTER_BOUND('',#751,.T.);
#427=FACE_OUTER_BOUND('',#752,.T.);
#428=FACE_OUTER_BOUND('',#753,.T.);
#429=FACE_OUTER_BOUND('',#754,.T.);
#430=FACE_OUTER_BOUND('',#755,.T.);
#431=FACE_OUTER_BOUND('',#756,.T.);
#432=FACE_OUTER_BOUND('',#757,.T.);
#433=FACE_OUTER_BOUND('',#758,.T.);
#434=FACE_OUTER_BOUND('',#759,.T.);
#435=FACE_OUTER_BOUND('',#760,.T.);
#436=FACE_OUTER_BOUND('',#761,.T.);
#437=FACE_OUTER_BOUND('',#763,.T.);
#438=FACE_OUTER_BOUND('',#764,.T.);
#439=FACE_OUTER_BOUND('',#765,.T.);
#440=FACE_OUTER_BOUND('',#766,.T.);
#441=FACE_OUTER_BOUND('',#767,.T.);
#442=FACE_OUTER_BOUND('',#768,.T.);
#443=FACE_OUTER_BOUND('',#769,.T.);
#444=FACE_OUTER_BOUND('',#770,.T.);
#445=FACE_OUTER_BOUND('',#771,.T.);
#446=FACE_OUTER_BOUND('',#772,.T.);
#447=FACE_OUTER_BOUND('',#773,.T.);
#448=FACE_OUTER_BOUND('',#774,.T.);
#449=FACE_OUTER_BOUND('',#775,.T.);
#450=FACE_OUTER_BOUND('',#777,.T.);
#451=FACE_OUTER_BOUND('',#778,.T.);
#452=FACE_OUTER_BOUND('',#779,.T.);
#453=FACE_OUTER_BOUND('',#781,.T.);
#454=FACE_OUTER_BOUND('',#782,.T.);
#455=FACE_OUTER_BOUND('',#783,.T.);
#456=FACE_OUTER_BOUND('',#784,.T.);
#457=FACE_OUTER_BOUND('',#785,.T.);
#458=FACE_OUTER_BOUND('',#786,.T.);
#459=FACE_OUTER_BOUND('',#787,.T.);
#460=FACE_OUTER_BOUND('',#788,.T.);
#461=FACE_OUTER_BOUND('',#789,.T.);
#462=FACE_OUTER_BOUND('',#790,.T.);
#463=FACE_OUTER_BOUND('',#791,.T.);
#464=FACE_OUTER_BOUND('',#795,.T.);
#465=FACE_OUTER_BOUND('',#796,.T.);
#466=FACE_OUTER_BOUND('',#797,.T.);
#467=FACE_OUTER_BOUND('',#798,.T.);
#468=FACE_OUTER_BOUND('',#799,.T.);
#469=FACE_OUTER_BOUND('',#800,.T.);
#470=FACE_OUTER_BOUND('',#801,.T.);
#471=FACE_OUTER_BOUND('',#802,.T.);
#472=FACE_OUTER_BOUND('',#803,.T.);
#473=FACE_OUTER_BOUND('',#804,.T.);
#474=FACE_OUTER_BOUND('',#805,.T.);
#475=FACE_OUTER_BOUND('',#806,.T.);
#476=FACE_OUTER_BOUND('',#807,.T.);
#477=FACE_OUTER_BOUND('',#808,.T.);
#478=FACE_OUTER_BOUND('',#809,.T.);
#479=FACE_OUTER_BOUND('',#810,.T.);
#480=FACE_OUTER_BOUND('',#811,.T.);
#481=FACE_OUTER_BOUND('',#812,.T.);
#482=FACE_OUTER_BOUND('',#813,.T.);
#483=FACE_OUTER_BOUND('',#814,.T.);
#484=FACE_OUTER_BOUND('',#815,.T.);
#485=FACE_OUTER_BOUND('',#816,.T.);
#486=FACE_OUTER_BOUND('',#817,.T.);
#487=FACE_OUTER_BOUND('',#818,.T.);
#488=FACE_OUTER_BOUND('',#819,.T.);
#489=FACE_OUTER_BOUND('',#820,.T.);
#490=FACE_OUTER_BOUND('',#821,.T.);
#491=FACE_OUTER_BOUND('',#822,.T.);
#492=FACE_OUTER_BOUND('',#837,.T.);
#493=FACE_OUTER_BOUND('',#838,.T.);
#494=FACE_OUTER_BOUND('',#839,.T.);
#495=FACE_OUTER_BOUND('',#840,.T.);
#496=FACE_OUTER_BOUND('',#842,.T.);
#497=FACE_OUTER_BOUND('',#843,.T.);
#498=FACE_OUTER_BOUND('',#844,.T.);
#499=FACE_OUTER_BOUND('',#845,.T.);
#500=FACE_OUTER_BOUND('',#847,.T.);
#501=FACE_OUTER_BOUND('',#848,.T.);
#502=FACE_OUTER_BOUND('',#849,.T.);
#503=FACE_OUTER_BOUND('',#850,.T.);
#504=FACE_OUTER_BOUND('',#852,.T.);
#505=FACE_OUTER_BOUND('',#853,.T.);
#506=FACE_OUTER_BOUND('',#854,.T.);
#507=FACE_OUTER_BOUND('',#855,.T.);
#508=FACE_OUTER_BOUND('',#856,.T.);
#509=FACE_OUTER_BOUND('',#857,.T.);
#510=FACE_OUTER_BOUND('',#858,.T.);
#511=FACE_OUTER_BOUND('',#859,.T.);
#512=FACE_OUTER_BOUND('',#860,.T.);
#513=FACE_OUTER_BOUND('',#861,.T.);
#514=FACE_OUTER_BOUND('',#862,.T.);
#515=FACE_OUTER_BOUND('',#863,.T.);
#516=FACE_OUTER_BOUND('',#864,.T.);
#517=FACE_OUTER_BOUND('',#865,.T.);
#518=FACE_OUTER_BOUND('',#866,.T.);
#519=FACE_OUTER_BOUND('',#867,.T.);
#520=FACE_OUTER_BOUND('',#869,.T.);
#521=FACE_OUTER_BOUND('',#870,.T.);
#522=FACE_OUTER_BOUND('',#872,.T.);
#523=FACE_OUTER_BOUND('',#891,.T.);
#524=FACE_OUTER_BOUND('',#892,.T.);
#525=FACE_OUTER_BOUND('',#893,.T.);
#526=FACE_OUTER_BOUND('',#894,.T.);
#527=FACE_OUTER_BOUND('',#895,.T.);
#528=FACE_OUTER_BOUND('',#896,.T.);
#529=FACE_OUTER_BOUND('',#897,.T.);
#530=FACE_OUTER_BOUND('',#898,.T.);
#531=FACE_OUTER_BOUND('',#899,.T.);
#532=FACE_OUTER_BOUND('',#900,.T.);
#533=FACE_OUTER_BOUND('',#901,.T.);
#534=FACE_OUTER_BOUND('',#902,.T.);
#535=FACE_OUTER_BOUND('',#903,.T.);
#536=FACE_OUTER_BOUND('',#904,.T.);
#537=FACE_OUTER_BOUND('',#905,.T.);
#538=FACE_OUTER_BOUND('',#906,.T.);
#539=FACE_OUTER_BOUND('',#907,.T.);
#540=FACE_OUTER_BOUND('',#908,.T.);
#541=FACE_OUTER_BOUND('',#909,.T.);
#542=FACE_OUTER_BOUND('',#910,.T.);
#543=FACE_OUTER_BOUND('',#911,.T.);
#544=FACE_OUTER_BOUND('',#912,.T.);
#545=FACE_OUTER_BOUND('',#913,.T.);
#546=FACE_OUTER_BOUND('',#914,.T.);
#547=FACE_OUTER_BOUND('',#915,.T.);
#548=FACE_OUTER_BOUND('',#916,.T.);
#549=FACE_OUTER_BOUND('',#917,.T.);
#550=FACE_OUTER_BOUND('',#918,.T.);
#551=FACE_OUTER_BOUND('',#919,.T.);
#552=FACE_OUTER_BOUND('',#920,.T.);
#553=FACE_OUTER_BOUND('',#921,.T.);
#554=FACE_OUTER_BOUND('',#922,.T.);
#555=FACE_OUTER_BOUND('',#923,.T.);
#556=FACE_OUTER_BOUND('',#924,.T.);
#557=FACE_OUTER_BOUND('',#925,.T.);
#558=FACE_OUTER_BOUND('',#926,.T.);
#559=FACE_OUTER_BOUND('',#927,.T.);
#560=FACE_OUTER_BOUND('',#928,.T.);
#561=FACE_OUTER_BOUND('',#929,.T.);
#562=FACE_OUTER_BOUND('',#930,.T.);
#563=FACE_OUTER_BOUND('',#931,.T.);
#564=FACE_OUTER_BOUND('',#932,.T.);
#565=FACE_OUTER_BOUND('',#933,.T.);
#566=FACE_OUTER_BOUND('',#934,.T.);
#567=FACE_OUTER_BOUND('',#935,.T.);
#568=FACE_OUTER_BOUND('',#936,.T.);
#569=FACE_OUTER_BOUND('',#937,.T.);
#570=FACE_OUTER_BOUND('',#938,.T.);
#571=FACE_OUTER_BOUND('',#939,.T.);
#572=FACE_OUTER_BOUND('',#940,.T.);
#573=FACE_OUTER_BOUND('',#941,.T.);
#574=FACE_OUTER_BOUND('',#942,.T.);
#575=FACE_OUTER_BOUND('',#943,.T.);
#576=FACE_OUTER_BOUND('',#944,.T.);
#577=FACE_OUTER_BOUND('',#945,.T.);
#578=FACE_OUTER_BOUND('',#946,.T.);
#579=FACE_OUTER_BOUND('',#947,.T.);
#580=FACE_OUTER_BOUND('',#948,.T.);
#581=FACE_OUTER_BOUND('',#949,.T.);
#582=FACE_OUTER_BOUND('',#950,.T.);
#583=FACE_OUTER_BOUND('',#951,.T.);
#584=FACE_OUTER_BOUND('',#952,.T.);
#585=FACE_OUTER_BOUND('',#953,.T.);
#586=FACE_OUTER_BOUND('',#954,.T.);
#587=FACE_OUTER_BOUND('',#955,.T.);
#588=FACE_OUTER_BOUND('',#956,.T.);
#589=FACE_OUTER_BOUND('',#957,.T.);
#590=FACE_OUTER_BOUND('',#958,.T.);
#591=FACE_OUTER_BOUND('',#960,.T.);
#592=FACE_OUTER_BOUND('',#961,.T.);
#593=FACE_OUTER_BOUND('',#962,.T.);
#594=FACE_OUTER_BOUND('',#963,.T.);
#595=FACE_OUTER_BOUND('',#965,.T.);
#596=FACE_OUTER_BOUND('',#966,.T.);
#597=FACE_OUTER_BOUND('',#967,.T.);
#598=FACE_OUTER_BOUND('',#968,.T.);
#599=FACE_OUTER_BOUND('',#969,.T.);
#600=FACE_OUTER_BOUND('',#970,.T.);
#601=FACE_OUTER_BOUND('',#971,.T.);
#602=FACE_OUTER_BOUND('',#972,.T.);
#603=FACE_OUTER_BOUND('',#973,.T.);
#604=FACE_OUTER_BOUND('',#974,.T.);
#605=FACE_OUTER_BOUND('',#975,.T.);
#606=FACE_OUTER_BOUND('',#976,.T.);
#607=FACE_OUTER_BOUND('',#977,.T.);
#608=FACE_OUTER_BOUND('',#978,.T.);
#609=FACE_OUTER_BOUND('',#979,.T.);
#610=FACE_OUTER_BOUND('',#980,.T.);
#611=FACE_OUTER_BOUND('',#981,.T.);
#612=FACE_OUTER_BOUND('',#982,.T.);
#613=FACE_OUTER_BOUND('',#983,.T.);
#614=FACE_OUTER_BOUND('',#984,.T.);
#615=FACE_OUTER_BOUND('',#985,.T.);
#616=FACE_OUTER_BOUND('',#986,.T.);
#617=FACE_OUTER_BOUND('',#987,.T.);
#618=FACE_OUTER_BOUND('',#989,.T.);
#619=FACE_OUTER_BOUND('',#990,.T.);
#620=FACE_OUTER_BOUND('',#991,.T.);
#621=FACE_OUTER_BOUND('',#992,.T.);
#622=FACE_OUTER_BOUND('',#993,.T.);
#623=FACE_OUTER_BOUND('',#994,.T.);
#624=FACE_OUTER_BOUND('',#995,.T.);
#625=FACE_OUTER_BOUND('',#996,.T.);
#626=FACE_OUTER_BOUND('',#997,.T.);
#627=FACE_OUTER_BOUND('',#998,.T.);
#628=FACE_OUTER_BOUND('',#999,.T.);
#629=FACE_OUTER_BOUND('',#1000,.T.);
#630=FACE_OUTER_BOUND('',#1001,.T.);
#631=FACE_OUTER_BOUND('',#1002,.T.);
#632=FACE_OUTER_BOUND('',#1003,.T.);
#633=FACE_OUTER_BOUND('',#1005,.T.);
#634=FACE_OUTER_BOUND('',#1006,.T.);
#635=FACE_OUTER_BOUND('',#1007,.T.);
#636=FACE_OUTER_BOUND('',#1009,.T.);
#637=FACE_OUTER_BOUND('',#1010,.T.);
#638=FACE_OUTER_BOUND('',#1012,.T.);
#639=FACE_OUTER_BOUND('',#1013,.T.);
#640=FACE_OUTER_BOUND('',#1014,.T.);
#641=FACE_OUTER_BOUND('',#1015,.T.);
#642=FACE_OUTER_BOUND('',#1016,.T.);
#643=FACE_OUTER_BOUND('',#1017,.T.);
#644=FACE_OUTER_BOUND('',#1018,.T.);
#645=FACE_OUTER_BOUND('',#1020,.T.);
#646=FACE_OUTER_BOUND('',#1021,.T.);
#647=FACE_OUTER_BOUND('',#1022,.T.);
#648=FACE_OUTER_BOUND('',#1023,.T.);
#649=FACE_OUTER_BOUND('',#1024,.T.);
#650=FACE_OUTER_BOUND('',#1025,.T.);
#651=FACE_OUTER_BOUND('',#1026,.T.);
#652=FACE_OUTER_BOUND('',#1027,.T.);
#653=FACE_OUTER_BOUND('',#1028,.T.);
#654=FACE_OUTER_BOUND('',#1029,.T.);
#655=FACE_OUTER_BOUND('',#1030,.T.);
#656=FACE_OUTER_BOUND('',#1032,.T.);
#657=FACE_OUTER_BOUND('',#1034,.T.);
#658=FACE_OUTER_BOUND('',#1035,.T.);
#659=FACE_OUTER_BOUND('',#1036,.T.);
#660=FACE_OUTER_BOUND('',#1038,.T.);
#661=FACE_OUTER_BOUND('',#1040,.T.);
#662=FACE_OUTER_BOUND('',#1041,.T.);
#663=FACE_OUTER_BOUND('',#1042,.T.);
#664=FACE_OUTER_BOUND('',#1044,.T.);
#665=FACE_OUTER_BOUND('',#1046,.T.);
#666=FACE_OUTER_BOUND('',#1047,.T.);
#667=FACE_OUTER_BOUND('',#1048,.T.);
#668=FACE_OUTER_BOUND('',#1050,.T.);
#669=FACE_OUTER_BOUND('',#1052,.T.);
#670=FACE_OUTER_BOUND('',#1053,.T.);
#671=FACE_OUTER_BOUND('',#1054,.T.);
#672=FACE_OUTER_BOUND('',#1056,.T.);
#673=EDGE_LOOP('',(#3591,#3592,#3593,#3594));
#674=EDGE_LOOP('',(#3595,#3596,#3597,#3598,#3599,#3600,#3601,#3602,#3603,
#3604,#3605,#3606,#3607,#3608,#3609,#3610,#3611,#3612,#3613,#3614,#3615,
#3616,#3617,#3618,#3619,#3620,#3621,#3622,#3623,#3624));
#675=EDGE_LOOP('',(#3625));
#676=EDGE_LOOP('',(#3626));
#677=EDGE_LOOP('',(#3627));
#678=EDGE_LOOP('',(#3628));
#679=EDGE_LOOP('',(#3629));
#680=EDGE_LOOP('',(#3630));
#681=EDGE_LOOP('',(#3631,#3632,#3633,#3634,#3635,#3636,#3637,#3638));
#682=EDGE_LOOP('',(#3639));
#683=EDGE_LOOP('',(#3640));
#684=EDGE_LOOP('',(#3641));
#685=EDGE_LOOP('',(#3642,#3643,#3644,#3645));
#686=EDGE_LOOP('',(#3646,#3647,#3648,#3649,#3650,#3651,#3652,#3653,#3654,
#3655,#3656,#3657,#3658,#3659,#3660,#3661,#3662,#3663,#3664,#3665,#3666,
#3667,#3668,#3669,#3670,#3671,#3672,#3673,#3674,#3675));
#687=EDGE_LOOP('',(#3676));
#688=EDGE_LOOP('',(#3677));
#689=EDGE_LOOP('',(#3678));
#690=EDGE_LOOP('',(#3679,#3680,#3681,#3682,#3683,#3684,#3685,#3686));
#691=EDGE_LOOP('',(#3687));
#692=EDGE_LOOP('',(#3688));
#693=EDGE_LOOP('',(#3689));
#694=EDGE_LOOP('',(#3690));
#695=EDGE_LOOP('',(#3691));
#696=EDGE_LOOP('',(#3692));
#697=EDGE_LOOP('',(#3693,#3694,#3695,#3696));
#698=EDGE_LOOP('',(#3697,#3698,#3699,#3700));
#699=EDGE_LOOP('',(#3701,#3702,#3703,#3704));
#700=EDGE_LOOP('',(#3705,#3706,#3707,#3708));
#701=EDGE_LOOP('',(#3709,#3710,#3711,#3712));
#702=EDGE_LOOP('',(#3713,#3714,#3715,#3716));
#703=EDGE_LOOP('',(#3717,#3718,#3719,#3720));
#704=EDGE_LOOP('',(#3721,#3722,#3723,#3724));
#705=EDGE_LOOP('',(#3725,#3726,#3727,#3728));
#706=EDGE_LOOP('',(#3729,#3730,#3731,#3732,#3733,#3734,#3735,#3736,#3737,
#3738,#3739,#3740,#3741));
#707=EDGE_LOOP('',(#3742,#3743,#3744,#3745));
#708=EDGE_LOOP('',(#3746,#3747,#3748,#3749,#3750,#3751,#3752,#3753,#3754,
#3755,#3756,#3757,#3758));
#709=EDGE_LOOP('',(#3759,#3760,#3761,#3762));
#710=EDGE_LOOP('',(#3763,#3764,#3765,#3766));
#711=EDGE_LOOP('',(#3767,#3768,#3769,#3770));
#712=EDGE_LOOP('',(#3771,#3772,#3773,#3774));
#713=EDGE_LOOP('',(#3775,#3776,#3777,#3778));
#714=EDGE_LOOP('',(#3779,#3780,#3781,#3782));
#715=EDGE_LOOP('',(#3783,#3784,#3785,#3786));
#716=EDGE_LOOP('',(#3787,#3788,#3789,#3790));
#717=EDGE_LOOP('',(#3791,#3792,#3793,#3794));
#718=EDGE_LOOP('',(#3795,#3796,#3797,#3798));
#719=EDGE_LOOP('',(#3799,#3800,#3801,#3802));
#720=EDGE_LOOP('',(#3803,#3804,#3805,#3806));
#721=EDGE_LOOP('',(#3807,#3808,#3809,#3810));
#722=EDGE_LOOP('',(#3811,#3812,#3813,#3814));
#723=EDGE_LOOP('',(#3815,#3816,#3817,#3818));
#724=EDGE_LOOP('',(#3819,#3820,#3821,#3822));
#725=EDGE_LOOP('',(#3823,#3824,#3825,#3826));
#726=EDGE_LOOP('',(#3827,#3828,#3829,#3830));
#727=EDGE_LOOP('',(#3831,#3832,#3833,#3834));
#728=EDGE_LOOP('',(#3835,#3836,#3837,#3838));
#729=EDGE_LOOP('',(#3839,#3840,#3841,#3842,#3843,#3844,#3845,#3846,#3847,
#3848,#3849,#3850,#3851));
#730=EDGE_LOOP('',(#3852,#3853,#3854,#3855));
#731=EDGE_LOOP('',(#3856,#3857,#3858,#3859,#3860,#3861,#3862,#3863,#3864,
#3865,#3866,#3867,#3868));
#732=EDGE_LOOP('',(#3869,#3870,#3871,#3872));
#733=EDGE_LOOP('',(#3873,#3874,#3875,#3876));
#734=EDGE_LOOP('',(#3877,#3878,#3879,#3880));
#735=EDGE_LOOP('',(#3881,#3882,#3883,#3884));
#736=EDGE_LOOP('',(#3885,#3886,#3887,#3888));
#737=EDGE_LOOP('',(#3889,#3890,#3891,#3892));
#738=EDGE_LOOP('',(#3893,#3894,#3895,#3896));
#739=EDGE_LOOP('',(#3897,#3898,#3899,#3900));
#740=EDGE_LOOP('',(#3901,#3902,#3903,#3904));
#741=EDGE_LOOP('',(#3905,#3906,#3907,#3908));
#742=EDGE_LOOP('',(#3909,#3910,#3911,#3912));
#743=EDGE_LOOP('',(#3913,#3914,#3915,#3916));
#744=EDGE_LOOP('',(#3917,#3918,#3919,#3920));
#745=EDGE_LOOP('',(#3921,#3922,#3923,#3924));
#746=EDGE_LOOP('',(#3925,#3926,#3927,#3928));
#747=EDGE_LOOP('',(#3929,#3930,#3931,#3932));
#748=EDGE_LOOP('',(#3933,#3934,#3935,#3936));
#749=EDGE_LOOP('',(#3937,#3938,#3939,#3940));
#750=EDGE_LOOP('',(#3941,#3942,#3943,#3944));
#751=EDGE_LOOP('',(#3945,#3946,#3947,#3948));
#752=EDGE_LOOP('',(#3949,#3950,#3951,#3952));
#753=EDGE_LOOP('',(#3953,#3954,#3955,#3956));
#754=EDGE_LOOP('',(#3957,#3958,#3959,#3960));
#755=EDGE_LOOP('',(#3961,#3962,#3963,#3964));
#756=EDGE_LOOP('',(#3965,#3966,#3967,#3968));
#757=EDGE_LOOP('',(#3969,#3970,#3971,#3972));
#758=EDGE_LOOP('',(#3973,#3974,#3975,#3976));
#759=EDGE_LOOP('',(#3977,#3978,#3979,#3980));
#760=EDGE_LOOP('',(#3981,#3982,#3983,#3984));
#761=EDGE_LOOP('',(#3985));
#762=EDGE_LOOP('',(#3986));
#763=EDGE_LOOP('',(#3987,#3988,#3989,#3990));
#764=EDGE_LOOP('',(#3991,#3992,#3993,#3994));
#765=EDGE_LOOP('',(#3995,#3996,#3997,#3998));
#766=EDGE_LOOP('',(#3999,#4000,#4001,#4002));
#767=EDGE_LOOP('',(#4003,#4004,#4005,#4006));
#768=EDGE_LOOP('',(#4007,#4008,#4009,#4010));
#769=EDGE_LOOP('',(#4011,#4012,#4013,#4014));
#770=EDGE_LOOP('',(#4015,#4016,#4017,#4018));
#771=EDGE_LOOP('',(#4019,#4020,#4021,#4022));
#772=EDGE_LOOP('',(#4023,#4024,#4025,#4026));
#773=EDGE_LOOP('',(#4027,#4028,#4029,#4030));
#774=EDGE_LOOP('',(#4031,#4032,#4033,#4034));
#775=EDGE_LOOP('',(#4035));
#776=EDGE_LOOP('',(#4036));
#777=EDGE_LOOP('',(#4037,#4038,#4039,#4040));
#778=EDGE_LOOP('',(#4041,#4042,#4043,#4044));
#779=EDGE_LOOP('',(#4045));
#780=EDGE_LOOP('',(#4046));
#781=EDGE_LOOP('',(#4047,#4048,#4049,#4050));
#782=EDGE_LOOP('',(#4051,#4052,#4053,#4054));
#783=EDGE_LOOP('',(#4055,#4056,#4057,#4058));
#784=EDGE_LOOP('',(#4059,#4060,#4061,#4062));
#785=EDGE_LOOP('',(#4063,#4064,#4065,#4066));
#786=EDGE_LOOP('',(#4067,#4068,#4069,#4070));
#787=EDGE_LOOP('',(#4071,#4072,#4073,#4074));
#788=EDGE_LOOP('',(#4075,#4076,#4077,#4078));
#789=EDGE_LOOP('',(#4079,#4080,#4081,#4082,#4083));
#790=EDGE_LOOP('',(#4084,#4085,#4086,#4087,#4088));
#791=EDGE_LOOP('',(#4089,#4090,#4091,#4092,#4093,#4094));
#792=EDGE_LOOP('',(#4095,#4096,#4097,#4098,#4099,#4100));
#793=EDGE_LOOP('',(#4101,#4102,#4103,#4104,#4105,#4106));
#794=EDGE_LOOP('',(#4107,#4108,#4109,#4110,#4111,#4112));
#795=EDGE_LOOP('',(#4113,#4114,#4115,#4116));
#796=EDGE_LOOP('',(#4117,#4118,#4119,#4120));
#797=EDGE_LOOP('',(#4121,#4122,#4123,#4124));
#798=EDGE_LOOP('',(#4125,#4126,#4127,#4128));
#799=EDGE_LOOP('',(#4129,#4130,#4131,#4132));
#800=EDGE_LOOP('',(#4133,#4134,#4135,#4136));
#801=EDGE_LOOP('',(#4137,#4138,#4139,#4140));
#802=EDGE_LOOP('',(#4141,#4142,#4143,#4144));
#803=EDGE_LOOP('',(#4145,#4146,#4147,#4148));
#804=EDGE_LOOP('',(#4149,#4150,#4151,#4152));
#805=EDGE_LOOP('',(#4153,#4154,#4155,#4156));
#806=EDGE_LOOP('',(#4157,#4158,#4159,#4160));
#807=EDGE_LOOP('',(#4161,#4162,#4163,#4164));
#808=EDGE_LOOP('',(#4165,#4166,#4167,#4168));
#809=EDGE_LOOP('',(#4169,#4170,#4171,#4172));
#810=EDGE_LOOP('',(#4173,#4174,#4175,#4176));
#811=EDGE_LOOP('',(#4177,#4178,#4179,#4180));
#812=EDGE_LOOP('',(#4181,#4182,#4183,#4184));
#813=EDGE_LOOP('',(#4185,#4186,#4187,#4188));
#814=EDGE_LOOP('',(#4189,#4190,#4191,#4192));
#815=EDGE_LOOP('',(#4193,#4194,#4195,#4196));
#816=EDGE_LOOP('',(#4197,#4198,#4199,#4200));
#817=EDGE_LOOP('',(#4201,#4202,#4203,#4204));
#818=EDGE_LOOP('',(#4205,#4206,#4207,#4208));
#819=EDGE_LOOP('',(#4209,#4210,#4211,#4212));
#820=EDGE_LOOP('',(#4213,#4214,#4215,#4216));
#821=EDGE_LOOP('',(#4217,#4218,#4219,#4220));
#822=EDGE_LOOP('',(#4221,#4222,#4223,#4224,#4225,#4226,#4227,#4228,#4229,
#4230,#4231,#4232,#4233,#4234,#4235,#4236,#4237,#4238));
#823=EDGE_LOOP('',(#4239));
#824=EDGE_LOOP('',(#4240,#4241,#4242,#4243,#4244,#4245));
#825=EDGE_LOOP('',(#4246,#4247,#4248,#4249,#4250,#4251));
#826=EDGE_LOOP('',(#4252,#4253,#4254,#4255,#4256,#4257));
#827=EDGE_LOOP('',(#4258,#4259,#4260,#4261));
#828=EDGE_LOOP('',(#4262));
#829=EDGE_LOOP('',(#4263));
#830=EDGE_LOOP('',(#4264));
#831=EDGE_LOOP('',(#4265,#4266,#4267,#4268,#4269,#4270));
#832=EDGE_LOOP('',(#4271,#4272,#4273,#4274,#4275,#4276));
#833=EDGE_LOOP('',(#4277));
#834=EDGE_LOOP('',(#4278));
#835=EDGE_LOOP('',(#4279));
#836=EDGE_LOOP('',(#4280));
#837=EDGE_LOOP('',(#4281,#4282,#4283,#4284));
#838=EDGE_LOOP('',(#4285,#4286,#4287,#4288));
#839=EDGE_LOOP('',(#4289,#4290,#4291,#4292));
#840=EDGE_LOOP('',(#4293,#4294,#4295,#4296,#4297,#4298));
#841=EDGE_LOOP('',(#4299));
#842=EDGE_LOOP('',(#4300,#4301,#4302,#4303));
#843=EDGE_LOOP('',(#4304,#4305,#4306,#4307));
#844=EDGE_LOOP('',(#4308,#4309,#4310,#4311));
#845=EDGE_LOOP('',(#4312,#4313,#4314,#4315,#4316,#4317));
#846=EDGE_LOOP('',(#4318));
#847=EDGE_LOOP('',(#4319,#4320,#4321,#4322));
#848=EDGE_LOOP('',(#4323,#4324,#4325,#4326));
#849=EDGE_LOOP('',(#4327,#4328,#4329,#4330));
#850=EDGE_LOOP('',(#4331,#4332,#4333,#4334,#4335,#4336));
#851=EDGE_LOOP('',(#4337));
#852=EDGE_LOOP('',(#4338,#4339,#4340,#4341));
#853=EDGE_LOOP('',(#4342,#4343,#4344,#4345));
#854=EDGE_LOOP('',(#4346,#4347,#4348,#4349));
#855=EDGE_LOOP('',(#4350,#4351,#4352,#4353));
#856=EDGE_LOOP('',(#4354,#4355,#4356,#4357));
#857=EDGE_LOOP('',(#4358,#4359,#4360,#4361,#4362,#4363,#4364,#4365));
#858=EDGE_LOOP('',(#4366,#4367,#4368,#4369,#4370));
#859=EDGE_LOOP('',(#4371,#4372));
#860=EDGE_LOOP('',(#4373,#4374,#4375,#4376,#4377));
#861=EDGE_LOOP('',(#4378,#4379));
#862=EDGE_LOOP('',(#4380,#4381,#4382,#4383));
#863=EDGE_LOOP('',(#4384,#4385,#4386,#4387));
#864=EDGE_LOOP('',(#4388,#4389,#4390,#4391,#4392,#4393));
#865=EDGE_LOOP('',(#4394,#4395,#4396,#4397,#4398,#4399));
#866=EDGE_LOOP('',(#4400,#4401,#4402,#4403));
#867=EDGE_LOOP('',(#4404));
#868=EDGE_LOOP('',(#4405));
#869=EDGE_LOOP('',(#4406,#4407,#4408,#4409));
#870=EDGE_LOOP('',(#4410));
#871=EDGE_LOOP('',(#4411));
#872=EDGE_LOOP('',(#4412,#4413,#4414,#4415,#4416,#4417,#4418,#4419,#4420,
#4421,#4422,#4423,#4424,#4425,#4426,#4427,#4428,#4429,#4430,#4431));
#873=EDGE_LOOP('',(#4432));
#874=EDGE_LOOP('',(#4433));
#875=EDGE_LOOP('',(#4434));
#876=EDGE_LOOP('',(#4435));
#877=EDGE_LOOP('',(#4436));
#878=EDGE_LOOP('',(#4437));
#879=EDGE_LOOP('',(#4438,#4439,#4440,#4441,#4442,#4443));
#880=EDGE_LOOP('',(#4444,#4445,#4446,#4447,#4448,#4449));
#881=EDGE_LOOP('',(#4450,#4451,#4452,#4453,#4454,#4455));
#882=EDGE_LOOP('',(#4456));
#883=EDGE_LOOP('',(#4457));
#884=EDGE_LOOP('',(#4458));
#885=EDGE_LOOP('',(#4459,#4460,#4461,#4462,#4463,#4464));
#886=EDGE_LOOP('',(#4465,#4466,#4467,#4468,#4469,#4470));
#887=EDGE_LOOP('',(#4471));
#888=EDGE_LOOP('',(#4472));
#889=EDGE_LOOP('',(#4473));
#890=EDGE_LOOP('',(#4474));
#891=EDGE_LOOP('',(#4475,#4476,#4477,#4478,#4479,#4480,#4481,#4482));
#892=EDGE_LOOP('',(#4483,#4484,#4485,#4486));
#893=EDGE_LOOP('',(#4487,#4488,#4489,#4490));
#894=EDGE_LOOP('',(#4491,#4492,#4493,#4494));
#895=EDGE_LOOP('',(#4495,#4496,#4497,#4498));
#896=EDGE_LOOP('',(#4499,#4500,#4501,#4502));
#897=EDGE_LOOP('',(#4503,#4504,#4505,#4506));
#898=EDGE_LOOP('',(#4507,#4508,#4509,#4510));
#899=EDGE_LOOP('',(#4511,#4512,#4513,#4514));
#900=EDGE_LOOP('',(#4515));
#901=EDGE_LOOP('',(#4516,#4517,#4518,#4519));
#902=EDGE_LOOP('',(#4520));
#903=EDGE_LOOP('',(#4521,#4522,#4523,#4524));
#904=EDGE_LOOP('',(#4525,#4526,#4527,#4528));
#905=EDGE_LOOP('',(#4529,#4530,#4531,#4532));
#906=EDGE_LOOP('',(#4533,#4534,#4535,#4536));
#907=EDGE_LOOP('',(#4537,#4538,#4539,#4540));
#908=EDGE_LOOP('',(#4541,#4542,#4543,#4544));
#909=EDGE_LOOP('',(#4545,#4546,#4547,#4548));
#910=EDGE_LOOP('',(#4549,#4550,#4551,#4552));
#911=EDGE_LOOP('',(#4553,#4554,#4555,#4556));
#912=EDGE_LOOP('',(#4557,#4558,#4559,#4560));
#913=EDGE_LOOP('',(#4561,#4562,#4563,#4564));
#914=EDGE_LOOP('',(#4565,#4566,#4567,#4568));
#915=EDGE_LOOP('',(#4569,#4570,#4571,#4572));
#916=EDGE_LOOP('',(#4573,#4574,#4575,#4576));
#917=EDGE_LOOP('',(#4577,#4578,#4579,#4580));
#918=EDGE_LOOP('',(#4581,#4582,#4583,#4584));
#919=EDGE_LOOP('',(#4585,#4586,#4587,#4588));
#920=EDGE_LOOP('',(#4589,#4590,#4591,#4592));
#921=EDGE_LOOP('',(#4593,#4594,#4595,#4596));
#922=EDGE_LOOP('',(#4597,#4598,#4599,#4600));
#923=EDGE_LOOP('',(#4601,#4602,#4603,#4604));
#924=EDGE_LOOP('',(#4605,#4606,#4607,#4608));
#925=EDGE_LOOP('',(#4609,#4610,#4611,#4612));
#926=EDGE_LOOP('',(#4613,#4614,#4615,#4616));
#927=EDGE_LOOP('',(#4617,#4618,#4619,#4620));
#928=EDGE_LOOP('',(#4621,#4622,#4623,#4624));
#929=EDGE_LOOP('',(#4625,#4626,#4627,#4628));
#930=EDGE_LOOP('',(#4629,#4630,#4631,#4632));
#931=EDGE_LOOP('',(#4633,#4634,#4635,#4636));
#932=EDGE_LOOP('',(#4637,#4638,#4639,#4640));
#933=EDGE_LOOP('',(#4641,#4642,#4643,#4644));
#934=EDGE_LOOP('',(#4645,#4646,#4647,#4648));
#935=EDGE_LOOP('',(#4649,#4650,#4651,#4652));
#936=EDGE_LOOP('',(#4653,#4654,#4655,#4656));
#937=EDGE_LOOP('',(#4657,#4658,#4659,#4660));
#938=EDGE_LOOP('',(#4661,#4662,#4663,#4664));
#939=EDGE_LOOP('',(#4665,#4666,#4667,#4668));
#940=EDGE_LOOP('',(#4669,#4670,#4671,#4672));
#941=EDGE_LOOP('',(#4673,#4674,#4675,#4676));
#942=EDGE_LOOP('',(#4677,#4678,#4679,#4680));
#943=EDGE_LOOP('',(#4681,#4682,#4683,#4684,#4685,#4686));
#944=EDGE_LOOP('',(#4687,#4688,#4689,#4690,#4691,#4692));
#945=EDGE_LOOP('',(#4693,#4694,#4695,#4696,#4697,#4698));
#946=EDGE_LOOP('',(#4699,#4700,#4701,#4702,#4703,#4704));
#947=EDGE_LOOP('',(#4705,#4706,#4707,#4708,#4709,#4710));
#948=EDGE_LOOP('',(#4711,#4712,#4713,#4714,#4715,#4716));
#949=EDGE_LOOP('',(#4717,#4718,#4719,#4720));
#950=EDGE_LOOP('',(#4721,#4722,#4723,#4724));
#951=EDGE_LOOP('',(#4725,#4726,#4727,#4728));
#952=EDGE_LOOP('',(#4729,#4730,#4731,#4732));
#953=EDGE_LOOP('',(#4733,#4734,#4735,#4736));
#954=EDGE_LOOP('',(#4737,#4738,#4739,#4740,#4741,#4742,#4743));
#955=EDGE_LOOP('',(#4744,#4745,#4746,#4747,#4748,#4749,#4750));
#956=EDGE_LOOP('',(#4751,#4752,#4753,#4754));
#957=EDGE_LOOP('',(#4755,#4756,#4757,#4758));
#958=EDGE_LOOP('',(#4759,#4760,#4761,#4762,#4763,#4764));
#959=EDGE_LOOP('',(#4765));
#960=EDGE_LOOP('',(#4766,#4767,#4768,#4769));
#961=EDGE_LOOP('',(#4770,#4771,#4772,#4773));
#962=EDGE_LOOP('',(#4774,#4775,#4776,#4777));
#963=EDGE_LOOP('',(#4778,#4779,#4780,#4781,#4782,#4783));
#964=EDGE_LOOP('',(#4784));
#965=EDGE_LOOP('',(#4785,#4786,#4787,#4788));
#966=EDGE_LOOP('',(#4789,#4790,#4791,#4792));
#967=EDGE_LOOP('',(#4793,#4794,#4795,#4796));
#968=EDGE_LOOP('',(#4797,#4798,#4799,#4800));
#969=EDGE_LOOP('',(#4801,#4802,#4803,#4804));
#970=EDGE_LOOP('',(#4805,#4806,#4807,#4808));
#971=EDGE_LOOP('',(#4809,#4810,#4811,#4812));
#972=EDGE_LOOP('',(#4813,#4814,#4815,#4816));
#973=EDGE_LOOP('',(#4817,#4818,#4819,#4820));
#974=EDGE_LOOP('',(#4821,#4822,#4823,#4824));
#975=EDGE_LOOP('',(#4825,#4826,#4827,#4828));
#976=EDGE_LOOP('',(#4829,#4830,#4831,#4832));
#977=EDGE_LOOP('',(#4833,#4834,#4835,#4836));
#978=EDGE_LOOP('',(#4837,#4838,#4839,#4840));
#979=EDGE_LOOP('',(#4841,#4842,#4843,#4844));
#980=EDGE_LOOP('',(#4845,#4846,#4847,#4848));
#981=EDGE_LOOP('',(#4849,#4850,#4851,#4852));
#982=EDGE_LOOP('',(#4853,#4854,#4855,#4856));
#983=EDGE_LOOP('',(#4857,#4858,#4859,#4860));
#984=EDGE_LOOP('',(#4861,#4862,#4863,#4864));
#985=EDGE_LOOP('',(#4865,#4866,#4867,#4868));
#986=EDGE_LOOP('',(#4869,#4870,#4871,#4872));
#987=EDGE_LOOP('',(#4873,#4874,#4875,#4876,#4877,#4878));
#988=EDGE_LOOP('',(#4879));
#989=EDGE_LOOP('',(#4880,#4881,#4882,#4883));
#990=EDGE_LOOP('',(#4884,#4885,#4886,#4887));
#991=EDGE_LOOP('',(#4888,#4889,#4890,#4891));
#992=EDGE_LOOP('',(#4892,#4893,#4894,#4895));
#993=EDGE_LOOP('',(#4896,#4897,#4898,#4899));
#994=EDGE_LOOP('',(#4900,#4901,#4902,#4903));
#995=EDGE_LOOP('',(#4904,#4905,#4906,#4907));
#996=EDGE_LOOP('',(#4908,#4909,#4910,#4911));
#997=EDGE_LOOP('',(#4912,#4913,#4914,#4915));
#998=EDGE_LOOP('',(#4916,#4917,#4918,#4919));
#999=EDGE_LOOP('',(#4920,#4921,#4922,#4923));
#1000=EDGE_LOOP('',(#4924,#4925,#4926,#4927));
#1001=EDGE_LOOP('',(#4928,#4929,#4930,#4931));
#1002=EDGE_LOOP('',(#4932,#4933,#4934,#4935));
#1003=EDGE_LOOP('',(#4936,#4937,#4938,#4939));
#1004=EDGE_LOOP('',(#4940,#4941,#4942,#4943));
#1005=EDGE_LOOP('',(#4944,#4945,#4946,#4947));
#1006=EDGE_LOOP('',(#4948,#4949,#4950,#4951));
#1007=EDGE_LOOP('',(#4952,#4953,#4954,#4955,#4956,#4957));
#1008=EDGE_LOOP('',(#4958));
#1009=EDGE_LOOP('',(#4959,#4960,#4961,#4962));
#1010=EDGE_LOOP('',(#4963,#4964,#4965,#4966,#4967,#4968));
#1011=EDGE_LOOP('',(#4969));
#1012=EDGE_LOOP('',(#4970,#4971,#4972,#4973));
#1013=EDGE_LOOP('',(#4974,#4975,#4976,#4977));
#1014=EDGE_LOOP('',(#4978,#4979,#4980,#4981));
#1015=EDGE_LOOP('',(#4982,#4983,#4984,#4985));
#1016=EDGE_LOOP('',(#4986,#4987,#4988,#4989));
#1017=EDGE_LOOP('',(#4990,#4991,#4992,#4993));
#1018=EDGE_LOOP('',(#4994,#4995,#4996,#4997,#4998,#4999));
#1019=EDGE_LOOP('',(#5000));
#1020=EDGE_LOOP('',(#5001,#5002,#5003,#5004));
#1021=EDGE_LOOP('',(#5005,#5006,#5007,#5008));
#1022=EDGE_LOOP('',(#5009,#5010,#5011,#5012));
#1023=EDGE_LOOP('',(#5013,#5014,#5015,#5016));
#1024=EDGE_LOOP('',(#5017,#5018,#5019,#5020));
#1025=EDGE_LOOP('',(#5021,#5022,#5023,#5024));
#1026=EDGE_LOOP('',(#5025,#5026,#5027,#5028));
#1027=EDGE_LOOP('',(#5029,#5030,#5031,#5032,#5033,#5034,#5035,#5036));
#1028=EDGE_LOOP('',(#5037,#5038,#5039,#5040));
#1029=EDGE_LOOP('',(#5041,#5042,#5043,#5044));
#1030=EDGE_LOOP('',(#5045));
#1031=EDGE_LOOP('',(#5046));
#1032=EDGE_LOOP('',(#5047));
#1033=EDGE_LOOP('',(#5048));
#1034=EDGE_LOOP('',(#5049,#5050,#5051,#5052));
#1035=EDGE_LOOP('',(#5053,#5054,#5055,#5056));
#1036=EDGE_LOOP('',(#5057));
#1037=EDGE_LOOP('',(#5058));
#1038=EDGE_LOOP('',(#5059));
#1039=EDGE_LOOP('',(#5060));
#1040=EDGE_LOOP('',(#5061,#5062,#5063,#5064));
#1041=EDGE_LOOP('',(#5065,#5066,#5067,#5068));
#1042=EDGE_LOOP('',(#5069));
#1043=EDGE_LOOP('',(#5070));
#1044=EDGE_LOOP('',(#5071));
#1045=EDGE_LOOP('',(#5072));
#1046=EDGE_LOOP('',(#5073,#5074,#5075,#5076));
#1047=EDGE_LOOP('',(#5077,#5078,#5079,#5080));
#1048=EDGE_LOOP('',(#5081));
#1049=EDGE_LOOP('',(#5082));
#1050=EDGE_LOOP('',(#5083));
#1051=EDGE_LOOP('',(#5084));
#1052=EDGE_LOOP('',(#5085,#5086,#5087,#5088));
#1053=EDGE_LOOP('',(#5089,#5090,#5091,#5092));
#1054=EDGE_LOOP('',(#5093));
#1055=EDGE_LOOP('',(#5094));
#1056=EDGE_LOOP('',(#5095));
#1057=EDGE_LOOP('',(#5096));
#1058=LINE('',#7523,#1625);
#1059=LINE('',#7528,#1626);
#1060=LINE('',#7532,#1627);
#1061=LINE('',#7536,#1628);
#1062=LINE('',#7540,#1629);
#1063=LINE('',#7544,#1630);
#1064=LINE('',#7546,#1631);
#1065=LINE('',#7548,#1632);
#1066=LINE('',#7550,#1633);
#1067=LINE('',#7554,#1634);
#1068=LINE('',#7558,#1635);
#1069=LINE('',#7560,#1636);
#1070=LINE('',#7562,#1637);
#1071=LINE('',#7564,#1638);
#1072=LINE('',#7568,#1639);
#1073=LINE('',#7572,#1640);
#1074=LINE('',#7576,#1641);
#1075=LINE('',#7580,#1642);
#1076=LINE('',#7584,#1643);
#1077=LINE('',#7598,#1644);
#1078=LINE('',#7602,#1645);
#1079=LINE('',#7606,#1646);
#1080=LINE('',#7610,#1647);
#1081=LINE('',#7621,#1648);
#1082=LINE('',#7622,#1649);
#1083=LINE('',#7623,#1650);
#1084=LINE('',#7627,#1651);
#1085=LINE('',#7632,#1652);
#1086=LINE('',#7636,#1653);
#1087=LINE('',#7640,#1654);
#1088=LINE('',#7644,#1655);
#1089=LINE('',#7648,#1656);
#1090=LINE('',#7652,#1657);
#1091=LINE('',#7654,#1658);
#1092=LINE('',#7656,#1659);
#1093=LINE('',#7658,#1660);
#1094=LINE('',#7662,#1661);
#1095=LINE('',#7666,#1662);
#1096=LINE('',#7668,#1663);
#1097=LINE('',#7670,#1664);
#1098=LINE('',#7672,#1665);
#1099=LINE('',#7676,#1666);
#1100=LINE('',#7680,#1667);
#1101=LINE('',#7690,#1668);
#1102=LINE('',#7694,#1669);
#1103=LINE('',#7698,#1670);
#1104=LINE('',#7702,#1671);
#1105=LINE('',#7715,#1672);
#1106=LINE('',#7716,#1673);
#1107=LINE('',#7718,#1674);
#1108=LINE('',#7720,#1675);
#1109=LINE('',#7722,#1676);
#1110=LINE('',#7724,#1677);
#1111=LINE('',#7726,#1678);
#1112=LINE('',#7728,#1679);
#1113=LINE('',#7732,#1680);
#1114=LINE('',#7737,#1681);
#1115=LINE('',#7739,#1682);
#1116=LINE('',#7740,#1683);
#1117=LINE('',#7744,#1684);
#1118=LINE('',#7748,#1685);
#1119=LINE('',#7750,#1686);
#1120=LINE('',#7752,#1687);
#1121=LINE('',#7754,#1688);
#1122=LINE('',#7756,#1689);
#1123=LINE('',#7758,#1690);
#1124=LINE('',#7760,#1691);
#1125=LINE('',#7763,#1692);
#1126=LINE('',#7764,#1693);
#1127=LINE('',#7768,#1694);
#1128=LINE('',#7769,#1695);
#1129=LINE('',#7770,#1696);
#1130=LINE('',#7774,#1697);
#1131=LINE('',#7777,#1698);
#1132=LINE('',#7778,#1699);
#1133=LINE('',#7782,#1700);
#1134=LINE('',#7784,#1701);
#1135=LINE('',#7786,#1702);
#1136=LINE('',#7788,#1703);
#1137=LINE('',#7790,#1704);
#1138=LINE('',#7791,#1705);
#1139=LINE('',#7793,#1706);
#1140=LINE('',#7794,#1707);
#1141=LINE('',#7796,#1708);
#1142=LINE('',#7798,#1709);
#1143=LINE('',#7800,#1710);
#1144=LINE('',#7802,#1711);
#1145=LINE('',#7804,#1712);
#1146=LINE('',#7806,#1713);
#1147=LINE('',#7812,#1714);
#1148=LINE('',#7814,#1715);
#1149=LINE('',#7816,#1716);
#1150=LINE('',#7818,#1717);
#1151=LINE('',#7820,#1718);
#1152=LINE('',#7822,#1719);
#1153=LINE('',#7824,#1720);
#1154=LINE('',#7826,#1721);
#1155=LINE('',#7828,#1722);
#1156=LINE('',#7832,#1723);
#1157=LINE('',#7837,#1724);
#1158=LINE('',#7839,#1725);
#1159=LINE('',#7840,#1726);
#1160=LINE('',#7844,#1727);
#1161=LINE('',#7847,#1728);
#1162=LINE('',#7849,#1729);
#1163=LINE('',#7851,#1730);
#1164=LINE('',#7855,#1731);
#1165=LINE('',#7857,#1732);
#1166=LINE('',#7859,#1733);
#1167=LINE('',#7861,#1734);
#1168=LINE('',#7863,#1735);
#1169=LINE('',#7864,#1736);
#1170=LINE('',#7868,#1737);
#1171=LINE('',#7869,#1738);
#1172=LINE('',#7870,#1739);
#1173=LINE('',#7873,#1740);
#1174=LINE('',#7876,#1741);
#1175=LINE('',#7878,#1742);
#1176=LINE('',#7880,#1743);
#1177=LINE('',#7882,#1744);
#1178=LINE('',#7884,#1745);
#1179=LINE('',#7886,#1746);
#1180=LINE('',#7890,#1747);
#1181=LINE('',#7891,#1748);
#1182=LINE('',#7893,#1749);
#1183=LINE('',#7898,#1750);
#1184=LINE('',#7900,#1751);
#1185=LINE('',#7902,#1752);
#1186=LINE('',#7904,#1753);
#1187=LINE('',#7906,#1754);
#1188=LINE('',#7908,#1755);
#1189=LINE('',#7910,#1756);
#1190=LINE('',#7912,#1757);
#1191=LINE('',#7914,#1758);
#1192=LINE('',#7916,#1759);
#1193=LINE('',#7918,#1760);
#1194=LINE('',#7920,#1761);
#1195=LINE('',#7922,#1762);
#1196=LINE('',#7926,#1763);
#1197=LINE('',#7928,#1764);
#1198=LINE('',#7930,#1765);
#1199=LINE('',#7932,#1766);
#1200=LINE('',#7934,#1767);
#1201=LINE('',#7936,#1768);
#1202=LINE('',#7938,#1769);
#1203=LINE('',#7945,#1770);
#1204=LINE('',#7951,#1771);
#1205=LINE('',#7953,#1772);
#1206=LINE('',#7955,#1773);
#1207=LINE('',#7957,#1774);
#1208=LINE('',#7958,#1775);
#1209=LINE('',#7960,#1776);
#1210=LINE('',#7962,#1777);
#1211=LINE('',#7964,#1778);
#1212=LINE('',#7966,#1779);
#1213=LINE('',#7968,#1780);
#1214=LINE('',#7970,#1781);
#1215=LINE('',#7974,#1782);
#1216=LINE('',#7980,#1783);
#1217=LINE('',#7983,#1784);
#1218=LINE('',#7989,#1785);
#1219=LINE('',#7991,#1786);
#1220=LINE('',#7993,#1787);
#1221=LINE('',#7995,#1788);
#1222=LINE('',#8002,#1789);
#1223=LINE('',#8004,#1790);
#1224=LINE('',#8006,#1791);
#1225=LINE('',#8007,#1792);
#1226=LINE('',#8011,#1793);
#1227=LINE('',#8013,#1794);
#1228=LINE('',#8015,#1795);
#1229=LINE('',#8016,#1796);
#1230=LINE('',#8019,#1797);
#1231=LINE('',#8021,#1798);
#1232=LINE('',#8022,#1799);
#1233=LINE('',#8025,#1800);
#1234=LINE('',#8027,#1801);
#1235=LINE('',#8028,#1802);
#1236=LINE('',#8031,#1803);
#1237=LINE('',#8032,#1804);
#1238=LINE('',#8033,#1805);
#1239=LINE('',#8035,#1806);
#1240=LINE('',#8037,#1807);
#1241=LINE('',#8038,#1808);
#1242=LINE('',#8042,#1809);
#1243=LINE('',#8044,#1810);
#1244=LINE('',#8046,#1811);
#1245=LINE('',#8048,#1812);
#1246=LINE('',#8050,#1813);
#1247=LINE('',#8051,#1814);
#1248=LINE('',#8054,#1815);
#1249=LINE('',#8056,#1816);
#1250=LINE('',#8058,#1817);
#1251=LINE('',#8060,#1818);
#1252=LINE('',#8062,#1819);
#1253=LINE('',#8063,#1820);
#1254=LINE('',#8066,#1821);
#1255=LINE('',#8068,#1822);
#1256=LINE('',#8070,#1823);
#1257=LINE('',#8072,#1824);
#1258=LINE('',#8074,#1825);
#1259=LINE('',#8075,#1826);
#1260=LINE('',#8078,#1827);
#1261=LINE('',#8080,#1828);
#1262=LINE('',#8081,#1829);
#1263=LINE('',#8084,#1830);
#1264=LINE('',#8085,#1831);
#1265=LINE('',#8088,#1832);
#1266=LINE('',#8089,#1833);
#1267=LINE('',#8092,#1834);
#1268=LINE('',#8093,#1835);
#1269=LINE('',#8096,#1836);
#1270=LINE('',#8097,#1837);
#1271=LINE('',#8099,#1838);
#1272=LINE('',#8102,#1839);
#1273=LINE('',#8104,#1840);
#1274=LINE('',#8105,#1841);
#1275=LINE('',#8108,#1842);
#1276=LINE('',#8109,#1843);
#1277=LINE('',#8112,#1844);
#1278=LINE('',#8113,#1845);
#1279=LINE('',#8116,#1846);
#1280=LINE('',#8118,#1847);
#1281=LINE('',#8119,#1848);
#1282=LINE('',#8122,#1849);
#1283=LINE('',#8123,#1850);
#1284=LINE('',#8126,#1851);
#1285=LINE('',#8127,#1852);
#1286=LINE('',#8130,#1853);
#1287=LINE('',#8131,#1854);
#1288=LINE('',#8134,#1855);
#1289=LINE('',#8135,#1856);
#1290=LINE('',#8137,#1857);
#1291=LINE('',#8140,#1858);
#1292=LINE('',#8142,#1859);
#1293=LINE('',#8143,#1860);
#1294=LINE('',#8146,#1861);
#1295=LINE('',#8147,#1862);
#1296=LINE('',#8150,#1863);
#1297=LINE('',#8151,#1864);
#1298=LINE('',#8154,#1865);
#1299=LINE('',#8156,#1866);
#1300=LINE('',#8157,#1867);
#1301=LINE('',#8160,#1868);
#1302=LINE('',#8161,#1869);
#1303=LINE('',#8164,#1870);
#1304=LINE('',#8165,#1871);
#1305=LINE('',#8168,#1872);
#1306=LINE('',#8169,#1873);
#1307=LINE('',#8172,#1874);
#1308=LINE('',#8173,#1875);
#1309=LINE('',#8175,#1876);
#1310=LINE('',#8178,#1877);
#1311=LINE('',#8180,#1878);
#1312=LINE('',#8181,#1879);
#1313=LINE('',#8184,#1880);
#1314=LINE('',#8185,#1881);
#1315=LINE('',#8188,#1882);
#1316=LINE('',#8189,#1883);
#1317=LINE('',#8192,#1884);
#1318=LINE('',#8194,#1885);
#1319=LINE('',#8196,#1886);
#1320=LINE('',#8198,#1887);
#1321=LINE('',#8200,#1888);
#1322=LINE('',#8202,#1889);
#1323=LINE('',#8204,#1890);
#1324=LINE('',#8206,#1891);
#1325=LINE('',#8208,#1892);
#1326=LINE('',#8210,#1893);
#1327=LINE('',#8212,#1894);
#1328=LINE('',#8214,#1895);
#1329=LINE('',#8216,#1896);
#1330=LINE('',#8218,#1897);
#1331=LINE('',#8220,#1898);
#1332=LINE('',#8222,#1899);
#1333=LINE('',#8223,#1900);
#1334=LINE('',#8228,#1901);
#1335=LINE('',#8230,#1902);
#1336=LINE('',#8232,#1903);
#1337=LINE('',#8234,#1904);
#1338=LINE('',#8236,#1905);
#1339=LINE('',#8237,#1906);
#1340=LINE('',#8264,#1907);
#1341=LINE('',#8266,#1908);
#1342=LINE('',#8268,#1909);
#1343=LINE('',#8269,#1910);
#1344=LINE('',#8278,#1911);
#1345=LINE('',#8280,#1912);
#1346=LINE('',#8282,#1913);
#1347=LINE('',#8284,#1914);
#1348=LINE('',#8286,#1915);
#1349=LINE('',#8287,#1916);
#1350=LINE('',#8290,#1917);
#1351=LINE('',#8292,#1918);
#1352=LINE('',#8294,#1919);
#1353=LINE('',#8296,#1920);
#1354=LINE('',#8298,#1921);
#1355=LINE('',#8299,#1922);
#1356=LINE('',#8310,#1923);
#1357=LINE('',#8311,#1924);
#1358=LINE('',#8314,#1925);
#1359=LINE('',#8315,#1926);
#1360=LINE('',#8317,#1927);
#1361=LINE('',#8323,#1928);
#1362=LINE('',#8324,#1929);
#1363=LINE('',#8327,#1930);
#1364=LINE('',#8328,#1931);
#1365=LINE('',#8330,#1932);
#1366=LINE('',#8336,#1933);
#1367=LINE('',#8337,#1934);
#1368=LINE('',#8340,#1935);
#1369=LINE('',#8341,#1936);
#1370=LINE('',#8343,#1937);
#1371=LINE('',#8349,#1938);
#1372=LINE('',#8350,#1939);
#1373=LINE('',#8353,#1940);
#1374=LINE('',#8354,#1941);
#1375=LINE('',#8358,#1942);
#1376=LINE('',#8362,#1943);
#1377=LINE('',#8366,#1944);
#1378=LINE('',#8369,#1945);
#1379=LINE('',#8375,#1946);
#1380=LINE('',#8381,#1947);
#1381=LINE('',#8382,#1948);
#1382=LINE('',#8401,#1949);
#1383=LINE('',#8412,#1950);
#1384=LINE('',#8416,#1951);
#1385=LINE('',#8419,#1952);
#1386=LINE('',#8422,#1953);
#1387=LINE('',#8423,#1954);
#1388=LINE('',#8425,#1955);
#1389=LINE('',#8427,#1956);
#1390=LINE('',#8428,#1957);
#1391=LINE('',#8431,#1958);
#1392=LINE('',#8438,#1959);
#1393=LINE('',#8445,#1960);
#1394=LINE('',#8447,#1961);
#1395=LINE('',#8449,#1962);
#1396=LINE('',#8451,#1963);
#1397=LINE('',#8453,#1964);
#1398=LINE('',#8455,#1965);
#1399=LINE('',#8456,#1966);
#1400=LINE('',#8457,#1967);
#1401=LINE('',#8466,#1968);
#1402=LINE('',#8468,#1969);
#1403=LINE('',#8470,#1970);
#1404=LINE('',#8472,#1971);
#1405=LINE('',#8474,#1972);
#1406=LINE('',#8475,#1973);
#1407=LINE('',#8478,#1974);
#1408=LINE('',#8480,#1975);
#1409=LINE('',#8482,#1976);
#1410=LINE('',#8484,#1977);
#1411=LINE('',#8486,#1978);
#1412=LINE('',#8487,#1979);
#1413=LINE('',#8490,#1980);
#1414=LINE('',#8492,#1981);
#1415=LINE('',#8494,#1982);
#1416=LINE('',#8496,#1983);
#1417=LINE('',#8498,#1984);
#1418=LINE('',#8499,#1985);
#1419=LINE('',#8540,#1986);
#1420=LINE('',#8542,#1987);
#1421=LINE('',#8544,#1988);
#1422=LINE('',#8546,#1989);
#1423=LINE('',#8548,#1990);
#1424=LINE('',#8549,#1991);
#1425=LINE('',#8551,#1992);
#1426=LINE('',#8555,#1993);
#1427=LINE('',#8560,#1994);
#1428=LINE('',#8564,#1995);
#1429=LINE('',#8567,#1996);
#1430=LINE('',#8569,#1997);
#1431=LINE('',#8570,#1998);
#1432=LINE('',#8574,#1999);
#1433=LINE('',#8575,#2000);
#1434=LINE('',#8576,#2001);
#1435=LINE('',#8579,#2002);
#1436=LINE('',#8580,#2003);
#1437=LINE('',#8583,#2004);
#1438=LINE('',#8584,#2005);
#1439=LINE('',#8586,#2006);
#1440=LINE('',#8588,#2007);
#1441=LINE('',#8591,#2008);
#1442=LINE('',#8593,#2009);
#1443=LINE('',#8594,#2010);
#1444=LINE('',#8597,#2011);
#1445=LINE('',#8598,#2012);
#1446=LINE('',#8601,#2013);
#1447=LINE('',#8602,#2014);
#1448=LINE('',#8605,#2015);
#1449=LINE('',#8607,#2016);
#1450=LINE('',#8608,#2017);
#1451=LINE('',#8612,#2018);
#1452=LINE('',#8613,#2019);
#1453=LINE('',#8614,#2020);
#1454=LINE('',#8617,#2021);
#1455=LINE('',#8618,#2022);
#1456=LINE('',#8621,#2023);
#1457=LINE('',#8622,#2024);
#1458=LINE('',#8624,#2025);
#1459=LINE('',#8626,#2026);
#1460=LINE('',#8629,#2027);
#1461=LINE('',#8631,#2028);
#1462=LINE('',#8632,#2029);
#1463=LINE('',#8635,#2030);
#1464=LINE('',#8636,#2031);
#1465=LINE('',#8639,#2032);
#1466=LINE('',#8640,#2033);
#1467=LINE('',#8644,#2034);
#1468=LINE('',#8645,#2035);
#1469=LINE('',#8646,#2036);
#1470=LINE('',#8649,#2037);
#1471=LINE('',#8651,#2038);
#1472=LINE('',#8652,#2039);
#1473=LINE('',#8654,#2040);
#1474=LINE('',#8657,#2041);
#1475=LINE('',#8658,#2042);
#1476=LINE('',#8661,#2043);
#1477=LINE('',#8662,#2044);
#1478=LINE('',#8664,#2045);
#1479=LINE('',#8667,#2046);
#1480=LINE('',#8669,#2047);
#1481=LINE('',#8670,#2048);
#1482=LINE('',#8673,#2049);
#1483=LINE('',#8674,#2050);
#1484=LINE('',#8677,#2051);
#1485=LINE('',#8678,#2052);
#1486=LINE('',#8700,#2053);
#1487=LINE('',#8701,#2054);
#1488=LINE('',#8723,#2055);
#1489=LINE('',#8724,#2056);
#1490=LINE('',#8746,#2057);
#1491=LINE('',#8747,#2058);
#1492=LINE('',#8769,#2059);
#1493=LINE('',#8770,#2060);
#1494=LINE('',#8792,#2061);
#1495=LINE('',#8793,#2062);
#1496=LINE('',#8815,#2063);
#1497=LINE('',#8816,#2064);
#1498=LINE('',#8826,#2065);
#1499=LINE('',#8828,#2066);
#1500=LINE('',#8830,#2067);
#1501=LINE('',#8831,#2068);
#1502=LINE('',#8834,#2069);
#1503=LINE('',#8836,#2070);
#1504=LINE('',#8837,#2071);
#1505=LINE('',#8840,#2072);
#1506=LINE('',#8842,#2073);
#1507=LINE('',#8843,#2074);
#1508=LINE('',#8846,#2075);
#1509=LINE('',#8848,#2076);
#1510=LINE('',#8849,#2077);
#1511=LINE('',#8851,#2078);
#1512=LINE('',#8852,#2079);
#1513=LINE('',#8854,#2080);
#1514=LINE('',#8856,#2081);
#1515=LINE('',#8859,#2082);
#1516=LINE('',#8863,#2083);
#1517=LINE('',#8868,#2084);
#1518=LINE('',#8870,#2085);
#1519=LINE('',#8872,#2086);
#1520=LINE('',#8874,#2087);
#1521=LINE('',#8876,#2088);
#1522=LINE('',#8877,#2089);
#1523=LINE('',#8881,#2090);
#1524=LINE('',#8882,#2091);
#1525=LINE('',#8883,#2092);
#1526=LINE('',#8886,#2093);
#1527=LINE('',#8887,#2094);
#1528=LINE('',#8890,#2095);
#1529=LINE('',#8891,#2096);
#1530=LINE('',#8895,#2097);
#1531=LINE('',#8897,#2098);
#1532=LINE('',#8899,#2099);
#1533=LINE('',#8901,#2100);
#1534=LINE('',#8903,#2101);
#1535=LINE('',#8904,#2102);
#1536=LINE('',#8908,#2103);
#1537=LINE('',#8909,#2104);
#1538=LINE('',#8910,#2105);
#1539=LINE('',#8913,#2106);
#1540=LINE('',#8914,#2107);
#1541=LINE('',#8917,#2108);
#1542=LINE('',#8918,#2109);
#1543=LINE('',#8921,#2110);
#1544=LINE('',#8922,#2111);
#1545=LINE('',#8925,#2112);
#1546=LINE('',#8926,#2113);
#1547=LINE('',#8928,#2114);
#1548=LINE('',#8930,#2115);
#1549=LINE('',#8931,#2116);
#1550=LINE('',#8933,#2117);
#1551=LINE('',#8934,#2118);
#1552=LINE('',#8936,#2119);
#1553=LINE('',#8938,#2120);
#1554=LINE('',#8943,#2121);
#1555=LINE('',#8944,#2122);
#1556=LINE('',#8947,#2123);
#1557=LINE('',#8948,#2124);
#1558=LINE('',#8950,#2125);
#1559=LINE('',#8952,#2126);
#1560=LINE('',#8953,#2127);
#1561=LINE('',#8955,#2128);
#1562=LINE('',#8957,#2129);
#1563=LINE('',#8959,#2130);
#1564=LINE('',#8961,#2131);
#1565=LINE('',#8966,#2132);
#1566=LINE('',#8970,#2133);
#1567=LINE('',#8972,#2134);
#1568=LINE('',#8974,#2135);
#1569=LINE('',#8976,#2136);
#1570=LINE('',#8978,#2137);
#1571=LINE('',#8979,#2138);
#1572=LINE('',#8983,#2139);
#1573=LINE('',#8984,#2140);
#1574=LINE('',#8985,#2141);
#1575=LINE('',#8988,#2142);
#1576=LINE('',#8989,#2143);
#1577=LINE('',#8992,#2144);
#1578=LINE('',#8993,#2145);
#1579=LINE('',#8996,#2146);
#1580=LINE('',#8997,#2147);
#1581=LINE('',#9000,#2148);
#1582=LINE('',#9001,#2149);
#1583=LINE('',#9003,#2150);
#1584=LINE('',#9005,#2151);
#1585=LINE('',#9006,#2152);
#1586=LINE('',#9008,#2153);
#1587=LINE('',#9009,#2154);
#1588=LINE('',#9012,#2155);
#1589=LINE('',#9014,#2156);
#1590=LINE('',#9017,#2157);
#1591=LINE('',#9019,#2158);
#1592=LINE('',#9020,#2159);
#1593=LINE('',#9024,#2160);
#1594=LINE('',#9026,#2161);
#1595=LINE('',#9028,#2162);
#1596=LINE('',#9029,#2163);
#1597=LINE('',#9032,#2164);
#1598=LINE('',#9036,#2165);
#1599=LINE('',#9040,#2166);
#1600=LINE('',#9042,#2167);
#1601=LINE('',#9043,#2168);
#1602=LINE('',#9045,#2169);
#1603=LINE('',#9048,#2170);
#1604=LINE('',#9050,#2171);
#1605=LINE('',#9051,#2172);
#1606=LINE('',#9053,#2173);
#1607=LINE('',#9055,#2174);
#1608=LINE('',#9058,#2175);
#1609=LINE('',#9063,#2176);
#1610=LINE('',#9066,#2177);
#1611=LINE('',#9068,#2178);
#1612=LINE('',#9069,#2179);
#1613=LINE('',#9071,#2180);
#1614=LINE('',#9073,#2181);
#1615=LINE('',#9088,#2182);
#1616=LINE('',#9094,#2183);
#1617=LINE('',#9102,#2184);
#1618=LINE('',#9108,#2185);
#1619=LINE('',#9116,#2186);
#1620=LINE('',#9122,#2187);
#1621=LINE('',#9130,#2188);
#1622=LINE('',#9136,#2189);
#1623=LINE('',#9144,#2190);
#1624=LINE('',#9150,#2191);
#1625=VECTOR('',#5997,3.6);
#1626=VECTOR('',#6002,6.82842712474603);
#1627=VECTOR('',#6005,3.500505063388);
#1628=VECTOR('',#6008,5.17157287525365);
#1629=VECTOR('',#6011,10.75735931288);
#1630=VECTOR('',#6014,3.015631751849);
#1631=VECTOR('',#6015,16.5);
#1632=VECTOR('',#6016,17.01563175185);
#1633=VECTOR('',#6017,18.6640812981109);
#1634=VECTOR('',#6020,60.62497994868);
#1635=VECTOR('',#6023,18.6640812981109);
#1636=VECTOR('',#6024,17.01563175185);
#1637=VECTOR('',#6025,16.5);
#1638=VECTOR('',#6026,3.015631751849);
#1639=VECTOR('',#6029,10.75735931288);
#1640=VECTOR('',#6032,5.17157287525365);
#1641=VECTOR('',#6035,3.500505063388);
#1642=VECTOR('',#6038,6.82842712474603);
#1643=VECTOR('',#6041,11.34314575051);
#1644=VECTOR('',#6054,12.);
#1645=VECTOR('',#6057,26.);
#1646=VECTOR('',#6060,12.);
#1647=VECTOR('',#6063,26.);
#1648=VECTOR('',#6074,6.82842712474603);
#1649=VECTOR('',#6075,2.5);
#1650=VECTOR('',#6076,2.5);
#1651=VECTOR('',#6079,3.500505063388);
#1652=VECTOR('',#6084,11.34314575051);
#1653=VECTOR('',#6087,6.82842712474603);
#1654=VECTOR('',#6090,3.500505063388);
#1655=VECTOR('',#6093,5.17157287525365);
#1656=VECTOR('',#6096,10.75735931288);
#1657=VECTOR('',#6099,3.015631751849);
#1658=VECTOR('',#6100,16.5);
#1659=VECTOR('',#6101,17.01563175185);
#1660=VECTOR('',#6102,18.6640812981109);
#1661=VECTOR('',#6105,60.62497994868);
#1662=VECTOR('',#6108,18.6640812981109);
#1663=VECTOR('',#6109,17.01563175185);
#1664=VECTOR('',#6110,16.5);
#1665=VECTOR('',#6111,3.015631751849);
#1666=VECTOR('',#6114,10.75735931288);
#1667=VECTOR('',#6117,5.17157287525365);
#1668=VECTOR('',#6126,12.);
#1669=VECTOR('',#6129,26.);
#1670=VECTOR('',#6132,12.);
#1671=VECTOR('',#6135,26.);
#1672=VECTOR('',#6150,2.5);
#1673=VECTOR('',#6151,2.5);
#1674=VECTOR('',#6154,2.5);
#1675=VECTOR('',#6157,2.5);
#1676=VECTOR('',#6160,2.5);
#1677=VECTOR('',#6163,2.5);
#1678=VECTOR('',#6166,2.5);
#1679=VECTOR('',#6169,2.5);
#1680=VECTOR('',#6172,2.50000000000001);
#1681=VECTOR('',#6179,18.0186785450501);
#1682=VECTOR('',#6180,2.50000000000001);
#1683=VECTOR('',#6181,18.0186785450501);
#1684=VECTOR('',#6184,18.1051055776094);
#1685=VECTOR('',#6187,3.458222873222);
#1686=VECTOR('',#6188,1.41421356237302);
#1687=VECTOR('',#6189,9.15000000000004);
#1688=VECTOR('',#6190,2.);
#1689=VECTOR('',#6191,9.15000000000004);
#1690=VECTOR('',#6192,1.41421356237292);
#1691=VECTOR('',#6193,0.5);
#1692=VECTOR('',#6196,16.5);
#1693=VECTOR('',#6197,1.018678545049);
#1694=VECTOR('',#6200,18.1051055776094);
#1695=VECTOR('',#6201,2.50000000000001);
#1696=VECTOR('',#6202,2.50000000000001);
#1697=VECTOR('',#6205,3.458222873222);
#1698=VECTOR('',#6208,1.018678545049);
#1699=VECTOR('',#6209,16.5);
#1700=VECTOR('',#6212,0.5);
#1701=VECTOR('',#6213,1.41421356237292);
#1702=VECTOR('',#6214,9.15000000000004);
#1703=VECTOR('',#6215,2.);
#1704=VECTOR('',#6216,9.15000000000004);
#1705=VECTOR('',#6217,1.41421356237302);
#1706=VECTOR('',#6220,2.50000000000001);
#1707=VECTOR('',#6221,2.50000000000001);
#1708=VECTOR('',#6224,2.50000000000001);
#1709=VECTOR('',#6227,2.50000000000001);
#1710=VECTOR('',#6230,2.50000000000001);
#1711=VECTOR('',#6233,2.50000000000001);
#1712=VECTOR('',#6236,2.50000000000001);
#1713=VECTOR('',#6239,2.50000000000001);
#1714=VECTOR('',#6250,2.50000000000001);
#1715=VECTOR('',#6253,2.5);
#1716=VECTOR('',#6256,2.5);
#1717=VECTOR('',#6259,2.5);
#1718=VECTOR('',#6262,2.5);
#1719=VECTOR('',#6265,2.5);
#1720=VECTOR('',#6268,2.5);
#1721=VECTOR('',#6271,2.5);
#1722=VECTOR('',#6274,2.5);
#1723=VECTOR('',#6277,2.50000000000001);
#1724=VECTOR('',#6284,1.018678545049);
#1725=VECTOR('',#6285,2.50000000000001);
#1726=VECTOR('',#6286,1.018678545049);
#1727=VECTOR('',#6289,2.958222873222);
#1728=VECTOR('',#6292,18.1051055776094);
#1729=VECTOR('',#6293,16.5);
#1730=VECTOR('',#6294,18.0186785450501);
#1731=VECTOR('',#6297,1.);
#1732=VECTOR('',#6298,1.41421356237302);
#1733=VECTOR('',#6299,9.15000000000004);
#1734=VECTOR('',#6300,2.);
#1735=VECTOR('',#6301,9.15000000000004);
#1736=VECTOR('',#6302,1.41421356237302);
#1737=VECTOR('',#6305,2.958222873222);
#1738=VECTOR('',#6306,2.50000000000001);
#1739=VECTOR('',#6307,2.50000000000001);
#1740=VECTOR('',#6310,18.1051055776094);
#1741=VECTOR('',#6313,1.41421356237302);
#1742=VECTOR('',#6314,9.15000000000004);
#1743=VECTOR('',#6315,2.);
#1744=VECTOR('',#6316,9.15000000000004);
#1745=VECTOR('',#6317,1.41421356237302);
#1746=VECTOR('',#6318,1.);
#1747=VECTOR('',#6321,18.0186785450501);
#1748=VECTOR('',#6322,16.5);
#1749=VECTOR('',#6325,2.50000000000001);
#1750=VECTOR('',#6334,2.50000000000001);
#1751=VECTOR('',#6337,2.5);
#1752=VECTOR('',#6340,2.5);
#1753=VECTOR('',#6343,2.5);
#1754=VECTOR('',#6346,2.5);
#1755=VECTOR('',#6349,2.5);
#1756=VECTOR('',#6352,2.5);
#1757=VECTOR('',#6355,2.5);
#1758=VECTOR('',#6358,2.5);
#1759=VECTOR('',#6361,2.5);
#1760=VECTOR('',#6364,2.5);
#1761=VECTOR('',#6367,2.5);
#1762=VECTOR('',#6370,2.5);
#1763=VECTOR('',#6377,2.50000000000001);
#1764=VECTOR('',#6380,2.50000000000001);
#1765=VECTOR('',#6383,2.50000000000001);
#1766=VECTOR('',#6386,2.50000000000001);
#1767=VECTOR('',#6389,2.50000000000001);
#1768=VECTOR('',#6392,2.50000000000001);
#1769=VECTOR('',#6395,2.50000000000001);
#1770=VECTOR('',#6406,2.6);
#1771=VECTOR('',#6415,1.5);
#1772=VECTOR('',#6418,1.25);
#1773=VECTOR('',#6421,1.25);
#1774=VECTOR('',#6424,2.5);
#1775=VECTOR('',#6425,2.5);
#1776=VECTOR('',#6428,2.5);
#1777=VECTOR('',#6431,2.5);
#1778=VECTOR('',#6434,2.5);
#1779=VECTOR('',#6437,2.5);
#1780=VECTOR('',#6440,2.5);
#1781=VECTOR('',#6443,2.5);
#1782=VECTOR('',#6448,2.65);
#1783=VECTOR('',#6457,1.75);
#1784=VECTOR('',#6460,2.65);
#1785=VECTOR('',#6469,1.75);
#1786=VECTOR('',#6472,3.6);
#1787=VECTOR('',#6475,2.55);
#1788=VECTOR('',#6478,2.55);
#1789=VECTOR('',#6487,10.);
#1790=VECTOR('',#6488,10.);
#1791=VECTOR('',#6489,10.);
#1792=VECTOR('',#6490,10.);
#1793=VECTOR('',#6493,10.);
#1794=VECTOR('',#6494,10.);
#1795=VECTOR('',#6495,10.);
#1796=VECTOR('',#6496,10.);
#1797=VECTOR('',#6499,10.);
#1798=VECTOR('',#6500,10.);
#1799=VECTOR('',#6501,10.);
#1800=VECTOR('',#6504,10.);
#1801=VECTOR('',#6505,10.);
#1802=VECTOR('',#6506,10.);
#1803=VECTOR('',#6509,10.);
#1804=VECTOR('',#6510,10.);
#1805=VECTOR('',#6511,10.);
#1806=VECTOR('',#6514,10.);
#1807=VECTOR('',#6515,10.);
#1808=VECTOR('',#6516,10.);
#1809=VECTOR('',#6519,10.);
#1810=VECTOR('',#6520,10.);
#1811=VECTOR('',#6521,10.);
#1812=VECTOR('',#6522,10.);
#1813=VECTOR('',#6523,10.);
#1814=VECTOR('',#6524,10.);
#1815=VECTOR('',#6525,10.);
#1816=VECTOR('',#6526,10.);
#1817=VECTOR('',#6527,10.);
#1818=VECTOR('',#6528,10.);
#1819=VECTOR('',#6529,10.);
#1820=VECTOR('',#6530,10.);
#1821=VECTOR('',#6531,10.);
#1822=VECTOR('',#6532,10.);
#1823=VECTOR('',#6533,10.);
#1824=VECTOR('',#6534,10.);
#1825=VECTOR('',#6535,10.);
#1826=VECTOR('',#6536,10.);
#1827=VECTOR('',#6539,10.);
#1828=VECTOR('',#6540,10.);
#1829=VECTOR('',#6541,10.);
#1830=VECTOR('',#6544,10.);
#1831=VECTOR('',#6545,10.);
#1832=VECTOR('',#6548,10.);
#1833=VECTOR('',#6549,10.);
#1834=VECTOR('',#6552,10.);
#1835=VECTOR('',#6553,10.);
#1836=VECTOR('',#6556,10.);
#1837=VECTOR('',#6557,10.);
#1838=VECTOR('',#6560,10.);
#1839=VECTOR('',#6563,10.);
#1840=VECTOR('',#6564,10.);
#1841=VECTOR('',#6565,10.);
#1842=VECTOR('',#6568,10.);
#1843=VECTOR('',#6569,10.);
#1844=VECTOR('',#6572,10.);
#1845=VECTOR('',#6573,10.);
#1846=VECTOR('',#6576,10.);
#1847=VECTOR('',#6577,10.);
#1848=VECTOR('',#6578,10.);
#1849=VECTOR('',#6581,10.);
#1850=VECTOR('',#6582,10.);
#1851=VECTOR('',#6585,10.);
#1852=VECTOR('',#6586,10.);
#1853=VECTOR('',#6589,10.);
#1854=VECTOR('',#6590,10.);
#1855=VECTOR('',#6593,10.);
#1856=VECTOR('',#6594,10.);
#1857=VECTOR('',#6597,10.);
#1858=VECTOR('',#6600,10.);
#1859=VECTOR('',#6601,10.);
#1860=VECTOR('',#6602,10.);
#1861=VECTOR('',#6605,10.);
#1862=VECTOR('',#6606,10.);
#1863=VECTOR('',#6609,10.);
#1864=VECTOR('',#6610,10.);
#1865=VECTOR('',#6613,10.);
#1866=VECTOR('',#6614,10.);
#1867=VECTOR('',#6615,10.);
#1868=VECTOR('',#6618,10.);
#1869=VECTOR('',#6619,10.);
#1870=VECTOR('',#6622,10.);
#1871=VECTOR('',#6623,10.);
#1872=VECTOR('',#6626,10.);
#1873=VECTOR('',#6627,10.);
#1874=VECTOR('',#6630,10.);
#1875=VECTOR('',#6631,10.);
#1876=VECTOR('',#6634,10.);
#1877=VECTOR('',#6637,10.);
#1878=VECTOR('',#6638,10.);
#1879=VECTOR('',#6639,10.);
#1880=VECTOR('',#6642,10.);
#1881=VECTOR('',#6643,10.);
#1882=VECTOR('',#6646,10.);
#1883=VECTOR('',#6647,10.);
#1884=VECTOR('',#6650,10.);
#1885=VECTOR('',#6651,10.);
#1886=VECTOR('',#6652,10.);
#1887=VECTOR('',#6653,10.);
#1888=VECTOR('',#6654,10.);
#1889=VECTOR('',#6655,10.);
#1890=VECTOR('',#6656,10.);
#1891=VECTOR('',#6657,10.);
#1892=VECTOR('',#6658,10.);
#1893=VECTOR('',#6659,10.);
#1894=VECTOR('',#6660,10.);
#1895=VECTOR('',#6661,10.);
#1896=VECTOR('',#6662,10.);
#1897=VECTOR('',#6663,10.);
#1898=VECTOR('',#6664,10.);
#1899=VECTOR('',#6665,10.);
#1900=VECTOR('',#6666,10.);
#1901=VECTOR('',#6669,10.);
#1902=VECTOR('',#6670,10.);
#1903=VECTOR('',#6671,10.);
#1904=VECTOR('',#6672,10.);
#1905=VECTOR('',#6673,10.);
#1906=VECTOR('',#6674,10.);
#1907=VECTOR('',#6699,10.);
#1908=VECTOR('',#6700,10.);
#1909=VECTOR('',#6701,10.);
#1910=VECTOR('',#6702,10.);
#1911=VECTOR('',#6709,10.);
#1912=VECTOR('',#6710,10.);
#1913=VECTOR('',#6711,10.);
#1914=VECTOR('',#6712,10.);
#1915=VECTOR('',#6713,10.);
#1916=VECTOR('',#6714,10.);
#1917=VECTOR('',#6715,10.);
#1918=VECTOR('',#6716,10.);
#1919=VECTOR('',#6717,10.);
#1920=VECTOR('',#6718,10.);
#1921=VECTOR('',#6719,10.);
#1922=VECTOR('',#6720,10.);
#1923=VECTOR('',#6731,10.);
#1924=VECTOR('',#6732,10.);
#1925=VECTOR('',#6735,10.);
#1926=VECTOR('',#6736,10.);
#1927=VECTOR('',#6739,10.);
#1928=VECTOR('',#6746,10.);
#1929=VECTOR('',#6747,10.);
#1930=VECTOR('',#6750,10.);
#1931=VECTOR('',#6751,10.);
#1932=VECTOR('',#6754,10.);
#1933=VECTOR('',#6761,10.);
#1934=VECTOR('',#6762,10.);
#1935=VECTOR('',#6765,10.);
#1936=VECTOR('',#6766,10.);
#1937=VECTOR('',#6769,10.);
#1938=VECTOR('',#6776,10.);
#1939=VECTOR('',#6777,10.);
#1940=VECTOR('',#6780,10.);
#1941=VECTOR('',#6781,10.);
#1942=VECTOR('',#6786,1.7);
#1943=VECTOR('',#6791,1.7);
#1944=VECTOR('',#6796,1.7);
#1945=VECTOR('',#6799,10.);
#1946=VECTOR('',#6800,10.);
#1947=VECTOR('',#6801,10.);
#1948=VECTOR('',#6802,10.);
#1949=VECTOR('',#6811,10.);
#1950=VECTOR('',#6822,10.);
#1951=VECTOR('',#6827,10.);
#1952=VECTOR('',#6830,10.);
#1953=VECTOR('',#6833,10.);
#1954=VECTOR('',#6834,10.);
#1955=VECTOR('',#6837,10.);
#1956=VECTOR('',#6838,10.);
#1957=VECTOR('',#6839,10.);
#1958=VECTOR('',#6842,3.);
#1959=VECTOR('',#6851,2.99999999999999);
#1960=VECTOR('',#6860,10.);
#1961=VECTOR('',#6861,10.);
#1962=VECTOR('',#6862,10.);
#1963=VECTOR('',#6863,10.);
#1964=VECTOR('',#6864,10.);
#1965=VECTOR('',#6865,10.);
#1966=VECTOR('',#6866,10.);
#1967=VECTOR('',#6867,10.);
#1968=VECTOR('',#6874,10.);
#1969=VECTOR('',#6875,10.);
#1970=VECTOR('',#6876,10.);
#1971=VECTOR('',#6877,10.);
#1972=VECTOR('',#6878,10.);
#1973=VECTOR('',#6879,10.);
#1974=VECTOR('',#6880,10.);
#1975=VECTOR('',#6881,10.);
#1976=VECTOR('',#6882,10.);
#1977=VECTOR('',#6883,10.);
#1978=VECTOR('',#6884,10.);
#1979=VECTOR('',#6885,10.);
#1980=VECTOR('',#6886,10.);
#1981=VECTOR('',#6887,10.);
#1982=VECTOR('',#6888,10.);
#1983=VECTOR('',#6889,10.);
#1984=VECTOR('',#6890,10.);
#1985=VECTOR('',#6891,10.);
#1986=VECTOR('',#6934,2.79999999999999);
#1987=VECTOR('',#6937,2.80000000000001);
#1988=VECTOR('',#6940,1.69999999999998);
#1989=VECTOR('',#6943,10.);
#1990=VECTOR('',#6946,10.);
#1991=VECTOR('',#6947,10.);
#1992=VECTOR('',#6950,1.7);
#1993=VECTOR('',#6955,5.5);
#1994=VECTOR('',#6962,5.50000000000001);
#1995=VECTOR('',#6969,2.79999999999999);
#1996=VECTOR('',#6972,10.);
#1997=VECTOR('',#6973,10.);
#1998=VECTOR('',#6974,10.);
#1999=VECTOR('',#6977,10.);
#2000=VECTOR('',#6978,10.);
#2001=VECTOR('',#6979,10.);
#2002=VECTOR('',#6982,10.);
#2003=VECTOR('',#6983,10.);
#2004=VECTOR('',#6986,10.);
#2005=VECTOR('',#6987,10.);
#2006=VECTOR('',#6990,10.);
#2007=VECTOR('',#6993,10.);
#2008=VECTOR('',#6996,10.);
#2009=VECTOR('',#6997,10.);
#2010=VECTOR('',#6998,10.);
#2011=VECTOR('',#7001,10.);
#2012=VECTOR('',#7002,10.);
#2013=VECTOR('',#7005,10.);
#2014=VECTOR('',#7006,10.);
#2015=VECTOR('',#7009,10.);
#2016=VECTOR('',#7010,10.);
#2017=VECTOR('',#7011,10.);
#2018=VECTOR('',#7014,10.);
#2019=VECTOR('',#7015,10.);
#2020=VECTOR('',#7016,10.);
#2021=VECTOR('',#7019,10.);
#2022=VECTOR('',#7020,10.);
#2023=VECTOR('',#7023,10.);
#2024=VECTOR('',#7024,10.);
#2025=VECTOR('',#7027,10.);
#2026=VECTOR('',#7030,10.);
#2027=VECTOR('',#7033,10.);
#2028=VECTOR('',#7034,10.);
#2029=VECTOR('',#7035,10.);
#2030=VECTOR('',#7038,10.);
#2031=VECTOR('',#7039,10.);
#2032=VECTOR('',#7042,10.);
#2033=VECTOR('',#7043,10.);
#2034=VECTOR('',#7046,10.);
#2035=VECTOR('',#7047,10.);
#2036=VECTOR('',#7048,10.);
#2037=VECTOR('',#7051,10.);
#2038=VECTOR('',#7052,10.);
#2039=VECTOR('',#7053,10.);
#2040=VECTOR('',#7056,10.);
#2041=VECTOR('',#7059,10.);
#2042=VECTOR('',#7060,10.);
#2043=VECTOR('',#7063,10.);
#2044=VECTOR('',#7064,10.);
#2045=VECTOR('',#7067,10.);
#2046=VECTOR('',#7070,10.);
#2047=VECTOR('',#7071,10.);
#2048=VECTOR('',#7072,10.);
#2049=VECTOR('',#7075,10.);
#2050=VECTOR('',#7076,10.);
#2051=VECTOR('',#7079,10.);
#2052=VECTOR('',#7080,10.);
#2053=VECTOR('',#7087,10.);
#2054=VECTOR('',#7088,10.);
#2055=VECTOR('',#7095,10.);
#2056=VECTOR('',#7096,10.);
#2057=VECTOR('',#7103,10.);
#2058=VECTOR('',#7104,10.);
#2059=VECTOR('',#7111,10.);
#2060=VECTOR('',#7112,10.);
#2061=VECTOR('',#7119,10.);
#2062=VECTOR('',#7120,10.);
#2063=VECTOR('',#7127,10.);
#2064=VECTOR('',#7128,10.);
#2065=VECTOR('',#7143,10.);
#2066=VECTOR('',#7144,10.);
#2067=VECTOR('',#7145,10.);
#2068=VECTOR('',#7146,10.);
#2069=VECTOR('',#7149,10.);
#2070=VECTOR('',#7150,10.);
#2071=VECTOR('',#7151,10.);
#2072=VECTOR('',#7154,10.);
#2073=VECTOR('',#7155,10.);
#2074=VECTOR('',#7156,10.);
#2075=VECTOR('',#7159,10.);
#2076=VECTOR('',#7160,10.);
#2077=VECTOR('',#7161,10.);
#2078=VECTOR('',#7164,10.);
#2079=VECTOR('',#7165,10.);
#2080=VECTOR('',#7168,10.);
#2081=VECTOR('',#7171,10.);
#2082=VECTOR('',#7174,1.7);
#2083=VECTOR('',#7179,1.7);
#2084=VECTOR('',#7184,10.);
#2085=VECTOR('',#7185,10.);
#2086=VECTOR('',#7186,10.);
#2087=VECTOR('',#7187,10.);
#2088=VECTOR('',#7188,10.);
#2089=VECTOR('',#7189,10.);
#2090=VECTOR('',#7192,10.);
#2091=VECTOR('',#7193,10.);
#2092=VECTOR('',#7194,10.);
#2093=VECTOR('',#7197,10.);
#2094=VECTOR('',#7198,10.);
#2095=VECTOR('',#7201,10.);
#2096=VECTOR('',#7202,10.);
#2097=VECTOR('',#7205,10.);
#2098=VECTOR('',#7206,10.);
#2099=VECTOR('',#7207,10.);
#2100=VECTOR('',#7208,10.);
#2101=VECTOR('',#7209,10.);
#2102=VECTOR('',#7210,10.);
#2103=VECTOR('',#7213,10.);
#2104=VECTOR('',#7214,10.);
#2105=VECTOR('',#7215,10.);
#2106=VECTOR('',#7218,10.);
#2107=VECTOR('',#7219,10.);
#2108=VECTOR('',#7222,10.);
#2109=VECTOR('',#7223,10.);
#2110=VECTOR('',#7226,10.);
#2111=VECTOR('',#7227,10.);
#2112=VECTOR('',#7230,10.);
#2113=VECTOR('',#7231,10.);
#2114=VECTOR('',#7234,10.);
#2115=VECTOR('',#7237,10.);
#2116=VECTOR('',#7238,10.);
#2117=VECTOR('',#7241,10.);
#2118=VECTOR('',#7242,10.);
#2119=VECTOR('',#7245,10.);
#2120=VECTOR('',#7248,10.);
#2121=VECTOR('',#7255,10.);
#2122=VECTOR('',#7256,10.);
#2123=VECTOR('',#7259,10.);
#2124=VECTOR('',#7260,10.);
#2125=VECTOR('',#7263,10.);
#2126=VECTOR('',#7266,10.);
#2127=VECTOR('',#7267,10.);
#2128=VECTOR('',#7270,10.);
#2129=VECTOR('',#7273,10.);
#2130=VECTOR('',#7276,10.);
#2131=VECTOR('',#7279,10.);
#2132=VECTOR('',#7286,1.7);
#2133=VECTOR('',#7289,10.);
#2134=VECTOR('',#7290,10.);
#2135=VECTOR('',#7291,10.);
#2136=VECTOR('',#7292,10.);
#2137=VECTOR('',#7293,10.);
#2138=VECTOR('',#7294,9.99999999999999);
#2139=VECTOR('',#7297,10.);
#2140=VECTOR('',#7298,10.);
#2141=VECTOR('',#7299,10.);
#2142=VECTOR('',#7302,10.);
#2143=VECTOR('',#7303,10.);
#2144=VECTOR('',#7306,10.);
#2145=VECTOR('',#7307,10.);
#2146=VECTOR('',#7310,10.);
#2147=VECTOR('',#7311,10.);
#2148=VECTOR('',#7314,10.);
#2149=VECTOR('',#7315,10.);
#2150=VECTOR('',#7318,9.99999999999999);
#2151=VECTOR('',#7321,10.);
#2152=VECTOR('',#7322,10.);
#2153=VECTOR('',#7325,10.);
#2154=VECTOR('',#7326,10.);
#2155=VECTOR('',#7331,10.);
#2156=VECTOR('',#7334,10.);
#2157=VECTOR('',#7339,10.);
#2158=VECTOR('',#7342,10.);
#2159=VECTOR('',#7343,10.);
#2160=VECTOR('',#7346,10.);
#2161=VECTOR('',#7347,10.);
#2162=VECTOR('',#7348,10.);
#2163=VECTOR('',#7349,10.);
#2164=VECTOR('',#7352,1.7);
#2165=VECTOR('',#7357,1.7);
#2166=VECTOR('',#7362,10.);
#2167=VECTOR('',#7363,10.);
#2168=VECTOR('',#7364,10.);
#2169=VECTOR('',#7367,10.);
#2170=VECTOR('',#7370,10.);
#2171=VECTOR('',#7371,10.);
#2172=VECTOR('',#7372,10.);
#2173=VECTOR('',#7375,10.);
#2174=VECTOR('',#7378,10.);
#2175=VECTOR('',#7383,10.);
#2176=VECTOR('',#7390,1.7);
#2177=VECTOR('',#7393,10.);
#2178=VECTOR('',#7394,10.);
#2179=VECTOR('',#7395,10.);
#2180=VECTOR('',#7398,10.);
#2181=VECTOR('',#7401,10.);
#2182=VECTOR('',#7426,1.7);
#2183=VECTOR('',#7433,3.5);
#2184=VECTOR('',#7444,1.7);
#2185=VECTOR('',#7451,3.5);
#2186=VECTOR('',#7462,1.7);
#2187=VECTOR('',#7469,3.50000000000001);
#2188=VECTOR('',#7480,1.7);
#2189=VECTOR('',#7487,3.5);
#2190=VECTOR('',#7498,1.7);
#2191=VECTOR('',#7505,3.5);
#2192=CIRCLE('',#5507,3.6);
#2193=CIRCLE('',#5508,3.6);
#2194=CIRCLE('',#5510,2.);
#2195=CIRCLE('',#5511,5.);
#2196=CIRCLE('',#5512,3.);
#2197=CIRCLE('',#5513,1.3);
#2198=CIRCLE('',#5514,8.);
#2199=CIRCLE('',#5515,8.);
#2200=CIRCLE('',#5516,1.3);
#2201=CIRCLE('',#5517,3.);
#2202=CIRCLE('',#5518,5.);
#2203=CIRCLE('',#5519,2.);
#2204=CIRCLE('',#5520,2.);
#2205=CIRCLE('',#5521,2.);
#2206=CIRCLE('',#5522,2.55);
#2207=CIRCLE('',#5523,2.55);
#2208=CIRCLE('',#5524,3.6);
#2209=CIRCLE('',#5525,1.75);
#2210=CIRCLE('',#5526,1.75);
#2211=CIRCLE('',#5527,3.);
#2212=CIRCLE('',#5528,3.);
#2213=CIRCLE('',#5529,3.);
#2214=CIRCLE('',#5530,3.);
#2215=CIRCLE('',#5531,1.25);
#2216=CIRCLE('',#5532,1.25);
#2217=CIRCLE('',#5533,1.5);
#2218=CIRCLE('',#5536,2.);
#2219=CIRCLE('',#5537,2.);
#2220=CIRCLE('',#5538,2.);
#2221=CIRCLE('',#5539,2.);
#2222=CIRCLE('',#5540,5.);
#2223=CIRCLE('',#5541,3.);
#2224=CIRCLE('',#5542,1.3);
#2225=CIRCLE('',#5543,8.);
#2226=CIRCLE('',#5544,8.);
#2227=CIRCLE('',#5545,1.3);
#2228=CIRCLE('',#5546,3.);
#2229=CIRCLE('',#5547,5.);
#2230=CIRCLE('',#5548,2.6);
#2231=CIRCLE('',#5549,1.25);
#2232=CIRCLE('',#5550,1.25);
#2233=CIRCLE('',#5551,3.);
#2234=CIRCLE('',#5552,3.);
#2235=CIRCLE('',#5553,3.);
#2236=CIRCLE('',#5554,3.);
#2237=CIRCLE('',#5555,2.65);
#2238=CIRCLE('',#5556,2.65);
#2239=CIRCLE('',#5557,3.6);
#2240=CIRCLE('',#5558,2.55);
#2241=CIRCLE('',#5559,2.55);
#2242=CIRCLE('',#5568,0.5);
#2243=CIRCLE('',#5569,3.);
#2244=CIRCLE('',#5572,2.);
#2245=CIRCLE('',#5573,2.);
#2246=CIRCLE('',#5576,2.);
#2247=CIRCLE('',#5577,2.);
#2248=CIRCLE('',#5588,0.5);
#2249=CIRCLE('',#5590,3.);
#2250=CIRCLE('',#5599,0.5);
#2251=CIRCLE('',#5600,3.);
#2252=CIRCLE('',#5603,2.);
#2253=CIRCLE('',#5604,2.);
#2254=CIRCLE('',#5607,2.);
#2255=CIRCLE('',#5608,2.);
#2256=CIRCLE('',#5612,0.5);
#2257=CIRCLE('',#5614,3.);
#2258=CIRCLE('',#5640,2.6);
#2259=CIRCLE('',#5642,1.5);
#2260=CIRCLE('',#5655,2.65);
#2261=CIRCLE('',#5657,1.75);
#2262=CIRCLE('',#5660,2.65);
#2263=CIRCLE('',#5662,1.75);
#2264=CIRCLE('',#5705,2.79999999999999);
#2265=CIRCLE('',#5706,1.6);
#2266=CIRCLE('',#5707,0.410000000000003);
#2267=CIRCLE('',#5708,1.6);
#2268=CIRCLE('',#5709,0.409999999999995);
#2269=CIRCLE('',#5710,1.6);
#2270=CIRCLE('',#5711,0.410000000000003);
#2271=CIRCLE('',#5712,1.6);
#2272=CIRCLE('',#5713,0.410000000000005);
#2273=CIRCLE('',#5714,1.6);
#2274=CIRCLE('',#5715,0.409999999999995);
#2275=CIRCLE('',#5716,1.6);
#2276=CIRCLE('',#5717,0.410000000000003);
#2277=CIRCLE('',#5718,1.7);
#2278=CIRCLE('',#5719,1.7);
#2279=CIRCLE('',#5720,1.7);
#2280=CIRCLE('',#5721,2.79999999999999);
#2281=CIRCLE('',#5722,2.99999999999999);
#2282=CIRCLE('',#5723,3.);
#2283=CIRCLE('',#5724,2.80000000000005);
#2284=CIRCLE('',#5729,1.7);
#2285=CIRCLE('',#5734,1.7);
#2286=CIRCLE('',#5739,1.7);
#2287=CIRCLE('',#5743,1.7);
#2288=CIRCLE('',#5745,1.7);
#2289=CIRCLE('',#5747,1.7);
#2290=CIRCLE('',#5750,3.24999999999998);
#2291=CIRCLE('',#5751,5.);
#2292=CIRCLE('',#5754,5.);
#2293=CIRCLE('',#5755,3.24999999999998);
#2294=CIRCLE('',#5758,5.);
#2295=CIRCLE('',#5760,5.);
#2296=CIRCLE('',#5764,3.);
#2297=CIRCLE('',#5766,1.7);
#2298=CIRCLE('',#5768,2.99999999999999);
#2299=CIRCLE('',#5770,1.69999999999998);
#2300=CIRCLE('',#5772,2.80000000000005);
#2301=CIRCLE('',#5773,2.79999999999999);
#2302=CIRCLE('',#5774,2.79999999999999);
#2303=CIRCLE('',#5775,1.7);
#2304=CIRCLE('',#5776,1.7);
#2305=CIRCLE('',#5777,1.7);
#2306=CIRCLE('',#5778,1.6);
#2307=CIRCLE('',#5779,0.750000000000002);
#2308=CIRCLE('',#5780,1.6);
#2309=CIRCLE('',#5781,0.75);
#2310=CIRCLE('',#5782,1.6);
#2311=CIRCLE('',#5783,0.75);
#2312=CIRCLE('',#5784,1.6);
#2313=CIRCLE('',#5785,0.750000000000002);
#2314=CIRCLE('',#5786,1.6);
#2315=CIRCLE('',#5787,0.75);
#2316=CIRCLE('',#5788,1.6);
#2317=CIRCLE('',#5789,0.750000000000002);
#2318=CIRCLE('',#5790,5.50000000000001);
#2319=CIRCLE('',#5791,5.5);
#2320=CIRCLE('',#5792,1.69999999999998);
#2321=CIRCLE('',#5793,1.7);
#2322=CIRCLE('',#5803,5.5);
#2323=CIRCLE('',#5806,5.50000000000001);
#2324=CIRCLE('',#5837,0.750000000000002);
#2325=CIRCLE('',#5840,0.75);
#2326=CIRCLE('',#5843,0.750000000000002);
#2327=CIRCLE('',#5846,0.75);
#2328=CIRCLE('',#5849,0.750000000000002);
#2329=CIRCLE('',#5852,0.75);
#2330=CIRCLE('',#5868,1.7);
#2331=CIRCLE('',#5870,1.7);
#2332=CIRCLE('',#5898,1.7);
#2333=CIRCLE('',#5916,1.7);
#2334=CIRCLE('',#5918,1.7);
#2335=CIRCLE('',#5928,1.7);
#2336=CIRCLE('',#5934,4.);
#2337=CIRCLE('',#5935,2.);
#2338=CIRCLE('',#5937,2.);
#2339=CIRCLE('',#5939,4.);
#2340=CIRCLE('',#5943,1.7);
#2341=CIRCLE('',#5944,1.7);
#2342=CIRCLE('',#5946,3.5);
#2343=CIRCLE('',#5947,3.5);
#2344=CIRCLE('',#5951,1.7);
#2345=CIRCLE('',#5952,1.7);
#2346=CIRCLE('',#5954,3.5);
#2347=CIRCLE('',#5955,3.5);
#2348=CIRCLE('',#5959,1.7);
#2349=CIRCLE('',#5960,1.7);
#2350=CIRCLE('',#5962,3.50000000000001);
#2351=CIRCLE('',#5963,3.50000000000001);
#2352=CIRCLE('',#5967,1.7);
#2353=CIRCLE('',#5968,1.7);
#2354=CIRCLE('',#5970,3.5);
#2355=CIRCLE('',#5971,3.5);
#2356=CIRCLE('',#5975,1.7);
#2357=CIRCLE('',#5976,1.7);
#2358=CIRCLE('',#5978,3.5);
#2359=CIRCLE('',#5979,3.5);
#2360=VERTEX_POINT('',#7520);
#2361=VERTEX_POINT('',#7522);
#2362=VERTEX_POINT('',#7526);
#2363=VERTEX_POINT('',#7527);
#2364=VERTEX_POINT('',#7529);
#2365=VERTEX_POINT('',#7531);
#2366=VERTEX_POINT('',#7533);
#2367=VERTEX_POINT('',#7535);
#2368=VERTEX_POINT('',#7537);
#2369=VERTEX_POINT('',#7539);
#2370=VERTEX_POINT('',#7541);
#2371=VERTEX_POINT('',#7543);
#2372=VERTEX_POINT('',#7545);
#2373=VERTEX_POINT('',#7547);
#2374=VERTEX_POINT('',#7549);
#2375=VERTEX_POINT('',#7551);
#2376=VERTEX_POINT('',#7553);
#2377=VERTEX_POINT('',#7555);
#2378=VERTEX_POINT('',#7557);
#2379=VERTEX_POINT('',#7559);
#2380=VERTEX_POINT('',#7561);
#2381=VERTEX_POINT('',#7563);
#2382=VERTEX_POINT('',#7565);
#2383=VERTEX_POINT('',#7567);
#2384=VERTEX_POINT('',#7569);
#2385=VERTEX_POINT('',#7571);
#2386=VERTEX_POINT('',#7573);
#2387=VERTEX_POINT('',#7575);
#2388=VERTEX_POINT('',#7577);
#2389=VERTEX_POINT('',#7579);
#2390=VERTEX_POINT('',#7581);
#2391=VERTEX_POINT('',#7583);
#2392=VERTEX_POINT('',#7586);
#2393=VERTEX_POINT('',#7588);
#2394=VERTEX_POINT('',#7590);
#2395=VERTEX_POINT('',#7592);
#2396=VERTEX_POINT('',#7594);
#2397=VERTEX_POINT('',#7596);
#2398=VERTEX_POINT('',#7597);
#2399=VERTEX_POINT('',#7599);
#2400=VERTEX_POINT('',#7601);
#2401=VERTEX_POINT('',#7603);
#2402=VERTEX_POINT('',#7605);
#2403=VERTEX_POINT('',#7607);
#2404=VERTEX_POINT('',#7609);
#2405=VERTEX_POINT('',#7612);
#2406=VERTEX_POINT('',#7614);
#2407=VERTEX_POINT('',#7616);
#2408=VERTEX_POINT('',#7619);
#2409=VERTEX_POINT('',#7620);
#2410=VERTEX_POINT('',#7625);
#2411=VERTEX_POINT('',#7626);
#2412=VERTEX_POINT('',#7629);
#2413=VERTEX_POINT('',#7631);
#2414=VERTEX_POINT('',#7633);
#2415=VERTEX_POINT('',#7635);
#2416=VERTEX_POINT('',#7637);
#2417=VERTEX_POINT('',#7639);
#2418=VERTEX_POINT('',#7641);
#2419=VERTEX_POINT('',#7643);
#2420=VERTEX_POINT('',#7645);
#2421=VERTEX_POINT('',#7647);
#2422=VERTEX_POINT('',#7649);
#2423=VERTEX_POINT('',#7651);
#2424=VERTEX_POINT('',#7653);
#2425=VERTEX_POINT('',#7655);
#2426=VERTEX_POINT('',#7657);
#2427=VERTEX_POINT('',#7659);
#2428=VERTEX_POINT('',#7661);
#2429=VERTEX_POINT('',#7663);
#2430=VERTEX_POINT('',#7665);
#2431=VERTEX_POINT('',#7667);
#2432=VERTEX_POINT('',#7669);
#2433=VERTEX_POINT('',#7671);
#2434=VERTEX_POINT('',#7673);
#2435=VERTEX_POINT('',#7675);
#2436=VERTEX_POINT('',#7677);
#2437=VERTEX_POINT('',#7679);
#2438=VERTEX_POINT('',#7682);
#2439=VERTEX_POINT('',#7684);
#2440=VERTEX_POINT('',#7686);
#2441=VERTEX_POINT('',#7688);
#2442=VERTEX_POINT('',#7689);
#2443=VERTEX_POINT('',#7691);
#2444=VERTEX_POINT('',#7693);
#2445=VERTEX_POINT('',#7695);
#2446=VERTEX_POINT('',#7697);
#2447=VERTEX_POINT('',#7699);
#2448=VERTEX_POINT('',#7701);
#2449=VERTEX_POINT('',#7704);
#2450=VERTEX_POINT('',#7706);
#2451=VERTEX_POINT('',#7708);
#2452=VERTEX_POINT('',#7710);
#2453=VERTEX_POINT('',#7712);
#2454=VERTEX_POINT('',#7730);
#2455=VERTEX_POINT('',#7731);
#2456=VERTEX_POINT('',#7736);
#2457=VERTEX_POINT('',#7738);
#2458=VERTEX_POINT('',#7742);
#2459=VERTEX_POINT('',#7743);
#2460=VERTEX_POINT('',#7745);
#2461=VERTEX_POINT('',#7747);
#2462=VERTEX_POINT('',#7749);
#2463=VERTEX_POINT('',#7751);
#2464=VERTEX_POINT('',#7753);
#2465=VERTEX_POINT('',#7755);
#2466=VERTEX_POINT('',#7757);
#2467=VERTEX_POINT('',#7759);
#2468=VERTEX_POINT('',#7762);
#2469=VERTEX_POINT('',#7766);
#2470=VERTEX_POINT('',#7767);
#2471=VERTEX_POINT('',#7772);
#2472=VERTEX_POINT('',#7773);
#2473=VERTEX_POINT('',#7776);
#2474=VERTEX_POINT('',#7779);
#2475=VERTEX_POINT('',#7781);
#2476=VERTEX_POINT('',#7783);
#2477=VERTEX_POINT('',#7785);
#2478=VERTEX_POINT('',#7787);
#2479=VERTEX_POINT('',#7789);
#2480=VERTEX_POINT('',#7830);
#2481=VERTEX_POINT('',#7831);
#2482=VERTEX_POINT('',#7836);
#2483=VERTEX_POINT('',#7838);
#2484=VERTEX_POINT('',#7842);
#2485=VERTEX_POINT('',#7843);
#2486=VERTEX_POINT('',#7845);
#2487=VERTEX_POINT('',#7848);
#2488=VERTEX_POINT('',#7850);
#2489=VERTEX_POINT('',#7852);
#2490=VERTEX_POINT('',#7854);
#2491=VERTEX_POINT('',#7856);
#2492=VERTEX_POINT('',#7858);
#2493=VERTEX_POINT('',#7860);
#2494=VERTEX_POINT('',#7862);
#2495=VERTEX_POINT('',#7866);
#2496=VERTEX_POINT('',#7867);
#2497=VERTEX_POINT('',#7872);
#2498=VERTEX_POINT('',#7875);
#2499=VERTEX_POINT('',#7877);
#2500=VERTEX_POINT('',#7879);
#2501=VERTEX_POINT('',#7881);
#2502=VERTEX_POINT('',#7883);
#2503=VERTEX_POINT('',#7885);
#2504=VERTEX_POINT('',#7887);
#2505=VERTEX_POINT('',#7889);
#2506=VERTEX_POINT('',#7944);
#2507=VERTEX_POINT('',#7948);
#2508=VERTEX_POINT('',#7973);
#2509=VERTEX_POINT('',#7977);
#2510=VERTEX_POINT('',#7982);
#2511=VERTEX_POINT('',#7986);
#2512=VERTEX_POINT('',#8000);
#2513=VERTEX_POINT('',#8001);
#2514=VERTEX_POINT('',#8003);
#2515=VERTEX_POINT('',#8005);
#2516=VERTEX_POINT('',#8009);
#2517=VERTEX_POINT('',#8010);
#2518=VERTEX_POINT('',#8012);
#2519=VERTEX_POINT('',#8014);
#2520=VERTEX_POINT('',#8018);
#2521=VERTEX_POINT('',#8020);
#2522=VERTEX_POINT('',#8024);
#2523=VERTEX_POINT('',#8026);
#2524=VERTEX_POINT('',#8030);
#2525=VERTEX_POINT('',#8036);
#2526=VERTEX_POINT('',#8040);
#2527=VERTEX_POINT('',#8041);
#2528=VERTEX_POINT('',#8043);
#2529=VERTEX_POINT('',#8045);
#2530=VERTEX_POINT('',#8047);
#2531=VERTEX_POINT('',#8049);
#2532=VERTEX_POINT('',#8052);
#2533=VERTEX_POINT('',#8053);
#2534=VERTEX_POINT('',#8055);
#2535=VERTEX_POINT('',#8057);
#2536=VERTEX_POINT('',#8059);
#2537=VERTEX_POINT('',#8061);
#2538=VERTEX_POINT('',#8064);
#2539=VERTEX_POINT('',#8065);
#2540=VERTEX_POINT('',#8067);
#2541=VERTEX_POINT('',#8069);
#2542=VERTEX_POINT('',#8071);
#2543=VERTEX_POINT('',#8073);
#2544=VERTEX_POINT('',#8077);
#2545=VERTEX_POINT('',#8079);
#2546=VERTEX_POINT('',#8083);
#2547=VERTEX_POINT('',#8087);
#2548=VERTEX_POINT('',#8091);
#2549=VERTEX_POINT('',#8095);
#2550=VERTEX_POINT('',#8101);
#2551=VERTEX_POINT('',#8103);
#2552=VERTEX_POINT('',#8107);
#2553=VERTEX_POINT('',#8111);
#2554=VERTEX_POINT('',#8115);
#2555=VERTEX_POINT('',#8117);
#2556=VERTEX_POINT('',#8121);
#2557=VERTEX_POINT('',#8125);
#2558=VERTEX_POINT('',#8129);
#2559=VERTEX_POINT('',#8133);
#2560=VERTEX_POINT('',#8139);
#2561=VERTEX_POINT('',#8141);
#2562=VERTEX_POINT('',#8145);
#2563=VERTEX_POINT('',#8149);
#2564=VERTEX_POINT('',#8153);
#2565=VERTEX_POINT('',#8155);
#2566=VERTEX_POINT('',#8159);
#2567=VERTEX_POINT('',#8163);
#2568=VERTEX_POINT('',#8167);
#2569=VERTEX_POINT('',#8171);
#2570=VERTEX_POINT('',#8177);
#2571=VERTEX_POINT('',#8179);
#2572=VERTEX_POINT('',#8183);
#2573=VERTEX_POINT('',#8187);
#2574=VERTEX_POINT('',#8191);
#2575=VERTEX_POINT('',#8193);
#2576=VERTEX_POINT('',#8195);
#2577=VERTEX_POINT('',#8197);
#2578=VERTEX_POINT('',#8199);
#2579=VERTEX_POINT('',#8201);
#2580=VERTEX_POINT('',#8203);
#2581=VERTEX_POINT('',#8205);
#2582=VERTEX_POINT('',#8207);
#2583=VERTEX_POINT('',#8209);
#2584=VERTEX_POINT('',#8211);
#2585=VERTEX_POINT('',#8213);
#2586=VERTEX_POINT('',#8215);
#2587=VERTEX_POINT('',#8217);
#2588=VERTEX_POINT('',#8219);
#2589=VERTEX_POINT('',#8221);
#2590=VERTEX_POINT('',#8224);
#2591=VERTEX_POINT('',#8226);
#2592=VERTEX_POINT('',#8227);
#2593=VERTEX_POINT('',#8229);
#2594=VERTEX_POINT('',#8231);
#2595=VERTEX_POINT('',#8233);
#2596=VERTEX_POINT('',#8235);
#2597=VERTEX_POINT('',#8238);
#2598=VERTEX_POINT('',#8239);
#2599=VERTEX_POINT('',#8241);
#2600=VERTEX_POINT('',#8243);
#2601=VERTEX_POINT('',#8245);
#2602=VERTEX_POINT('',#8247);
#2603=VERTEX_POINT('',#8250);
#2604=VERTEX_POINT('',#8251);
#2605=VERTEX_POINT('',#8253);
#2606=VERTEX_POINT('',#8255);
#2607=VERTEX_POINT('',#8257);
#2608=VERTEX_POINT('',#8259);
#2609=VERTEX_POINT('',#8262);
#2610=VERTEX_POINT('',#8263);
#2611=VERTEX_POINT('',#8265);
#2612=VERTEX_POINT('',#8267);
#2613=VERTEX_POINT('',#8270);
#2614=VERTEX_POINT('',#8272);
#2615=VERTEX_POINT('',#8274);
#2616=VERTEX_POINT('',#8276);
#2617=VERTEX_POINT('',#8277);
#2618=VERTEX_POINT('',#8279);
#2619=VERTEX_POINT('',#8281);
#2620=VERTEX_POINT('',#8283);
#2621=VERTEX_POINT('',#8285);
#2622=VERTEX_POINT('',#8288);
#2623=VERTEX_POINT('',#8289);
#2624=VERTEX_POINT('',#8291);
#2625=VERTEX_POINT('',#8293);
#2626=VERTEX_POINT('',#8295);
#2627=VERTEX_POINT('',#8297);
#2628=VERTEX_POINT('',#8300);
#2629=VERTEX_POINT('',#8302);
#2630=VERTEX_POINT('',#8304);
#2631=VERTEX_POINT('',#8306);
#2632=VERTEX_POINT('',#8309);
#2633=VERTEX_POINT('',#8313);
#2634=VERTEX_POINT('',#8319);
#2635=VERTEX_POINT('',#8322);
#2636=VERTEX_POINT('',#8326);
#2637=VERTEX_POINT('',#8332);
#2638=VERTEX_POINT('',#8335);
#2639=VERTEX_POINT('',#8339);
#2640=VERTEX_POINT('',#8345);
#2641=VERTEX_POINT('',#8348);
#2642=VERTEX_POINT('',#8352);
#2643=VERTEX_POINT('',#8356);
#2644=VERTEX_POINT('',#8360);
#2645=VERTEX_POINT('',#8364);
#2646=VERTEX_POINT('',#8368);
#2647=VERTEX_POINT('',#8370);
#2648=VERTEX_POINT('',#8374);
#2649=VERTEX_POINT('',#8376);
#2650=VERTEX_POINT('',#8380);
#2651=VERTEX_POINT('',#8384);
#2652=VERTEX_POINT('',#8385);
#2653=VERTEX_POINT('',#8389);
#2654=VERTEX_POINT('',#8391);
#2655=VERTEX_POINT('',#8395);
#2656=VERTEX_POINT('',#8403);
#2657=VERTEX_POINT('',#8411);
#2658=VERTEX_POINT('',#8415);
#2659=VERTEX_POINT('',#8417);
#2660=VERTEX_POINT('',#8421);
#2661=VERTEX_POINT('',#8426);
#2662=VERTEX_POINT('',#8430);
#2663=VERTEX_POINT('',#8434);
#2664=VERTEX_POINT('',#8437);
#2665=VERTEX_POINT('',#8441);
#2666=VERTEX_POINT('',#8444);
#2667=VERTEX_POINT('',#8446);
#2668=VERTEX_POINT('',#8448);
#2669=VERTEX_POINT('',#8450);
#2670=VERTEX_POINT('',#8452);
#2671=VERTEX_POINT('',#8454);
#2672=VERTEX_POINT('',#8458);
#2673=VERTEX_POINT('',#8460);
#2674=VERTEX_POINT('',#8462);
#2675=VERTEX_POINT('',#8464);
#2676=VERTEX_POINT('',#8465);
#2677=VERTEX_POINT('',#8467);
#2678=VERTEX_POINT('',#8469);
#2679=VERTEX_POINT('',#8471);
#2680=VERTEX_POINT('',#8473);
#2681=VERTEX_POINT('',#8476);
#2682=VERTEX_POINT('',#8477);
#2683=VERTEX_POINT('',#8479);
#2684=VERTEX_POINT('',#8481);
#2685=VERTEX_POINT('',#8483);
#2686=VERTEX_POINT('',#8485);
#2687=VERTEX_POINT('',#8488);
#2688=VERTEX_POINT('',#8489);
#2689=VERTEX_POINT('',#8491);
#2690=VERTEX_POINT('',#8493);
#2691=VERTEX_POINT('',#8495);
#2692=VERTEX_POINT('',#8497);
#2693=VERTEX_POINT('',#8500);
#2694=VERTEX_POINT('',#8502);
#2695=VERTEX_POINT('',#8504);
#2696=VERTEX_POINT('',#8506);
#2697=VERTEX_POINT('',#8507);
#2698=VERTEX_POINT('',#8509);
#2699=VERTEX_POINT('',#8511);
#2700=VERTEX_POINT('',#8513);
#2701=VERTEX_POINT('',#8515);
#2702=VERTEX_POINT('',#8518);
#2703=VERTEX_POINT('',#8519);
#2704=VERTEX_POINT('',#8521);
#2705=VERTEX_POINT('',#8523);
#2706=VERTEX_POINT('',#8525);
#2707=VERTEX_POINT('',#8527);
#2708=VERTEX_POINT('',#8530);
#2709=VERTEX_POINT('',#8532);
#2710=VERTEX_POINT('',#8534);
#2711=VERTEX_POINT('',#8536);
#2712=VERTEX_POINT('',#8554);
#2713=VERTEX_POINT('',#8559);
#2714=VERTEX_POINT('',#8566);
#2715=VERTEX_POINT('',#8568);
#2716=VERTEX_POINT('',#8572);
#2717=VERTEX_POINT('',#8573);
#2718=VERTEX_POINT('',#8578);
#2719=VERTEX_POINT('',#8582);
#2720=VERTEX_POINT('',#8590);
#2721=VERTEX_POINT('',#8592);
#2722=VERTEX_POINT('',#8596);
#2723=VERTEX_POINT('',#8600);
#2724=VERTEX_POINT('',#8604);
#2725=VERTEX_POINT('',#8606);
#2726=VERTEX_POINT('',#8610);
#2727=VERTEX_POINT('',#8611);
#2728=VERTEX_POINT('',#8616);
#2729=VERTEX_POINT('',#8620);
#2730=VERTEX_POINT('',#8628);
#2731=VERTEX_POINT('',#8630);
#2732=VERTEX_POINT('',#8634);
#2733=VERTEX_POINT('',#8638);
#2734=VERTEX_POINT('',#8642);
#2735=VERTEX_POINT('',#8643);
#2736=VERTEX_POINT('',#8648);
#2737=VERTEX_POINT('',#8650);
#2738=VERTEX_POINT('',#8656);
#2739=VERTEX_POINT('',#8660);
#2740=VERTEX_POINT('',#8666);
#2741=VERTEX_POINT('',#8668);
#2742=VERTEX_POINT('',#8672);
#2743=VERTEX_POINT('',#8676);
#2744=VERTEX_POINT('',#8680);
#2745=VERTEX_POINT('',#8689);
#2746=VERTEX_POINT('',#8703);
#2747=VERTEX_POINT('',#8712);
#2748=VERTEX_POINT('',#8726);
#2749=VERTEX_POINT('',#8735);
#2750=VERTEX_POINT('',#8749);
#2751=VERTEX_POINT('',#8758);
#2752=VERTEX_POINT('',#8772);
#2753=VERTEX_POINT('',#8781);
#2754=VERTEX_POINT('',#8795);
#2755=VERTEX_POINT('',#8804);
#2756=VERTEX_POINT('',#8824);
#2757=VERTEX_POINT('',#8825);
#2758=VERTEX_POINT('',#8827);
#2759=VERTEX_POINT('',#8829);
#2760=VERTEX_POINT('',#8833);
#2761=VERTEX_POINT('',#8835);
#2762=VERTEX_POINT('',#8839);
#2763=VERTEX_POINT('',#8841);
#2764=VERTEX_POINT('',#8845);
#2765=VERTEX_POINT('',#8847);
#2766=VERTEX_POINT('',#8858);
#2767=VERTEX_POINT('',#8862);
#2768=VERTEX_POINT('',#8866);
#2769=VERTEX_POINT('',#8867);
#2770=VERTEX_POINT('',#8869);
#2771=VERTEX_POINT('',#8871);
#2772=VERTEX_POINT('',#8873);
#2773=VERTEX_POINT('',#8875);
#2774=VERTEX_POINT('',#8879);
#2775=VERTEX_POINT('',#8880);
#2776=VERTEX_POINT('',#8885);
#2777=VERTEX_POINT('',#8889);
#2778=VERTEX_POINT('',#8893);
#2779=VERTEX_POINT('',#8894);
#2780=VERTEX_POINT('',#8896);
#2781=VERTEX_POINT('',#8898);
#2782=VERTEX_POINT('',#8900);
#2783=VERTEX_POINT('',#8902);
#2784=VERTEX_POINT('',#8906);
#2785=VERTEX_POINT('',#8907);
#2786=VERTEX_POINT('',#8912);
#2787=VERTEX_POINT('',#8916);
#2788=VERTEX_POINT('',#8920);
#2789=VERTEX_POINT('',#8924);
#2790=VERTEX_POINT('',#8942);
#2791=VERTEX_POINT('',#8946);
#2792=VERTEX_POINT('',#8964);
#2793=VERTEX_POINT('',#8968);
#2794=VERTEX_POINT('',#8969);
#2795=VERTEX_POINT('',#8971);
#2796=VERTEX_POINT('',#8973);
#2797=VERTEX_POINT('',#8975);
#2798=VERTEX_POINT('',#8977);
#2799=VERTEX_POINT('',#8981);
#2800=VERTEX_POINT('',#8982);
#2801=VERTEX_POINT('',#8987);
#2802=VERTEX_POINT('',#8991);
#2803=VERTEX_POINT('',#8995);
#2804=VERTEX_POINT('',#8999);
#2805=VERTEX_POINT('',#9022);
#2806=VERTEX_POINT('',#9023);
#2807=VERTEX_POINT('',#9025);
#2808=VERTEX_POINT('',#9027);
#2809=VERTEX_POINT('',#9031);
#2810=VERTEX_POINT('',#9035);
#2811=VERTEX_POINT('',#9039);
#2812=VERTEX_POINT('',#9041);
#2813=VERTEX_POINT('',#9047);
#2814=VERTEX_POINT('',#9049);
#2815=VERTEX_POINT('',#9061);
#2816=VERTEX_POINT('',#9065);
#2817=VERTEX_POINT('',#9067);
#2818=VERTEX_POINT('',#9085);
#2819=VERTEX_POINT('',#9087);
#2820=VERTEX_POINT('',#9091);
#2821=VERTEX_POINT('',#9093);
#2822=VERTEX_POINT('',#9099);
#2823=VERTEX_POINT('',#9101);
#2824=VERTEX_POINT('',#9105);
#2825=VERTEX_POINT('',#9107);
#2826=VERTEX_POINT('',#9113);
#2827=VERTEX_POINT('',#9115);
#2828=VERTEX_POINT('',#9119);
#2829=VERTEX_POINT('',#9121);
#2830=VERTEX_POINT('',#9127);
#2831=VERTEX_POINT('',#9129);
#2832=VERTEX_POINT('',#9133);
#2833=VERTEX_POINT('',#9135);
#2834=VERTEX_POINT('',#9141);
#2835=VERTEX_POINT('',#9143);
#2836=VERTEX_POINT('',#9147);
#2837=VERTEX_POINT('',#9149);
#2838=EDGE_CURVE('',#2360,#2360,#2192,.T.);
#2839=EDGE_CURVE('',#2360,#2361,#1058,.T.);
#2840=EDGE_CURVE('',#2361,#2361,#2193,.T.);
#2841=EDGE_CURVE('',#2362,#2363,#1059,.T.);
#2842=EDGE_CURVE('',#2363,#2364,#2194,.T.);
#2843=EDGE_CURVE('',#2364,#2365,#1060,.T.);
#2844=EDGE_CURVE('',#2365,#2366,#2195,.T.);
#2845=EDGE_CURVE('',#2366,#2367,#1061,.T.);
#2846=EDGE_CURVE('',#2367,#2368,#2196,.T.);
#2847=EDGE_CURVE('',#2368,#2369,#1062,.T.);
#2848=EDGE_CURVE('',#2369,#2370,#2197,.T.);
#2849=EDGE_CURVE('',#2370,#2371,#1063,.T.);
#2850=EDGE_CURVE('',#2372,#2371,#1064,.T.);
#2851=EDGE_CURVE('',#2372,#2373,#1065,.T.);
#2852=EDGE_CURVE('',#2373,#2374,#1066,.T.);
#2853=EDGE_CURVE('',#2374,#2375,#2198,.T.);
#2854=EDGE_CURVE('',#2375,#2376,#1067,.T.);
#2855=EDGE_CURVE('',#2376,#2377,#2199,.T.);
#2856=EDGE_CURVE('',#2377,#2378,#1068,.T.);
#2857=EDGE_CURVE('',#2378,#2379,#1069,.T.);
#2858=EDGE_CURVE('',#2380,#2379,#1070,.T.);
#2859=EDGE_CURVE('',#2380,#2381,#1071,.T.);
#2860=EDGE_CURVE('',#2381,#2382,#2200,.T.);
#2861=EDGE_CURVE('',#2382,#2383,#1072,.T.);
#2862=EDGE_CURVE('',#2383,#2384,#2201,.T.);
#2863=EDGE_CURVE('',#2384,#2385,#1073,.T.);
#2864=EDGE_CURVE('',#2385,#2386,#2202,.T.);
#2865=EDGE_CURVE('',#2386,#2387,#1074,.T.);
#2866=EDGE_CURVE('',#2387,#2388,#2203,.T.);
#2867=EDGE_CURVE('',#2388,#2389,#1075,.T.);
#2868=EDGE_CURVE('',#2389,#2390,#2204,.T.);
#2869=EDGE_CURVE('',#2391,#2390,#1076,.T.);
#2870=EDGE_CURVE('',#2391,#2362,#2205,.T.);
#2871=EDGE_CURVE('',#2392,#2392,#2206,.T.);
#2872=EDGE_CURVE('',#2393,#2393,#2207,.T.);
#2873=EDGE_CURVE('',#2394,#2394,#2208,.T.);
#2874=EDGE_CURVE('',#2395,#2395,#2209,.T.);
#2875=EDGE_CURVE('',#2396,#2396,#2210,.T.);
#2876=EDGE_CURVE('',#2397,#2398,#1077,.T.);
#2877=EDGE_CURVE('',#2397,#2399,#2211,.T.);
#2878=EDGE_CURVE('',#2400,#2399,#1078,.T.);
#2879=EDGE_CURVE('',#2400,#2401,#2212,.T.);
#2880=EDGE_CURVE('',#2402,#2401,#1079,.T.);
#2881=EDGE_CURVE('',#2402,#2403,#2213,.T.);
#2882=EDGE_CURVE('',#2404,#2403,#1080,.T.);
#2883=EDGE_CURVE('',#2404,#2398,#2214,.T.);
#2884=EDGE_CURVE('',#2405,#2405,#2215,.T.);
#2885=EDGE_CURVE('',#2406,#2406,#2216,.T.);
#2886=EDGE_CURVE('',#2407,#2407,#2217,.T.);
#2887=EDGE_CURVE('',#2408,#2409,#1081,.T.);
#2888=EDGE_CURVE('',#2363,#2408,#1082,.T.);
#2889=EDGE_CURVE('',#2409,#2362,#1083,.T.);
#2890=EDGE_CURVE('',#2410,#2411,#1084,.T.);
#2891=EDGE_CURVE('',#2410,#2408,#2218,.T.);
#2892=EDGE_CURVE('',#2409,#2412,#2219,.T.);
#2893=EDGE_CURVE('',#2413,#2412,#1085,.T.);
#2894=EDGE_CURVE('',#2413,#2414,#2220,.T.);
#2895=EDGE_CURVE('',#2414,#2415,#1086,.T.);
#2896=EDGE_CURVE('',#2415,#2416,#2221,.T.);
#2897=EDGE_CURVE('',#2417,#2416,#1087,.T.);
#2898=EDGE_CURVE('',#2417,#2418,#2222,.T.);
#2899=EDGE_CURVE('',#2418,#2419,#1088,.T.);
#2900=EDGE_CURVE('',#2419,#2420,#2223,.T.);
#2901=EDGE_CURVE('',#2421,#2420,#1089,.T.);
#2902=EDGE_CURVE('',#2421,#2422,#2224,.T.);
#2903=EDGE_CURVE('',#2423,#2422,#1090,.T.);
#2904=EDGE_CURVE('',#2424,#2423,#1091,.T.);
#2905=EDGE_CURVE('',#2425,#2424,#1092,.T.);
#2906=EDGE_CURVE('',#2425,#2426,#1093,.T.);
#2907=EDGE_CURVE('',#2426,#2427,#2225,.T.);
#2908=EDGE_CURVE('',#2428,#2427,#1094,.T.);
#2909=EDGE_CURVE('',#2428,#2429,#2226,.T.);
#2910=EDGE_CURVE('',#2429,#2430,#1095,.T.);
#2911=EDGE_CURVE('',#2431,#2430,#1096,.T.);
#2912=EDGE_CURVE('',#2432,#2431,#1097,.T.);
#2913=EDGE_CURVE('',#2433,#2432,#1098,.T.);
#2914=EDGE_CURVE('',#2433,#2434,#2227,.T.);
#2915=EDGE_CURVE('',#2435,#2434,#1099,.T.);
#2916=EDGE_CURVE('',#2435,#2436,#2228,.T.);
#2917=EDGE_CURVE('',#2436,#2437,#1100,.T.);
#2918=EDGE_CURVE('',#2437,#2411,#2229,.T.);
#2919=EDGE_CURVE('',#2438,#2438,#2230,.T.);
#2920=EDGE_CURVE('',#2439,#2439,#2231,.T.);
#2921=EDGE_CURVE('',#2440,#2440,#2232,.T.);
#2922=EDGE_CURVE('',#2441,#2442,#1101,.T.);
#2923=EDGE_CURVE('',#2442,#2443,#2233,.T.);
#2924=EDGE_CURVE('',#2443,#2444,#1102,.T.);
#2925=EDGE_CURVE('',#2444,#2445,#2234,.T.);
#2926=EDGE_CURVE('',#2445,#2446,#1103,.T.);
#2927=EDGE_CURVE('',#2446,#2447,#2235,.T.);
#2928=EDGE_CURVE('',#2447,#2448,#1104,.T.);
#2929=EDGE_CURVE('',#2448,#2441,#2236,.T.);
#2930=EDGE_CURVE('',#2449,#2449,#2237,.T.);
#2931=EDGE_CURVE('',#2450,#2450,#2238,.T.);
#2932=EDGE_CURVE('',#2451,#2451,#2239,.T.);
#2933=EDGE_CURVE('',#2452,#2452,#2240,.T.);
#2934=EDGE_CURVE('',#2453,#2453,#2241,.T.);
#2935=EDGE_CURVE('',#2410,#2364,#1105,.T.);
#2936=EDGE_CURVE('',#2365,#2411,#1106,.T.);
#2937=EDGE_CURVE('',#2437,#2366,#1107,.T.);
#2938=EDGE_CURVE('',#2367,#2436,#1108,.T.);
#2939=EDGE_CURVE('',#2435,#2368,#1109,.T.);
#2940=EDGE_CURVE('',#2369,#2434,#1110,.T.);
#2941=EDGE_CURVE('',#2433,#2370,#1111,.T.);
#2942=EDGE_CURVE('',#2432,#2371,#1112,.T.);
#2943=EDGE_CURVE('',#2454,#2455,#1113,.T.);
#2944=EDGE_CURVE('',#2455,#2371,#2242,.T.);
#2945=EDGE_CURVE('',#2432,#2454,#2243,.T.);
#2946=EDGE_CURVE('',#2454,#2456,#1114,.T.);
#2947=EDGE_CURVE('',#2456,#2457,#1115,.T.);
#2948=EDGE_CURVE('',#2457,#2455,#1116,.T.);
#2949=EDGE_CURVE('',#2458,#2459,#1117,.T.);
#2950=EDGE_CURVE('',#2459,#2460,#2244,.T.);
#2951=EDGE_CURVE('',#2460,#2461,#1118,.T.);
#2952=EDGE_CURVE('',#2461,#2462,#1119,.T.);
#2953=EDGE_CURVE('',#2463,#2462,#1120,.T.);
#2954=EDGE_CURVE('',#2463,#2464,#1121,.T.);
#2955=EDGE_CURVE('',#2465,#2464,#1122,.T.);
#2956=EDGE_CURVE('',#2465,#2466,#1123,.T.);
#2957=EDGE_CURVE('',#2466,#2467,#1124,.T.);
#2958=EDGE_CURVE('',#2467,#2456,#2245,.T.);
#2959=EDGE_CURVE('',#2468,#2454,#1125,.T.);
#2960=EDGE_CURVE('',#2458,#2468,#1126,.T.);
#2961=EDGE_CURVE('',#2469,#2470,#1127,.T.);
#2962=EDGE_CURVE('',#2469,#2459,#1128,.T.);
#2963=EDGE_CURVE('',#2458,#2470,#1129,.T.);
#2964=EDGE_CURVE('',#2471,#2472,#1130,.T.);
#2965=EDGE_CURVE('',#2471,#2469,#2246,.T.);
#2966=EDGE_CURVE('',#2473,#2470,#1131,.T.);
#2967=EDGE_CURVE('',#2455,#2473,#1132,.T.);
#2968=EDGE_CURVE('',#2457,#2474,#2247,.T.);
#2969=EDGE_CURVE('',#2475,#2474,#1133,.T.);
#2970=EDGE_CURVE('',#2475,#2476,#1134,.T.);
#2971=EDGE_CURVE('',#2477,#2476,#1135,.T.);
#2972=EDGE_CURVE('',#2477,#2478,#1136,.T.);
#2973=EDGE_CURVE('',#2479,#2478,#1137,.T.);
#2974=EDGE_CURVE('',#2479,#2472,#1138,.T.);
#2975=EDGE_CURVE('',#2471,#2460,#1139,.T.);
#2976=EDGE_CURVE('',#2461,#2472,#1140,.T.);
#2977=EDGE_CURVE('',#2462,#2479,#1141,.T.);
#2978=EDGE_CURVE('',#2478,#2463,#1142,.T.);
#2979=EDGE_CURVE('',#2464,#2477,#1143,.T.);
#2980=EDGE_CURVE('',#2476,#2465,#1144,.T.);
#2981=EDGE_CURVE('',#2475,#2466,#1145,.T.);
#2982=EDGE_CURVE('',#2467,#2474,#1146,.T.);
#2983=EDGE_CURVE('',#2372,#2473,#2248,.T.);
#2984=EDGE_CURVE('',#2468,#2473,#1147,.T.);
#2985=EDGE_CURVE('',#2468,#2431,#2249,.T.);
#2986=EDGE_CURVE('',#2431,#2372,#1148,.T.);
#2987=EDGE_CURVE('',#2430,#2373,#1149,.T.);
#2988=EDGE_CURVE('',#2374,#2429,#1150,.T.);
#2989=EDGE_CURVE('',#2428,#2375,#1151,.T.);
#2990=EDGE_CURVE('',#2376,#2427,#1152,.T.);
#2991=EDGE_CURVE('',#2426,#2377,#1153,.T.);
#2992=EDGE_CURVE('',#2425,#2378,#1154,.T.);
#2993=EDGE_CURVE('',#2424,#2379,#1155,.T.);
#2994=EDGE_CURVE('',#2480,#2481,#1156,.T.);
#2995=EDGE_CURVE('',#2481,#2379,#2250,.T.);
#2996=EDGE_CURVE('',#2424,#2480,#2251,.T.);
#2997=EDGE_CURVE('',#2480,#2482,#1157,.T.);
#2998=EDGE_CURVE('',#2482,#2483,#1158,.T.);
#2999=EDGE_CURVE('',#2483,#2481,#1159,.T.);
#3000=EDGE_CURVE('',#2484,#2485,#1160,.T.);
#3001=EDGE_CURVE('',#2485,#2486,#2252,.T.);
#3002=EDGE_CURVE('',#2482,#2486,#1161,.T.);
#3003=EDGE_CURVE('',#2487,#2480,#1162,.T.);
#3004=EDGE_CURVE('',#2488,#2487,#1163,.T.);
#3005=EDGE_CURVE('',#2488,#2489,#2253,.T.);
#3006=EDGE_CURVE('',#2489,#2490,#1164,.T.);
#3007=EDGE_CURVE('',#2490,#2491,#1165,.T.);
#3008=EDGE_CURVE('',#2492,#2491,#1166,.T.);
#3009=EDGE_CURVE('',#2493,#2492,#1167,.T.);
#3010=EDGE_CURVE('',#2494,#2493,#1168,.T.);
#3011=EDGE_CURVE('',#2494,#2484,#1169,.T.);
#3012=EDGE_CURVE('',#2495,#2496,#1170,.T.);
#3013=EDGE_CURVE('',#2485,#2496,#1171,.T.);
#3014=EDGE_CURVE('',#2495,#2484,#1172,.T.);
#3015=EDGE_CURVE('',#2483,#2497,#1173,.T.);
#3016=EDGE_CURVE('',#2497,#2496,#2254,.T.);
#3017=EDGE_CURVE('',#2495,#2498,#1174,.T.);
#3018=EDGE_CURVE('',#2499,#2498,#1175,.T.);
#3019=EDGE_CURVE('',#2499,#2500,#1176,.T.);
#3020=EDGE_CURVE('',#2501,#2500,#1177,.T.);
#3021=EDGE_CURVE('',#2501,#2502,#1178,.T.);
#3022=EDGE_CURVE('',#2503,#2502,#1179,.T.);
#3023=EDGE_CURVE('',#2503,#2504,#2255,.T.);
#3024=EDGE_CURVE('',#2505,#2504,#1180,.T.);
#3025=EDGE_CURVE('',#2481,#2505,#1181,.T.);
#3026=EDGE_CURVE('',#2486,#2497,#1182,.T.);
#3027=EDGE_CURVE('',#2380,#2505,#2256,.T.);
#3028=EDGE_CURVE('',#2487,#2505,#1183,.T.);
#3029=EDGE_CURVE('',#2487,#2423,#2257,.T.);
#3030=EDGE_CURVE('',#2423,#2380,#1184,.T.);
#3031=EDGE_CURVE('',#2381,#2422,#1185,.T.);
#3032=EDGE_CURVE('',#2421,#2382,#1186,.T.);
#3033=EDGE_CURVE('',#2383,#2420,#1187,.T.);
#3034=EDGE_CURVE('',#2419,#2384,#1188,.T.);
#3035=EDGE_CURVE('',#2385,#2418,#1189,.T.);
#3036=EDGE_CURVE('',#2417,#2386,#1190,.T.);
#3037=EDGE_CURVE('',#2387,#2416,#1191,.T.);
#3038=EDGE_CURVE('',#2415,#2388,#1192,.T.);
#3039=EDGE_CURVE('',#2389,#2414,#1193,.T.);
#3040=EDGE_CURVE('',#2413,#2390,#1194,.T.);
#3041=EDGE_CURVE('',#2391,#2412,#1195,.T.);
#3042=EDGE_CURVE('',#2504,#2488,#1196,.T.);
#3043=EDGE_CURVE('',#2503,#2489,#1197,.T.);
#3044=EDGE_CURVE('',#2490,#2502,#1198,.T.);
#3045=EDGE_CURVE('',#2491,#2501,#1199,.T.);
#3046=EDGE_CURVE('',#2500,#2492,#1200,.T.);
#3047=EDGE_CURVE('',#2493,#2499,#1201,.T.);
#3048=EDGE_CURVE('',#2498,#2494,#1202,.T.);
#3049=EDGE_CURVE('',#2438,#2506,#1203,.T.);
#3050=EDGE_CURVE('',#2506,#2506,#2258,.T.);
#3051=EDGE_CURVE('',#2507,#2507,#2259,.T.);
#3052=EDGE_CURVE('',#2507,#2407,#1204,.T.);
#3053=EDGE_CURVE('',#2406,#2439,#1205,.T.);
#3054=EDGE_CURVE('',#2405,#2440,#1206,.T.);
#3055=EDGE_CURVE('',#2442,#2401,#1207,.T.);
#3056=EDGE_CURVE('',#2402,#2441,#1208,.T.);
#3057=EDGE_CURVE('',#2448,#2403,#1209,.T.);
#3058=EDGE_CURVE('',#2404,#2447,#1210,.T.);
#3059=EDGE_CURVE('',#2446,#2398,#1211,.T.);
#3060=EDGE_CURVE('',#2397,#2445,#1212,.T.);
#3061=EDGE_CURVE('',#2444,#2399,#1213,.T.);
#3062=EDGE_CURVE('',#2400,#2443,#1214,.T.);
#3063=EDGE_CURVE('',#2449,#2508,#1215,.T.);
#3064=EDGE_CURVE('',#2508,#2508,#2260,.T.);
#3065=EDGE_CURVE('',#2509,#2509,#2261,.T.);
#3066=EDGE_CURVE('',#2509,#2396,#1216,.T.);
#3067=EDGE_CURVE('',#2450,#2510,#1217,.T.);
#3068=EDGE_CURVE('',#2510,#2510,#2262,.T.);
#3069=EDGE_CURVE('',#2511,#2511,#2263,.T.);
#3070=EDGE_CURVE('',#2511,#2395,#1218,.T.);
#3071=EDGE_CURVE('',#2394,#2451,#1219,.T.);
#3072=EDGE_CURVE('',#2393,#2452,#1220,.T.);
#3073=EDGE_CURVE('',#2392,#2453,#1221,.T.);
#3074=EDGE_CURVE('',#2512,#2513,#1222,.T.);
#3075=EDGE_CURVE('',#2513,#2514,#1223,.T.);
#3076=EDGE_CURVE('',#2515,#2514,#1224,.F.);
#3077=EDGE_CURVE('',#2512,#2515,#1225,.T.);
#3078=EDGE_CURVE('',#2516,#2517,#1226,.T.);
#3079=EDGE_CURVE('',#2516,#2518,#1227,.T.);
#3080=EDGE_CURVE('',#2519,#2518,#1228,.T.);
#3081=EDGE_CURVE('',#2517,#2519,#1229,.T.);
#3082=EDGE_CURVE('',#2520,#2516,#1230,.T.);
#3083=EDGE_CURVE('',#2520,#2521,#1231,.T.);
#3084=EDGE_CURVE('',#2518,#2521,#1232,.T.);
#3085=EDGE_CURVE('',#2522,#2520,#1233,.T.);
#3086=EDGE_CURVE('',#2522,#2523,#1234,.T.);
#3087=EDGE_CURVE('',#2521,#2523,#1235,.T.);
#3088=EDGE_CURVE('',#2512,#2524,#1236,.T.);
#3089=EDGE_CURVE('',#2523,#2524,#1237,.T.);
#3090=EDGE_CURVE('',#2513,#2522,#1238,.T.);
#3091=EDGE_CURVE('',#2517,#2514,#1239,.T.);
#3092=EDGE_CURVE('',#2525,#2519,#1240,.T.);
#3093=EDGE_CURVE('',#2515,#2525,#1241,.T.);
#3094=EDGE_CURVE('',#2526,#2527,#1242,.T.);
#3095=EDGE_CURVE('',#2528,#2526,#1243,.T.);
#3096=EDGE_CURVE('',#2529,#2528,#1244,.T.);
#3097=EDGE_CURVE('',#2530,#2529,#1245,.T.);
#3098=EDGE_CURVE('',#2531,#2530,#1246,.T.);
#3099=EDGE_CURVE('',#2527,#2531,#1247,.T.);
#3100=EDGE_CURVE('',#2532,#2533,#1248,.T.);
#3101=EDGE_CURVE('',#2534,#2532,#1249,.T.);
#3102=EDGE_CURVE('',#2535,#2534,#1250,.T.);
#3103=EDGE_CURVE('',#2536,#2535,#1251,.T.);
#3104=EDGE_CURVE('',#2537,#2536,#1252,.T.);
#3105=EDGE_CURVE('',#2533,#2537,#1253,.T.);
#3106=EDGE_CURVE('',#2538,#2539,#1254,.T.);
#3107=EDGE_CURVE('',#2540,#2538,#1255,.T.);
#3108=EDGE_CURVE('',#2541,#2540,#1256,.T.);
#3109=EDGE_CURVE('',#2542,#2541,#1257,.T.);
#3110=EDGE_CURVE('',#2543,#2542,#1258,.T.);
#3111=EDGE_CURVE('',#2539,#2543,#1259,.T.);
#3112=EDGE_CURVE('',#2527,#2544,#1260,.T.);
#3113=EDGE_CURVE('',#2544,#2545,#1261,.T.);
#3114=EDGE_CURVE('',#2526,#2545,#1262,.T.);
#3115=EDGE_CURVE('',#2531,#2546,#1263,.T.);
#3116=EDGE_CURVE('',#2546,#2544,#1264,.T.);
#3117=EDGE_CURVE('',#2547,#2546,#1265,.T.);
#3118=EDGE_CURVE('',#2530,#2547,#1266,.T.);
#3119=EDGE_CURVE('',#2548,#2547,#1267,.T.);
#3120=EDGE_CURVE('',#2529,#2548,#1268,.T.);
#3121=EDGE_CURVE('',#2549,#2548,#1269,.T.);
#3122=EDGE_CURVE('',#2528,#2549,#1270,.T.);
#3123=EDGE_CURVE('',#2545,#2549,#1271,.T.);
#3124=EDGE_CURVE('',#2549,#2550,#1272,.T.);
#3125=EDGE_CURVE('',#2550,#2551,#1273,.T.);
#3126=EDGE_CURVE('',#2548,#2551,#1274,.T.);
#3127=EDGE_CURVE('',#2545,#2552,#1275,.T.);
#3128=EDGE_CURVE('',#2552,#2550,#1276,.T.);
#3129=EDGE_CURVE('',#2544,#2553,#1277,.T.);
#3130=EDGE_CURVE('',#2553,#2552,#1278,.T.);
#3131=EDGE_CURVE('',#2539,#2554,#1279,.T.);
#3132=EDGE_CURVE('',#2554,#2555,#1280,.T.);
#3133=EDGE_CURVE('',#2538,#2555,#1281,.T.);
#3134=EDGE_CURVE('',#2543,#2556,#1282,.T.);
#3135=EDGE_CURVE('',#2556,#2554,#1283,.T.);
#3136=EDGE_CURVE('',#2557,#2556,#1284,.T.);
#3137=EDGE_CURVE('',#2542,#2557,#1285,.T.);
#3138=EDGE_CURVE('',#2558,#2557,#1286,.T.);
#3139=EDGE_CURVE('',#2541,#2558,#1287,.T.);
#3140=EDGE_CURVE('',#2559,#2558,#1288,.T.);
#3141=EDGE_CURVE('',#2540,#2559,#1289,.T.);
#3142=EDGE_CURVE('',#2555,#2559,#1290,.T.);
#3143=EDGE_CURVE('',#2559,#2560,#1291,.T.);
#3144=EDGE_CURVE('',#2560,#2561,#1292,.T.);
#3145=EDGE_CURVE('',#2558,#2561,#1293,.T.);
#3146=EDGE_CURVE('',#2555,#2562,#1294,.T.);
#3147=EDGE_CURVE('',#2562,#2560,#1295,.T.);
#3148=EDGE_CURVE('',#2554,#2563,#1296,.T.);
#3149=EDGE_CURVE('',#2563,#2562,#1297,.T.);
#3150=EDGE_CURVE('',#2533,#2564,#1298,.T.);
#3151=EDGE_CURVE('',#2564,#2565,#1299,.T.);
#3152=EDGE_CURVE('',#2532,#2565,#1300,.T.);
#3153=EDGE_CURVE('',#2537,#2566,#1301,.T.);
#3154=EDGE_CURVE('',#2566,#2564,#1302,.T.);
#3155=EDGE_CURVE('',#2567,#2566,#1303,.T.);
#3156=EDGE_CURVE('',#2536,#2567,#1304,.T.);
#3157=EDGE_CURVE('',#2568,#2567,#1305,.T.);
#3158=EDGE_CURVE('',#2535,#2568,#1306,.T.);
#3159=EDGE_CURVE('',#2569,#2568,#1307,.T.);
#3160=EDGE_CURVE('',#2534,#2569,#1308,.T.);
#3161=EDGE_CURVE('',#2565,#2569,#1309,.T.);
#3162=EDGE_CURVE('',#2569,#2570,#1310,.T.);
#3163=EDGE_CURVE('',#2570,#2571,#1311,.T.);
#3164=EDGE_CURVE('',#2568,#2571,#1312,.T.);
#3165=EDGE_CURVE('',#2565,#2572,#1313,.T.);
#3166=EDGE_CURVE('',#2572,#2570,#1314,.T.);
#3167=EDGE_CURVE('',#2564,#2573,#1315,.T.);
#3168=EDGE_CURVE('',#2573,#2572,#1316,.T.);
#3169=EDGE_CURVE('',#2574,#2515,#1317,.T.);
#3170=EDGE_CURVE('',#2574,#2575,#1318,.T.);
#3171=EDGE_CURVE('',#2576,#2575,#1319,.T.);
#3172=EDGE_CURVE('',#2576,#2577,#1320,.T.);
#3173=EDGE_CURVE('',#2577,#2578,#1321,.T.);
#3174=EDGE_CURVE('',#2579,#2578,#1322,.T.);
#3175=EDGE_CURVE('',#2579,#2580,#1323,.T.);
#3176=EDGE_CURVE('',#2580,#2581,#1324,.T.);
#3177=EDGE_CURVE('',#2581,#2582,#1325,.T.);
#3178=EDGE_CURVE('',#2582,#2583,#1326,.T.);
#3179=EDGE_CURVE('',#2583,#2584,#1327,.T.);
#3180=EDGE_CURVE('',#2584,#2585,#1328,.T.);
#3181=EDGE_CURVE('',#2585,#2586,#1329,.T.);
#3182=EDGE_CURVE('',#2587,#2586,#1330,.T.);
#3183=EDGE_CURVE('',#2588,#2587,#1331,.T.);
#3184=EDGE_CURVE('',#2588,#2589,#1332,.T.);
#3185=EDGE_CURVE('',#2589,#2512,#1333,.T.);
#3186=EDGE_CURVE('',#2590,#2590,#2264,.T.);
#3187=EDGE_CURVE('',#2591,#2592,#1334,.T.);
#3188=EDGE_CURVE('',#2593,#2591,#1335,.T.);
#3189=EDGE_CURVE('',#2594,#2593,#1336,.T.);
#3190=EDGE_CURVE('',#2595,#2594,#1337,.T.);
#3191=EDGE_CURVE('',#2596,#2595,#1338,.T.);
#3192=EDGE_CURVE('',#2592,#2596,#1339,.T.);
#3193=EDGE_CURVE('',#2597,#2598,#2265,.T.);
#3194=EDGE_CURVE('',#2599,#2598,#2266,.T.);
#3195=EDGE_CURVE('',#2599,#2600,#2267,.T.);
#3196=EDGE_CURVE('',#2601,#2600,#2268,.T.);
#3197=EDGE_CURVE('',#2601,#2602,#2269,.T.);
#3198=EDGE_CURVE('',#2597,#2602,#2270,.T.);
#3199=EDGE_CURVE('',#2603,#2604,#2271,.T.);
#3200=EDGE_CURVE('',#2605,#2604,#2272,.T.);
#3201=EDGE_CURVE('',#2605,#2606,#2273,.T.);
#3202=EDGE_CURVE('',#2607,#2606,#2274,.T.);
#3203=EDGE_CURVE('',#2607,#2608,#2275,.T.);
#3204=EDGE_CURVE('',#2603,#2608,#2276,.T.);
#3205=EDGE_CURVE('',#2609,#2610,#1340,.T.);
#3206=EDGE_CURVE('',#2610,#2611,#1341,.T.);
#3207=EDGE_CURVE('',#2611,#2612,#1342,.T.);
#3208=EDGE_CURVE('',#2612,#2609,#1343,.T.);
#3209=EDGE_CURVE('',#2613,#2613,#2277,.T.);
#3210=EDGE_CURVE('',#2614,#2614,#2278,.T.);
#3211=EDGE_CURVE('',#2615,#2615,#2279,.T.);
#3212=EDGE_CURVE('',#2616,#2617,#1344,.T.);
#3213=EDGE_CURVE('',#2618,#2616,#1345,.T.);
#3214=EDGE_CURVE('',#2619,#2618,#1346,.T.);
#3215=EDGE_CURVE('',#2620,#2619,#1347,.T.);
#3216=EDGE_CURVE('',#2621,#2620,#1348,.T.);
#3217=EDGE_CURVE('',#2617,#2621,#1349,.T.);
#3218=EDGE_CURVE('',#2622,#2623,#1350,.T.);
#3219=EDGE_CURVE('',#2624,#2622,#1351,.T.);
#3220=EDGE_CURVE('',#2625,#2624,#1352,.T.);
#3221=EDGE_CURVE('',#2626,#2625,#1353,.T.);
#3222=EDGE_CURVE('',#2627,#2626,#1354,.T.);
#3223=EDGE_CURVE('',#2623,#2627,#1355,.T.);
#3224=EDGE_CURVE('',#2628,#2628,#2280,.T.);
#3225=EDGE_CURVE('',#2629,#2629,#2281,.T.);
#3226=EDGE_CURVE('',#2630,#2630,#2282,.T.);
#3227=EDGE_CURVE('',#2631,#2631,#2283,.T.);
#3228=EDGE_CURVE('',#2566,#2632,#1356,.T.);
#3229=EDGE_CURVE('',#2632,#2573,#1357,.T.);
#3230=EDGE_CURVE('',#2567,#2633,#1358,.T.);
#3231=EDGE_CURVE('',#2633,#2632,#1359,.T.);
#3232=EDGE_CURVE('',#2571,#2633,#1360,.T.);
#3233=EDGE_CURVE('',#2634,#2634,#2284,.T.);
#3234=EDGE_CURVE('',#2556,#2635,#1361,.T.);
#3235=EDGE_CURVE('',#2635,#2563,#1362,.T.);
#3236=EDGE_CURVE('',#2557,#2636,#1363,.T.);
#3237=EDGE_CURVE('',#2636,#2635,#1364,.T.);
#3238=EDGE_CURVE('',#2561,#2636,#1365,.T.);
#3239=EDGE_CURVE('',#2637,#2637,#2285,.T.);
#3240=EDGE_CURVE('',#2546,#2638,#1366,.T.);
#3241=EDGE_CURVE('',#2638,#2553,#1367,.T.);
#3242=EDGE_CURVE('',#2547,#2639,#1368,.T.);
#3243=EDGE_CURVE('',#2639,#2638,#1369,.T.);
#3244=EDGE_CURVE('',#2551,#2639,#1370,.T.);
#3245=EDGE_CURVE('',#2640,#2640,#2286,.T.);
#3246=EDGE_CURVE('',#2641,#2525,#1371,.T.);
#3247=EDGE_CURVE('',#2641,#2574,#1372,.T.);
#3248=EDGE_CURVE('',#2642,#2524,#1373,.T.);
#3249=EDGE_CURVE('',#2589,#2642,#1374,.T.);
#3250=EDGE_CURVE('',#2643,#2643,#2287,.T.);
#3251=EDGE_CURVE('',#2643,#2637,#1375,.T.);
#3252=EDGE_CURVE('',#2644,#2644,#2288,.T.);
#3253=EDGE_CURVE('',#2644,#2640,#1376,.T.);
#3254=EDGE_CURVE('',#2645,#2645,#2289,.T.);
#3255=EDGE_CURVE('',#2645,#2634,#1377,.T.);
#3256=EDGE_CURVE('',#2646,#2588,#1378,.T.);
#3257=EDGE_CURVE('',#2647,#2646,#31,.T.);
#3258=EDGE_CURVE('',#2647,#2648,#1379,.T.);
#3259=EDGE_CURVE('',#2649,#2648,#32,.T.);
#3260=EDGE_CURVE('',#2649,#2650,#1380,.T.);
#3261=EDGE_CURVE('',#2642,#2650,#1381,.T.);
#3262=EDGE_CURVE('',#2651,#2652,#33,.F.);
#3263=EDGE_CURVE('',#2651,#2653,#2290,.T.);
#3264=EDGE_CURVE('',#2653,#2654,#34,.T.);
#3265=EDGE_CURVE('',#2654,#2655,#2291,.T.);
#3266=EDGE_CURVE('',#2655,#2652,#35,.T.);
#3267=EDGE_CURVE('',#2653,#2651,#1382,.T.);
#3268=EDGE_CURVE('',#2656,#2646,#36,.F.);
#3269=EDGE_CURVE('',#2656,#2649,#2292,.T.);
#3270=EDGE_CURVE('',#2648,#2647,#2293,.T.);
#3271=EDGE_CURVE('',#2657,#2656,#1383,.T.);
#3272=EDGE_CURVE('',#2650,#2657,#2294,.T.);
#3273=EDGE_CURVE('',#2658,#2654,#1384,.T.);
#3274=EDGE_CURVE('',#2659,#2658,#2295,.T.);
#3275=EDGE_CURVE('',#2655,#2659,#1385,.T.);
#3276=EDGE_CURVE('',#2587,#2660,#1386,.T.);
#3277=EDGE_CURVE('',#2660,#2657,#1387,.T.);
#3278=EDGE_CURVE('',#2575,#2652,#1388,.T.);
#3279=EDGE_CURVE('',#2659,#2661,#1389,.T.);
#3280=EDGE_CURVE('',#2661,#2576,#1390,.T.);
#3281=EDGE_CURVE('',#2630,#2662,#1391,.T.);
#3282=EDGE_CURVE('',#2662,#2662,#2296,.T.);
#3283=EDGE_CURVE('',#2663,#2663,#2297,.T.);
#3284=EDGE_CURVE('',#2629,#2664,#1392,.T.);
#3285=EDGE_CURVE('',#2664,#2664,#2298,.T.);
#3286=EDGE_CURVE('',#2665,#2665,#2299,.T.);
#3287=EDGE_CURVE('',#2660,#2666,#1393,.T.);
#3288=EDGE_CURVE('',#2666,#2667,#1394,.T.);
#3289=EDGE_CURVE('',#2667,#2668,#1395,.T.);
#3290=EDGE_CURVE('',#2668,#2669,#1396,.T.);
#3291=EDGE_CURVE('',#2669,#2670,#1397,.T.);
#3292=EDGE_CURVE('',#2670,#2671,#1398,.T.);
#3293=EDGE_CURVE('',#2671,#2661,#1399,.T.);
#3294=EDGE_CURVE('',#2658,#2641,#1400,.T.);
#3295=EDGE_CURVE('',#2672,#2672,#2300,.T.);
#3296=EDGE_CURVE('',#2673,#2673,#2301,.T.);
#3297=EDGE_CURVE('',#2674,#2674,#2302,.T.);
#3298=EDGE_CURVE('',#2675,#2676,#1401,.F.);
#3299=EDGE_CURVE('',#2677,#2675,#1402,.F.);
#3300=EDGE_CURVE('',#2678,#2677,#1403,.F.);
#3301=EDGE_CURVE('',#2679,#2678,#1404,.F.);
#3302=EDGE_CURVE('',#2680,#2679,#1405,.F.);
#3303=EDGE_CURVE('',#2676,#2680,#1406,.F.);
#3304=EDGE_CURVE('',#2681,#2682,#1407,.F.);
#3305=EDGE_CURVE('',#2683,#2681,#1408,.F.);
#3306=EDGE_CURVE('',#2684,#2683,#1409,.F.);
#3307=EDGE_CURVE('',#2685,#2684,#1410,.F.);
#3308=EDGE_CURVE('',#2686,#2685,#1411,.F.);
#3309=EDGE_CURVE('',#2682,#2686,#1412,.F.);
#3310=EDGE_CURVE('',#2687,#2688,#1413,.F.);
#3311=EDGE_CURVE('',#2689,#2687,#1414,.F.);
#3312=EDGE_CURVE('',#2690,#2689,#1415,.F.);
#3313=EDGE_CURVE('',#2691,#2690,#1416,.F.);
#3314=EDGE_CURVE('',#2692,#2691,#1417,.F.);
#3315=EDGE_CURVE('',#2688,#2692,#1418,.F.);
#3316=EDGE_CURVE('',#2693,#2693,#2303,.F.);
#3317=EDGE_CURVE('',#2694,#2694,#2304,.F.);
#3318=EDGE_CURVE('',#2695,#2695,#2305,.F.);
#3319=EDGE_CURVE('',#2696,#2697,#2306,.F.);
#3320=EDGE_CURVE('',#2697,#2698,#2307,.T.);
#3321=EDGE_CURVE('',#2699,#2698,#2308,.T.);
#3322=EDGE_CURVE('',#2699,#2700,#2309,.T.);
#3323=EDGE_CURVE('',#2701,#2700,#2310,.T.);
#3324=EDGE_CURVE('',#2701,#2696,#2311,.T.);
#3325=EDGE_CURVE('',#2702,#2703,#2312,.F.);
#3326=EDGE_CURVE('',#2703,#2704,#2313,.T.);
#3327=EDGE_CURVE('',#2704,#2705,#2314,.F.);
#3328=EDGE_CURVE('',#2705,#2706,#2315,.T.);
#3329=EDGE_CURVE('',#2706,#2707,#2316,.F.);
#3330=EDGE_CURVE('',#2707,#2702,#2317,.T.);
#3331=EDGE_CURVE('',#2708,#2708,#2318,.T.);
#3332=EDGE_CURVE('',#2709,#2709,#2319,.T.);
#3333=EDGE_CURVE('',#2710,#2710,#2320,.T.);
#3334=EDGE_CURVE('',#2711,#2711,#2321,.T.);
#3335=EDGE_CURVE('',#2628,#2673,#1419,.T.);
#3336=EDGE_CURVE('',#2631,#2672,#1420,.T.);
#3337=EDGE_CURVE('',#2710,#2665,#1421,.T.);
#3338=EDGE_CURVE('',#2586,#2666,#1422,.T.);
#3339=EDGE_CURVE('',#2577,#2671,#1423,.T.);
#3340=EDGE_CURVE('',#2578,#2670,#1424,.T.);
#3341=EDGE_CURVE('',#2711,#2663,#1425,.T.);
#3342=EDGE_CURVE('',#2709,#2712,#1426,.T.);
#3343=EDGE_CURVE('',#2712,#2712,#2322,.T.);
#3344=EDGE_CURVE('',#2708,#2713,#1427,.T.);
#3345=EDGE_CURVE('',#2713,#2713,#2323,.T.);
#3346=EDGE_CURVE('',#2590,#2674,#1428,.T.);
#3347=EDGE_CURVE('',#2626,#2714,#1429,.T.);
#3348=EDGE_CURVE('',#2714,#2715,#1430,.T.);
#3349=EDGE_CURVE('',#2715,#2627,#1431,.T.);
#3350=EDGE_CURVE('',#2716,#2717,#1432,.T.);
#3351=EDGE_CURVE('',#2717,#2622,#1433,.T.);
#3352=EDGE_CURVE('',#2716,#2623,#1434,.T.);
#3353=EDGE_CURVE('',#2717,#2718,#1435,.T.);
#3354=EDGE_CURVE('',#2718,#2624,#1436,.T.);
#3355=EDGE_CURVE('',#2718,#2719,#1437,.T.);
#3356=EDGE_CURVE('',#2719,#2625,#1438,.T.);
#3357=EDGE_CURVE('',#2719,#2714,#1439,.T.);
#3358=EDGE_CURVE('',#2715,#2716,#1440,.T.);
#3359=EDGE_CURVE('',#2718,#2720,#1441,.T.);
#3360=EDGE_CURVE('',#2720,#2721,#1442,.F.);
#3361=EDGE_CURVE('',#2719,#2721,#1443,.T.);
#3362=EDGE_CURVE('',#2717,#2722,#1444,.T.);
#3363=EDGE_CURVE('',#2722,#2720,#1445,.F.);
#3364=EDGE_CURVE('',#2716,#2723,#1446,.T.);
#3365=EDGE_CURVE('',#2723,#2722,#1447,.F.);
#3366=EDGE_CURVE('',#2595,#2724,#1448,.T.);
#3367=EDGE_CURVE('',#2724,#2725,#1449,.T.);
#3368=EDGE_CURVE('',#2725,#2596,#1450,.T.);
#3369=EDGE_CURVE('',#2726,#2727,#1451,.T.);
#3370=EDGE_CURVE('',#2727,#2591,#1452,.T.);
#3371=EDGE_CURVE('',#2726,#2592,#1453,.T.);
#3372=EDGE_CURVE('',#2727,#2728,#1454,.T.);
#3373=EDGE_CURVE('',#2728,#2593,#1455,.T.);
#3374=EDGE_CURVE('',#2728,#2729,#1456,.T.);
#3375=EDGE_CURVE('',#2729,#2594,#1457,.T.);
#3376=EDGE_CURVE('',#2729,#2724,#1458,.T.);
#3377=EDGE_CURVE('',#2725,#2726,#1459,.T.);
#3378=EDGE_CURVE('',#2728,#2730,#1460,.T.);
#3379=EDGE_CURVE('',#2730,#2731,#1461,.F.);
#3380=EDGE_CURVE('',#2729,#2731,#1462,.T.);
#3381=EDGE_CURVE('',#2727,#2732,#1463,.T.);
#3382=EDGE_CURVE('',#2732,#2730,#1464,.F.);
#3383=EDGE_CURVE('',#2726,#2733,#1465,.T.);
#3384=EDGE_CURVE('',#2733,#2732,#1466,.F.);
#3385=EDGE_CURVE('',#2734,#2735,#1467,.T.);
#3386=EDGE_CURVE('',#2735,#2621,#1468,.T.);
#3387=EDGE_CURVE('',#2734,#2620,#1469,.T.);
#3388=EDGE_CURVE('',#2617,#2736,#1470,.T.);
#3389=EDGE_CURVE('',#2736,#2737,#1471,.T.);
#3390=EDGE_CURVE('',#2737,#2616,#1472,.T.);
#3391=EDGE_CURVE('',#2735,#2736,#1473,.T.);
#3392=EDGE_CURVE('',#2737,#2738,#1474,.T.);
#3393=EDGE_CURVE('',#2738,#2618,#1475,.T.);
#3394=EDGE_CURVE('',#2738,#2739,#1476,.T.);
#3395=EDGE_CURVE('',#2739,#2619,#1477,.T.);
#3396=EDGE_CURVE('',#2739,#2734,#1478,.T.);
#3397=EDGE_CURVE('',#2738,#2740,#1479,.T.);
#3398=EDGE_CURVE('',#2740,#2741,#1480,.F.);
#3399=EDGE_CURVE('',#2739,#2741,#1481,.T.);
#3400=EDGE_CURVE('',#2737,#2742,#1482,.T.);
#3401=EDGE_CURVE('',#2742,#2740,#1483,.F.);
#3402=EDGE_CURVE('',#2736,#2743,#1484,.T.);
#3403=EDGE_CURVE('',#2743,#2742,#1485,.F.);
#3404=EDGE_CURVE('',#2602,#2744,#11,.T.);
#3405=EDGE_CURVE('',#2744,#2745,#2324,.T.);
#3406=EDGE_CURVE('',#2745,#2597,#12,.T.);
#3407=EDGE_CURVE('',#2702,#2744,#1486,.T.);
#3408=EDGE_CURVE('',#2707,#2745,#1487,.T.);
#3409=EDGE_CURVE('',#2598,#2746,#13,.T.);
#3410=EDGE_CURVE('',#2746,#2747,#2325,.T.);
#3411=EDGE_CURVE('',#2747,#2599,#14,.T.);
#3412=EDGE_CURVE('',#2706,#2746,#1488,.T.);
#3413=EDGE_CURVE('',#2705,#2747,#1489,.T.);
#3414=EDGE_CURVE('',#2600,#2748,#15,.T.);
#3415=EDGE_CURVE('',#2748,#2749,#2326,.T.);
#3416=EDGE_CURVE('',#2749,#2601,#16,.T.);
#3417=EDGE_CURVE('',#2704,#2748,#1490,.T.);
#3418=EDGE_CURVE('',#2703,#2749,#1491,.T.);
#3419=EDGE_CURVE('',#2608,#2750,#17,.T.);
#3420=EDGE_CURVE('',#2750,#2751,#2327,.T.);
#3421=EDGE_CURVE('',#2751,#2603,#18,.T.);
#3422=EDGE_CURVE('',#2696,#2750,#1492,.T.);
#3423=EDGE_CURVE('',#2701,#2751,#1493,.T.);
#3424=EDGE_CURVE('',#2606,#2752,#19,.T.);
#3425=EDGE_CURVE('',#2752,#2753,#2328,.T.);
#3426=EDGE_CURVE('',#2753,#2607,#20,.T.);
#3427=EDGE_CURVE('',#2698,#2752,#1494,.T.);
#3428=EDGE_CURVE('',#2697,#2753,#1495,.T.);
#3429=EDGE_CURVE('',#2604,#2754,#21,.T.);
#3430=EDGE_CURVE('',#2754,#2755,#2329,.T.);
#3431=EDGE_CURVE('',#2755,#2605,#22,.T.);
#3432=EDGE_CURVE('',#2700,#2754,#1496,.T.);
#3433=EDGE_CURVE('',#2699,#2755,#1497,.T.);
#3434=EDGE_CURVE('',#2756,#2757,#1498,.T.);
#3435=EDGE_CURVE('',#2757,#2758,#1499,.T.);
#3436=EDGE_CURVE('',#2759,#2758,#1500,.T.);
#3437=EDGE_CURVE('',#2756,#2759,#1501,.T.);
#3438=EDGE_CURVE('',#2756,#2760,#1502,.T.);
#3439=EDGE_CURVE('',#2761,#2759,#1503,.T.);
#3440=EDGE_CURVE('',#2760,#2761,#1504,.T.);
#3441=EDGE_CURVE('',#2760,#2762,#1505,.F.);
#3442=EDGE_CURVE('',#2763,#2761,#1506,.F.);
#3443=EDGE_CURVE('',#2762,#2763,#1507,.F.);
#3444=EDGE_CURVE('',#2762,#2764,#1508,.T.);
#3445=EDGE_CURVE('',#2765,#2763,#1509,.T.);
#3446=EDGE_CURVE('',#2764,#2765,#1510,.T.);
#3447=EDGE_CURVE('',#2581,#2764,#1511,.T.);
#3448=EDGE_CURVE('',#2582,#2765,#1512,.T.);
#3449=EDGE_CURVE('',#2580,#2757,#1513,.T.);
#3450=EDGE_CURVE('',#2758,#2583,#1514,.T.);
#3451=EDGE_CURVE('',#2614,#2766,#1515,.T.);
#3452=EDGE_CURVE('',#2766,#2766,#2330,.T.);
#3453=EDGE_CURVE('',#2615,#2767,#1516,.T.);
#3454=EDGE_CURVE('',#2767,#2767,#2331,.T.);
#3455=EDGE_CURVE('',#2768,#2769,#1517,.T.);
#3456=EDGE_CURVE('',#2770,#2768,#1518,.T.);
#3457=EDGE_CURVE('',#2771,#2770,#1519,.T.);
#3458=EDGE_CURVE('',#2772,#2771,#1520,.T.);
#3459=EDGE_CURVE('',#2773,#2772,#1521,.T.);
#3460=EDGE_CURVE('',#2769,#2773,#1522,.T.);
#3461=EDGE_CURVE('',#2774,#2775,#1523,.T.);
#3462=EDGE_CURVE('',#2774,#2769,#1524,.T.);
#3463=EDGE_CURVE('',#2775,#2773,#1525,.T.);
#3464=EDGE_CURVE('',#2775,#2776,#1526,.T.);
#3465=EDGE_CURVE('',#2776,#2772,#1527,.T.);
#3466=EDGE_CURVE('',#2776,#2777,#1528,.T.);
#3467=EDGE_CURVE('',#2777,#2771,#1529,.T.);
#3468=EDGE_CURVE('',#2778,#2779,#1530,.T.);
#3469=EDGE_CURVE('',#2780,#2778,#1531,.T.);
#3470=EDGE_CURVE('',#2781,#2780,#1532,.T.);
#3471=EDGE_CURVE('',#2782,#2781,#1533,.T.);
#3472=EDGE_CURVE('',#2783,#2782,#1534,.T.);
#3473=EDGE_CURVE('',#2779,#2783,#1535,.T.);
#3474=EDGE_CURVE('',#2784,#2785,#1536,.T.);
#3475=EDGE_CURVE('',#2784,#2783,#1537,.T.);
#3476=EDGE_CURVE('',#2785,#2782,#1538,.T.);
#3477=EDGE_CURVE('',#2785,#2786,#1539,.T.);
#3478=EDGE_CURVE('',#2786,#2781,#1540,.T.);
#3479=EDGE_CURVE('',#2786,#2787,#1541,.T.);
#3480=EDGE_CURVE('',#2787,#2780,#1542,.T.);
#3481=EDGE_CURVE('',#2787,#2788,#1543,.T.);
#3482=EDGE_CURVE('',#2788,#2778,#1544,.T.);
#3483=EDGE_CURVE('',#2788,#2789,#1545,.T.);
#3484=EDGE_CURVE('',#2789,#2779,#1546,.T.);
#3485=EDGE_CURVE('',#2789,#2784,#1547,.T.);
#3486=EDGE_CURVE('',#2788,#2681,#1548,.T.);
#3487=EDGE_CURVE('',#2683,#2789,#1549,.T.);
#3488=EDGE_CURVE('',#2685,#2785,#1550,.T.);
#3489=EDGE_CURVE('',#2684,#2784,#1551,.T.);
#3490=EDGE_CURVE('',#2686,#2786,#1552,.T.);
#3491=EDGE_CURVE('',#2682,#2787,#1553,.T.);
#3492=EDGE_CURVE('',#2777,#2790,#1554,.T.);
#3493=EDGE_CURVE('',#2790,#2770,#1555,.T.);
#3494=EDGE_CURVE('',#2790,#2791,#1556,.T.);
#3495=EDGE_CURVE('',#2791,#2768,#1557,.T.);
#3496=EDGE_CURVE('',#2791,#2774,#1558,.T.);
#3497=EDGE_CURVE('',#2678,#2774,#1559,.T.);
#3498=EDGE_CURVE('',#2791,#2677,#1560,.T.);
#3499=EDGE_CURVE('',#2679,#2775,#1561,.T.);
#3500=EDGE_CURVE('',#2680,#2776,#1562,.T.);
#3501=EDGE_CURVE('',#2675,#2790,#1563,.T.);
#3502=EDGE_CURVE('',#2676,#2777,#1564,.T.);
#3503=EDGE_CURVE('',#2792,#2792,#2332,.T.);
#3504=EDGE_CURVE('',#2792,#2613,#1565,.T.);
#3505=EDGE_CURVE('',#2793,#2794,#1566,.T.);
#3506=EDGE_CURVE('',#2795,#2793,#1567,.T.);
#3507=EDGE_CURVE('',#2796,#2795,#1568,.T.);
#3508=EDGE_CURVE('',#2797,#2796,#1569,.T.);
#3509=EDGE_CURVE('',#2798,#2797,#1570,.T.);
#3510=EDGE_CURVE('',#2794,#2798,#1571,.T.);
#3511=EDGE_CURVE('',#2799,#2800,#1572,.T.);
#3512=EDGE_CURVE('',#2799,#2798,#1573,.T.);
#3513=EDGE_CURVE('',#2800,#2797,#1574,.T.);
#3514=EDGE_CURVE('',#2800,#2801,#1575,.T.);
#3515=EDGE_CURVE('',#2801,#2796,#1576,.T.);
#3516=EDGE_CURVE('',#2801,#2802,#1577,.T.);
#3517=EDGE_CURVE('',#2802,#2795,#1578,.T.);
#3518=EDGE_CURVE('',#2802,#2803,#1579,.T.);
#3519=EDGE_CURVE('',#2803,#2793,#1580,.T.);
#3520=EDGE_CURVE('',#2803,#2804,#1581,.T.);
#3521=EDGE_CURVE('',#2804,#2794,#1582,.T.);
#3522=EDGE_CURVE('',#2804,#2799,#1583,.T.);
#3523=EDGE_CURVE('',#2688,#2802,#1584,.T.);
#3524=EDGE_CURVE('',#2692,#2801,#1585,.T.);
#3525=EDGE_CURVE('',#2803,#2687,#1586,.T.);
#3526=EDGE_CURVE('',#2689,#2804,#1587,.T.);
#3527=EDGE_CURVE('',#2690,#2799,#1588,.T.);
#3528=EDGE_CURVE('',#2691,#2800,#1589,.T.);
#3529=EDGE_CURVE('',#2579,#2669,#1590,.T.);
#3530=EDGE_CURVE('',#2584,#2668,#1591,.T.);
#3531=EDGE_CURVE('',#2585,#2667,#1592,.T.);
#3532=EDGE_CURVE('',#2805,#2806,#1593,.T.);
#3533=EDGE_CURVE('',#2806,#2807,#1594,.T.);
#3534=EDGE_CURVE('',#2807,#2808,#1595,.T.);
#3535=EDGE_CURVE('',#2808,#2805,#1596,.T.);
#3536=EDGE_CURVE('',#2693,#2809,#1597,.T.);
#3537=EDGE_CURVE('',#2809,#2809,#2333,.T.);
#3538=EDGE_CURVE('',#2694,#2810,#1598,.T.);
#3539=EDGE_CURVE('',#2810,#2810,#2334,.T.);
#3540=EDGE_CURVE('',#2721,#2811,#1599,.F.);
#3541=EDGE_CURVE('',#2812,#2723,#1600,.F.);
#3542=EDGE_CURVE('',#2811,#2812,#1601,.F.);
#3543=EDGE_CURVE('',#2715,#2812,#1602,.T.);
#3544=EDGE_CURVE('',#2731,#2813,#1603,.F.);
#3545=EDGE_CURVE('',#2814,#2733,#1604,.F.);
#3546=EDGE_CURVE('',#2813,#2814,#1605,.F.);
#3547=EDGE_CURVE('',#2725,#2814,#1606,.T.);
#3548=EDGE_CURVE('',#2724,#2813,#1607,.T.);
#3549=EDGE_CURVE('',#2714,#2811,#1608,.T.);
#3550=EDGE_CURVE('',#2815,#2815,#2335,.T.);
#3551=EDGE_CURVE('',#2815,#2695,#1609,.T.);
#3552=EDGE_CURVE('',#2816,#2743,#1610,.F.);
#3553=EDGE_CURVE('',#2817,#2816,#1611,.F.);
#3554=EDGE_CURVE('',#2741,#2817,#1612,.F.);
#3555=EDGE_CURVE('',#2734,#2817,#1613,.T.);
#3556=EDGE_CURVE('',#2735,#2816,#1614,.T.);
#3557=EDGE_CURVE('',#2806,#2609,#2336,.T.);
#3558=EDGE_CURVE('',#2807,#2612,#2337,.T.);
#3559=EDGE_CURVE('',#2808,#2611,#2338,.T.);
#3560=EDGE_CURVE('',#2805,#2610,#2339,.T.);
#3561=EDGE_CURVE('',#2818,#2818,#2340,.T.);
#3562=EDGE_CURVE('',#2818,#2819,#1615,.T.);
#3563=EDGE_CURVE('',#2819,#2819,#2341,.T.);
#3564=EDGE_CURVE('',#2820,#2820,#2342,.T.);
#3565=EDGE_CURVE('',#2820,#2821,#1616,.T.);
#3566=EDGE_CURVE('',#2821,#2821,#2343,.T.);
#3567=EDGE_CURVE('',#2822,#2822,#2344,.T.);
#3568=EDGE_CURVE('',#2822,#2823,#1617,.T.);
#3569=EDGE_CURVE('',#2823,#2823,#2345,.T.);
#3570=EDGE_CURVE('',#2824,#2824,#2346,.T.);
#3571=EDGE_CURVE('',#2824,#2825,#1618,.T.);
#3572=EDGE_CURVE('',#2825,#2825,#2347,.T.);
#3573=EDGE_CURVE('',#2826,#2826,#2348,.T.);
#3574=EDGE_CURVE('',#2826,#2827,#1619,.T.);
#3575=EDGE_CURVE('',#2827,#2827,#2349,.T.);
#3576=EDGE_CURVE('',#2828,#2828,#2350,.T.);
#3577=EDGE_CURVE('',#2828,#2829,#1620,.T.);
#3578=EDGE_CURVE('',#2829,#2829,#2351,.T.);
#3579=EDGE_CURVE('',#2830,#2830,#2352,.T.);
#3580=EDGE_CURVE('',#2830,#2831,#1621,.T.);
#3581=EDGE_CURVE('',#2831,#2831,#2353,.T.);
#3582=EDGE_CURVE('',#2832,#2832,#2354,.T.);
#3583=EDGE_CURVE('',#2832,#2833,#1622,.T.);
#3584=EDGE_CURVE('',#2833,#2833,#2355,.T.);
#3585=EDGE_CURVE('',#2834,#2834,#2356,.T.);
#3586=EDGE_CURVE('',#2834,#2835,#1623,.T.);
#3587=EDGE_CURVE('',#2835,#2835,#2357,.T.);
#3588=EDGE_CURVE('',#2836,#2836,#2358,.T.);
#3589=EDGE_CURVE('',#2836,#2837,#1624,.T.);
#3590=EDGE_CURVE('',#2837,#2837,#2359,.T.);
#3591=ORIENTED_EDGE('',*,*,#2838,.F.);
#3592=ORIENTED_EDGE('',*,*,#2839,.T.);
#3593=ORIENTED_EDGE('',*,*,#2840,.F.);
#3594=ORIENTED_EDGE('',*,*,#2839,.F.);
#3595=ORIENTED_EDGE('',*,*,#2841,.T.);
#3596=ORIENTED_EDGE('',*,*,#2842,.T.);
#3597=ORIENTED_EDGE('',*,*,#2843,.T.);
#3598=ORIENTED_EDGE('',*,*,#2844,.T.);
#3599=ORIENTED_EDGE('',*,*,#2845,.T.);
#3600=ORIENTED_EDGE('',*,*,#2846,.T.);
#3601=ORIENTED_EDGE('',*,*,#2847,.T.);
#3602=ORIENTED_EDGE('',*,*,#2848,.T.);
#3603=ORIENTED_EDGE('',*,*,#2849,.T.);
#3604=ORIENTED_EDGE('',*,*,#2850,.F.);
#3605=ORIENTED_EDGE('',*,*,#2851,.T.);
#3606=ORIENTED_EDGE('',*,*,#2852,.T.);
#3607=ORIENTED_EDGE('',*,*,#2853,.T.);
#3608=ORIENTED_EDGE('',*,*,#2854,.T.);
#3609=ORIENTED_EDGE('',*,*,#2855,.T.);
#3610=ORIENTED_EDGE('',*,*,#2856,.T.);
#3611=ORIENTED_EDGE('',*,*,#2857,.T.);
#3612=ORIENTED_EDGE('',*,*,#2858,.F.);
#3613=ORIENTED_EDGE('',*,*,#2859,.T.);
#3614=ORIENTED_EDGE('',*,*,#2860,.T.);
#3615=ORIENTED_EDGE('',*,*,#2861,.T.);
#3616=ORIENTED_EDGE('',*,*,#2862,.T.);
#3617=ORIENTED_EDGE('',*,*,#2863,.T.);
#3618=ORIENTED_EDGE('',*,*,#2864,.T.);
#3619=ORIENTED_EDGE('',*,*,#2865,.T.);
#3620=ORIENTED_EDGE('',*,*,#2866,.T.);
#3621=ORIENTED_EDGE('',*,*,#2867,.T.);
#3622=ORIENTED_EDGE('',*,*,#2868,.T.);
#3623=ORIENTED_EDGE('',*,*,#2869,.F.);
#3624=ORIENTED_EDGE('',*,*,#2870,.T.);
#3625=ORIENTED_EDGE('',*,*,#2871,.T.);
#3626=ORIENTED_EDGE('',*,*,#2872,.T.);
#3627=ORIENTED_EDGE('',*,*,#2873,.T.);
#3628=ORIENTED_EDGE('',*,*,#2838,.T.);
#3629=ORIENTED_EDGE('',*,*,#2874,.T.);
#3630=ORIENTED_EDGE('',*,*,#2875,.T.);
#3631=ORIENTED_EDGE('',*,*,#2876,.F.);
#3632=ORIENTED_EDGE('',*,*,#2877,.T.);
#3633=ORIENTED_EDGE('',*,*,#2878,.F.);
#3634=ORIENTED_EDGE('',*,*,#2879,.T.);
#3635=ORIENTED_EDGE('',*,*,#2880,.F.);
#3636=ORIENTED_EDGE('',*,*,#2881,.T.);
#3637=ORIENTED_EDGE('',*,*,#2882,.F.);
#3638=ORIENTED_EDGE('',*,*,#2883,.T.);
#3639=ORIENTED_EDGE('',*,*,#2884,.T.);
#3640=ORIENTED_EDGE('',*,*,#2885,.T.);
#3641=ORIENTED_EDGE('',*,*,#2886,.T.);
#3642=ORIENTED_EDGE('',*,*,#2887,.F.);
#3643=ORIENTED_EDGE('',*,*,#2888,.F.);
#3644=ORIENTED_EDGE('',*,*,#2841,.F.);
#3645=ORIENTED_EDGE('',*,*,#2889,.F.);
#3646=ORIENTED_EDGE('',*,*,#2890,.F.);
#3647=ORIENTED_EDGE('',*,*,#2891,.T.);
#3648=ORIENTED_EDGE('',*,*,#2887,.T.);
#3649=ORIENTED_EDGE('',*,*,#2892,.T.);
#3650=ORIENTED_EDGE('',*,*,#2893,.F.);
#3651=ORIENTED_EDGE('',*,*,#2894,.T.);
#3652=ORIENTED_EDGE('',*,*,#2895,.T.);
#3653=ORIENTED_EDGE('',*,*,#2896,.T.);
#3654=ORIENTED_EDGE('',*,*,#2897,.F.);
#3655=ORIENTED_EDGE('',*,*,#2898,.T.);
#3656=ORIENTED_EDGE('',*,*,#2899,.T.);
#3657=ORIENTED_EDGE('',*,*,#2900,.T.);
#3658=ORIENTED_EDGE('',*,*,#2901,.F.);
#3659=ORIENTED_EDGE('',*,*,#2902,.T.);
#3660=ORIENTED_EDGE('',*,*,#2903,.F.);
#3661=ORIENTED_EDGE('',*,*,#2904,.F.);
#3662=ORIENTED_EDGE('',*,*,#2905,.F.);
#3663=ORIENTED_EDGE('',*,*,#2906,.T.);
#3664=ORIENTED_EDGE('',*,*,#2907,.T.);
#3665=ORIENTED_EDGE('',*,*,#2908,.F.);
#3666=ORIENTED_EDGE('',*,*,#2909,.T.);
#3667=ORIENTED_EDGE('',*,*,#2910,.T.);
#3668=ORIENTED_EDGE('',*,*,#2911,.F.);
#3669=ORIENTED_EDGE('',*,*,#2912,.F.);
#3670=ORIENTED_EDGE('',*,*,#2913,.F.);
#3671=ORIENTED_EDGE('',*,*,#2914,.T.);
#3672=ORIENTED_EDGE('',*,*,#2915,.F.);
#3673=ORIENTED_EDGE('',*,*,#2916,.T.);
#3674=ORIENTED_EDGE('',*,*,#2917,.T.);
#3675=ORIENTED_EDGE('',*,*,#2918,.T.);
#3676=ORIENTED_EDGE('',*,*,#2919,.T.);
#3677=ORIENTED_EDGE('',*,*,#2920,.T.);
#3678=ORIENTED_EDGE('',*,*,#2921,.T.);
#3679=ORIENTED_EDGE('',*,*,#2922,.T.);
#3680=ORIENTED_EDGE('',*,*,#2923,.T.);
#3681=ORIENTED_EDGE('',*,*,#2924,.T.);
#3682=ORIENTED_EDGE('',*,*,#2925,.T.);
#3683=ORIENTED_EDGE('',*,*,#2926,.T.);
#3684=ORIENTED_EDGE('',*,*,#2927,.T.);
#3685=ORIENTED_EDGE('',*,*,#2928,.T.);
#3686=ORIENTED_EDGE('',*,*,#2929,.T.);
#3687=ORIENTED_EDGE('',*,*,#2930,.T.);
#3688=ORIENTED_EDGE('',*,*,#2931,.T.);
#3689=ORIENTED_EDGE('',*,*,#2840,.T.);
#3690=ORIENTED_EDGE('',*,*,#2932,.T.);
#3691=ORIENTED_EDGE('',*,*,#2933,.T.);
#3692=ORIENTED_EDGE('',*,*,#2934,.T.);
#3693=ORIENTED_EDGE('',*,*,#2843,.F.);
#3694=ORIENTED_EDGE('',*,*,#2935,.F.);
#3695=ORIENTED_EDGE('',*,*,#2890,.T.);
#3696=ORIENTED_EDGE('',*,*,#2936,.F.);
#3697=ORIENTED_EDGE('',*,*,#2918,.F.);
#3698=ORIENTED_EDGE('',*,*,#2937,.T.);
#3699=ORIENTED_EDGE('',*,*,#2844,.F.);
#3700=ORIENTED_EDGE('',*,*,#2936,.T.);
#3701=ORIENTED_EDGE('',*,*,#2917,.F.);
#3702=ORIENTED_EDGE('',*,*,#2938,.F.);
#3703=ORIENTED_EDGE('',*,*,#2845,.F.);
#3704=ORIENTED_EDGE('',*,*,#2937,.F.);
#3705=ORIENTED_EDGE('',*,*,#2846,.F.);
#3706=ORIENTED_EDGE('',*,*,#2938,.T.);
#3707=ORIENTED_EDGE('',*,*,#2916,.F.);
#3708=ORIENTED_EDGE('',*,*,#2939,.T.);
#3709=ORIENTED_EDGE('',*,*,#2847,.F.);
#3710=ORIENTED_EDGE('',*,*,#2939,.F.);
#3711=ORIENTED_EDGE('',*,*,#2915,.T.);
#3712=ORIENTED_EDGE('',*,*,#2940,.F.);
#3713=ORIENTED_EDGE('',*,*,#2914,.F.);
#3714=ORIENTED_EDGE('',*,*,#2941,.T.);
#3715=ORIENTED_EDGE('',*,*,#2848,.F.);
#3716=ORIENTED_EDGE('',*,*,#2940,.T.);
#3717=ORIENTED_EDGE('',*,*,#2942,.T.);
#3718=ORIENTED_EDGE('',*,*,#2849,.F.);
#3719=ORIENTED_EDGE('',*,*,#2941,.F.);
#3720=ORIENTED_EDGE('',*,*,#2913,.T.);
#3721=ORIENTED_EDGE('',*,*,#2943,.T.);
#3722=ORIENTED_EDGE('',*,*,#2944,.T.);
#3723=ORIENTED_EDGE('',*,*,#2942,.F.);
#3724=ORIENTED_EDGE('',*,*,#2945,.T.);
#3725=ORIENTED_EDGE('',*,*,#2946,.T.);
#3726=ORIENTED_EDGE('',*,*,#2947,.T.);
#3727=ORIENTED_EDGE('',*,*,#2948,.T.);
#3728=ORIENTED_EDGE('',*,*,#2943,.F.);
#3729=ORIENTED_EDGE('',*,*,#2949,.T.);
#3730=ORIENTED_EDGE('',*,*,#2950,.T.);
#3731=ORIENTED_EDGE('',*,*,#2951,.T.);
#3732=ORIENTED_EDGE('',*,*,#2952,.T.);
#3733=ORIENTED_EDGE('',*,*,#2953,.F.);
#3734=ORIENTED_EDGE('',*,*,#2954,.T.);
#3735=ORIENTED_EDGE('',*,*,#2955,.F.);
#3736=ORIENTED_EDGE('',*,*,#2956,.T.);
#3737=ORIENTED_EDGE('',*,*,#2957,.T.);
#3738=ORIENTED_EDGE('',*,*,#2958,.T.);
#3739=ORIENTED_EDGE('',*,*,#2946,.F.);
#3740=ORIENTED_EDGE('',*,*,#2959,.F.);
#3741=ORIENTED_EDGE('',*,*,#2960,.F.);
#3742=ORIENTED_EDGE('',*,*,#2961,.F.);
#3743=ORIENTED_EDGE('',*,*,#2962,.T.);
#3744=ORIENTED_EDGE('',*,*,#2949,.F.);
#3745=ORIENTED_EDGE('',*,*,#2963,.T.);
#3746=ORIENTED_EDGE('',*,*,#2964,.F.);
#3747=ORIENTED_EDGE('',*,*,#2965,.T.);
#3748=ORIENTED_EDGE('',*,*,#2961,.T.);
#3749=ORIENTED_EDGE('',*,*,#2966,.F.);
#3750=ORIENTED_EDGE('',*,*,#2967,.F.);
#3751=ORIENTED_EDGE('',*,*,#2948,.F.);
#3752=ORIENTED_EDGE('',*,*,#2968,.T.);
#3753=ORIENTED_EDGE('',*,*,#2969,.F.);
#3754=ORIENTED_EDGE('',*,*,#2970,.T.);
#3755=ORIENTED_EDGE('',*,*,#2971,.F.);
#3756=ORIENTED_EDGE('',*,*,#2972,.T.);
#3757=ORIENTED_EDGE('',*,*,#2973,.F.);
#3758=ORIENTED_EDGE('',*,*,#2974,.T.);
#3759=ORIENTED_EDGE('',*,*,#2951,.F.);
#3760=ORIENTED_EDGE('',*,*,#2975,.F.);
#3761=ORIENTED_EDGE('',*,*,#2964,.T.);
#3762=ORIENTED_EDGE('',*,*,#2976,.F.);
#3763=ORIENTED_EDGE('',*,*,#2952,.F.);
#3764=ORIENTED_EDGE('',*,*,#2976,.T.);
#3765=ORIENTED_EDGE('',*,*,#2974,.F.);
#3766=ORIENTED_EDGE('',*,*,#2977,.F.);
#3767=ORIENTED_EDGE('',*,*,#2953,.T.);
#3768=ORIENTED_EDGE('',*,*,#2977,.T.);
#3769=ORIENTED_EDGE('',*,*,#2973,.T.);
#3770=ORIENTED_EDGE('',*,*,#2978,.T.);
#3771=ORIENTED_EDGE('',*,*,#2954,.F.);
#3772=ORIENTED_EDGE('',*,*,#2978,.F.);
#3773=ORIENTED_EDGE('',*,*,#2972,.F.);
#3774=ORIENTED_EDGE('',*,*,#2979,.F.);
#3775=ORIENTED_EDGE('',*,*,#2971,.T.);
#3776=ORIENTED_EDGE('',*,*,#2980,.T.);
#3777=ORIENTED_EDGE('',*,*,#2955,.T.);
#3778=ORIENTED_EDGE('',*,*,#2979,.T.);
#3779=ORIENTED_EDGE('',*,*,#2970,.F.);
#3780=ORIENTED_EDGE('',*,*,#2981,.T.);
#3781=ORIENTED_EDGE('',*,*,#2956,.F.);
#3782=ORIENTED_EDGE('',*,*,#2980,.F.);
#3783=ORIENTED_EDGE('',*,*,#2969,.T.);
#3784=ORIENTED_EDGE('',*,*,#2982,.F.);
#3785=ORIENTED_EDGE('',*,*,#2957,.F.);
#3786=ORIENTED_EDGE('',*,*,#2981,.F.);
#3787=ORIENTED_EDGE('',*,*,#2958,.F.);
#3788=ORIENTED_EDGE('',*,*,#2982,.T.);
#3789=ORIENTED_EDGE('',*,*,#2968,.F.);
#3790=ORIENTED_EDGE('',*,*,#2947,.F.);
#3791=ORIENTED_EDGE('',*,*,#2965,.F.);
#3792=ORIENTED_EDGE('',*,*,#2975,.T.);
#3793=ORIENTED_EDGE('',*,*,#2950,.F.);
#3794=ORIENTED_EDGE('',*,*,#2962,.F.);
#3795=ORIENTED_EDGE('',*,*,#2850,.T.);
#3796=ORIENTED_EDGE('',*,*,#2944,.F.);
#3797=ORIENTED_EDGE('',*,*,#2967,.T.);
#3798=ORIENTED_EDGE('',*,*,#2983,.F.);
#3799=ORIENTED_EDGE('',*,*,#2983,.T.);
#3800=ORIENTED_EDGE('',*,*,#2984,.F.);
#3801=ORIENTED_EDGE('',*,*,#2985,.T.);
#3802=ORIENTED_EDGE('',*,*,#2986,.T.);
#3803=ORIENTED_EDGE('',*,*,#2851,.F.);
#3804=ORIENTED_EDGE('',*,*,#2986,.F.);
#3805=ORIENTED_EDGE('',*,*,#2911,.T.);
#3806=ORIENTED_EDGE('',*,*,#2987,.T.);
#3807=ORIENTED_EDGE('',*,*,#2910,.F.);
#3808=ORIENTED_EDGE('',*,*,#2988,.F.);
#3809=ORIENTED_EDGE('',*,*,#2852,.F.);
#3810=ORIENTED_EDGE('',*,*,#2987,.F.);
#3811=ORIENTED_EDGE('',*,*,#2853,.F.);
#3812=ORIENTED_EDGE('',*,*,#2988,.T.);
#3813=ORIENTED_EDGE('',*,*,#2909,.F.);
#3814=ORIENTED_EDGE('',*,*,#2989,.T.);
#3815=ORIENTED_EDGE('',*,*,#2908,.T.);
#3816=ORIENTED_EDGE('',*,*,#2990,.F.);
#3817=ORIENTED_EDGE('',*,*,#2854,.F.);
#3818=ORIENTED_EDGE('',*,*,#2989,.F.);
#3819=ORIENTED_EDGE('',*,*,#2855,.F.);
#3820=ORIENTED_EDGE('',*,*,#2990,.T.);
#3821=ORIENTED_EDGE('',*,*,#2907,.F.);
#3822=ORIENTED_EDGE('',*,*,#2991,.T.);
#3823=ORIENTED_EDGE('',*,*,#2856,.F.);
#3824=ORIENTED_EDGE('',*,*,#2991,.F.);
#3825=ORIENTED_EDGE('',*,*,#2906,.F.);
#3826=ORIENTED_EDGE('',*,*,#2992,.T.);
#3827=ORIENTED_EDGE('',*,*,#2993,.T.);
#3828=ORIENTED_EDGE('',*,*,#2857,.F.);
#3829=ORIENTED_EDGE('',*,*,#2992,.F.);
#3830=ORIENTED_EDGE('',*,*,#2905,.T.);
#3831=ORIENTED_EDGE('',*,*,#2994,.T.);
#3832=ORIENTED_EDGE('',*,*,#2995,.T.);
#3833=ORIENTED_EDGE('',*,*,#2993,.F.);
#3834=ORIENTED_EDGE('',*,*,#2996,.T.);
#3835=ORIENTED_EDGE('',*,*,#2997,.T.);
#3836=ORIENTED_EDGE('',*,*,#2998,.T.);
#3837=ORIENTED_EDGE('',*,*,#2999,.T.);
#3838=ORIENTED_EDGE('',*,*,#2994,.F.);
#3839=ORIENTED_EDGE('',*,*,#3000,.T.);
#3840=ORIENTED_EDGE('',*,*,#3001,.T.);
#3841=ORIENTED_EDGE('',*,*,#3002,.F.);
#3842=ORIENTED_EDGE('',*,*,#2997,.F.);
#3843=ORIENTED_EDGE('',*,*,#3003,.F.);
#3844=ORIENTED_EDGE('',*,*,#3004,.F.);
#3845=ORIENTED_EDGE('',*,*,#3005,.T.);
#3846=ORIENTED_EDGE('',*,*,#3006,.T.);
#3847=ORIENTED_EDGE('',*,*,#3007,.T.);
#3848=ORIENTED_EDGE('',*,*,#3008,.F.);
#3849=ORIENTED_EDGE('',*,*,#3009,.F.);
#3850=ORIENTED_EDGE('',*,*,#3010,.F.);
#3851=ORIENTED_EDGE('',*,*,#3011,.T.);
#3852=ORIENTED_EDGE('',*,*,#3012,.T.);
#3853=ORIENTED_EDGE('',*,*,#3013,.F.);
#3854=ORIENTED_EDGE('',*,*,#3000,.F.);
#3855=ORIENTED_EDGE('',*,*,#3014,.F.);
#3856=ORIENTED_EDGE('',*,*,#3015,.T.);
#3857=ORIENTED_EDGE('',*,*,#3016,.T.);
#3858=ORIENTED_EDGE('',*,*,#3012,.F.);
#3859=ORIENTED_EDGE('',*,*,#3017,.T.);
#3860=ORIENTED_EDGE('',*,*,#3018,.F.);
#3861=ORIENTED_EDGE('',*,*,#3019,.T.);
#3862=ORIENTED_EDGE('',*,*,#3020,.F.);
#3863=ORIENTED_EDGE('',*,*,#3021,.T.);
#3864=ORIENTED_EDGE('',*,*,#3022,.F.);
#3865=ORIENTED_EDGE('',*,*,#3023,.T.);
#3866=ORIENTED_EDGE('',*,*,#3024,.F.);
#3867=ORIENTED_EDGE('',*,*,#3025,.F.);
#3868=ORIENTED_EDGE('',*,*,#2999,.F.);
#3869=ORIENTED_EDGE('',*,*,#3002,.T.);
#3870=ORIENTED_EDGE('',*,*,#3026,.T.);
#3871=ORIENTED_EDGE('',*,*,#3015,.F.);
#3872=ORIENTED_EDGE('',*,*,#2998,.F.);
#3873=ORIENTED_EDGE('',*,*,#3016,.F.);
#3874=ORIENTED_EDGE('',*,*,#3026,.F.);
#3875=ORIENTED_EDGE('',*,*,#3001,.F.);
#3876=ORIENTED_EDGE('',*,*,#3013,.T.);
#3877=ORIENTED_EDGE('',*,*,#2858,.T.);
#3878=ORIENTED_EDGE('',*,*,#2995,.F.);
#3879=ORIENTED_EDGE('',*,*,#3025,.T.);
#3880=ORIENTED_EDGE('',*,*,#3027,.F.);
#3881=ORIENTED_EDGE('',*,*,#3027,.T.);
#3882=ORIENTED_EDGE('',*,*,#3028,.F.);
#3883=ORIENTED_EDGE('',*,*,#3029,.T.);
#3884=ORIENTED_EDGE('',*,*,#3030,.T.);
#3885=ORIENTED_EDGE('',*,*,#2859,.F.);
#3886=ORIENTED_EDGE('',*,*,#3030,.F.);
#3887=ORIENTED_EDGE('',*,*,#2903,.T.);
#3888=ORIENTED_EDGE('',*,*,#3031,.F.);
#3889=ORIENTED_EDGE('',*,*,#2902,.F.);
#3890=ORIENTED_EDGE('',*,*,#3032,.T.);
#3891=ORIENTED_EDGE('',*,*,#2860,.F.);
#3892=ORIENTED_EDGE('',*,*,#3031,.T.);
#3893=ORIENTED_EDGE('',*,*,#2901,.T.);
#3894=ORIENTED_EDGE('',*,*,#3033,.F.);
#3895=ORIENTED_EDGE('',*,*,#2861,.F.);
#3896=ORIENTED_EDGE('',*,*,#3032,.F.);
#3897=ORIENTED_EDGE('',*,*,#2900,.F.);
#3898=ORIENTED_EDGE('',*,*,#3034,.T.);
#3899=ORIENTED_EDGE('',*,*,#2862,.F.);
#3900=ORIENTED_EDGE('',*,*,#3033,.T.);
#3901=ORIENTED_EDGE('',*,*,#2863,.F.);
#3902=ORIENTED_EDGE('',*,*,#3034,.F.);
#3903=ORIENTED_EDGE('',*,*,#2899,.F.);
#3904=ORIENTED_EDGE('',*,*,#3035,.F.);
#3905=ORIENTED_EDGE('',*,*,#2864,.F.);
#3906=ORIENTED_EDGE('',*,*,#3035,.T.);
#3907=ORIENTED_EDGE('',*,*,#2898,.F.);
#3908=ORIENTED_EDGE('',*,*,#3036,.T.);
#3909=ORIENTED_EDGE('',*,*,#2897,.T.);
#3910=ORIENTED_EDGE('',*,*,#3037,.F.);
#3911=ORIENTED_EDGE('',*,*,#2865,.F.);
#3912=ORIENTED_EDGE('',*,*,#3036,.F.);
#3913=ORIENTED_EDGE('',*,*,#2896,.F.);
#3914=ORIENTED_EDGE('',*,*,#3038,.T.);
#3915=ORIENTED_EDGE('',*,*,#2866,.F.);
#3916=ORIENTED_EDGE('',*,*,#3037,.T.);
#3917=ORIENTED_EDGE('',*,*,#2867,.F.);
#3918=ORIENTED_EDGE('',*,*,#3038,.F.);
#3919=ORIENTED_EDGE('',*,*,#2895,.F.);
#3920=ORIENTED_EDGE('',*,*,#3039,.F.);
#3921=ORIENTED_EDGE('',*,*,#2894,.F.);
#3922=ORIENTED_EDGE('',*,*,#3040,.T.);
#3923=ORIENTED_EDGE('',*,*,#2868,.F.);
#3924=ORIENTED_EDGE('',*,*,#3039,.T.);
#3925=ORIENTED_EDGE('',*,*,#2893,.T.);
#3926=ORIENTED_EDGE('',*,*,#3041,.F.);
#3927=ORIENTED_EDGE('',*,*,#2869,.T.);
#3928=ORIENTED_EDGE('',*,*,#3040,.F.);
#3929=ORIENTED_EDGE('',*,*,#2892,.F.);
#3930=ORIENTED_EDGE('',*,*,#2889,.T.);
#3931=ORIENTED_EDGE('',*,*,#2870,.F.);
#3932=ORIENTED_EDGE('',*,*,#3041,.T.);
#3933=ORIENTED_EDGE('',*,*,#2904,.T.);
#3934=ORIENTED_EDGE('',*,*,#3029,.F.);
#3935=ORIENTED_EDGE('',*,*,#3003,.T.);
#3936=ORIENTED_EDGE('',*,*,#2996,.F.);
#3937=ORIENTED_EDGE('',*,*,#3024,.T.);
#3938=ORIENTED_EDGE('',*,*,#3042,.T.);
#3939=ORIENTED_EDGE('',*,*,#3004,.T.);
#3940=ORIENTED_EDGE('',*,*,#3028,.T.);
#3941=ORIENTED_EDGE('',*,*,#3005,.F.);
#3942=ORIENTED_EDGE('',*,*,#3042,.F.);
#3943=ORIENTED_EDGE('',*,*,#3023,.F.);
#3944=ORIENTED_EDGE('',*,*,#3043,.T.);
#3945=ORIENTED_EDGE('',*,*,#3006,.F.);
#3946=ORIENTED_EDGE('',*,*,#3043,.F.);
#3947=ORIENTED_EDGE('',*,*,#3022,.T.);
#3948=ORIENTED_EDGE('',*,*,#3044,.F.);
#3949=ORIENTED_EDGE('',*,*,#3007,.F.);
#3950=ORIENTED_EDGE('',*,*,#3044,.T.);
#3951=ORIENTED_EDGE('',*,*,#3021,.F.);
#3952=ORIENTED_EDGE('',*,*,#3045,.F.);
#3953=ORIENTED_EDGE('',*,*,#3008,.T.);
#3954=ORIENTED_EDGE('',*,*,#3045,.T.);
#3955=ORIENTED_EDGE('',*,*,#3020,.T.);
#3956=ORIENTED_EDGE('',*,*,#3046,.T.);
#3957=ORIENTED_EDGE('',*,*,#3046,.F.);
#3958=ORIENTED_EDGE('',*,*,#3019,.F.);
#3959=ORIENTED_EDGE('',*,*,#3047,.F.);
#3960=ORIENTED_EDGE('',*,*,#3009,.T.);
#3961=ORIENTED_EDGE('',*,*,#3018,.T.);
#3962=ORIENTED_EDGE('',*,*,#3048,.T.);
#3963=ORIENTED_EDGE('',*,*,#3010,.T.);
#3964=ORIENTED_EDGE('',*,*,#3047,.T.);
#3965=ORIENTED_EDGE('',*,*,#3017,.F.);
#3966=ORIENTED_EDGE('',*,*,#3014,.T.);
#3967=ORIENTED_EDGE('',*,*,#3011,.F.);
#3968=ORIENTED_EDGE('',*,*,#3048,.F.);
#3969=ORIENTED_EDGE('',*,*,#2912,.T.);
#3970=ORIENTED_EDGE('',*,*,#2985,.F.);
#3971=ORIENTED_EDGE('',*,*,#2959,.T.);
#3972=ORIENTED_EDGE('',*,*,#2945,.F.);
#3973=ORIENTED_EDGE('',*,*,#2963,.F.);
#3974=ORIENTED_EDGE('',*,*,#2960,.T.);
#3975=ORIENTED_EDGE('',*,*,#2984,.T.);
#3976=ORIENTED_EDGE('',*,*,#2966,.T.);
#3977=ORIENTED_EDGE('',*,*,#2842,.F.);
#3978=ORIENTED_EDGE('',*,*,#2888,.T.);
#3979=ORIENTED_EDGE('',*,*,#2891,.F.);
#3980=ORIENTED_EDGE('',*,*,#2935,.T.);
#3981=ORIENTED_EDGE('',*,*,#2919,.F.);
#3982=ORIENTED_EDGE('',*,*,#3049,.T.);
#3983=ORIENTED_EDGE('',*,*,#3050,.F.);
#3984=ORIENTED_EDGE('',*,*,#3049,.F.);
#3985=ORIENTED_EDGE('',*,*,#3050,.T.);
#3986=ORIENTED_EDGE('',*,*,#3051,.T.);
#3987=ORIENTED_EDGE('',*,*,#3051,.F.);
#3988=ORIENTED_EDGE('',*,*,#3052,.T.);
#3989=ORIENTED_EDGE('',*,*,#2886,.F.);
#3990=ORIENTED_EDGE('',*,*,#3052,.F.);
#3991=ORIENTED_EDGE('',*,*,#2885,.F.);
#3992=ORIENTED_EDGE('',*,*,#3053,.T.);
#3993=ORIENTED_EDGE('',*,*,#2920,.F.);
#3994=ORIENTED_EDGE('',*,*,#3053,.F.);
#3995=ORIENTED_EDGE('',*,*,#2884,.F.);
#3996=ORIENTED_EDGE('',*,*,#3054,.T.);
#3997=ORIENTED_EDGE('',*,*,#2921,.F.);
#3998=ORIENTED_EDGE('',*,*,#3054,.F.);
#3999=ORIENTED_EDGE('',*,*,#2880,.T.);
#4000=ORIENTED_EDGE('',*,*,#3055,.F.);
#4001=ORIENTED_EDGE('',*,*,#2922,.F.);
#4002=ORIENTED_EDGE('',*,*,#3056,.F.);
#4003=ORIENTED_EDGE('',*,*,#2881,.F.);
#4004=ORIENTED_EDGE('',*,*,#3056,.T.);
#4005=ORIENTED_EDGE('',*,*,#2929,.F.);
#4006=ORIENTED_EDGE('',*,*,#3057,.T.);
#4007=ORIENTED_EDGE('',*,*,#2928,.F.);
#4008=ORIENTED_EDGE('',*,*,#3058,.F.);
#4009=ORIENTED_EDGE('',*,*,#2882,.T.);
#4010=ORIENTED_EDGE('',*,*,#3057,.F.);
#4011=ORIENTED_EDGE('',*,*,#2883,.F.);
#4012=ORIENTED_EDGE('',*,*,#3058,.T.);
#4013=ORIENTED_EDGE('',*,*,#2927,.F.);
#4014=ORIENTED_EDGE('',*,*,#3059,.T.);
#4015=ORIENTED_EDGE('',*,*,#2876,.T.);
#4016=ORIENTED_EDGE('',*,*,#3059,.F.);
#4017=ORIENTED_EDGE('',*,*,#2926,.F.);
#4018=ORIENTED_EDGE('',*,*,#3060,.F.);
#4019=ORIENTED_EDGE('',*,*,#2877,.F.);
#4020=ORIENTED_EDGE('',*,*,#3060,.T.);
#4021=ORIENTED_EDGE('',*,*,#2925,.F.);
#4022=ORIENTED_EDGE('',*,*,#3061,.T.);
#4023=ORIENTED_EDGE('',*,*,#2878,.T.);
#4024=ORIENTED_EDGE('',*,*,#3061,.F.);
#4025=ORIENTED_EDGE('',*,*,#2924,.F.);
#4026=ORIENTED_EDGE('',*,*,#3062,.F.);
#4027=ORIENTED_EDGE('',*,*,#2879,.F.);
#4028=ORIENTED_EDGE('',*,*,#3062,.T.);
#4029=ORIENTED_EDGE('',*,*,#2923,.F.);
#4030=ORIENTED_EDGE('',*,*,#3055,.T.);
#4031=ORIENTED_EDGE('',*,*,#2930,.F.);
#4032=ORIENTED_EDGE('',*,*,#3063,.T.);
#4033=ORIENTED_EDGE('',*,*,#3064,.F.);
#4034=ORIENTED_EDGE('',*,*,#3063,.F.);
#4035=ORIENTED_EDGE('',*,*,#3064,.T.);
#4036=ORIENTED_EDGE('',*,*,#3065,.T.);
#4037=ORIENTED_EDGE('',*,*,#3065,.F.);
#4038=ORIENTED_EDGE('',*,*,#3066,.T.);
#4039=ORIENTED_EDGE('',*,*,#2875,.F.);
#4040=ORIENTED_EDGE('',*,*,#3066,.F.);
#4041=ORIENTED_EDGE('',*,*,#2931,.F.);
#4042=ORIENTED_EDGE('',*,*,#3067,.T.);
#4043=ORIENTED_EDGE('',*,*,#3068,.F.);
#4044=ORIENTED_EDGE('',*,*,#3067,.F.);
#4045=ORIENTED_EDGE('',*,*,#3068,.T.);
#4046=ORIENTED_EDGE('',*,*,#3069,.T.);
#4047=ORIENTED_EDGE('',*,*,#3069,.F.);
#4048=ORIENTED_EDGE('',*,*,#3070,.T.);
#4049=ORIENTED_EDGE('',*,*,#2874,.F.);
#4050=ORIENTED_EDGE('',*,*,#3070,.F.);
#4051=ORIENTED_EDGE('',*,*,#2873,.F.);
#4052=ORIENTED_EDGE('',*,*,#3071,.T.);
#4053=ORIENTED_EDGE('',*,*,#2932,.F.);
#4054=ORIENTED_EDGE('',*,*,#3071,.F.);
#4055=ORIENTED_EDGE('',*,*,#2872,.F.);
#4056=ORIENTED_EDGE('',*,*,#3072,.T.);
#4057=ORIENTED_EDGE('',*,*,#2933,.F.);
#4058=ORIENTED_EDGE('',*,*,#3072,.F.);
#4059=ORIENTED_EDGE('',*,*,#2871,.F.);
#4060=ORIENTED_EDGE('',*,*,#3073,.T.);
#4061=ORIENTED_EDGE('',*,*,#2934,.F.);
#4062=ORIENTED_EDGE('',*,*,#3073,.F.);
#4063=ORIENTED_EDGE('',*,*,#3074,.T.);
#4064=ORIENTED_EDGE('',*,*,#3075,.T.);
#4065=ORIENTED_EDGE('',*,*,#3076,.F.);
#4066=ORIENTED_EDGE('',*,*,#3077,.F.);
#4067=ORIENTED_EDGE('',*,*,#3078,.F.);
#4068=ORIENTED_EDGE('',*,*,#3079,.T.);
#4069=ORIENTED_EDGE('',*,*,#3080,.F.);
#4070=ORIENTED_EDGE('',*,*,#3081,.F.);
#4071=ORIENTED_EDGE('',*,*,#3082,.F.);
#4072=ORIENTED_EDGE('',*,*,#3083,.T.);
#4073=ORIENTED_EDGE('',*,*,#3084,.F.);
#4074=ORIENTED_EDGE('',*,*,#3079,.F.);
#4075=ORIENTED_EDGE('',*,*,#3085,.F.);
#4076=ORIENTED_EDGE('',*,*,#3086,.T.);
#4077=ORIENTED_EDGE('',*,*,#3087,.F.);
#4078=ORIENTED_EDGE('',*,*,#3083,.F.);
#4079=ORIENTED_EDGE('',*,*,#3088,.T.);
#4080=ORIENTED_EDGE('',*,*,#3089,.F.);
#4081=ORIENTED_EDGE('',*,*,#3086,.F.);
#4082=ORIENTED_EDGE('',*,*,#3090,.F.);
#4083=ORIENTED_EDGE('',*,*,#3074,.F.);
#4084=ORIENTED_EDGE('',*,*,#3091,.F.);
#4085=ORIENTED_EDGE('',*,*,#3081,.T.);
#4086=ORIENTED_EDGE('',*,*,#3092,.F.);
#4087=ORIENTED_EDGE('',*,*,#3093,.F.);
#4088=ORIENTED_EDGE('',*,*,#3076,.T.);
#4089=ORIENTED_EDGE('',*,*,#3075,.F.);
#4090=ORIENTED_EDGE('',*,*,#3090,.T.);
#4091=ORIENTED_EDGE('',*,*,#3085,.T.);
#4092=ORIENTED_EDGE('',*,*,#3082,.T.);
#4093=ORIENTED_EDGE('',*,*,#3078,.T.);
#4094=ORIENTED_EDGE('',*,*,#3091,.T.);
#4095=ORIENTED_EDGE('',*,*,#3094,.F.);
#4096=ORIENTED_EDGE('',*,*,#3095,.F.);
#4097=ORIENTED_EDGE('',*,*,#3096,.F.);
#4098=ORIENTED_EDGE('',*,*,#3097,.F.);
#4099=ORIENTED_EDGE('',*,*,#3098,.F.);
#4100=ORIENTED_EDGE('',*,*,#3099,.F.);
#4101=ORIENTED_EDGE('',*,*,#3100,.F.);
#4102=ORIENTED_EDGE('',*,*,#3101,.F.);
#4103=ORIENTED_EDGE('',*,*,#3102,.F.);
#4104=ORIENTED_EDGE('',*,*,#3103,.F.);
#4105=ORIENTED_EDGE('',*,*,#3104,.F.);
#4106=ORIENTED_EDGE('',*,*,#3105,.F.);
#4107=ORIENTED_EDGE('',*,*,#3106,.F.);
#4108=ORIENTED_EDGE('',*,*,#3107,.F.);
#4109=ORIENTED_EDGE('',*,*,#3108,.F.);
#4110=ORIENTED_EDGE('',*,*,#3109,.F.);
#4111=ORIENTED_EDGE('',*,*,#3110,.F.);
#4112=ORIENTED_EDGE('',*,*,#3111,.F.);
#4113=ORIENTED_EDGE('',*,*,#3094,.T.);
#4114=ORIENTED_EDGE('',*,*,#3112,.T.);
#4115=ORIENTED_EDGE('',*,*,#3113,.T.);
#4116=ORIENTED_EDGE('',*,*,#3114,.F.);
#4117=ORIENTED_EDGE('',*,*,#3099,.T.);
#4118=ORIENTED_EDGE('',*,*,#3115,.T.);
#4119=ORIENTED_EDGE('',*,*,#3116,.T.);
#4120=ORIENTED_EDGE('',*,*,#3112,.F.);
#4121=ORIENTED_EDGE('',*,*,#3117,.T.);
#4122=ORIENTED_EDGE('',*,*,#3115,.F.);
#4123=ORIENTED_EDGE('',*,*,#3098,.T.);
#4124=ORIENTED_EDGE('',*,*,#3118,.T.);
#4125=ORIENTED_EDGE('',*,*,#3119,.T.);
#4126=ORIENTED_EDGE('',*,*,#3118,.F.);
#4127=ORIENTED_EDGE('',*,*,#3097,.T.);
#4128=ORIENTED_EDGE('',*,*,#3120,.T.);
#4129=ORIENTED_EDGE('',*,*,#3121,.T.);
#4130=ORIENTED_EDGE('',*,*,#3120,.F.);
#4131=ORIENTED_EDGE('',*,*,#3096,.T.);
#4132=ORIENTED_EDGE('',*,*,#3122,.T.);
#4133=ORIENTED_EDGE('',*,*,#3123,.T.);
#4134=ORIENTED_EDGE('',*,*,#3122,.F.);
#4135=ORIENTED_EDGE('',*,*,#3095,.T.);
#4136=ORIENTED_EDGE('',*,*,#3114,.T.);
#4137=ORIENTED_EDGE('',*,*,#3121,.F.);
#4138=ORIENTED_EDGE('',*,*,#3124,.T.);
#4139=ORIENTED_EDGE('',*,*,#3125,.T.);
#4140=ORIENTED_EDGE('',*,*,#3126,.F.);
#4141=ORIENTED_EDGE('',*,*,#3123,.F.);
#4142=ORIENTED_EDGE('',*,*,#3127,.T.);
#4143=ORIENTED_EDGE('',*,*,#3128,.T.);
#4144=ORIENTED_EDGE('',*,*,#3124,.F.);
#4145=ORIENTED_EDGE('',*,*,#3113,.F.);
#4146=ORIENTED_EDGE('',*,*,#3129,.T.);
#4147=ORIENTED_EDGE('',*,*,#3130,.T.);
#4148=ORIENTED_EDGE('',*,*,#3127,.F.);
#4149=ORIENTED_EDGE('',*,*,#3106,.T.);
#4150=ORIENTED_EDGE('',*,*,#3131,.T.);
#4151=ORIENTED_EDGE('',*,*,#3132,.T.);
#4152=ORIENTED_EDGE('',*,*,#3133,.F.);
#4153=ORIENTED_EDGE('',*,*,#3111,.T.);
#4154=ORIENTED_EDGE('',*,*,#3134,.T.);
#4155=ORIENTED_EDGE('',*,*,#3135,.T.);
#4156=ORIENTED_EDGE('',*,*,#3131,.F.);
#4157=ORIENTED_EDGE('',*,*,#3136,.T.);
#4158=ORIENTED_EDGE('',*,*,#3134,.F.);
#4159=ORIENTED_EDGE('',*,*,#3110,.T.);
#4160=ORIENTED_EDGE('',*,*,#3137,.T.);
#4161=ORIENTED_EDGE('',*,*,#3138,.T.);
#4162=ORIENTED_EDGE('',*,*,#3137,.F.);
#4163=ORIENTED_EDGE('',*,*,#3109,.T.);
#4164=ORIENTED_EDGE('',*,*,#3139,.T.);
#4165=ORIENTED_EDGE('',*,*,#3140,.T.);
#4166=ORIENTED_EDGE('',*,*,#3139,.F.);
#4167=ORIENTED_EDGE('',*,*,#3108,.T.);
#4168=ORIENTED_EDGE('',*,*,#3141,.T.);
#4169=ORIENTED_EDGE('',*,*,#3142,.T.);
#4170=ORIENTED_EDGE('',*,*,#3141,.F.);
#4171=ORIENTED_EDGE('',*,*,#3107,.T.);
#4172=ORIENTED_EDGE('',*,*,#3133,.T.);
#4173=ORIENTED_EDGE('',*,*,#3140,.F.);
#4174=ORIENTED_EDGE('',*,*,#3143,.T.);
#4175=ORIENTED_EDGE('',*,*,#3144,.T.);
#4176=ORIENTED_EDGE('',*,*,#3145,.F.);
#4177=ORIENTED_EDGE('',*,*,#3142,.F.);
#4178=ORIENTED_EDGE('',*,*,#3146,.T.);
#4179=ORIENTED_EDGE('',*,*,#3147,.T.);
#4180=ORIENTED_EDGE('',*,*,#3143,.F.);
#4181=ORIENTED_EDGE('',*,*,#3132,.F.);
#4182=ORIENTED_EDGE('',*,*,#3148,.T.);
#4183=ORIENTED_EDGE('',*,*,#3149,.T.);
#4184=ORIENTED_EDGE('',*,*,#3146,.F.);
#4185=ORIENTED_EDGE('',*,*,#3100,.T.);
#4186=ORIENTED_EDGE('',*,*,#3150,.T.);
#4187=ORIENTED_EDGE('',*,*,#3151,.T.);
#4188=ORIENTED_EDGE('',*,*,#3152,.F.);
#4189=ORIENTED_EDGE('',*,*,#3105,.T.);
#4190=ORIENTED_EDGE('',*,*,#3153,.T.);
#4191=ORIENTED_EDGE('',*,*,#3154,.T.);
#4192=ORIENTED_EDGE('',*,*,#3150,.F.);
#4193=ORIENTED_EDGE('',*,*,#3155,.T.);
#4194=ORIENTED_EDGE('',*,*,#3153,.F.);
#4195=ORIENTED_EDGE('',*,*,#3104,.T.);
#4196=ORIENTED_EDGE('',*,*,#3156,.T.);
#4197=ORIENTED_EDGE('',*,*,#3157,.T.);
#4198=ORIENTED_EDGE('',*,*,#3156,.F.);
#4199=ORIENTED_EDGE('',*,*,#3103,.T.);
#4200=ORIENTED_EDGE('',*,*,#3158,.T.);
#4201=ORIENTED_EDGE('',*,*,#3159,.T.);
#4202=ORIENTED_EDGE('',*,*,#3158,.F.);
#4203=ORIENTED_EDGE('',*,*,#3102,.T.);
#4204=ORIENTED_EDGE('',*,*,#3160,.T.);
#4205=ORIENTED_EDGE('',*,*,#3161,.T.);
#4206=ORIENTED_EDGE('',*,*,#3160,.F.);
#4207=ORIENTED_EDGE('',*,*,#3101,.T.);
#4208=ORIENTED_EDGE('',*,*,#3152,.T.);
#4209=ORIENTED_EDGE('',*,*,#3159,.F.);
#4210=ORIENTED_EDGE('',*,*,#3162,.T.);
#4211=ORIENTED_EDGE('',*,*,#3163,.T.);
#4212=ORIENTED_EDGE('',*,*,#3164,.F.);
#4213=ORIENTED_EDGE('',*,*,#3161,.F.);
#4214=ORIENTED_EDGE('',*,*,#3165,.T.);
#4215=ORIENTED_EDGE('',*,*,#3166,.T.);
#4216=ORIENTED_EDGE('',*,*,#3162,.F.);
#4217=ORIENTED_EDGE('',*,*,#3151,.F.);
#4218=ORIENTED_EDGE('',*,*,#3167,.T.);
#4219=ORIENTED_EDGE('',*,*,#3168,.T.);
#4220=ORIENTED_EDGE('',*,*,#3165,.F.);
#4221=ORIENTED_EDGE('',*,*,#3169,.F.);
#4222=ORIENTED_EDGE('',*,*,#3170,.T.);
#4223=ORIENTED_EDGE('',*,*,#3171,.F.);
#4224=ORIENTED_EDGE('',*,*,#3172,.T.);
#4225=ORIENTED_EDGE('',*,*,#3173,.T.);
#4226=ORIENTED_EDGE('',*,*,#3174,.F.);
#4227=ORIENTED_EDGE('',*,*,#3175,.T.);
#4228=ORIENTED_EDGE('',*,*,#3176,.T.);
#4229=ORIENTED_EDGE('',*,*,#3177,.T.);
#4230=ORIENTED_EDGE('',*,*,#3178,.T.);
#4231=ORIENTED_EDGE('',*,*,#3179,.T.);
#4232=ORIENTED_EDGE('',*,*,#3180,.T.);
#4233=ORIENTED_EDGE('',*,*,#3181,.T.);
#4234=ORIENTED_EDGE('',*,*,#3182,.F.);
#4235=ORIENTED_EDGE('',*,*,#3183,.F.);
#4236=ORIENTED_EDGE('',*,*,#3184,.T.);
#4237=ORIENTED_EDGE('',*,*,#3185,.T.);
#4238=ORIENTED_EDGE('',*,*,#3077,.T.);
#4239=ORIENTED_EDGE('',*,*,#3186,.T.);
#4240=ORIENTED_EDGE('',*,*,#3187,.F.);
#4241=ORIENTED_EDGE('',*,*,#3188,.F.);
#4242=ORIENTED_EDGE('',*,*,#3189,.F.);
#4243=ORIENTED_EDGE('',*,*,#3190,.F.);
#4244=ORIENTED_EDGE('',*,*,#3191,.F.);
#4245=ORIENTED_EDGE('',*,*,#3192,.F.);
#4246=ORIENTED_EDGE('',*,*,#3193,.T.);
#4247=ORIENTED_EDGE('',*,*,#3194,.F.);
#4248=ORIENTED_EDGE('',*,*,#3195,.T.);
#4249=ORIENTED_EDGE('',*,*,#3196,.F.);
#4250=ORIENTED_EDGE('',*,*,#3197,.T.);
#4251=ORIENTED_EDGE('',*,*,#3198,.F.);
#4252=ORIENTED_EDGE('',*,*,#3199,.T.);
#4253=ORIENTED_EDGE('',*,*,#3200,.F.);
#4254=ORIENTED_EDGE('',*,*,#3201,.T.);
#4255=ORIENTED_EDGE('',*,*,#3202,.F.);
#4256=ORIENTED_EDGE('',*,*,#3203,.T.);
#4257=ORIENTED_EDGE('',*,*,#3204,.F.);
#4258=ORIENTED_EDGE('',*,*,#3205,.T.);
#4259=ORIENTED_EDGE('',*,*,#3206,.T.);
#4260=ORIENTED_EDGE('',*,*,#3207,.T.);
#4261=ORIENTED_EDGE('',*,*,#3208,.T.);
#4262=ORIENTED_EDGE('',*,*,#3209,.T.);
#4263=ORIENTED_EDGE('',*,*,#3210,.F.);
#4264=ORIENTED_EDGE('',*,*,#3211,.F.);
#4265=ORIENTED_EDGE('',*,*,#3212,.F.);
#4266=ORIENTED_EDGE('',*,*,#3213,.F.);
#4267=ORIENTED_EDGE('',*,*,#3214,.F.);
#4268=ORIENTED_EDGE('',*,*,#3215,.F.);
#4269=ORIENTED_EDGE('',*,*,#3216,.F.);
#4270=ORIENTED_EDGE('',*,*,#3217,.F.);
#4271=ORIENTED_EDGE('',*,*,#3218,.F.);
#4272=ORIENTED_EDGE('',*,*,#3219,.F.);
#4273=ORIENTED_EDGE('',*,*,#3220,.F.);
#4274=ORIENTED_EDGE('',*,*,#3221,.F.);
#4275=ORIENTED_EDGE('',*,*,#3222,.F.);
#4276=ORIENTED_EDGE('',*,*,#3223,.F.);
#4277=ORIENTED_EDGE('',*,*,#3224,.T.);
#4278=ORIENTED_EDGE('',*,*,#3225,.T.);
#4279=ORIENTED_EDGE('',*,*,#3226,.T.);
#4280=ORIENTED_EDGE('',*,*,#3227,.T.);
#4281=ORIENTED_EDGE('',*,*,#3154,.F.);
#4282=ORIENTED_EDGE('',*,*,#3228,.T.);
#4283=ORIENTED_EDGE('',*,*,#3229,.T.);
#4284=ORIENTED_EDGE('',*,*,#3167,.F.);
#4285=ORIENTED_EDGE('',*,*,#3155,.F.);
#4286=ORIENTED_EDGE('',*,*,#3230,.T.);
#4287=ORIENTED_EDGE('',*,*,#3231,.T.);
#4288=ORIENTED_EDGE('',*,*,#3228,.F.);
#4289=ORIENTED_EDGE('',*,*,#3157,.F.);
#4290=ORIENTED_EDGE('',*,*,#3164,.T.);
#4291=ORIENTED_EDGE('',*,*,#3232,.T.);
#4292=ORIENTED_EDGE('',*,*,#3230,.F.);
#4293=ORIENTED_EDGE('',*,*,#3232,.F.);
#4294=ORIENTED_EDGE('',*,*,#3163,.F.);
#4295=ORIENTED_EDGE('',*,*,#3166,.F.);
#4296=ORIENTED_EDGE('',*,*,#3168,.F.);
#4297=ORIENTED_EDGE('',*,*,#3229,.F.);
#4298=ORIENTED_EDGE('',*,*,#3231,.F.);
#4299=ORIENTED_EDGE('',*,*,#3233,.F.);
#4300=ORIENTED_EDGE('',*,*,#3135,.F.);
#4301=ORIENTED_EDGE('',*,*,#3234,.T.);
#4302=ORIENTED_EDGE('',*,*,#3235,.T.);
#4303=ORIENTED_EDGE('',*,*,#3148,.F.);
#4304=ORIENTED_EDGE('',*,*,#3136,.F.);
#4305=ORIENTED_EDGE('',*,*,#3236,.T.);
#4306=ORIENTED_EDGE('',*,*,#3237,.T.);
#4307=ORIENTED_EDGE('',*,*,#3234,.F.);
#4308=ORIENTED_EDGE('',*,*,#3138,.F.);
#4309=ORIENTED_EDGE('',*,*,#3145,.T.);
#4310=ORIENTED_EDGE('',*,*,#3238,.T.);
#4311=ORIENTED_EDGE('',*,*,#3236,.F.);
#4312=ORIENTED_EDGE('',*,*,#3238,.F.);
#4313=ORIENTED_EDGE('',*,*,#3144,.F.);
#4314=ORIENTED_EDGE('',*,*,#3147,.F.);
#4315=ORIENTED_EDGE('',*,*,#3149,.F.);
#4316=ORIENTED_EDGE('',*,*,#3235,.F.);
#4317=ORIENTED_EDGE('',*,*,#3237,.F.);
#4318=ORIENTED_EDGE('',*,*,#3239,.F.);
#4319=ORIENTED_EDGE('',*,*,#3116,.F.);
#4320=ORIENTED_EDGE('',*,*,#3240,.T.);
#4321=ORIENTED_EDGE('',*,*,#3241,.T.);
#4322=ORIENTED_EDGE('',*,*,#3129,.F.);
#4323=ORIENTED_EDGE('',*,*,#3117,.F.);
#4324=ORIENTED_EDGE('',*,*,#3242,.T.);
#4325=ORIENTED_EDGE('',*,*,#3243,.T.);
#4326=ORIENTED_EDGE('',*,*,#3240,.F.);
#4327=ORIENTED_EDGE('',*,*,#3119,.F.);
#4328=ORIENTED_EDGE('',*,*,#3126,.T.);
#4329=ORIENTED_EDGE('',*,*,#3244,.T.);
#4330=ORIENTED_EDGE('',*,*,#3242,.F.);
#4331=ORIENTED_EDGE('',*,*,#3244,.F.);
#4332=ORIENTED_EDGE('',*,*,#3125,.F.);
#4333=ORIENTED_EDGE('',*,*,#3128,.F.);
#4334=ORIENTED_EDGE('',*,*,#3130,.F.);
#4335=ORIENTED_EDGE('',*,*,#3241,.F.);
#4336=ORIENTED_EDGE('',*,*,#3243,.F.);
#4337=ORIENTED_EDGE('',*,*,#3245,.F.);
#4338=ORIENTED_EDGE('',*,*,#3169,.T.);
#4339=ORIENTED_EDGE('',*,*,#3093,.T.);
#4340=ORIENTED_EDGE('',*,*,#3246,.F.);
#4341=ORIENTED_EDGE('',*,*,#3247,.T.);
#4342=ORIENTED_EDGE('',*,*,#3248,.T.);
#4343=ORIENTED_EDGE('',*,*,#3088,.F.);
#4344=ORIENTED_EDGE('',*,*,#3185,.F.);
#4345=ORIENTED_EDGE('',*,*,#3249,.T.);
#4346=ORIENTED_EDGE('',*,*,#3250,.F.);
#4347=ORIENTED_EDGE('',*,*,#3251,.T.);
#4348=ORIENTED_EDGE('',*,*,#3239,.T.);
#4349=ORIENTED_EDGE('',*,*,#3251,.F.);
#4350=ORIENTED_EDGE('',*,*,#3252,.F.);
#4351=ORIENTED_EDGE('',*,*,#3253,.T.);
#4352=ORIENTED_EDGE('',*,*,#3245,.T.);
#4353=ORIENTED_EDGE('',*,*,#3253,.F.);
#4354=ORIENTED_EDGE('',*,*,#3254,.F.);
#4355=ORIENTED_EDGE('',*,*,#3255,.T.);
#4356=ORIENTED_EDGE('',*,*,#3233,.T.);
#4357=ORIENTED_EDGE('',*,*,#3255,.F.);
#4358=ORIENTED_EDGE('',*,*,#3249,.F.);
#4359=ORIENTED_EDGE('',*,*,#3184,.F.);
#4360=ORIENTED_EDGE('',*,*,#3256,.F.);
#4361=ORIENTED_EDGE('',*,*,#3257,.F.);
#4362=ORIENTED_EDGE('',*,*,#3258,.T.);
#4363=ORIENTED_EDGE('',*,*,#3259,.F.);
#4364=ORIENTED_EDGE('',*,*,#3260,.T.);
#4365=ORIENTED_EDGE('',*,*,#3261,.F.);
#4366=ORIENTED_EDGE('',*,*,#3262,.F.);
#4367=ORIENTED_EDGE('',*,*,#3263,.T.);
#4368=ORIENTED_EDGE('',*,*,#3264,.T.);
#4369=ORIENTED_EDGE('',*,*,#3265,.T.);
#4370=ORIENTED_EDGE('',*,*,#3266,.T.);
#4371=ORIENTED_EDGE('',*,*,#3263,.F.);
#4372=ORIENTED_EDGE('',*,*,#3267,.F.);
#4373=ORIENTED_EDGE('',*,*,#3268,.F.);
#4374=ORIENTED_EDGE('',*,*,#3269,.T.);
#4375=ORIENTED_EDGE('',*,*,#3259,.T.);
#4376=ORIENTED_EDGE('',*,*,#3270,.T.);
#4377=ORIENTED_EDGE('',*,*,#3257,.T.);
#4378=ORIENTED_EDGE('',*,*,#3270,.F.);
#4379=ORIENTED_EDGE('',*,*,#3258,.F.);
#4380=ORIENTED_EDGE('',*,*,#3269,.F.);
#4381=ORIENTED_EDGE('',*,*,#3271,.F.);
#4382=ORIENTED_EDGE('',*,*,#3272,.F.);
#4383=ORIENTED_EDGE('',*,*,#3260,.F.);
#4384=ORIENTED_EDGE('',*,*,#3265,.F.);
#4385=ORIENTED_EDGE('',*,*,#3273,.F.);
#4386=ORIENTED_EDGE('',*,*,#3274,.F.);
#4387=ORIENTED_EDGE('',*,*,#3275,.F.);
#4388=ORIENTED_EDGE('',*,*,#3271,.T.);
#4389=ORIENTED_EDGE('',*,*,#3268,.T.);
#4390=ORIENTED_EDGE('',*,*,#3256,.T.);
#4391=ORIENTED_EDGE('',*,*,#3183,.T.);
#4392=ORIENTED_EDGE('',*,*,#3276,.T.);
#4393=ORIENTED_EDGE('',*,*,#3277,.T.);
#4394=ORIENTED_EDGE('',*,*,#3278,.T.);
#4395=ORIENTED_EDGE('',*,*,#3266,.F.);
#4396=ORIENTED_EDGE('',*,*,#3275,.T.);
#4397=ORIENTED_EDGE('',*,*,#3279,.T.);
#4398=ORIENTED_EDGE('',*,*,#3280,.T.);
#4399=ORIENTED_EDGE('',*,*,#3171,.T.);
#4400=ORIENTED_EDGE('',*,*,#3226,.F.);
#4401=ORIENTED_EDGE('',*,*,#3281,.T.);
#4402=ORIENTED_EDGE('',*,*,#3282,.T.);
#4403=ORIENTED_EDGE('',*,*,#3281,.F.);
#4404=ORIENTED_EDGE('',*,*,#3282,.F.);
#4405=ORIENTED_EDGE('',*,*,#3283,.F.);
#4406=ORIENTED_EDGE('',*,*,#3225,.F.);
#4407=ORIENTED_EDGE('',*,*,#3284,.T.);
#4408=ORIENTED_EDGE('',*,*,#3285,.T.);
#4409=ORIENTED_EDGE('',*,*,#3284,.F.);
#4410=ORIENTED_EDGE('',*,*,#3285,.F.);
#4411=ORIENTED_EDGE('',*,*,#3286,.F.);
#4412=ORIENTED_EDGE('',*,*,#3248,.F.);
#4413=ORIENTED_EDGE('',*,*,#3261,.T.);
#4414=ORIENTED_EDGE('',*,*,#3272,.T.);
#4415=ORIENTED_EDGE('',*,*,#3277,.F.);
#4416=ORIENTED_EDGE('',*,*,#3287,.T.);
#4417=ORIENTED_EDGE('',*,*,#3288,.T.);
#4418=ORIENTED_EDGE('',*,*,#3289,.T.);
#4419=ORIENTED_EDGE('',*,*,#3290,.T.);
#4420=ORIENTED_EDGE('',*,*,#3291,.T.);
#4421=ORIENTED_EDGE('',*,*,#3292,.T.);
#4422=ORIENTED_EDGE('',*,*,#3293,.T.);
#4423=ORIENTED_EDGE('',*,*,#3279,.F.);
#4424=ORIENTED_EDGE('',*,*,#3274,.T.);
#4425=ORIENTED_EDGE('',*,*,#3294,.T.);
#4426=ORIENTED_EDGE('',*,*,#3246,.T.);
#4427=ORIENTED_EDGE('',*,*,#3092,.T.);
#4428=ORIENTED_EDGE('',*,*,#3080,.T.);
#4429=ORIENTED_EDGE('',*,*,#3084,.T.);
#4430=ORIENTED_EDGE('',*,*,#3087,.T.);
#4431=ORIENTED_EDGE('',*,*,#3089,.T.);
#4432=ORIENTED_EDGE('',*,*,#3250,.T.);
#4433=ORIENTED_EDGE('',*,*,#3252,.T.);
#4434=ORIENTED_EDGE('',*,*,#3254,.T.);
#4435=ORIENTED_EDGE('',*,*,#3295,.F.);
#4436=ORIENTED_EDGE('',*,*,#3296,.F.);
#4437=ORIENTED_EDGE('',*,*,#3297,.T.);
#4438=ORIENTED_EDGE('',*,*,#3298,.F.);
#4439=ORIENTED_EDGE('',*,*,#3299,.F.);
#4440=ORIENTED_EDGE('',*,*,#3300,.F.);
#4441=ORIENTED_EDGE('',*,*,#3301,.F.);
#4442=ORIENTED_EDGE('',*,*,#3302,.F.);
#4443=ORIENTED_EDGE('',*,*,#3303,.F.);
#4444=ORIENTED_EDGE('',*,*,#3304,.F.);
#4445=ORIENTED_EDGE('',*,*,#3305,.F.);
#4446=ORIENTED_EDGE('',*,*,#3306,.F.);
#4447=ORIENTED_EDGE('',*,*,#3307,.F.);
#4448=ORIENTED_EDGE('',*,*,#3308,.F.);
#4449=ORIENTED_EDGE('',*,*,#3309,.F.);
#4450=ORIENTED_EDGE('',*,*,#3310,.F.);
#4451=ORIENTED_EDGE('',*,*,#3311,.F.);
#4452=ORIENTED_EDGE('',*,*,#3312,.F.);
#4453=ORIENTED_EDGE('',*,*,#3313,.F.);
#4454=ORIENTED_EDGE('',*,*,#3314,.F.);
#4455=ORIENTED_EDGE('',*,*,#3315,.F.);
#4456=ORIENTED_EDGE('',*,*,#3316,.T.);
#4457=ORIENTED_EDGE('',*,*,#3317,.T.);
#4458=ORIENTED_EDGE('',*,*,#3318,.T.);
#4459=ORIENTED_EDGE('',*,*,#3319,.T.);
#4460=ORIENTED_EDGE('',*,*,#3320,.T.);
#4461=ORIENTED_EDGE('',*,*,#3321,.F.);
#4462=ORIENTED_EDGE('',*,*,#3322,.T.);
#4463=ORIENTED_EDGE('',*,*,#3323,.F.);
#4464=ORIENTED_EDGE('',*,*,#3324,.T.);
#4465=ORIENTED_EDGE('',*,*,#3325,.T.);
#4466=ORIENTED_EDGE('',*,*,#3326,.T.);
#4467=ORIENTED_EDGE('',*,*,#3327,.T.);
#4468=ORIENTED_EDGE('',*,*,#3328,.T.);
#4469=ORIENTED_EDGE('',*,*,#3329,.T.);
#4470=ORIENTED_EDGE('',*,*,#3330,.T.);
#4471=ORIENTED_EDGE('',*,*,#3331,.T.);
#4472=ORIENTED_EDGE('',*,*,#3332,.T.);
#4473=ORIENTED_EDGE('',*,*,#3333,.T.);
#4474=ORIENTED_EDGE('',*,*,#3334,.T.);
#4475=ORIENTED_EDGE('',*,*,#3247,.F.);
#4476=ORIENTED_EDGE('',*,*,#3294,.F.);
#4477=ORIENTED_EDGE('',*,*,#3273,.T.);
#4478=ORIENTED_EDGE('',*,*,#3264,.F.);
#4479=ORIENTED_EDGE('',*,*,#3267,.T.);
#4480=ORIENTED_EDGE('',*,*,#3262,.T.);
#4481=ORIENTED_EDGE('',*,*,#3278,.F.);
#4482=ORIENTED_EDGE('',*,*,#3170,.F.);
#4483=ORIENTED_EDGE('',*,*,#3224,.F.);
#4484=ORIENTED_EDGE('',*,*,#3335,.T.);
#4485=ORIENTED_EDGE('',*,*,#3296,.T.);
#4486=ORIENTED_EDGE('',*,*,#3335,.F.);
#4487=ORIENTED_EDGE('',*,*,#3227,.F.);
#4488=ORIENTED_EDGE('',*,*,#3336,.T.);
#4489=ORIENTED_EDGE('',*,*,#3295,.T.);
#4490=ORIENTED_EDGE('',*,*,#3336,.F.);
#4491=ORIENTED_EDGE('',*,*,#3333,.F.);
#4492=ORIENTED_EDGE('',*,*,#3337,.T.);
#4493=ORIENTED_EDGE('',*,*,#3286,.T.);
#4494=ORIENTED_EDGE('',*,*,#3337,.F.);
#4495=ORIENTED_EDGE('',*,*,#3276,.F.);
#4496=ORIENTED_EDGE('',*,*,#3182,.T.);
#4497=ORIENTED_EDGE('',*,*,#3338,.T.);
#4498=ORIENTED_EDGE('',*,*,#3287,.F.);
#4499=ORIENTED_EDGE('',*,*,#3173,.F.);
#4500=ORIENTED_EDGE('',*,*,#3339,.T.);
#4501=ORIENTED_EDGE('',*,*,#3292,.F.);
#4502=ORIENTED_EDGE('',*,*,#3340,.F.);
#4503=ORIENTED_EDGE('',*,*,#3334,.F.);
#4504=ORIENTED_EDGE('',*,*,#3341,.T.);
#4505=ORIENTED_EDGE('',*,*,#3283,.T.);
#4506=ORIENTED_EDGE('',*,*,#3341,.F.);
#4507=ORIENTED_EDGE('',*,*,#3280,.F.);
#4508=ORIENTED_EDGE('',*,*,#3293,.F.);
#4509=ORIENTED_EDGE('',*,*,#3339,.F.);
#4510=ORIENTED_EDGE('',*,*,#3172,.F.);
#4511=ORIENTED_EDGE('',*,*,#3332,.F.);
#4512=ORIENTED_EDGE('',*,*,#3342,.T.);
#4513=ORIENTED_EDGE('',*,*,#3343,.T.);
#4514=ORIENTED_EDGE('',*,*,#3342,.F.);
#4515=ORIENTED_EDGE('',*,*,#3343,.F.);
#4516=ORIENTED_EDGE('',*,*,#3331,.F.);
#4517=ORIENTED_EDGE('',*,*,#3344,.T.);
#4518=ORIENTED_EDGE('',*,*,#3345,.T.);
#4519=ORIENTED_EDGE('',*,*,#3344,.F.);
#4520=ORIENTED_EDGE('',*,*,#3345,.F.);
#4521=ORIENTED_EDGE('',*,*,#3186,.F.);
#4522=ORIENTED_EDGE('',*,*,#3346,.T.);
#4523=ORIENTED_EDGE('',*,*,#3297,.F.);
#4524=ORIENTED_EDGE('',*,*,#3346,.F.);
#4525=ORIENTED_EDGE('',*,*,#3222,.T.);
#4526=ORIENTED_EDGE('',*,*,#3347,.T.);
#4527=ORIENTED_EDGE('',*,*,#3348,.T.);
#4528=ORIENTED_EDGE('',*,*,#3349,.T.);
#4529=ORIENTED_EDGE('',*,*,#3350,.T.);
#4530=ORIENTED_EDGE('',*,*,#3351,.T.);
#4531=ORIENTED_EDGE('',*,*,#3218,.T.);
#4532=ORIENTED_EDGE('',*,*,#3352,.F.);
#4533=ORIENTED_EDGE('',*,*,#3353,.T.);
#4534=ORIENTED_EDGE('',*,*,#3354,.T.);
#4535=ORIENTED_EDGE('',*,*,#3219,.T.);
#4536=ORIENTED_EDGE('',*,*,#3351,.F.);
#4537=ORIENTED_EDGE('',*,*,#3220,.T.);
#4538=ORIENTED_EDGE('',*,*,#3354,.F.);
#4539=ORIENTED_EDGE('',*,*,#3355,.T.);
#4540=ORIENTED_EDGE('',*,*,#3356,.T.);
#4541=ORIENTED_EDGE('',*,*,#3221,.T.);
#4542=ORIENTED_EDGE('',*,*,#3356,.F.);
#4543=ORIENTED_EDGE('',*,*,#3357,.T.);
#4544=ORIENTED_EDGE('',*,*,#3347,.F.);
#4545=ORIENTED_EDGE('',*,*,#3223,.T.);
#4546=ORIENTED_EDGE('',*,*,#3349,.F.);
#4547=ORIENTED_EDGE('',*,*,#3358,.T.);
#4548=ORIENTED_EDGE('',*,*,#3352,.T.);
#4549=ORIENTED_EDGE('',*,*,#3355,.F.);
#4550=ORIENTED_EDGE('',*,*,#3359,.T.);
#4551=ORIENTED_EDGE('',*,*,#3360,.T.);
#4552=ORIENTED_EDGE('',*,*,#3361,.F.);
#4553=ORIENTED_EDGE('',*,*,#3353,.F.);
#4554=ORIENTED_EDGE('',*,*,#3362,.T.);
#4555=ORIENTED_EDGE('',*,*,#3363,.T.);
#4556=ORIENTED_EDGE('',*,*,#3359,.F.);
#4557=ORIENTED_EDGE('',*,*,#3350,.F.);
#4558=ORIENTED_EDGE('',*,*,#3364,.T.);
#4559=ORIENTED_EDGE('',*,*,#3365,.T.);
#4560=ORIENTED_EDGE('',*,*,#3362,.F.);
#4561=ORIENTED_EDGE('',*,*,#3191,.T.);
#4562=ORIENTED_EDGE('',*,*,#3366,.T.);
#4563=ORIENTED_EDGE('',*,*,#3367,.T.);
#4564=ORIENTED_EDGE('',*,*,#3368,.T.);
#4565=ORIENTED_EDGE('',*,*,#3369,.T.);
#4566=ORIENTED_EDGE('',*,*,#3370,.T.);
#4567=ORIENTED_EDGE('',*,*,#3187,.T.);
#4568=ORIENTED_EDGE('',*,*,#3371,.F.);
#4569=ORIENTED_EDGE('',*,*,#3372,.T.);
#4570=ORIENTED_EDGE('',*,*,#3373,.T.);
#4571=ORIENTED_EDGE('',*,*,#3188,.T.);
#4572=ORIENTED_EDGE('',*,*,#3370,.F.);
#4573=ORIENTED_EDGE('',*,*,#3189,.T.);
#4574=ORIENTED_EDGE('',*,*,#3373,.F.);
#4575=ORIENTED_EDGE('',*,*,#3374,.T.);
#4576=ORIENTED_EDGE('',*,*,#3375,.T.);
#4577=ORIENTED_EDGE('',*,*,#3190,.T.);
#4578=ORIENTED_EDGE('',*,*,#3375,.F.);
#4579=ORIENTED_EDGE('',*,*,#3376,.T.);
#4580=ORIENTED_EDGE('',*,*,#3366,.F.);
#4581=ORIENTED_EDGE('',*,*,#3192,.T.);
#4582=ORIENTED_EDGE('',*,*,#3368,.F.);
#4583=ORIENTED_EDGE('',*,*,#3377,.T.);
#4584=ORIENTED_EDGE('',*,*,#3371,.T.);
#4585=ORIENTED_EDGE('',*,*,#3374,.F.);
#4586=ORIENTED_EDGE('',*,*,#3378,.T.);
#4587=ORIENTED_EDGE('',*,*,#3379,.T.);
#4588=ORIENTED_EDGE('',*,*,#3380,.F.);
#4589=ORIENTED_EDGE('',*,*,#3372,.F.);
#4590=ORIENTED_EDGE('',*,*,#3381,.T.);
#4591=ORIENTED_EDGE('',*,*,#3382,.T.);
#4592=ORIENTED_EDGE('',*,*,#3378,.F.);
#4593=ORIENTED_EDGE('',*,*,#3369,.F.);
#4594=ORIENTED_EDGE('',*,*,#3383,.T.);
#4595=ORIENTED_EDGE('',*,*,#3384,.T.);
#4596=ORIENTED_EDGE('',*,*,#3381,.F.);
#4597=ORIENTED_EDGE('',*,*,#3385,.T.);
#4598=ORIENTED_EDGE('',*,*,#3386,.T.);
#4599=ORIENTED_EDGE('',*,*,#3216,.T.);
#4600=ORIENTED_EDGE('',*,*,#3387,.F.);
#4601=ORIENTED_EDGE('',*,*,#3212,.T.);
#4602=ORIENTED_EDGE('',*,*,#3388,.T.);
#4603=ORIENTED_EDGE('',*,*,#3389,.T.);
#4604=ORIENTED_EDGE('',*,*,#3390,.T.);
#4605=ORIENTED_EDGE('',*,*,#3391,.T.);
#4606=ORIENTED_EDGE('',*,*,#3388,.F.);
#4607=ORIENTED_EDGE('',*,*,#3217,.T.);
#4608=ORIENTED_EDGE('',*,*,#3386,.F.);
#4609=ORIENTED_EDGE('',*,*,#3213,.T.);
#4610=ORIENTED_EDGE('',*,*,#3390,.F.);
#4611=ORIENTED_EDGE('',*,*,#3392,.T.);
#4612=ORIENTED_EDGE('',*,*,#3393,.T.);
#4613=ORIENTED_EDGE('',*,*,#3214,.T.);
#4614=ORIENTED_EDGE('',*,*,#3393,.F.);
#4615=ORIENTED_EDGE('',*,*,#3394,.T.);
#4616=ORIENTED_EDGE('',*,*,#3395,.T.);
#4617=ORIENTED_EDGE('',*,*,#3215,.T.);
#4618=ORIENTED_EDGE('',*,*,#3395,.F.);
#4619=ORIENTED_EDGE('',*,*,#3396,.T.);
#4620=ORIENTED_EDGE('',*,*,#3387,.T.);
#4621=ORIENTED_EDGE('',*,*,#3394,.F.);
#4622=ORIENTED_EDGE('',*,*,#3397,.T.);
#4623=ORIENTED_EDGE('',*,*,#3398,.T.);
#4624=ORIENTED_EDGE('',*,*,#3399,.F.);
#4625=ORIENTED_EDGE('',*,*,#3392,.F.);
#4626=ORIENTED_EDGE('',*,*,#3400,.T.);
#4627=ORIENTED_EDGE('',*,*,#3401,.T.);
#4628=ORIENTED_EDGE('',*,*,#3397,.F.);
#4629=ORIENTED_EDGE('',*,*,#3389,.F.);
#4630=ORIENTED_EDGE('',*,*,#3402,.T.);
#4631=ORIENTED_EDGE('',*,*,#3403,.T.);
#4632=ORIENTED_EDGE('',*,*,#3400,.F.);
#4633=ORIENTED_EDGE('',*,*,#3404,.T.);
#4634=ORIENTED_EDGE('',*,*,#3405,.T.);
#4635=ORIENTED_EDGE('',*,*,#3406,.T.);
#4636=ORIENTED_EDGE('',*,*,#3198,.T.);
#4637=ORIENTED_EDGE('',*,*,#3405,.F.);
#4638=ORIENTED_EDGE('',*,*,#3407,.F.);
#4639=ORIENTED_EDGE('',*,*,#3330,.F.);
#4640=ORIENTED_EDGE('',*,*,#3408,.T.);
#4641=ORIENTED_EDGE('',*,*,#3409,.T.);
#4642=ORIENTED_EDGE('',*,*,#3410,.T.);
#4643=ORIENTED_EDGE('',*,*,#3411,.T.);
#4644=ORIENTED_EDGE('',*,*,#3194,.T.);
#4645=ORIENTED_EDGE('',*,*,#3410,.F.);
#4646=ORIENTED_EDGE('',*,*,#3412,.F.);
#4647=ORIENTED_EDGE('',*,*,#3328,.F.);
#4648=ORIENTED_EDGE('',*,*,#3413,.T.);
#4649=ORIENTED_EDGE('',*,*,#3414,.T.);
#4650=ORIENTED_EDGE('',*,*,#3415,.T.);
#4651=ORIENTED_EDGE('',*,*,#3416,.T.);
#4652=ORIENTED_EDGE('',*,*,#3196,.T.);
#4653=ORIENTED_EDGE('',*,*,#3415,.F.);
#4654=ORIENTED_EDGE('',*,*,#3417,.F.);
#4655=ORIENTED_EDGE('',*,*,#3326,.F.);
#4656=ORIENTED_EDGE('',*,*,#3418,.T.);
#4657=ORIENTED_EDGE('',*,*,#3419,.T.);
#4658=ORIENTED_EDGE('',*,*,#3420,.T.);
#4659=ORIENTED_EDGE('',*,*,#3421,.T.);
#4660=ORIENTED_EDGE('',*,*,#3204,.T.);
#4661=ORIENTED_EDGE('',*,*,#3420,.F.);
#4662=ORIENTED_EDGE('',*,*,#3422,.F.);
#4663=ORIENTED_EDGE('',*,*,#3324,.F.);
#4664=ORIENTED_EDGE('',*,*,#3423,.T.);
#4665=ORIENTED_EDGE('',*,*,#3424,.T.);
#4666=ORIENTED_EDGE('',*,*,#3425,.T.);
#4667=ORIENTED_EDGE('',*,*,#3426,.T.);
#4668=ORIENTED_EDGE('',*,*,#3202,.T.);
#4669=ORIENTED_EDGE('',*,*,#3425,.F.);
#4670=ORIENTED_EDGE('',*,*,#3427,.F.);
#4671=ORIENTED_EDGE('',*,*,#3320,.F.);
#4672=ORIENTED_EDGE('',*,*,#3428,.T.);
#4673=ORIENTED_EDGE('',*,*,#3429,.T.);
#4674=ORIENTED_EDGE('',*,*,#3430,.T.);
#4675=ORIENTED_EDGE('',*,*,#3431,.T.);
#4676=ORIENTED_EDGE('',*,*,#3200,.T.);
#4677=ORIENTED_EDGE('',*,*,#3430,.F.);
#4678=ORIENTED_EDGE('',*,*,#3432,.F.);
#4679=ORIENTED_EDGE('',*,*,#3322,.F.);
#4680=ORIENTED_EDGE('',*,*,#3433,.T.);
#4681=ORIENTED_EDGE('',*,*,#3327,.F.);
#4682=ORIENTED_EDGE('',*,*,#3417,.T.);
#4683=ORIENTED_EDGE('',*,*,#3414,.F.);
#4684=ORIENTED_EDGE('',*,*,#3195,.F.);
#4685=ORIENTED_EDGE('',*,*,#3411,.F.);
#4686=ORIENTED_EDGE('',*,*,#3413,.F.);
#4687=ORIENTED_EDGE('',*,*,#3329,.F.);
#4688=ORIENTED_EDGE('',*,*,#3412,.T.);
#4689=ORIENTED_EDGE('',*,*,#3409,.F.);
#4690=ORIENTED_EDGE('',*,*,#3193,.F.);
#4691=ORIENTED_EDGE('',*,*,#3406,.F.);
#4692=ORIENTED_EDGE('',*,*,#3408,.F.);
#4693=ORIENTED_EDGE('',*,*,#3325,.F.);
#4694=ORIENTED_EDGE('',*,*,#3407,.T.);
#4695=ORIENTED_EDGE('',*,*,#3404,.F.);
#4696=ORIENTED_EDGE('',*,*,#3197,.F.);
#4697=ORIENTED_EDGE('',*,*,#3416,.F.);
#4698=ORIENTED_EDGE('',*,*,#3418,.F.);
#4699=ORIENTED_EDGE('',*,*,#3321,.T.);
#4700=ORIENTED_EDGE('',*,*,#3427,.T.);
#4701=ORIENTED_EDGE('',*,*,#3424,.F.);
#4702=ORIENTED_EDGE('',*,*,#3201,.F.);
#4703=ORIENTED_EDGE('',*,*,#3431,.F.);
#4704=ORIENTED_EDGE('',*,*,#3433,.F.);
#4705=ORIENTED_EDGE('',*,*,#3323,.T.);
#4706=ORIENTED_EDGE('',*,*,#3432,.T.);
#4707=ORIENTED_EDGE('',*,*,#3429,.F.);
#4708=ORIENTED_EDGE('',*,*,#3199,.F.);
#4709=ORIENTED_EDGE('',*,*,#3421,.F.);
#4710=ORIENTED_EDGE('',*,*,#3423,.F.);
#4711=ORIENTED_EDGE('',*,*,#3319,.F.);
#4712=ORIENTED_EDGE('',*,*,#3422,.T.);
#4713=ORIENTED_EDGE('',*,*,#3419,.F.);
#4714=ORIENTED_EDGE('',*,*,#3203,.F.);
#4715=ORIENTED_EDGE('',*,*,#3426,.F.);
#4716=ORIENTED_EDGE('',*,*,#3428,.F.);
#4717=ORIENTED_EDGE('',*,*,#3434,.T.);
#4718=ORIENTED_EDGE('',*,*,#3435,.T.);
#4719=ORIENTED_EDGE('',*,*,#3436,.F.);
#4720=ORIENTED_EDGE('',*,*,#3437,.F.);
#4721=ORIENTED_EDGE('',*,*,#3438,.F.);
#4722=ORIENTED_EDGE('',*,*,#3437,.T.);
#4723=ORIENTED_EDGE('',*,*,#3439,.F.);
#4724=ORIENTED_EDGE('',*,*,#3440,.F.);
#4725=ORIENTED_EDGE('',*,*,#3441,.F.);
#4726=ORIENTED_EDGE('',*,*,#3440,.T.);
#4727=ORIENTED_EDGE('',*,*,#3442,.F.);
#4728=ORIENTED_EDGE('',*,*,#3443,.F.);
#4729=ORIENTED_EDGE('',*,*,#3444,.F.);
#4730=ORIENTED_EDGE('',*,*,#3443,.T.);
#4731=ORIENTED_EDGE('',*,*,#3445,.F.);
#4732=ORIENTED_EDGE('',*,*,#3446,.F.);
#4733=ORIENTED_EDGE('',*,*,#3177,.F.);
#4734=ORIENTED_EDGE('',*,*,#3447,.T.);
#4735=ORIENTED_EDGE('',*,*,#3446,.T.);
#4736=ORIENTED_EDGE('',*,*,#3448,.F.);
#4737=ORIENTED_EDGE('',*,*,#3176,.F.);
#4738=ORIENTED_EDGE('',*,*,#3449,.T.);
#4739=ORIENTED_EDGE('',*,*,#3434,.F.);
#4740=ORIENTED_EDGE('',*,*,#3438,.T.);
#4741=ORIENTED_EDGE('',*,*,#3441,.T.);
#4742=ORIENTED_EDGE('',*,*,#3444,.T.);
#4743=ORIENTED_EDGE('',*,*,#3447,.F.);
#4744=ORIENTED_EDGE('',*,*,#3178,.F.);
#4745=ORIENTED_EDGE('',*,*,#3448,.T.);
#4746=ORIENTED_EDGE('',*,*,#3445,.T.);
#4747=ORIENTED_EDGE('',*,*,#3442,.T.);
#4748=ORIENTED_EDGE('',*,*,#3439,.T.);
#4749=ORIENTED_EDGE('',*,*,#3436,.T.);
#4750=ORIENTED_EDGE('',*,*,#3450,.T.);
#4751=ORIENTED_EDGE('',*,*,#3210,.T.);
#4752=ORIENTED_EDGE('',*,*,#3451,.T.);
#4753=ORIENTED_EDGE('',*,*,#3452,.T.);
#4754=ORIENTED_EDGE('',*,*,#3451,.F.);
#4755=ORIENTED_EDGE('',*,*,#3211,.T.);
#4756=ORIENTED_EDGE('',*,*,#3453,.T.);
#4757=ORIENTED_EDGE('',*,*,#3454,.T.);
#4758=ORIENTED_EDGE('',*,*,#3453,.F.);
#4759=ORIENTED_EDGE('',*,*,#3455,.F.);
#4760=ORIENTED_EDGE('',*,*,#3456,.F.);
#4761=ORIENTED_EDGE('',*,*,#3457,.F.);
#4762=ORIENTED_EDGE('',*,*,#3458,.F.);
#4763=ORIENTED_EDGE('',*,*,#3459,.F.);
#4764=ORIENTED_EDGE('',*,*,#3460,.F.);
#4765=ORIENTED_EDGE('',*,*,#3452,.F.);
#4766=ORIENTED_EDGE('',*,*,#3461,.F.);
#4767=ORIENTED_EDGE('',*,*,#3462,.T.);
#4768=ORIENTED_EDGE('',*,*,#3460,.T.);
#4769=ORIENTED_EDGE('',*,*,#3463,.F.);
#4770=ORIENTED_EDGE('',*,*,#3464,.F.);
#4771=ORIENTED_EDGE('',*,*,#3463,.T.);
#4772=ORIENTED_EDGE('',*,*,#3459,.T.);
#4773=ORIENTED_EDGE('',*,*,#3465,.F.);
#4774=ORIENTED_EDGE('',*,*,#3466,.F.);
#4775=ORIENTED_EDGE('',*,*,#3465,.T.);
#4776=ORIENTED_EDGE('',*,*,#3458,.T.);
#4777=ORIENTED_EDGE('',*,*,#3467,.F.);
#4778=ORIENTED_EDGE('',*,*,#3468,.F.);
#4779=ORIENTED_EDGE('',*,*,#3469,.F.);
#4780=ORIENTED_EDGE('',*,*,#3470,.F.);
#4781=ORIENTED_EDGE('',*,*,#3471,.F.);
#4782=ORIENTED_EDGE('',*,*,#3472,.F.);
#4783=ORIENTED_EDGE('',*,*,#3473,.F.);
#4784=ORIENTED_EDGE('',*,*,#3454,.F.);
#4785=ORIENTED_EDGE('',*,*,#3474,.F.);
#4786=ORIENTED_EDGE('',*,*,#3475,.T.);
#4787=ORIENTED_EDGE('',*,*,#3472,.T.);
#4788=ORIENTED_EDGE('',*,*,#3476,.F.);
#4789=ORIENTED_EDGE('',*,*,#3477,.F.);
#4790=ORIENTED_EDGE('',*,*,#3476,.T.);
#4791=ORIENTED_EDGE('',*,*,#3471,.T.);
#4792=ORIENTED_EDGE('',*,*,#3478,.F.);
#4793=ORIENTED_EDGE('',*,*,#3479,.F.);
#4794=ORIENTED_EDGE('',*,*,#3478,.T.);
#4795=ORIENTED_EDGE('',*,*,#3470,.T.);
#4796=ORIENTED_EDGE('',*,*,#3480,.F.);
#4797=ORIENTED_EDGE('',*,*,#3481,.F.);
#4798=ORIENTED_EDGE('',*,*,#3480,.T.);
#4799=ORIENTED_EDGE('',*,*,#3469,.T.);
#4800=ORIENTED_EDGE('',*,*,#3482,.F.);
#4801=ORIENTED_EDGE('',*,*,#3483,.F.);
#4802=ORIENTED_EDGE('',*,*,#3482,.T.);
#4803=ORIENTED_EDGE('',*,*,#3468,.T.);
#4804=ORIENTED_EDGE('',*,*,#3484,.F.);
#4805=ORIENTED_EDGE('',*,*,#3485,.F.);
#4806=ORIENTED_EDGE('',*,*,#3484,.T.);
#4807=ORIENTED_EDGE('',*,*,#3473,.T.);
#4808=ORIENTED_EDGE('',*,*,#3475,.F.);
#4809=ORIENTED_EDGE('',*,*,#3305,.T.);
#4810=ORIENTED_EDGE('',*,*,#3486,.F.);
#4811=ORIENTED_EDGE('',*,*,#3483,.T.);
#4812=ORIENTED_EDGE('',*,*,#3487,.F.);
#4813=ORIENTED_EDGE('',*,*,#3474,.T.);
#4814=ORIENTED_EDGE('',*,*,#3488,.F.);
#4815=ORIENTED_EDGE('',*,*,#3307,.T.);
#4816=ORIENTED_EDGE('',*,*,#3489,.T.);
#4817=ORIENTED_EDGE('',*,*,#3477,.T.);
#4818=ORIENTED_EDGE('',*,*,#3490,.F.);
#4819=ORIENTED_EDGE('',*,*,#3308,.T.);
#4820=ORIENTED_EDGE('',*,*,#3488,.T.);
#4821=ORIENTED_EDGE('',*,*,#3309,.T.);
#4822=ORIENTED_EDGE('',*,*,#3490,.T.);
#4823=ORIENTED_EDGE('',*,*,#3479,.T.);
#4824=ORIENTED_EDGE('',*,*,#3491,.F.);
#4825=ORIENTED_EDGE('',*,*,#3304,.T.);
#4826=ORIENTED_EDGE('',*,*,#3491,.T.);
#4827=ORIENTED_EDGE('',*,*,#3481,.T.);
#4828=ORIENTED_EDGE('',*,*,#3486,.T.);
#4829=ORIENTED_EDGE('',*,*,#3306,.T.);
#4830=ORIENTED_EDGE('',*,*,#3487,.T.);
#4831=ORIENTED_EDGE('',*,*,#3485,.T.);
#4832=ORIENTED_EDGE('',*,*,#3489,.F.);
#4833=ORIENTED_EDGE('',*,*,#3492,.F.);
#4834=ORIENTED_EDGE('',*,*,#3467,.T.);
#4835=ORIENTED_EDGE('',*,*,#3457,.T.);
#4836=ORIENTED_EDGE('',*,*,#3493,.F.);
#4837=ORIENTED_EDGE('',*,*,#3494,.F.);
#4838=ORIENTED_EDGE('',*,*,#3493,.T.);
#4839=ORIENTED_EDGE('',*,*,#3456,.T.);
#4840=ORIENTED_EDGE('',*,*,#3495,.F.);
#4841=ORIENTED_EDGE('',*,*,#3496,.F.);
#4842=ORIENTED_EDGE('',*,*,#3495,.T.);
#4843=ORIENTED_EDGE('',*,*,#3455,.T.);
#4844=ORIENTED_EDGE('',*,*,#3462,.F.);
#4845=ORIENTED_EDGE('',*,*,#3496,.T.);
#4846=ORIENTED_EDGE('',*,*,#3497,.F.);
#4847=ORIENTED_EDGE('',*,*,#3300,.T.);
#4848=ORIENTED_EDGE('',*,*,#3498,.F.);
#4849=ORIENTED_EDGE('',*,*,#3301,.T.);
#4850=ORIENTED_EDGE('',*,*,#3497,.T.);
#4851=ORIENTED_EDGE('',*,*,#3461,.T.);
#4852=ORIENTED_EDGE('',*,*,#3499,.F.);
#4853=ORIENTED_EDGE('',*,*,#3302,.T.);
#4854=ORIENTED_EDGE('',*,*,#3499,.T.);
#4855=ORIENTED_EDGE('',*,*,#3464,.T.);
#4856=ORIENTED_EDGE('',*,*,#3500,.F.);
#4857=ORIENTED_EDGE('',*,*,#3494,.T.);
#4858=ORIENTED_EDGE('',*,*,#3498,.T.);
#4859=ORIENTED_EDGE('',*,*,#3299,.T.);
#4860=ORIENTED_EDGE('',*,*,#3501,.T.);
#4861=ORIENTED_EDGE('',*,*,#3303,.T.);
#4862=ORIENTED_EDGE('',*,*,#3500,.T.);
#4863=ORIENTED_EDGE('',*,*,#3466,.T.);
#4864=ORIENTED_EDGE('',*,*,#3502,.F.);
#4865=ORIENTED_EDGE('',*,*,#3298,.T.);
#4866=ORIENTED_EDGE('',*,*,#3502,.T.);
#4867=ORIENTED_EDGE('',*,*,#3492,.T.);
#4868=ORIENTED_EDGE('',*,*,#3501,.F.);
#4869=ORIENTED_EDGE('',*,*,#3503,.T.);
#4870=ORIENTED_EDGE('',*,*,#3504,.T.);
#4871=ORIENTED_EDGE('',*,*,#3209,.F.);
#4872=ORIENTED_EDGE('',*,*,#3504,.F.);
#4873=ORIENTED_EDGE('',*,*,#3505,.F.);
#4874=ORIENTED_EDGE('',*,*,#3506,.F.);
#4875=ORIENTED_EDGE('',*,*,#3507,.F.);
#4876=ORIENTED_EDGE('',*,*,#3508,.F.);
#4877=ORIENTED_EDGE('',*,*,#3509,.F.);
#4878=ORIENTED_EDGE('',*,*,#3510,.F.);
#4879=ORIENTED_EDGE('',*,*,#3503,.F.);
#4880=ORIENTED_EDGE('',*,*,#3511,.F.);
#4881=ORIENTED_EDGE('',*,*,#3512,.T.);
#4882=ORIENTED_EDGE('',*,*,#3509,.T.);
#4883=ORIENTED_EDGE('',*,*,#3513,.F.);
#4884=ORIENTED_EDGE('',*,*,#3514,.F.);
#4885=ORIENTED_EDGE('',*,*,#3513,.T.);
#4886=ORIENTED_EDGE('',*,*,#3508,.T.);
#4887=ORIENTED_EDGE('',*,*,#3515,.F.);
#4888=ORIENTED_EDGE('',*,*,#3516,.F.);
#4889=ORIENTED_EDGE('',*,*,#3515,.T.);
#4890=ORIENTED_EDGE('',*,*,#3507,.T.);
#4891=ORIENTED_EDGE('',*,*,#3517,.F.);
#4892=ORIENTED_EDGE('',*,*,#3518,.F.);
#4893=ORIENTED_EDGE('',*,*,#3517,.T.);
#4894=ORIENTED_EDGE('',*,*,#3506,.T.);
#4895=ORIENTED_EDGE('',*,*,#3519,.F.);
#4896=ORIENTED_EDGE('',*,*,#3520,.F.);
#4897=ORIENTED_EDGE('',*,*,#3519,.T.);
#4898=ORIENTED_EDGE('',*,*,#3505,.T.);
#4899=ORIENTED_EDGE('',*,*,#3521,.F.);
#4900=ORIENTED_EDGE('',*,*,#3522,.F.);
#4901=ORIENTED_EDGE('',*,*,#3521,.T.);
#4902=ORIENTED_EDGE('',*,*,#3510,.T.);
#4903=ORIENTED_EDGE('',*,*,#3512,.F.);
#4904=ORIENTED_EDGE('',*,*,#3516,.T.);
#4905=ORIENTED_EDGE('',*,*,#3523,.F.);
#4906=ORIENTED_EDGE('',*,*,#3315,.T.);
#4907=ORIENTED_EDGE('',*,*,#3524,.T.);
#4908=ORIENTED_EDGE('',*,*,#3311,.T.);
#4909=ORIENTED_EDGE('',*,*,#3525,.F.);
#4910=ORIENTED_EDGE('',*,*,#3520,.T.);
#4911=ORIENTED_EDGE('',*,*,#3526,.F.);
#4912=ORIENTED_EDGE('',*,*,#3518,.T.);
#4913=ORIENTED_EDGE('',*,*,#3525,.T.);
#4914=ORIENTED_EDGE('',*,*,#3310,.T.);
#4915=ORIENTED_EDGE('',*,*,#3523,.T.);
#4916=ORIENTED_EDGE('',*,*,#3312,.T.);
#4917=ORIENTED_EDGE('',*,*,#3526,.T.);
#4918=ORIENTED_EDGE('',*,*,#3522,.T.);
#4919=ORIENTED_EDGE('',*,*,#3527,.F.);
#4920=ORIENTED_EDGE('',*,*,#3313,.T.);
#4921=ORIENTED_EDGE('',*,*,#3527,.T.);
#4922=ORIENTED_EDGE('',*,*,#3511,.T.);
#4923=ORIENTED_EDGE('',*,*,#3528,.F.);
#4924=ORIENTED_EDGE('',*,*,#3314,.T.);
#4925=ORIENTED_EDGE('',*,*,#3528,.T.);
#4926=ORIENTED_EDGE('',*,*,#3514,.T.);
#4927=ORIENTED_EDGE('',*,*,#3524,.F.);
#4928=ORIENTED_EDGE('',*,*,#3174,.T.);
#4929=ORIENTED_EDGE('',*,*,#3340,.T.);
#4930=ORIENTED_EDGE('',*,*,#3291,.F.);
#4931=ORIENTED_EDGE('',*,*,#3529,.F.);
#4932=ORIENTED_EDGE('',*,*,#3180,.F.);
#4933=ORIENTED_EDGE('',*,*,#3530,.T.);
#4934=ORIENTED_EDGE('',*,*,#3289,.F.);
#4935=ORIENTED_EDGE('',*,*,#3531,.F.);
#4936=ORIENTED_EDGE('',*,*,#3181,.F.);
#4937=ORIENTED_EDGE('',*,*,#3531,.T.);
#4938=ORIENTED_EDGE('',*,*,#3288,.F.);
#4939=ORIENTED_EDGE('',*,*,#3338,.F.);
#4940=ORIENTED_EDGE('',*,*,#3532,.T.);
#4941=ORIENTED_EDGE('',*,*,#3533,.T.);
#4942=ORIENTED_EDGE('',*,*,#3534,.T.);
#4943=ORIENTED_EDGE('',*,*,#3535,.T.);
#4944=ORIENTED_EDGE('',*,*,#3316,.F.);
#4945=ORIENTED_EDGE('',*,*,#3536,.T.);
#4946=ORIENTED_EDGE('',*,*,#3537,.T.);
#4947=ORIENTED_EDGE('',*,*,#3536,.F.);
#4948=ORIENTED_EDGE('',*,*,#3317,.F.);
#4949=ORIENTED_EDGE('',*,*,#3538,.T.);
#4950=ORIENTED_EDGE('',*,*,#3539,.T.);
#4951=ORIENTED_EDGE('',*,*,#3538,.F.);
#4952=ORIENTED_EDGE('',*,*,#3540,.F.);
#4953=ORIENTED_EDGE('',*,*,#3360,.F.);
#4954=ORIENTED_EDGE('',*,*,#3363,.F.);
#4955=ORIENTED_EDGE('',*,*,#3365,.F.);
#4956=ORIENTED_EDGE('',*,*,#3541,.F.);
#4957=ORIENTED_EDGE('',*,*,#3542,.F.);
#4958=ORIENTED_EDGE('',*,*,#3539,.F.);
#4959=ORIENTED_EDGE('',*,*,#3358,.F.);
#4960=ORIENTED_EDGE('',*,*,#3543,.T.);
#4961=ORIENTED_EDGE('',*,*,#3541,.T.);
#4962=ORIENTED_EDGE('',*,*,#3364,.F.);
#4963=ORIENTED_EDGE('',*,*,#3544,.F.);
#4964=ORIENTED_EDGE('',*,*,#3379,.F.);
#4965=ORIENTED_EDGE('',*,*,#3382,.F.);
#4966=ORIENTED_EDGE('',*,*,#3384,.F.);
#4967=ORIENTED_EDGE('',*,*,#3545,.F.);
#4968=ORIENTED_EDGE('',*,*,#3546,.F.);
#4969=ORIENTED_EDGE('',*,*,#3537,.F.);
#4970=ORIENTED_EDGE('',*,*,#3377,.F.);
#4971=ORIENTED_EDGE('',*,*,#3547,.T.);
#4972=ORIENTED_EDGE('',*,*,#3545,.T.);
#4973=ORIENTED_EDGE('',*,*,#3383,.F.);
#4974=ORIENTED_EDGE('',*,*,#3376,.F.);
#4975=ORIENTED_EDGE('',*,*,#3380,.T.);
#4976=ORIENTED_EDGE('',*,*,#3544,.T.);
#4977=ORIENTED_EDGE('',*,*,#3548,.F.);
#4978=ORIENTED_EDGE('',*,*,#3367,.F.);
#4979=ORIENTED_EDGE('',*,*,#3548,.T.);
#4980=ORIENTED_EDGE('',*,*,#3546,.T.);
#4981=ORIENTED_EDGE('',*,*,#3547,.F.);
#4982=ORIENTED_EDGE('',*,*,#3357,.F.);
#4983=ORIENTED_EDGE('',*,*,#3361,.T.);
#4984=ORIENTED_EDGE('',*,*,#3540,.T.);
#4985=ORIENTED_EDGE('',*,*,#3549,.F.);
#4986=ORIENTED_EDGE('',*,*,#3348,.F.);
#4987=ORIENTED_EDGE('',*,*,#3549,.T.);
#4988=ORIENTED_EDGE('',*,*,#3542,.T.);
#4989=ORIENTED_EDGE('',*,*,#3543,.F.);
#4990=ORIENTED_EDGE('',*,*,#3550,.T.);
#4991=ORIENTED_EDGE('',*,*,#3551,.T.);
#4992=ORIENTED_EDGE('',*,*,#3318,.F.);
#4993=ORIENTED_EDGE('',*,*,#3551,.F.);
#4994=ORIENTED_EDGE('',*,*,#3552,.F.);
#4995=ORIENTED_EDGE('',*,*,#3553,.F.);
#4996=ORIENTED_EDGE('',*,*,#3554,.F.);
#4997=ORIENTED_EDGE('',*,*,#3398,.F.);
#4998=ORIENTED_EDGE('',*,*,#3401,.F.);
#4999=ORIENTED_EDGE('',*,*,#3403,.F.);
#5000=ORIENTED_EDGE('',*,*,#3550,.F.);
#5001=ORIENTED_EDGE('',*,*,#3396,.F.);
#5002=ORIENTED_EDGE('',*,*,#3399,.T.);
#5003=ORIENTED_EDGE('',*,*,#3554,.T.);
#5004=ORIENTED_EDGE('',*,*,#3555,.F.);
#5005=ORIENTED_EDGE('',*,*,#3385,.F.);
#5006=ORIENTED_EDGE('',*,*,#3555,.T.);
#5007=ORIENTED_EDGE('',*,*,#3553,.T.);
#5008=ORIENTED_EDGE('',*,*,#3556,.F.);
#5009=ORIENTED_EDGE('',*,*,#3391,.F.);
#5010=ORIENTED_EDGE('',*,*,#3556,.T.);
#5011=ORIENTED_EDGE('',*,*,#3552,.T.);
#5012=ORIENTED_EDGE('',*,*,#3402,.F.);
#5013=ORIENTED_EDGE('',*,*,#3533,.F.);
#5014=ORIENTED_EDGE('',*,*,#3557,.T.);
#5015=ORIENTED_EDGE('',*,*,#3208,.F.);
#5016=ORIENTED_EDGE('',*,*,#3558,.F.);
#5017=ORIENTED_EDGE('',*,*,#3534,.F.);
#5018=ORIENTED_EDGE('',*,*,#3558,.T.);
#5019=ORIENTED_EDGE('',*,*,#3207,.F.);
#5020=ORIENTED_EDGE('',*,*,#3559,.F.);
#5021=ORIENTED_EDGE('',*,*,#3535,.F.);
#5022=ORIENTED_EDGE('',*,*,#3559,.T.);
#5023=ORIENTED_EDGE('',*,*,#3206,.F.);
#5024=ORIENTED_EDGE('',*,*,#3560,.F.);
#5025=ORIENTED_EDGE('',*,*,#3532,.F.);
#5026=ORIENTED_EDGE('',*,*,#3560,.T.);
#5027=ORIENTED_EDGE('',*,*,#3205,.F.);
#5028=ORIENTED_EDGE('',*,*,#3557,.F.);
#5029=ORIENTED_EDGE('',*,*,#3175,.F.);
#5030=ORIENTED_EDGE('',*,*,#3529,.T.);
#5031=ORIENTED_EDGE('',*,*,#3290,.F.);
#5032=ORIENTED_EDGE('',*,*,#3530,.F.);
#5033=ORIENTED_EDGE('',*,*,#3179,.F.);
#5034=ORIENTED_EDGE('',*,*,#3450,.F.);
#5035=ORIENTED_EDGE('',*,*,#3435,.F.);
#5036=ORIENTED_EDGE('',*,*,#3449,.F.);
#5037=ORIENTED_EDGE('',*,*,#3561,.F.);
#5038=ORIENTED_EDGE('',*,*,#3562,.T.);
#5039=ORIENTED_EDGE('',*,*,#3563,.T.);
#5040=ORIENTED_EDGE('',*,*,#3562,.F.);
#5041=ORIENTED_EDGE('',*,*,#3564,.F.);
#5042=ORIENTED_EDGE('',*,*,#3565,.T.);
#5043=ORIENTED_EDGE('',*,*,#3566,.T.);
#5044=ORIENTED_EDGE('',*,*,#3565,.F.);
#5045=ORIENTED_EDGE('',*,*,#3564,.T.);
#5046=ORIENTED_EDGE('',*,*,#3561,.T.);
#5047=ORIENTED_EDGE('',*,*,#3566,.F.);
#5048=ORIENTED_EDGE('',*,*,#3563,.F.);
#5049=ORIENTED_EDGE('',*,*,#3567,.F.);
#5050=ORIENTED_EDGE('',*,*,#3568,.T.);
#5051=ORIENTED_EDGE('',*,*,#3569,.T.);
#5052=ORIENTED_EDGE('',*,*,#3568,.F.);
#5053=ORIENTED_EDGE('',*,*,#3570,.F.);
#5054=ORIENTED_EDGE('',*,*,#3571,.T.);
#5055=ORIENTED_EDGE('',*,*,#3572,.T.);
#5056=ORIENTED_EDGE('',*,*,#3571,.F.);
#5057=ORIENTED_EDGE('',*,*,#3570,.T.);
#5058=ORIENTED_EDGE('',*,*,#3567,.T.);
#5059=ORIENTED_EDGE('',*,*,#3572,.F.);
#5060=ORIENTED_EDGE('',*,*,#3569,.F.);
#5061=ORIENTED_EDGE('',*,*,#3573,.F.);
#5062=ORIENTED_EDGE('',*,*,#3574,.T.);
#5063=ORIENTED_EDGE('',*,*,#3575,.T.);
#5064=ORIENTED_EDGE('',*,*,#3574,.F.);
#5065=ORIENTED_EDGE('',*,*,#3576,.F.);
#5066=ORIENTED_EDGE('',*,*,#3577,.T.);
#5067=ORIENTED_EDGE('',*,*,#3578,.T.);
#5068=ORIENTED_EDGE('',*,*,#3577,.F.);
#5069=ORIENTED_EDGE('',*,*,#3576,.T.);
#5070=ORIENTED_EDGE('',*,*,#3573,.T.);
#5071=ORIENTED_EDGE('',*,*,#3578,.F.);
#5072=ORIENTED_EDGE('',*,*,#3575,.F.);
#5073=ORIENTED_EDGE('',*,*,#3579,.F.);
#5074=ORIENTED_EDGE('',*,*,#3580,.T.);
#5075=ORIENTED_EDGE('',*,*,#3581,.T.);
#5076=ORIENTED_EDGE('',*,*,#3580,.F.);
#5077=ORIENTED_EDGE('',*,*,#3582,.F.);
#5078=ORIENTED_EDGE('',*,*,#3583,.T.);
#5079=ORIENTED_EDGE('',*,*,#3584,.T.);
#5080=ORIENTED_EDGE('',*,*,#3583,.F.);
#5081=ORIENTED_EDGE('',*,*,#3582,.T.);
#5082=ORIENTED_EDGE('',*,*,#3579,.T.);
#5083=ORIENTED_EDGE('',*,*,#3584,.F.);
#5084=ORIENTED_EDGE('',*,*,#3581,.F.);
#5085=ORIENTED_EDGE('',*,*,#3585,.F.);
#5086=ORIENTED_EDGE('',*,*,#3586,.T.);
#5087=ORIENTED_EDGE('',*,*,#3587,.T.);
#5088=ORIENTED_EDGE('',*,*,#3586,.F.);
#5089=ORIENTED_EDGE('',*,*,#3588,.F.);
#5090=ORIENTED_EDGE('',*,*,#3589,.T.);
#5091=ORIENTED_EDGE('',*,*,#3590,.T.);
#5092=ORIENTED_EDGE('',*,*,#3589,.F.);
#5093=ORIENTED_EDGE('',*,*,#3588,.T.);
#5094=ORIENTED_EDGE('',*,*,#3585,.T.);
#5095=ORIENTED_EDGE('',*,*,#3590,.F.);
#5096=ORIENTED_EDGE('',*,*,#3587,.F.);
#5097=CYLINDRICAL_SURFACE('',#5506,3.6);
#5098=CYLINDRICAL_SURFACE('',#5561,5.);
#5099=CYLINDRICAL_SURFACE('',#5563,3.);
#5100=CYLINDRICAL_SURFACE('',#5565,1.3);
#5101=CYLINDRICAL_SURFACE('',#5585,2.);
#5102=CYLINDRICAL_SURFACE('',#5586,2.);
#5103=CYLINDRICAL_SURFACE('',#5587,0.5);
#5104=CYLINDRICAL_SURFACE('',#5593,8.);
#5105=CYLINDRICAL_SURFACE('',#5595,8.);
#5106=CYLINDRICAL_SURFACE('',#5610,2.);
#5107=CYLINDRICAL_SURFACE('',#5611,0.5);
#5108=CYLINDRICAL_SURFACE('',#5616,1.3);
#5109=CYLINDRICAL_SURFACE('',#5618,3.);
#5110=CYLINDRICAL_SURFACE('',#5620,5.);
#5111=CYLINDRICAL_SURFACE('',#5622,2.);
#5112=CYLINDRICAL_SURFACE('',#5624,2.);
#5113=CYLINDRICAL_SURFACE('',#5626,2.);
#5114=CYLINDRICAL_SURFACE('',#5627,3.);
#5115=CYLINDRICAL_SURFACE('',#5629,2.);
#5116=CYLINDRICAL_SURFACE('',#5636,3.);
#5117=CYLINDRICAL_SURFACE('',#5638,2.);
#5118=CYLINDRICAL_SURFACE('',#5639,2.6);
#5119=CYLINDRICAL_SURFACE('',#5643,1.5);
#5120=CYLINDRICAL_SURFACE('',#5644,1.25);
#5121=CYLINDRICAL_SURFACE('',#5645,1.25);
#5122=CYLINDRICAL_SURFACE('',#5647,3.);
#5123=CYLINDRICAL_SURFACE('',#5649,3.);
#5124=CYLINDRICAL_SURFACE('',#5651,3.);
#5125=CYLINDRICAL_SURFACE('',#5653,3.);
#5126=CYLINDRICAL_SURFACE('',#5654,2.65);
#5127=CYLINDRICAL_SURFACE('',#5658,1.75);
#5128=CYLINDRICAL_SURFACE('',#5659,2.65);
#5129=CYLINDRICAL_SURFACE('',#5663,1.75);
#5130=CYLINDRICAL_SURFACE('',#5664,3.6);
#5131=CYLINDRICAL_SURFACE('',#5665,2.55);
#5132=CYLINDRICAL_SURFACE('',#5666,2.55);
#5133=CYLINDRICAL_SURFACE('',#5742,1.7);
#5134=CYLINDRICAL_SURFACE('',#5744,1.7);
#5135=CYLINDRICAL_SURFACE('',#5746,1.7);
#5136=CYLINDRICAL_SURFACE('',#5757,5.);
#5137=CYLINDRICAL_SURFACE('',#5759,5.);
#5138=CYLINDRICAL_SURFACE('',#5763,3.);
#5139=CYLINDRICAL_SURFACE('',#5767,2.99999999999999);
#5140=CYLINDRICAL_SURFACE('',#5795,2.79999999999999);
#5141=CYLINDRICAL_SURFACE('',#5796,2.80000000000001);
#5142=CYLINDRICAL_SURFACE('',#5797,1.69999999999998);
#5143=CYLINDRICAL_SURFACE('',#5800,1.7);
#5144=CYLINDRICAL_SURFACE('',#5802,5.5);
#5145=CYLINDRICAL_SURFACE('',#5805,5.50000000000001);
#5146=CYLINDRICAL_SURFACE('',#5808,2.79999999999999);
#5147=CYLINDRICAL_SURFACE('',#5838,0.750000000000002);
#5148=CYLINDRICAL_SURFACE('',#5841,0.75);
#5149=CYLINDRICAL_SURFACE('',#5844,0.750000000000002);
#5150=CYLINDRICAL_SURFACE('',#5847,0.75);
#5151=CYLINDRICAL_SURFACE('',#5850,0.750000000000002);
#5152=CYLINDRICAL_SURFACE('',#5853,0.75);
#5153=CYLINDRICAL_SURFACE('',#5854,1.6);
#5154=CYLINDRICAL_SURFACE('',#5855,1.6);
#5155=CYLINDRICAL_SURFACE('',#5856,1.6);
#5156=CYLINDRICAL_SURFACE('',#5857,1.6);
#5157=CYLINDRICAL_SURFACE('',#5858,1.6);
#5158=CYLINDRICAL_SURFACE('',#5859,1.6);
#5159=CYLINDRICAL_SURFACE('',#5867,1.7);
#5160=CYLINDRICAL_SURFACE('',#5869,1.7);
#5161=CYLINDRICAL_SURFACE('',#5897,1.7);
#5162=CYLINDRICAL_SURFACE('',#5915,1.7);
#5163=CYLINDRICAL_SURFACE('',#5917,1.7);
#5164=CYLINDRICAL_SURFACE('',#5927,1.7);
#5165=CYLINDRICAL_SURFACE('',#5936,2.);
#5166=CYLINDRICAL_SURFACE('',#5940,4.);
#5167=CYLINDRICAL_SURFACE('',#5942,1.7);
#5168=CYLINDRICAL_SURFACE('',#5945,3.5);
#5169=CYLINDRICAL_SURFACE('',#5950,1.7);
#5170=CYLINDRICAL_SURFACE('',#5953,3.5);
#5171=CYLINDRICAL_SURFACE('',#5958,1.7);
#5172=CYLINDRICAL_SURFACE('',#5961,3.50000000000001);
#5173=CYLINDRICAL_SURFACE('',#5966,1.7);
#5174=CYLINDRICAL_SURFACE('',#5969,3.5);
#5175=CYLINDRICAL_SURFACE('',#5974,1.7);
#5176=CYLINDRICAL_SURFACE('',#5977,3.5);
#5177=ADVANCED_FACE('',(#368),#5097,.F.);
#5178=ADVANCED_FACE('',(#369,#71,#72,#73,#74,#75,#76,#77,#78,#79,#80),#151,
 .F.);
#5179=ADVANCED_FACE('',(#370),#152,.T.);
#5180=ADVANCED_FACE('',(#371,#81,#82,#83,#84,#85,#86,#87,#88,#89,#90),#153,
 .T.);
#5181=ADVANCED_FACE('',(#372),#154,.T.);
#5182=ADVANCED_FACE('',(#373),#5098,.T.);
#5183=ADVANCED_FACE('',(#374),#155,.F.);
#5184=ADVANCED_FACE('',(#375),#5099,.T.);
#5185=ADVANCED_FACE('',(#376),#156,.T.);
#5186=ADVANCED_FACE('',(#377),#5100,.F.);
#5187=ADVANCED_FACE('',(#378),#157,.T.);
#5188=ADVANCED_FACE('',(#379),#158,.T.);
#5189=ADVANCED_FACE('',(#380),#159,.T.);
#5190=ADVANCED_FACE('',(#381),#160,.T.);
#5191=ADVANCED_FACE('',(#382),#161,.F.);
#5192=ADVANCED_FACE('',(#383),#162,.F.);
#5193=ADVANCED_FACE('',(#384),#163,.T.);
#5194=ADVANCED_FACE('',(#385),#164,.T.);
#5195=ADVANCED_FACE('',(#386),#165,.F.);
#5196=ADVANCED_FACE('',(#387),#166,.F.);
#5197=ADVANCED_FACE('',(#388),#167,.F.);
#5198=ADVANCED_FACE('',(#389),#168,.T.);
#5199=ADVANCED_FACE('',(#390),#169,.T.);
#5200=ADVANCED_FACE('',(#391),#5101,.T.);
#5201=ADVANCED_FACE('',(#392),#5102,.T.);
#5202=ADVANCED_FACE('',(#393),#5103,.F.);
#5203=ADVANCED_FACE('',(#394),#170,.F.);
#5204=ADVANCED_FACE('',(#395),#171,.T.);
#5205=ADVANCED_FACE('',(#396),#172,.T.);
#5206=ADVANCED_FACE('',(#397),#5104,.T.);
#5207=ADVANCED_FACE('',(#398),#173,.T.);
#5208=ADVANCED_FACE('',(#399),#5105,.T.);
#5209=ADVANCED_FACE('',(#400),#174,.T.);
#5210=ADVANCED_FACE('',(#401),#175,.T.);
#5211=ADVANCED_FACE('',(#402),#176,.T.);
#5212=ADVANCED_FACE('',(#403),#177,.T.);
#5213=ADVANCED_FACE('',(#404),#178,.F.);
#5214=ADVANCED_FACE('',(#405),#179,.T.);
#5215=ADVANCED_FACE('',(#406),#180,.T.);
#5216=ADVANCED_FACE('',(#407),#181,.T.);
#5217=ADVANCED_FACE('',(#408),#5106,.T.);
#5218=ADVANCED_FACE('',(#409),#5107,.F.);
#5219=ADVANCED_FACE('',(#410),#182,.F.);
#5220=ADVANCED_FACE('',(#411),#183,.T.);
#5221=ADVANCED_FACE('',(#412),#5108,.F.);
#5222=ADVANCED_FACE('',(#413),#184,.T.);
#5223=ADVANCED_FACE('',(#414),#5109,.T.);
#5224=ADVANCED_FACE('',(#415),#185,.F.);
#5225=ADVANCED_FACE('',(#416),#5110,.T.);
#5226=ADVANCED_FACE('',(#417),#186,.T.);
#5227=ADVANCED_FACE('',(#418),#5111,.T.);
#5228=ADVANCED_FACE('',(#419),#187,.T.);
#5229=ADVANCED_FACE('',(#420),#5112,.F.);
#5230=ADVANCED_FACE('',(#421),#188,.T.);
#5231=ADVANCED_FACE('',(#422),#5113,.F.);
#5232=ADVANCED_FACE('',(#423),#5114,.T.);
#5233=ADVANCED_FACE('',(#424),#189,.T.);
#5234=ADVANCED_FACE('',(#425),#5115,.T.);
#5235=ADVANCED_FACE('',(#426),#190,.T.);
#5236=ADVANCED_FACE('',(#427),#191,.T.);
#5237=ADVANCED_FACE('',(#428),#192,.F.);
#5238=ADVANCED_FACE('',(#429),#193,.F.);
#5239=ADVANCED_FACE('',(#430),#194,.F.);
#5240=ADVANCED_FACE('',(#431),#195,.T.);
#5241=ADVANCED_FACE('',(#432),#5116,.T.);
#5242=ADVANCED_FACE('',(#433),#196,.T.);
#5243=ADVANCED_FACE('',(#434),#5117,.T.);
#5244=ADVANCED_FACE('',(#435),#5118,.T.);
#5245=ADVANCED_FACE('',(#436,#91),#197,.F.);
#5246=ADVANCED_FACE('',(#437),#5119,.F.);
#5247=ADVANCED_FACE('',(#438),#5120,.F.);
#5248=ADVANCED_FACE('',(#439),#5121,.F.);
#5249=ADVANCED_FACE('',(#440),#198,.F.);
#5250=ADVANCED_FACE('',(#441),#5122,.F.);
#5251=ADVANCED_FACE('',(#442),#199,.F.);
#5252=ADVANCED_FACE('',(#443),#5123,.F.);
#5253=ADVANCED_FACE('',(#444),#200,.F.);
#5254=ADVANCED_FACE('',(#445),#5124,.F.);
#5255=ADVANCED_FACE('',(#446),#201,.F.);
#5256=ADVANCED_FACE('',(#447),#5125,.F.);
#5257=ADVANCED_FACE('',(#448),#5126,.T.);
#5258=ADVANCED_FACE('',(#449,#92),#202,.F.);
#5259=ADVANCED_FACE('',(#450),#5127,.F.);
#5260=ADVANCED_FACE('',(#451),#5128,.T.);
#5261=ADVANCED_FACE('',(#452,#93),#203,.F.);
#5262=ADVANCED_FACE('',(#453),#5129,.F.);
#5263=ADVANCED_FACE('',(#454),#5130,.F.);
#5264=ADVANCED_FACE('',(#455),#5131,.F.);
#5265=ADVANCED_FACE('',(#456),#5132,.F.);
#5266=ADVANCED_FACE('',(#457),#204,.T.);
#5267=ADVANCED_FACE('',(#458),#205,.F.);
#5268=ADVANCED_FACE('',(#459),#206,.F.);
#5269=ADVANCED_FACE('',(#460),#207,.F.);
#5270=ADVANCED_FACE('',(#461),#208,.F.);
#5271=ADVANCED_FACE('',(#462),#209,.F.);
#5272=ADVANCED_FACE('',(#463,#94,#95,#96),#210,.F.);
#5273=ADVANCED_FACE('',(#464),#211,.T.);
#5274=ADVANCED_FACE('',(#465),#212,.T.);
#5275=ADVANCED_FACE('',(#466),#213,.T.);
#5276=ADVANCED_FACE('',(#467),#214,.T.);
#5277=ADVANCED_FACE('',(#468),#215,.T.);
#5278=ADVANCED_FACE('',(#469),#216,.T.);
#5279=ADVANCED_FACE('',(#470),#217,.F.);
#5280=ADVANCED_FACE('',(#471),#218,.F.);
#5281=ADVANCED_FACE('',(#472),#219,.F.);
#5282=ADVANCED_FACE('',(#473),#220,.T.);
#5283=ADVANCED_FACE('',(#474),#221,.T.);
#5284=ADVANCED_FACE('',(#475),#222,.T.);
#5285=ADVANCED_FACE('',(#476),#223,.T.);
#5286=ADVANCED_FACE('',(#477),#224,.T.);
#5287=ADVANCED_FACE('',(#478),#225,.T.);
#5288=ADVANCED_FACE('',(#479),#226,.F.);
#5289=ADVANCED_FACE('',(#480),#227,.F.);
#5290=ADVANCED_FACE('',(#481),#228,.F.);
#5291=ADVANCED_FACE('',(#482),#229,.T.);
#5292=ADVANCED_FACE('',(#483),#230,.T.);
#5293=ADVANCED_FACE('',(#484),#231,.T.);
#5294=ADVANCED_FACE('',(#485),#232,.T.);
#5295=ADVANCED_FACE('',(#486),#233,.T.);
#5296=ADVANCED_FACE('',(#487),#234,.T.);
#5297=ADVANCED_FACE('',(#488),#235,.F.);
#5298=ADVANCED_FACE('',(#489),#236,.F.);
#5299=ADVANCED_FACE('',(#490),#237,.F.);
#5300=ADVANCED_FACE('',(#491,#97,#98,#99,#100,#101,#102,#103,#104,#105,
#106,#107,#108,#109,#110),#238,.F.);
#5301=ADVANCED_FACE('',(#492),#239,.F.);
#5302=ADVANCED_FACE('',(#493),#240,.F.);
#5303=ADVANCED_FACE('',(#494),#241,.F.);
#5304=ADVANCED_FACE('',(#495,#111),#242,.T.);
#5305=ADVANCED_FACE('',(#496),#243,.F.);
#5306=ADVANCED_FACE('',(#497),#244,.F.);
#5307=ADVANCED_FACE('',(#498),#245,.F.);
#5308=ADVANCED_FACE('',(#499,#112),#246,.T.);
#5309=ADVANCED_FACE('',(#500),#247,.F.);
#5310=ADVANCED_FACE('',(#501),#248,.F.);
#5311=ADVANCED_FACE('',(#502),#249,.F.);
#5312=ADVANCED_FACE('',(#503,#113),#250,.T.);
#5313=ADVANCED_FACE('',(#504),#251,.T.);
#5314=ADVANCED_FACE('',(#505),#252,.T.);
#5315=ADVANCED_FACE('',(#506),#5133,.F.);
#5316=ADVANCED_FACE('',(#507),#5134,.F.);
#5317=ADVANCED_FACE('',(#508),#5135,.F.);
#5318=ADVANCED_FACE('',(#509),#253,.T.);
#5319=ADVANCED_FACE('',(#510),#23,.F.);
#5320=ADVANCED_FACE('',(#511),#254,.F.);
#5321=ADVANCED_FACE('',(#512),#24,.F.);
#5322=ADVANCED_FACE('',(#513),#255,.F.);
#5323=ADVANCED_FACE('',(#514),#5136,.F.);
#5324=ADVANCED_FACE('',(#515),#5137,.F.);
#5325=ADVANCED_FACE('',(#516),#256,.T.);
#5326=ADVANCED_FACE('',(#517),#257,.T.);
#5327=ADVANCED_FACE('',(#518),#5138,.F.);
#5328=ADVANCED_FACE('',(#519,#114),#258,.T.);
#5329=ADVANCED_FACE('',(#520),#5139,.F.);
#5330=ADVANCED_FACE('',(#521,#115),#259,.T.);
#5331=ADVANCED_FACE('',(#522,#116,#117,#118,#119,#120,#121,#122,#123,#124,
#125,#126,#127,#128,#129,#130,#131,#132,#133),#260,.T.);
#5332=ADVANCED_FACE('',(#523),#261,.T.);
#5333=ADVANCED_FACE('',(#524),#5140,.F.);
#5334=ADVANCED_FACE('',(#525),#5141,.F.);
#5335=ADVANCED_FACE('',(#526),#5142,.F.);
#5336=ADVANCED_FACE('',(#527),#262,.T.);
#5337=ADVANCED_FACE('',(#528),#263,.T.);
#5338=ADVANCED_FACE('',(#529),#5143,.F.);
#5339=ADVANCED_FACE('',(#530),#264,.T.);
#5340=ADVANCED_FACE('',(#531),#5144,.F.);
#5341=ADVANCED_FACE('',(#532),#265,.T.);
#5342=ADVANCED_FACE('',(#533),#5145,.F.);
#5343=ADVANCED_FACE('',(#534),#266,.T.);
#5344=ADVANCED_FACE('',(#535),#5146,.F.);
#5345=ADVANCED_FACE('',(#536),#267,.T.);
#5346=ADVANCED_FACE('',(#537),#268,.T.);
#5347=ADVANCED_FACE('',(#538),#269,.T.);
#5348=ADVANCED_FACE('',(#539),#270,.T.);
#5349=ADVANCED_FACE('',(#540),#271,.T.);
#5350=ADVANCED_FACE('',(#541),#272,.T.);
#5351=ADVANCED_FACE('',(#542),#273,.F.);
#5352=ADVANCED_FACE('',(#543),#274,.F.);
#5353=ADVANCED_FACE('',(#544),#275,.F.);
#5354=ADVANCED_FACE('',(#545),#276,.T.);
#5355=ADVANCED_FACE('',(#546),#277,.T.);
#5356=ADVANCED_FACE('',(#547),#278,.T.);
#5357=ADVANCED_FACE('',(#548),#279,.T.);
#5358=ADVANCED_FACE('',(#549),#280,.T.);
#5359=ADVANCED_FACE('',(#550),#281,.T.);
#5360=ADVANCED_FACE('',(#551),#282,.F.);
#5361=ADVANCED_FACE('',(#552),#283,.F.);
#5362=ADVANCED_FACE('',(#553),#284,.F.);
#5363=ADVANCED_FACE('',(#554),#285,.T.);
#5364=ADVANCED_FACE('',(#555),#286,.T.);
#5365=ADVANCED_FACE('',(#556),#287,.T.);
#5366=ADVANCED_FACE('',(#557),#288,.T.);
#5367=ADVANCED_FACE('',(#558),#289,.T.);
#5368=ADVANCED_FACE('',(#559),#290,.T.);
#5369=ADVANCED_FACE('',(#560),#291,.F.);
#5370=ADVANCED_FACE('',(#561),#292,.F.);
#5371=ADVANCED_FACE('',(#562),#293,.F.);
#5372=ADVANCED_FACE('',(#563),#25,.T.);
#5373=ADVANCED_FACE('',(#564),#5147,.T.);
#5374=ADVANCED_FACE('',(#565),#26,.T.);
#5375=ADVANCED_FACE('',(#566),#5148,.T.);
#5376=ADVANCED_FACE('',(#567),#27,.T.);
#5377=ADVANCED_FACE('',(#568),#5149,.T.);
#5378=ADVANCED_FACE('',(#569),#28,.T.);
#5379=ADVANCED_FACE('',(#570),#5150,.T.);
#5380=ADVANCED_FACE('',(#571),#29,.T.);
#5381=ADVANCED_FACE('',(#572),#5151,.T.);
#5382=ADVANCED_FACE('',(#573),#30,.T.);
#5383=ADVANCED_FACE('',(#574),#5152,.T.);
#5384=ADVANCED_FACE('',(#575),#5153,.F.);
#5385=ADVANCED_FACE('',(#576),#5154,.F.);
#5386=ADVANCED_FACE('',(#577),#5155,.F.);
#5387=ADVANCED_FACE('',(#578),#5156,.F.);
#5388=ADVANCED_FACE('',(#579),#5157,.F.);
#5389=ADVANCED_FACE('',(#580),#5158,.F.);
#5390=ADVANCED_FACE('',(#581),#294,.T.);
#5391=ADVANCED_FACE('',(#582),#295,.T.);
#5392=ADVANCED_FACE('',(#583),#296,.T.);
#5393=ADVANCED_FACE('',(#584),#297,.T.);
#5394=ADVANCED_FACE('',(#585),#298,.T.);
#5395=ADVANCED_FACE('',(#586),#299,.T.);
#5396=ADVANCED_FACE('',(#587),#300,.T.);
#5397=ADVANCED_FACE('',(#588),#5159,.F.);
#5398=ADVANCED_FACE('',(#589),#5160,.F.);
#5399=ADVANCED_FACE('',(#590,#134),#301,.F.);
#5400=ADVANCED_FACE('',(#591),#302,.F.);
#5401=ADVANCED_FACE('',(#592),#303,.F.);
#5402=ADVANCED_FACE('',(#593),#304,.F.);
#5403=ADVANCED_FACE('',(#594,#135),#305,.T.);
#5404=ADVANCED_FACE('',(#595),#306,.F.);
#5405=ADVANCED_FACE('',(#596),#307,.F.);
#5406=ADVANCED_FACE('',(#597),#308,.F.);
#5407=ADVANCED_FACE('',(#598),#309,.F.);
#5408=ADVANCED_FACE('',(#599),#310,.F.);
#5409=ADVANCED_FACE('',(#600),#311,.F.);
#5410=ADVANCED_FACE('',(#601),#312,.T.);
#5411=ADVANCED_FACE('',(#602),#313,.T.);
#5412=ADVANCED_FACE('',(#603),#314,.T.);
#5413=ADVANCED_FACE('',(#604),#315,.T.);
#5414=ADVANCED_FACE('',(#605),#316,.T.);
#5415=ADVANCED_FACE('',(#606),#317,.T.);
#5416=ADVANCED_FACE('',(#607),#318,.F.);
#5417=ADVANCED_FACE('',(#608),#319,.F.);
#5418=ADVANCED_FACE('',(#609),#320,.F.);
#5419=ADVANCED_FACE('',(#610),#321,.T.);
#5420=ADVANCED_FACE('',(#611),#322,.T.);
#5421=ADVANCED_FACE('',(#612),#323,.T.);
#5422=ADVANCED_FACE('',(#613),#324,.T.);
#5423=ADVANCED_FACE('',(#614),#325,.T.);
#5424=ADVANCED_FACE('',(#615),#326,.T.);
#5425=ADVANCED_FACE('',(#616),#5161,.F.);
#5426=ADVANCED_FACE('',(#617,#136),#327,.T.);
#5427=ADVANCED_FACE('',(#618),#328,.F.);
#5428=ADVANCED_FACE('',(#619),#329,.F.);
#5429=ADVANCED_FACE('',(#620),#330,.F.);
#5430=ADVANCED_FACE('',(#621),#331,.F.);
#5431=ADVANCED_FACE('',(#622),#332,.F.);
#5432=ADVANCED_FACE('',(#623),#333,.F.);
#5433=ADVANCED_FACE('',(#624),#334,.T.);
#5434=ADVANCED_FACE('',(#625),#335,.T.);
#5435=ADVANCED_FACE('',(#626),#336,.T.);
#5436=ADVANCED_FACE('',(#627),#337,.T.);
#5437=ADVANCED_FACE('',(#628),#338,.T.);
#5438=ADVANCED_FACE('',(#629),#339,.T.);
#5439=ADVANCED_FACE('',(#630),#340,.T.);
#5440=ADVANCED_FACE('',(#631),#341,.T.);
#5441=ADVANCED_FACE('',(#632,#137),#342,.T.);
#5442=ADVANCED_FACE('',(#633),#5162,.F.);
#5443=ADVANCED_FACE('',(#634),#5163,.F.);
#5444=ADVANCED_FACE('',(#635,#138),#343,.T.);
#5445=ADVANCED_FACE('',(#636),#344,.F.);
#5446=ADVANCED_FACE('',(#637,#139),#345,.T.);
#5447=ADVANCED_FACE('',(#638),#346,.F.);
#5448=ADVANCED_FACE('',(#639),#347,.F.);
#5449=ADVANCED_FACE('',(#640),#348,.F.);
#5450=ADVANCED_FACE('',(#641),#349,.F.);
#5451=ADVANCED_FACE('',(#642),#350,.F.);
#5452=ADVANCED_FACE('',(#643),#5164,.F.);
#5453=ADVANCED_FACE('',(#644,#140),#351,.T.);
#5454=ADVANCED_FACE('',(#645),#352,.F.);
#5455=ADVANCED_FACE('',(#646),#353,.F.);
#5456=ADVANCED_FACE('',(#647),#354,.F.);
#5457=ADVANCED_FACE('',(#648),#355,.F.);
#5458=ADVANCED_FACE('',(#649),#5165,.T.);
#5459=ADVANCED_FACE('',(#650),#356,.F.);
#5460=ADVANCED_FACE('',(#651),#5166,.F.);
#5461=ADVANCED_FACE('',(#652),#357,.T.);
#5462=ADVANCED_FACE('',(#653),#5167,.F.);
#5463=ADVANCED_FACE('',(#654),#5168,.T.);
#5464=ADVANCED_FACE('',(#655,#141),#358,.T.);
#5465=ADVANCED_FACE('',(#656,#142),#359,.F.);
#5466=ADVANCED_FACE('',(#657),#5169,.F.);
#5467=ADVANCED_FACE('',(#658),#5170,.T.);
#5468=ADVANCED_FACE('',(#659,#143),#360,.T.);
#5469=ADVANCED_FACE('',(#660,#144),#361,.F.);
#5470=ADVANCED_FACE('',(#661),#5171,.F.);
#5471=ADVANCED_FACE('',(#662),#5172,.T.);
#5472=ADVANCED_FACE('',(#663,#145),#362,.T.);
#5473=ADVANCED_FACE('',(#664,#146),#363,.F.);
#5474=ADVANCED_FACE('',(#665),#5173,.F.);
#5475=ADVANCED_FACE('',(#666),#5174,.T.);
#5476=ADVANCED_FACE('',(#667,#147),#364,.T.);
#5477=ADVANCED_FACE('',(#668,#148),#365,.F.);
#5478=ADVANCED_FACE('',(#669),#5175,.F.);
#5479=ADVANCED_FACE('',(#670),#5176,.T.);
#5480=ADVANCED_FACE('',(#671,#149),#366,.T.);
#5481=ADVANCED_FACE('',(#672,#150),#367,.F.);
#5482=CLOSED_SHELL('',(#5177,#5178,#5179,#5180,#5181,#5182,#5183,#5184,
#5185,#5186,#5187,#5188,#5189,#5190,#5191,#5192,#5193,#5194,#5195,#5196,
#5197,#5198,#5199,#5200,#5201,#5202,#5203,#5204,#5205,#5206,#5207,#5208,
#5209,#5210,#5211,#5212,#5213,#5214,#5215,#5216,#5217,#5218,#5219,#5220,
#5221,#5222,#5223,#5224,#5225,#5226,#5227,#5228,#5229,#5230,#5231,#5232,
#5233,#5234,#5235,#5236,#5237,#5238,#5239,#5240,#5241,#5242,#5243,#5244,
#5245,#5246,#5247,#5248,#5249,#5250,#5251,#5252,#5253,#5254,#5255,#5256,
#5257,#5258,#5259,#5260,#5261,#5262,#5263,#5264,#5265));
#5483=CLOSED_SHELL('',(#5266,#5267,#5268,#5269,#5270,#5271,#5272,#5273,
#5274,#5275,#5276,#5277,#5278,#5279,#5280,#5281,#5282,#5283,#5284,#5285,
#5286,#5287,#5288,#5289,#5290,#5291,#5292,#5293,#5294,#5295,#5296,#5297,
#5298,#5299,#5300,#5301,#5302,#5303,#5304,#5305,#5306,#5307,#5308,#5309,
#5310,#5311,#5312,#5313,#5314,#5315,#5316,#5317,#5318,#5319,#5320,#5321,
#5322,#5323,#5324,#5325,#5326,#5327,#5328,#5329,#5330,#5331,#5332,#5333,
#5334,#5335,#5336,#5337,#5338,#5339,#5340,#5341,#5342,#5343,#5344,#5345,
#5346,#5347,#5348,#5349,#5350,#5351,#5352,#5353,#5354,#5355,#5356,#5357,
#5358,#5359,#5360,#5361,#5362,#5363,#5364,#5365,#5366,#5367,#5368,#5369,
#5370,#5371,#5372,#5373,#5374,#5375,#5376,#5377,#5378,#5379,#5380,#5381,
#5382,#5383,#5384,#5385,#5386,#5387,#5388,#5389,#5390,#5391,#5392,#5393,
#5394,#5395,#5396,#5397,#5398,#5399,#5400,#5401,#5402,#5403,#5404,#5405,
#5406,#5407,#5408,#5409,#5410,#5411,#5412,#5413,#5414,#5415,#5416,#5417,
#5418,#5419,#5420,#5421,#5422,#5423,#5424,#5425,#5426,#5427,#5428,#5429,
#5430,#5431,#5432,#5433,#5434,#5435,#5436,#5437,#5438,#5439,#5440,#5441,
#5442,#5443,#5444,#5445,#5446,#5447,#5448,#5449,#5450,#5451,#5452,#5453,
#5454,#5455,#5456,#5457,#5458,#5459,#5460,#5461));
#5484=CLOSED_SHELL('',(#5462,#5463,#5464,#5465));
#5485=CLOSED_SHELL('',(#5466,#5467,#5468,#5469));
#5486=CLOSED_SHELL('',(#5470,#5471,#5472,#5473));
#5487=CLOSED_SHELL('',(#5474,#5475,#5476,#5477));
#5488=CLOSED_SHELL('',(#5478,#5479,#5480,#5481));
#5489=DERIVED_UNIT_ELEMENT(#5491,1.);
#5490=DERIVED_UNIT_ELEMENT(#9168,-3.);
#5491=(
MASS_UNIT()
NAMED_UNIT(*)
SI_UNIT(.KILO.,.GRAM.)
);
#5492=DERIVED_UNIT((#5489,#5490));
#5493=MEASURE_REPRESENTATION_ITEM('density measure',
POSITIVE_RATIO_MEASURE(7850.),#5492);
#5494=PROPERTY_DEFINITION_REPRESENTATION(#5499,#5496);
#5495=PROPERTY_DEFINITION_REPRESENTATION(#5500,#5497);
#5496=REPRESENTATION('material name',(#5498),#9165);
#5497=REPRESENTATION('density',(#5493),#9165);
#5498=DESCRIPTIVE_REPRESENTATION_ITEM('Stahl','Stahl');
#5499=PROPERTY_DEFINITION('material property','material name',#9195);
#5500=PROPERTY_DEFINITION('material property','density of part',#9195);
#5501=AXIS2_PLACEMENT_3D('',#7514,#5983,#5984);
#5502=AXIS2_PLACEMENT_3D('',#7515,#5985,#5986);
#5503=AXIS2_PLACEMENT_3D('',#7516,#5987,#5988);
#5504=AXIS2_PLACEMENT_3D('',#7517,#5989,#5990);
#5505=AXIS2_PLACEMENT_3D('',#7518,#5991,#5992);
#5506=AXIS2_PLACEMENT_3D('',#7519,#5993,#5994);
#5507=AXIS2_PLACEMENT_3D('',#7521,#5995,#5996);
#5508=AXIS2_PLACEMENT_3D('',#7524,#5998,#5999);
#5509=AXIS2_PLACEMENT_3D('',#7525,#6000,#6001);
#5510=AXIS2_PLACEMENT_3D('',#7530,#6003,#6004);
#5511=AXIS2_PLACEMENT_3D('',#7534,#6006,#6007);
#5512=AXIS2_PLACEMENT_3D('',#7538,#6009,#6010);
#5513=AXIS2_PLACEMENT_3D('',#7542,#6012,#6013);
#5514=AXIS2_PLACEMENT_3D('',#7552,#6018,#6019);
#5515=AXIS2_PLACEMENT_3D('',#7556,#6021,#6022);
#5516=AXIS2_PLACEMENT_3D('',#7566,#6027,#6028);
#5517=AXIS2_PLACEMENT_3D('',#7570,#6030,#6031);
#5518=AXIS2_PLACEMENT_3D('',#7574,#6033,#6034);
#5519=AXIS2_PLACEMENT_3D('',#7578,#6036,#6037);
#5520=AXIS2_PLACEMENT_3D('',#7582,#6039,#6040);
#5521=AXIS2_PLACEMENT_3D('',#7585,#6042,#6043);
#5522=AXIS2_PLACEMENT_3D('',#7587,#6044,#6045);
#5523=AXIS2_PLACEMENT_3D('',#7589,#6046,#6047);
#5524=AXIS2_PLACEMENT_3D('',#7591,#6048,#6049);
#5525=AXIS2_PLACEMENT_3D('',#7593,#6050,#6051);
#5526=AXIS2_PLACEMENT_3D('',#7595,#6052,#6053);
#5527=AXIS2_PLACEMENT_3D('',#7600,#6055,#6056);
#5528=AXIS2_PLACEMENT_3D('',#7604,#6058,#6059);
#5529=AXIS2_PLACEMENT_3D('',#7608,#6061,#6062);
#5530=AXIS2_PLACEMENT_3D('',#7611,#6064,#6065);
#5531=AXIS2_PLACEMENT_3D('',#7613,#6066,#6067);
#5532=AXIS2_PLACEMENT_3D('',#7615,#6068,#6069);
#5533=AXIS2_PLACEMENT_3D('',#7617,#6070,#6071);
#5534=AXIS2_PLACEMENT_3D('',#7618,#6072,#6073);
#5535=AXIS2_PLACEMENT_3D('',#7624,#6077,#6078);
#5536=AXIS2_PLACEMENT_3D('',#7628,#6080,#6081);
#5537=AXIS2_PLACEMENT_3D('',#7630,#6082,#6083);
#5538=AXIS2_PLACEMENT_3D('',#7634,#6085,#6086);
#5539=AXIS2_PLACEMENT_3D('',#7638,#6088,#6089);
#5540=AXIS2_PLACEMENT_3D('',#7642,#6091,#6092);
#5541=AXIS2_PLACEMENT_3D('',#7646,#6094,#6095);
#5542=AXIS2_PLACEMENT_3D('',#7650,#6097,#6098);
#5543=AXIS2_PLACEMENT_3D('',#7660,#6103,#6104);
#5544=AXIS2_PLACEMENT_3D('',#7664,#6106,#6107);
#5545=AXIS2_PLACEMENT_3D('',#7674,#6112,#6113);
#5546=AXIS2_PLACEMENT_3D('',#7678,#6115,#6116);
#5547=AXIS2_PLACEMENT_3D('',#7681,#6118,#6119);
#5548=AXIS2_PLACEMENT_3D('',#7683,#6120,#6121);
#5549=AXIS2_PLACEMENT_3D('',#7685,#6122,#6123);
#5550=AXIS2_PLACEMENT_3D('',#7687,#6124,#6125);
#5551=AXIS2_PLACEMENT_3D('',#7692,#6127,#6128);
#5552=AXIS2_PLACEMENT_3D('',#7696,#6130,#6131);
#5553=AXIS2_PLACEMENT_3D('',#7700,#6133,#6134);
#5554=AXIS2_PLACEMENT_3D('',#7703,#6136,#6137);
#5555=AXIS2_PLACEMENT_3D('',#7705,#6138,#6139);
#5556=AXIS2_PLACEMENT_3D('',#7707,#6140,#6141);
#5557=AXIS2_PLACEMENT_3D('',#7709,#6142,#6143);
#5558=AXIS2_PLACEMENT_3D('',#7711,#6144,#6145);
#5559=AXIS2_PLACEMENT_3D('',#7713,#6146,#6147);
#5560=AXIS2_PLACEMENT_3D('',#7714,#6148,#6149);
#5561=AXIS2_PLACEMENT_3D('',#7717,#6152,#6153);
#5562=AXIS2_PLACEMENT_3D('',#7719,#6155,#6156);
#5563=AXIS2_PLACEMENT_3D('',#7721,#6158,#6159);
#5564=AXIS2_PLACEMENT_3D('',#7723,#6161,#6162);
#5565=AXIS2_PLACEMENT_3D('',#7725,#6164,#6165);
#5566=AXIS2_PLACEMENT_3D('',#7727,#6167,#6168);
#5567=AXIS2_PLACEMENT_3D('',#7729,#6170,#6171);
#5568=AXIS2_PLACEMENT_3D('',#7733,#6173,#6174);
#5569=AXIS2_PLACEMENT_3D('',#7734,#6175,#6176);
#5570=AXIS2_PLACEMENT_3D('',#7735,#6177,#6178);
#5571=AXIS2_PLACEMENT_3D('',#7741,#6182,#6183);
#5572=AXIS2_PLACEMENT_3D('',#7746,#6185,#6186);
#5573=AXIS2_PLACEMENT_3D('',#7761,#6194,#6195);
#5574=AXIS2_PLACEMENT_3D('',#7765,#6198,#6199);
#5575=AXIS2_PLACEMENT_3D('',#7771,#6203,#6204);
#5576=AXIS2_PLACEMENT_3D('',#7775,#6206,#6207);
#5577=AXIS2_PLACEMENT_3D('',#7780,#6210,#6211);
#5578=AXIS2_PLACEMENT_3D('',#7792,#6218,#6219);
#5579=AXIS2_PLACEMENT_3D('',#7795,#6222,#6223);
#5580=AXIS2_PLACEMENT_3D('',#7797,#6225,#6226);
#5581=AXIS2_PLACEMENT_3D('',#7799,#6228,#6229);
#5582=AXIS2_PLACEMENT_3D('',#7801,#6231,#6232);
#5583=AXIS2_PLACEMENT_3D('',#7803,#6234,#6235);
#5584=AXIS2_PLACEMENT_3D('',#7805,#6237,#6238);
#5585=AXIS2_PLACEMENT_3D('',#7807,#6240,#6241);
#5586=AXIS2_PLACEMENT_3D('',#7808,#6242,#6243);
#5587=AXIS2_PLACEMENT_3D('',#7809,#6244,#6245);
#5588=AXIS2_PLACEMENT_3D('',#7810,#6246,#6247);
#5589=AXIS2_PLACEMENT_3D('',#7811,#6248,#6249);
#5590=AXIS2_PLACEMENT_3D('',#7813,#6251,#6252);
#5591=AXIS2_PLACEMENT_3D('',#7815,#6254,#6255);
#5592=AXIS2_PLACEMENT_3D('',#7817,#6257,#6258);
#5593=AXIS2_PLACEMENT_3D('',#7819,#6260,#6261);
#5594=AXIS2_PLACEMENT_3D('',#7821,#6263,#6264);
#5595=AXIS2_PLACEMENT_3D('',#7823,#6266,#6267);
#5596=AXIS2_PLACEMENT_3D('',#7825,#6269,#6270);
#5597=AXIS2_PLACEMENT_3D('',#7827,#6272,#6273);
#5598=AXIS2_PLACEMENT_3D('',#7829,#6275,#6276);
#5599=AXIS2_PLACEMENT_3D('',#7833,#6278,#6279);
#5600=AXIS2_PLACEMENT_3D('',#7834,#6280,#6281);
#5601=AXIS2_PLACEMENT_3D('',#7835,#6282,#6283);
#5602=AXIS2_PLACEMENT_3D('',#7841,#6287,#6288);
#5603=AXIS2_PLACEMENT_3D('',#7846,#6290,#6291);
#5604=AXIS2_PLACEMENT_3D('',#7853,#6295,#6296);
#5605=AXIS2_PLACEMENT_3D('',#7865,#6303,#6304);
#5606=AXIS2_PLACEMENT_3D('',#7871,#6308,#6309);
#5607=AXIS2_PLACEMENT_3D('',#7874,#6311,#6312);
#5608=AXIS2_PLACEMENT_3D('',#7888,#6319,#6320);
#5609=AXIS2_PLACEMENT_3D('',#7892,#6323,#6324);
#5610=AXIS2_PLACEMENT_3D('',#7894,#6326,#6327);
#5611=AXIS2_PLACEMENT_3D('',#7895,#6328,#6329);
#5612=AXIS2_PLACEMENT_3D('',#7896,#6330,#6331);
#5613=AXIS2_PLACEMENT_3D('',#7897,#6332,#6333);
#5614=AXIS2_PLACEMENT_3D('',#7899,#6335,#6336);
#5615=AXIS2_PLACEMENT_3D('',#7901,#6338,#6339);
#5616=AXIS2_PLACEMENT_3D('',#7903,#6341,#6342);
#5617=AXIS2_PLACEMENT_3D('',#7905,#6344,#6345);
#5618=AXIS2_PLACEMENT_3D('',#7907,#6347,#6348);
#5619=AXIS2_PLACEMENT_3D('',#7909,#6350,#6351);
#5620=AXIS2_PLACEMENT_3D('',#7911,#6353,#6354);
#5621=AXIS2_PLACEMENT_3D('',#7913,#6356,#6357);
#5622=AXIS2_PLACEMENT_3D('',#7915,#6359,#6360);
#5623=AXIS2_PLACEMENT_3D('',#7917,#6362,#6363);
#5624=AXIS2_PLACEMENT_3D('',#7919,#6365,#6366);
#5625=AXIS2_PLACEMENT_3D('',#7921,#6368,#6369);
#5626=AXIS2_PLACEMENT_3D('',#7923,#6371,#6372);
#5627=AXIS2_PLACEMENT_3D('',#7924,#6373,#6374);
#5628=AXIS2_PLACEMENT_3D('',#7925,#6375,#6376);
#5629=AXIS2_PLACEMENT_3D('',#7927,#6378,#6379);
#5630=AXIS2_PLACEMENT_3D('',#7929,#6381,#6382);
#5631=AXIS2_PLACEMENT_3D('',#7931,#6384,#6385);
#5632=AXIS2_PLACEMENT_3D('',#7933,#6387,#6388);
#5633=AXIS2_PLACEMENT_3D('',#7935,#6390,#6391);
#5634=AXIS2_PLACEMENT_3D('',#7937,#6393,#6394);
#5635=AXIS2_PLACEMENT_3D('',#7939,#6396,#6397);
#5636=AXIS2_PLACEMENT_3D('',#7940,#6398,#6399);
#5637=AXIS2_PLACEMENT_3D('',#7941,#6400,#6401);
#5638=AXIS2_PLACEMENT_3D('',#7942,#6402,#6403);
#5639=AXIS2_PLACEMENT_3D('',#7943,#6404,#6405);
#5640=AXIS2_PLACEMENT_3D('',#7946,#6407,#6408);
#5641=AXIS2_PLACEMENT_3D('',#7947,#6409,#6410);
#5642=AXIS2_PLACEMENT_3D('',#7949,#6411,#6412);
#5643=AXIS2_PLACEMENT_3D('',#7950,#6413,#6414);
#5644=AXIS2_PLACEMENT_3D('',#7952,#6416,#6417);
#5645=AXIS2_PLACEMENT_3D('',#7954,#6419,#6420);
#5646=AXIS2_PLACEMENT_3D('',#7956,#6422,#6423);
#5647=AXIS2_PLACEMENT_3D('',#7959,#6426,#6427);
#5648=AXIS2_PLACEMENT_3D('',#7961,#6429,#6430);
#5649=AXIS2_PLACEMENT_3D('',#7963,#6432,#6433);
#5650=AXIS2_PLACEMENT_3D('',#7965,#6435,#6436);
#5651=AXIS2_PLACEMENT_3D('',#7967,#6438,#6439);
#5652=AXIS2_PLACEMENT_3D('',#7969,#6441,#6442);
#5653=AXIS2_PLACEMENT_3D('',#7971,#6444,#6445);
#5654=AXIS2_PLACEMENT_3D('',#7972,#6446,#6447);
#5655=AXIS2_PLACEMENT_3D('',#7975,#6449,#6450);
#5656=AXIS2_PLACEMENT_3D('',#7976,#6451,#6452);
#5657=AXIS2_PLACEMENT_3D('',#7978,#6453,#6454);
#5658=AXIS2_PLACEMENT_3D('',#7979,#6455,#6456);
#5659=AXIS2_PLACEMENT_3D('',#7981,#6458,#6459);
#5660=AXIS2_PLACEMENT_3D('',#7984,#6461,#6462);
#5661=AXIS2_PLACEMENT_3D('',#7985,#6463,#6464);
#5662=AXIS2_PLACEMENT_3D('',#7987,#6465,#6466);
#5663=AXIS2_PLACEMENT_3D('',#7988,#6467,#6468);
#5664=AXIS2_PLACEMENT_3D('',#7990,#6470,#6471);
#5665=AXIS2_PLACEMENT_3D('',#7992,#6473,#6474);
#5666=AXIS2_PLACEMENT_3D('',#7994,#6476,#6477);
#5667=AXIS2_PLACEMENT_3D('',#7996,#6479,#6480);
#5668=AXIS2_PLACEMENT_3D('',#7997,#6481,#6482);
#5669=AXIS2_PLACEMENT_3D('',#7998,#6483,#6484);
#5670=AXIS2_PLACEMENT_3D('',#7999,#6485,#6486);
#5671=AXIS2_PLACEMENT_3D('',#8008,#6491,#6492);
#5672=AXIS2_PLACEMENT_3D('',#8017,#6497,#6498);
#5673=AXIS2_PLACEMENT_3D('',#8023,#6502,#6503);
#5674=AXIS2_PLACEMENT_3D('',#8029,#6507,#6508);
#5675=AXIS2_PLACEMENT_3D('',#8034,#6512,#6513);
#5676=AXIS2_PLACEMENT_3D('',#8039,#6517,#6518);
#5677=AXIS2_PLACEMENT_3D('',#8076,#6537,#6538);
#5678=AXIS2_PLACEMENT_3D('',#8082,#6542,#6543);
#5679=AXIS2_PLACEMENT_3D('',#8086,#6546,#6547);
#5680=AXIS2_PLACEMENT_3D('',#8090,#6550,#6551);
#5681=AXIS2_PLACEMENT_3D('',#8094,#6554,#6555);
#5682=AXIS2_PLACEMENT_3D('',#8098,#6558,#6559);
#5683=AXIS2_PLACEMENT_3D('',#8100,#6561,#6562);
#5684=AXIS2_PLACEMENT_3D('',#8106,#6566,#6567);
#5685=AXIS2_PLACEMENT_3D('',#8110,#6570,#6571);
#5686=AXIS2_PLACEMENT_3D('',#8114,#6574,#6575);
#5687=AXIS2_PLACEMENT_3D('',#8120,#6579,#6580);
#5688=AXIS2_PLACEMENT_3D('',#8124,#6583,#6584);
#5689=AXIS2_PLACEMENT_3D('',#8128,#6587,#6588);
#5690=AXIS2_PLACEMENT_3D('',#8132,#6591,#6592);
#5691=AXIS2_PLACEMENT_3D('',#8136,#6595,#6596);
#5692=AXIS2_PLACEMENT_3D('',#8138,#6598,#6599);
#5693=AXIS2_PLACEMENT_3D('',#8144,#6603,#6604);
#5694=AXIS2_PLACEMENT_3D('',#8148,#6607,#6608);
#5695=AXIS2_PLACEMENT_3D('',#8152,#6611,#6612);
#5696=AXIS2_PLACEMENT_3D('',#8158,#6616,#6617);
#5697=AXIS2_PLACEMENT_3D('',#8162,#6620,#6621);
#5698=AXIS2_PLACEMENT_3D('',#8166,#6624,#6625);
#5699=AXIS2_PLACEMENT_3D('',#8170,#6628,#6629);
#5700=AXIS2_PLACEMENT_3D('',#8174,#6632,#6633);
#5701=AXIS2_PLACEMENT_3D('',#8176,#6635,#6636);
#5702=AXIS2_PLACEMENT_3D('',#8182,#6640,#6641);
#5703=AXIS2_PLACEMENT_3D('',#8186,#6644,#6645);
#5704=AXIS2_PLACEMENT_3D('',#8190,#6648,#6649);
#5705=AXIS2_PLACEMENT_3D('',#8225,#6667,#6668);
#5706=AXIS2_PLACEMENT_3D('',#8240,#6675,#6676);
#5707=AXIS2_PLACEMENT_3D('',#8242,#6677,#6678);
#5708=AXIS2_PLACEMENT_3D('',#8244,#6679,#6680);
#5709=AXIS2_PLACEMENT_3D('',#8246,#6681,#6682);
#5710=AXIS2_PLACEMENT_3D('',#8248,#6683,#6684);
#5711=AXIS2_PLACEMENT_3D('',#8249,#6685,#6686);
#5712=AXIS2_PLACEMENT_3D('',#8252,#6687,#6688);
#5713=AXIS2_PLACEMENT_3D('',#8254,#6689,#6690);
#5714=AXIS2_PLACEMENT_3D('',#8256,#6691,#6692);
#5715=AXIS2_PLACEMENT_3D('',#8258,#6693,#6694);
#5716=AXIS2_PLACEMENT_3D('',#8260,#6695,#6696);
#5717=AXIS2_PLACEMENT_3D('',#8261,#6697,#6698);
#5718=AXIS2_PLACEMENT_3D('',#8271,#6703,#6704);
#5719=AXIS2_PLACEMENT_3D('',#8273,#6705,#6706);
#5720=AXIS2_PLACEMENT_3D('',#8275,#6707,#6708);
#5721=AXIS2_PLACEMENT_3D('',#8301,#6721,#6722);
#5722=AXIS2_PLACEMENT_3D('',#8303,#6723,#6724);
#5723=AXIS2_PLACEMENT_3D('',#8305,#6725,#6726);
#5724=AXIS2_PLACEMENT_3D('',#8307,#6727,#6728);
#5725=AXIS2_PLACEMENT_3D('',#8308,#6729,#6730);
#5726=AXIS2_PLACEMENT_3D('',#8312,#6733,#6734);
#5727=AXIS2_PLACEMENT_3D('',#8316,#6737,#6738);
#5728=AXIS2_PLACEMENT_3D('',#8318,#6740,#6741);
#5729=AXIS2_PLACEMENT_3D('',#8320,#6742,#6743);
#5730=AXIS2_PLACEMENT_3D('',#8321,#6744,#6745);
#5731=AXIS2_PLACEMENT_3D('',#8325,#6748,#6749);
#5732=AXIS2_PLACEMENT_3D('',#8329,#6752,#6753);
#5733=AXIS2_PLACEMENT_3D('',#8331,#6755,#6756);
#5734=AXIS2_PLACEMENT_3D('',#8333,#6757,#6758);
#5735=AXIS2_PLACEMENT_3D('',#8334,#6759,#6760);
#5736=AXIS2_PLACEMENT_3D('',#8338,#6763,#6764);
#5737=AXIS2_PLACEMENT_3D('',#8342,#6767,#6768);
#5738=AXIS2_PLACEMENT_3D('',#8344,#6770,#6771);
#5739=AXIS2_PLACEMENT_3D('',#8346,#6772,#6773);
#5740=AXIS2_PLACEMENT_3D('',#8347,#6774,#6775);
#5741=AXIS2_PLACEMENT_3D('',#8351,#6778,#6779);
#5742=AXIS2_PLACEMENT_3D('',#8355,#6782,#6783);
#5743=AXIS2_PLACEMENT_3D('',#8357,#6784,#6785);
#5744=AXIS2_PLACEMENT_3D('',#8359,#6787,#6788);
#5745=AXIS2_PLACEMENT_3D('',#8361,#6789,#6790);
#5746=AXIS2_PLACEMENT_3D('',#8363,#6792,#6793);
#5747=AXIS2_PLACEMENT_3D('',#8365,#6794,#6795);
#5748=AXIS2_PLACEMENT_3D('',#8367,#6797,#6798);
#5749=AXIS2_PLACEMENT_3D('',#8383,#6803,#6804);
#5750=AXIS2_PLACEMENT_3D('',#8390,#6805,#6806);
#5751=AXIS2_PLACEMENT_3D('',#8396,#6807,#6808);
#5752=AXIS2_PLACEMENT_3D('',#8400,#6809,#6810);
#5753=AXIS2_PLACEMENT_3D('',#8402,#6812,#6813);
#5754=AXIS2_PLACEMENT_3D('',#8407,#6814,#6815);
#5755=AXIS2_PLACEMENT_3D('',#8408,#6816,#6817);
#5756=AXIS2_PLACEMENT_3D('',#8409,#6818,#6819);
#5757=AXIS2_PLACEMENT_3D('',#8410,#6820,#6821);
#5758=AXIS2_PLACEMENT_3D('',#8413,#6823,#6824);
#5759=AXIS2_PLACEMENT_3D('',#8414,#6825,#6826);
#5760=AXIS2_PLACEMENT_3D('',#8418,#6828,#6829);
#5761=AXIS2_PLACEMENT_3D('',#8420,#6831,#6832);
#5762=AXIS2_PLACEMENT_3D('',#8424,#6835,#6836);
#5763=AXIS2_PLACEMENT_3D('',#8429,#6840,#6841);
#5764=AXIS2_PLACEMENT_3D('',#8432,#6843,#6844);
#5765=AXIS2_PLACEMENT_3D('',#8433,#6845,#6846);
#5766=AXIS2_PLACEMENT_3D('',#8435,#6847,#6848);
#5767=AXIS2_PLACEMENT_3D('',#8436,#6849,#6850);
#5768=AXIS2_PLACEMENT_3D('',#8439,#6852,#6853);
#5769=AXIS2_PLACEMENT_3D('',#8440,#6854,#6855);
#5770=AXIS2_PLACEMENT_3D('',#8442,#6856,#6857);
#5771=AXIS2_PLACEMENT_3D('',#8443,#6858,#6859);
#5772=AXIS2_PLACEMENT_3D('',#8459,#6868,#6869);
#5773=AXIS2_PLACEMENT_3D('',#8461,#6870,#6871);
#5774=AXIS2_PLACEMENT_3D('',#8463,#6872,#6873);
#5775=AXIS2_PLACEMENT_3D('',#8501,#6892,#6893);
#5776=AXIS2_PLACEMENT_3D('',#8503,#6894,#6895);
#5777=AXIS2_PLACEMENT_3D('',#8505,#6896,#6897);
#5778=AXIS2_PLACEMENT_3D('',#8508,#6898,#6899);
#5779=AXIS2_PLACEMENT_3D('',#8510,#6900,#6901);
#5780=AXIS2_PLACEMENT_3D('',#8512,#6902,#6903);
#5781=AXIS2_PLACEMENT_3D('',#8514,#6904,#6905);
#5782=AXIS2_PLACEMENT_3D('',#8516,#6906,#6907);
#5783=AXIS2_PLACEMENT_3D('',#8517,#6908,#6909);
#5784=AXIS2_PLACEMENT_3D('',#8520,#6910,#6911);
#5785=AXIS2_PLACEMENT_3D('',#8522,#6912,#6913);
#5786=AXIS2_PLACEMENT_3D('',#8524,#6914,#6915);
#5787=AXIS2_PLACEMENT_3D('',#8526,#6916,#6917);
#5788=AXIS2_PLACEMENT_3D('',#8528,#6918,#6919);
#5789=AXIS2_PLACEMENT_3D('',#8529,#6920,#6921);
#5790=AXIS2_PLACEMENT_3D('',#8531,#6922,#6923);
#5791=AXIS2_PLACEMENT_3D('',#8533,#6924,#6925);
#5792=AXIS2_PLACEMENT_3D('',#8535,#6926,#6927);
#5793=AXIS2_PLACEMENT_3D('',#8537,#6928,#6929);
#5794=AXIS2_PLACEMENT_3D('',#8538,#6930,#6931);
#5795=AXIS2_PLACEMENT_3D('',#8539,#6932,#6933);
#5796=AXIS2_PLACEMENT_3D('',#8541,#6935,#6936);
#5797=AXIS2_PLACEMENT_3D('',#8543,#6938,#6939);
#5798=AXIS2_PLACEMENT_3D('',#8545,#6941,#6942);
#5799=AXIS2_PLACEMENT_3D('',#8547,#6944,#6945);
#5800=AXIS2_PLACEMENT_3D('',#8550,#6948,#6949);
#5801=AXIS2_PLACEMENT_3D('',#8552,#6951,#6952);
#5802=AXIS2_PLACEMENT_3D('',#8553,#6953,#6954);
#5803=AXIS2_PLACEMENT_3D('',#8556,#6956,#6957);
#5804=AXIS2_PLACEMENT_3D('',#8557,#6958,#6959);
#5805=AXIS2_PLACEMENT_3D('',#8558,#6960,#6961);
#5806=AXIS2_PLACEMENT_3D('',#8561,#6963,#6964);
#5807=AXIS2_PLACEMENT_3D('',#8562,#6965,#6966);
#5808=AXIS2_PLACEMENT_3D('',#8563,#6967,#6968);
#5809=AXIS2_PLACEMENT_3D('',#8565,#6970,#6971);
#5810=AXIS2_PLACEMENT_3D('',#8571,#6975,#6976);
#5811=AXIS2_PLACEMENT_3D('',#8577,#6980,#6981);
#5812=AXIS2_PLACEMENT_3D('',#8581,#6984,#6985);
#5813=AXIS2_PLACEMENT_3D('',#8585,#6988,#6989);
#5814=AXIS2_PLACEMENT_3D('',#8587,#6991,#6992);
#5815=AXIS2_PLACEMENT_3D('',#8589,#6994,#6995);
#5816=AXIS2_PLACEMENT_3D('',#8595,#6999,#7000);
#5817=AXIS2_PLACEMENT_3D('',#8599,#7003,#7004);
#5818=AXIS2_PLACEMENT_3D('',#8603,#7007,#7008);
#5819=AXIS2_PLACEMENT_3D('',#8609,#7012,#7013);
#5820=AXIS2_PLACEMENT_3D('',#8615,#7017,#7018);
#5821=AXIS2_PLACEMENT_3D('',#8619,#7021,#7022);
#5822=AXIS2_PLACEMENT_3D('',#8623,#7025,#7026);
#5823=AXIS2_PLACEMENT_3D('',#8625,#7028,#7029);
#5824=AXIS2_PLACEMENT_3D('',#8627,#7031,#7032);
#5825=AXIS2_PLACEMENT_3D('',#8633,#7036,#7037);
#5826=AXIS2_PLACEMENT_3D('',#8637,#7040,#7041);
#5827=AXIS2_PLACEMENT_3D('',#8641,#7044,#7045);
#5828=AXIS2_PLACEMENT_3D('',#8647,#7049,#7050);
#5829=AXIS2_PLACEMENT_3D('',#8653,#7054,#7055);
#5830=AXIS2_PLACEMENT_3D('',#8655,#7057,#7058);
#5831=AXIS2_PLACEMENT_3D('',#8659,#7061,#7062);
#5832=AXIS2_PLACEMENT_3D('',#8663,#7065,#7066);
#5833=AXIS2_PLACEMENT_3D('',#8665,#7068,#7069);
#5834=AXIS2_PLACEMENT_3D('',#8671,#7073,#7074);
#5835=AXIS2_PLACEMENT_3D('',#8675,#7077,#7078);
#5836=AXIS2_PLACEMENT_3D('',#8679,#7081,#7082);
#5837=AXIS2_PLACEMENT_3D('',#8690,#7083,#7084);
#5838=AXIS2_PLACEMENT_3D('',#8699,#7085,#7086);
#5839=AXIS2_PLACEMENT_3D('',#8702,#7089,#7090);
#5840=AXIS2_PLACEMENT_3D('',#8713,#7091,#7092);
#5841=AXIS2_PLACEMENT_3D('',#8722,#7093,#7094);
#5842=AXIS2_PLACEMENT_3D('',#8725,#7097,#7098);
#5843=AXIS2_PLACEMENT_3D('',#8736,#7099,#7100);
#5844=AXIS2_PLACEMENT_3D('',#8745,#7101,#7102);
#5845=AXIS2_PLACEMENT_3D('',#8748,#7105,#7106);
#5846=AXIS2_PLACEMENT_3D('',#8759,#7107,#7108);
#5847=AXIS2_PLACEMENT_3D('',#8768,#7109,#7110);
#5848=AXIS2_PLACEMENT_3D('',#8771,#7113,#7114);
#5849=AXIS2_PLACEMENT_3D('',#8782,#7115,#7116);
#5850=AXIS2_PLACEMENT_3D('',#8791,#7117,#7118);
#5851=AXIS2_PLACEMENT_3D('',#8794,#7121,#7122);
#5852=AXIS2_PLACEMENT_3D('',#8805,#7123,#7124);
#5853=AXIS2_PLACEMENT_3D('',#8814,#7125,#7126);
#5854=AXIS2_PLACEMENT_3D('',#8817,#7129,#7130);
#5855=AXIS2_PLACEMENT_3D('',#8818,#7131,#7132);
#5856=AXIS2_PLACEMENT_3D('',#8819,#7133,#7134);
#5857=AXIS2_PLACEMENT_3D('',#8820,#7135,#7136);
#5858=AXIS2_PLACEMENT_3D('',#8821,#7137,#7138);
#5859=AXIS2_PLACEMENT_3D('',#8822,#7139,#7140);
#5860=AXIS2_PLACEMENT_3D('',#8823,#7141,#7142);
#5861=AXIS2_PLACEMENT_3D('',#8832,#7147,#7148);
#5862=AXIS2_PLACEMENT_3D('',#8838,#7152,#7153);
#5863=AXIS2_PLACEMENT_3D('',#8844,#7157,#7158);
#5864=AXIS2_PLACEMENT_3D('',#8850,#7162,#7163);
#5865=AXIS2_PLACEMENT_3D('',#8853,#7166,#7167);
#5866=AXIS2_PLACEMENT_3D('',#8855,#7169,#7170);
#5867=AXIS2_PLACEMENT_3D('',#8857,#7172,#7173);
#5868=AXIS2_PLACEMENT_3D('',#8860,#7175,#7176);
#5869=AXIS2_PLACEMENT_3D('',#8861,#7177,#7178);
#5870=AXIS2_PLACEMENT_3D('',#8864,#7180,#7181);
#5871=AXIS2_PLACEMENT_3D('',#8865,#7182,#7183);
#5872=AXIS2_PLACEMENT_3D('',#8878,#7190,#7191);
#5873=AXIS2_PLACEMENT_3D('',#8884,#7195,#7196);
#5874=AXIS2_PLACEMENT_3D('',#8888,#7199,#7200);
#5875=AXIS2_PLACEMENT_3D('',#8892,#7203,#7204);
#5876=AXIS2_PLACEMENT_3D('',#8905,#7211,#7212);
#5877=AXIS2_PLACEMENT_3D('',#8911,#7216,#7217);
#5878=AXIS2_PLACEMENT_3D('',#8915,#7220,#7221);
#5879=AXIS2_PLACEMENT_3D('',#8919,#7224,#7225);
#5880=AXIS2_PLACEMENT_3D('',#8923,#7228,#7229);
#5881=AXIS2_PLACEMENT_3D('',#8927,#7232,#7233);
#5882=AXIS2_PLACEMENT_3D('',#8929,#7235,#7236);
#5883=AXIS2_PLACEMENT_3D('',#8932,#7239,#7240);
#5884=AXIS2_PLACEMENT_3D('',#8935,#7243,#7244);
#5885=AXIS2_PLACEMENT_3D('',#8937,#7246,#7247);
#5886=AXIS2_PLACEMENT_3D('',#8939,#7249,#7250);
#5887=AXIS2_PLACEMENT_3D('',#8940,#7251,#7252);
#5888=AXIS2_PLACEMENT_3D('',#8941,#7253,#7254);
#5889=AXIS2_PLACEMENT_3D('',#8945,#7257,#7258);
#5890=AXIS2_PLACEMENT_3D('',#8949,#7261,#7262);
#5891=AXIS2_PLACEMENT_3D('',#8951,#7264,#7265);
#5892=AXIS2_PLACEMENT_3D('',#8954,#7268,#7269);
#5893=AXIS2_PLACEMENT_3D('',#8956,#7271,#7272);
#5894=AXIS2_PLACEMENT_3D('',#8958,#7274,#7275);
#5895=AXIS2_PLACEMENT_3D('',#8960,#7277,#7278);
#5896=AXIS2_PLACEMENT_3D('',#8962,#7280,#7281);
#5897=AXIS2_PLACEMENT_3D('',#8963,#7282,#7283);
#5898=AXIS2_PLACEMENT_3D('',#8965,#7284,#7285);
#5899=AXIS2_PLACEMENT_3D('',#8967,#7287,#7288);
#5900=AXIS2_PLACEMENT_3D('',#8980,#7295,#7296);
#5901=AXIS2_PLACEMENT_3D('',#8986,#7300,#7301);
#5902=AXIS2_PLACEMENT_3D('',#8990,#7304,#7305);
#5903=AXIS2_PLACEMENT_3D('',#8994,#7308,#7309);
#5904=AXIS2_PLACEMENT_3D('',#8998,#7312,#7313);
#5905=AXIS2_PLACEMENT_3D('',#9002,#7316,#7317);
#5906=AXIS2_PLACEMENT_3D('',#9004,#7319,#7320);
#5907=AXIS2_PLACEMENT_3D('',#9007,#7323,#7324);
#5908=AXIS2_PLACEMENT_3D('',#9010,#7327,#7328);
#5909=AXIS2_PLACEMENT_3D('',#9011,#7329,#7330);
#5910=AXIS2_PLACEMENT_3D('',#9013,#7332,#7333);
#5911=AXIS2_PLACEMENT_3D('',#9015,#7335,#7336);
#5912=AXIS2_PLACEMENT_3D('',#9016,#7337,#7338);
#5913=AXIS2_PLACEMENT_3D('',#9018,#7340,#7341);
#5914=AXIS2_PLACEMENT_3D('',#9021,#7344,#7345);
#5915=AXIS2_PLACEMENT_3D('',#9030,#7350,#7351);
#5916=AXIS2_PLACEMENT_3D('',#9033,#7353,#7354);
#5917=AXIS2_PLACEMENT_3D('',#9034,#7355,#7356);
#5918=AXIS2_PLACEMENT_3D('',#9037,#7358,#7359);
#5919=AXIS2_PLACEMENT_3D('',#9038,#7360,#7361);
#5920=AXIS2_PLACEMENT_3D('',#9044,#7365,#7366);
#5921=AXIS2_PLACEMENT_3D('',#9046,#7368,#7369);
#5922=AXIS2_PLACEMENT_3D('',#9052,#7373,#7374);
#5923=AXIS2_PLACEMENT_3D('',#9054,#7376,#7377);
#5924=AXIS2_PLACEMENT_3D('',#9056,#7379,#7380);
#5925=AXIS2_PLACEMENT_3D('',#9057,#7381,#7382);
#5926=AXIS2_PLACEMENT_3D('',#9059,#7384,#7385);
#5927=AXIS2_PLACEMENT_3D('',#9060,#7386,#7387);
#5928=AXIS2_PLACEMENT_3D('',#9062,#7388,#7389);
#5929=AXIS2_PLACEMENT_3D('',#9064,#7391,#7392);
#5930=AXIS2_PLACEMENT_3D('',#9070,#7396,#7397);
#5931=AXIS2_PLACEMENT_3D('',#9072,#7399,#7400);
#5932=AXIS2_PLACEMENT_3D('',#9074,#7402,#7403);
#5933=AXIS2_PLACEMENT_3D('',#9075,#7404,#7405);
#5934=AXIS2_PLACEMENT_3D('',#9076,#7406,#7407);
#5935=AXIS2_PLACEMENT_3D('',#9077,#7408,#7409);
#5936=AXIS2_PLACEMENT_3D('',#9078,#7410,#7411);
#5937=AXIS2_PLACEMENT_3D('',#9079,#7412,#7413);
#5938=AXIS2_PLACEMENT_3D('',#9080,#7414,#7415);
#5939=AXIS2_PLACEMENT_3D('',#9081,#7416,#7417);
#5940=AXIS2_PLACEMENT_3D('',#9082,#7418,#7419);
#5941=AXIS2_PLACEMENT_3D('',#9083,#7420,#7421);
#5942=AXIS2_PLACEMENT_3D('',#9084,#7422,#7423);
#5943=AXIS2_PLACEMENT_3D('',#9086,#7424,#7425);
#5944=AXIS2_PLACEMENT_3D('',#9089,#7427,#7428);
#5945=AXIS2_PLACEMENT_3D('',#9090,#7429,#7430);
#5946=AXIS2_PLACEMENT_3D('',#9092,#7431,#7432);
#5947=AXIS2_PLACEMENT_3D('',#9095,#7434,#7435);
#5948=AXIS2_PLACEMENT_3D('',#9096,#7436,#7437);
#5949=AXIS2_PLACEMENT_3D('',#9097,#7438,#7439);
#5950=AXIS2_PLACEMENT_3D('',#9098,#7440,#7441);
#5951=AXIS2_PLACEMENT_3D('',#9100,#7442,#7443);
#5952=AXIS2_PLACEMENT_3D('',#9103,#7445,#7446);
#5953=AXIS2_PLACEMENT_3D('',#9104,#7447,#7448);
#5954=AXIS2_PLACEMENT_3D('',#9106,#7449,#7450);
#5955=AXIS2_PLACEMENT_3D('',#9109,#7452,#7453);
#5956=AXIS2_PLACEMENT_3D('',#9110,#7454,#7455);
#5957=AXIS2_PLACEMENT_3D('',#9111,#7456,#7457);
#5958=AXIS2_PLACEMENT_3D('',#9112,#7458,#7459);
#5959=AXIS2_PLACEMENT_3D('',#9114,#7460,#7461);
#5960=AXIS2_PLACEMENT_3D('',#9117,#7463,#7464);
#5961=AXIS2_PLACEMENT_3D('',#9118,#7465,#7466);
#5962=AXIS2_PLACEMENT_3D('',#9120,#7467,#7468);
#5963=AXIS2_PLACEMENT_3D('',#9123,#7470,#7471);
#5964=AXIS2_PLACEMENT_3D('',#9124,#7472,#7473);
#5965=AXIS2_PLACEMENT_3D('',#9125,#7474,#7475);
#5966=AXIS2_PLACEMENT_3D('',#9126,#7476,#7477);
#5967=AXIS2_PLACEMENT_3D('',#9128,#7478,#7479);
#5968=AXIS2_PLACEMENT_3D('',#9131,#7481,#7482);
#5969=AXIS2_PLACEMENT_3D('',#9132,#7483,#7484);
#5970=AXIS2_PLACEMENT_3D('',#9134,#7485,#7486);
#5971=AXIS2_PLACEMENT_3D('',#9137,#7488,#7489);
#5972=AXIS2_PLACEMENT_3D('',#9138,#7490,#7491);
#5973=AXIS2_PLACEMENT_3D('',#9139,#7492,#7493);
#5974=AXIS2_PLACEMENT_3D('',#9140,#7494,#7495);
#5975=AXIS2_PLACEMENT_3D('',#9142,#7496,#7497);
#5976=AXIS2_PLACEMENT_3D('',#9145,#7499,#7500);
#5977=AXIS2_PLACEMENT_3D('',#9146,#7501,#7502);
#5978=AXIS2_PLACEMENT_3D('',#9148,#7503,#7504);
#5979=AXIS2_PLACEMENT_3D('',#9151,#7506,#7507);
#5980=AXIS2_PLACEMENT_3D('',#9152,#7508,#7509);
#5981=AXIS2_PLACEMENT_3D('',#9153,#7510,#7511);
#5982=AXIS2_PLACEMENT_3D('',#9154,#7512,#7513);
#5983=DIRECTION('axis',(0.,0.,1.));
#5984=DIRECTION('refdir',(1.,0.,0.));
#5985=DIRECTION('axis',(0.,0.,1.));
#5986=DIRECTION('refdir',(1.,0.,0.));
#5987=DIRECTION('axis',(0.,0.,1.));
#5988=DIRECTION('refdir',(1.,0.,0.));
#5989=DIRECTION('axis',(0.,0.,1.));
#5990=DIRECTION('refdir',(1.,0.,0.));
#5991=DIRECTION('axis',(0.,0.,1.));
#5992=DIRECTION('refdir',(1.,0.,0.));
#5993=DIRECTION('center_axis',(0.,0.,1.));
#5994=DIRECTION('ref_axis',(1.,0.,0.));
#5995=DIRECTION('center_axis',(0.,0.,1.));
#5996=DIRECTION('ref_axis',(-1.,0.,0.));
#5997=DIRECTION('',(0.,0.,1.));
#5998=DIRECTION('center_axis',(0.,0.,-1.));
#5999=DIRECTION('ref_axis',(1.,0.,0.));
#6000=DIRECTION('center_axis',(0.,0.,1.));
#6001=DIRECTION('ref_axis',(1.,0.,0.));
#6002=DIRECTION('',(-0.707106781186598,-0.707106781186497,0.));
#6003=DIRECTION('center_axis',(0.,0.,-1.));
#6004=DIRECTION('ref_axis',(0.707106781186498,-0.707106781186598,0.));
#6005=DIRECTION('',(-1.,0.,0.));
#6006=DIRECTION('center_axis',(0.,0.,-1.));
#6007=DIRECTION('ref_axis',(0.,-1.,0.));
#6008=DIRECTION('',(-0.707106781186548,0.707106781186548,0.));
#6009=DIRECTION('center_axis',(0.,0.,-1.));
#6010=DIRECTION('ref_axis',(-0.707106781186597,-0.707106781186498,0.));
#6011=DIRECTION('',(0.,1.,0.));
#6012=DIRECTION('center_axis',(0.,0.,1.));
#6013=DIRECTION('ref_axis',(1.,0.,0.));
#6014=DIRECTION('',(0.,-1.,0.));
#6015=DIRECTION('',(1.,0.,0.));
#6016=DIRECTION('',(0.,1.,0.));
#6017=DIRECTION('',(0.328520624941284,0.944496796706155,0.));
#6018=DIRECTION('center_axis',(0.,0.,-1.));
#6019=DIRECTION('ref_axis',(-0.944496796706155,0.328520624941284,0.));
#6020=DIRECTION('',(1.,0.,0.));
#6021=DIRECTION('center_axis',(0.,0.,-1.));
#6022=DIRECTION('ref_axis',(0.,1.,0.));
#6023=DIRECTION('',(0.328520624941284,-0.944496796706155,0.));
#6024=DIRECTION('',(0.,-1.,0.));
#6025=DIRECTION('',(1.,0.,0.));
#6026=DIRECTION('',(0.,1.,0.));
#6027=DIRECTION('center_axis',(0.,0.,1.));
#6028=DIRECTION('ref_axis',(1.,0.,0.));
#6029=DIRECTION('',(0.,-1.,0.));
#6030=DIRECTION('center_axis',(0.,0.,-1.));
#6031=DIRECTION('ref_axis',(1.,0.,0.));
#6032=DIRECTION('',(-0.707106781186548,-0.707106781186548,0.));
#6033=DIRECTION('center_axis',(0.,0.,-1.));
#6034=DIRECTION('ref_axis',(0.707106781186548,-0.707106781186548,0.));
#6035=DIRECTION('',(-1.,0.,0.));
#6036=DIRECTION('center_axis',(0.,0.,-1.));
#6037=DIRECTION('ref_axis',(2.75335310107E-14,-1.,0.));
#6038=DIRECTION('',(-0.707106781186598,0.707106781186497,0.));
#6039=DIRECTION('center_axis',(0.,0.,1.));
#6040=DIRECTION('ref_axis',(0.707106781186498,0.707106781186598,0.));
#6041=DIRECTION('',(1.,0.,0.));
#6042=DIRECTION('center_axis',(0.,0.,1.));
#6043=DIRECTION('ref_axis',(0.,1.,0.));
#6044=DIRECTION('center_axis',(0.,0.,1.));
#6045=DIRECTION('ref_axis',(1.,0.,0.));
#6046=DIRECTION('center_axis',(0.,0.,1.));
#6047=DIRECTION('ref_axis',(1.,0.,0.));
#6048=DIRECTION('center_axis',(0.,0.,1.));
#6049=DIRECTION('ref_axis',(1.,0.,0.));
#6050=DIRECTION('center_axis',(0.,0.,1.));
#6051=DIRECTION('ref_axis',(1.,0.,0.));
#6052=DIRECTION('center_axis',(0.,0.,1.));
#6053=DIRECTION('ref_axis',(1.,0.,0.));
#6054=DIRECTION('',(0.,1.,0.));
#6055=DIRECTION('center_axis',(0.,0.,1.));
#6056=DIRECTION('ref_axis',(-1.,0.,0.));
#6057=DIRECTION('',(-1.,0.,0.));
#6058=DIRECTION('center_axis',(0.,0.,1.));
#6059=DIRECTION('ref_axis',(0.,-1.,0.));
#6060=DIRECTION('',(0.,-1.,0.));
#6061=DIRECTION('center_axis',(0.,0.,1.));
#6062=DIRECTION('ref_axis',(1.,0.,0.));
#6063=DIRECTION('',(1.,0.,0.));
#6064=DIRECTION('center_axis',(0.,0.,1.));
#6065=DIRECTION('ref_axis',(0.,1.,0.));
#6066=DIRECTION('center_axis',(0.,0.,1.));
#6067=DIRECTION('ref_axis',(1.,0.,0.));
#6068=DIRECTION('center_axis',(0.,0.,1.));
#6069=DIRECTION('ref_axis',(1.,0.,0.));
#6070=DIRECTION('center_axis',(0.,0.,1.));
#6071=DIRECTION('ref_axis',(-1.,0.,0.));
#6072=DIRECTION('center_axis',(0.707106781186498,-0.707106781186598,0.));
#6073=DIRECTION('ref_axis',(0.707106781186598,0.707106781186498,0.));
#6074=DIRECTION('',(0.707106781186598,0.707106781186497,0.));
#6075=DIRECTION('',(0.,0.,1.));
#6076=DIRECTION('',(0.,0.,-1.));
#6077=DIRECTION('center_axis',(0.,0.,1.));
#6078=DIRECTION('ref_axis',(1.,0.,0.));
#6079=DIRECTION('',(-1.,0.,0.));
#6080=DIRECTION('center_axis',(0.,0.,1.));
#6081=DIRECTION('ref_axis',(-1.33226762955E-14,-1.,0.));
#6082=DIRECTION('center_axis',(0.,0.,-1.));
#6083=DIRECTION('ref_axis',(-0.707106781186498,0.707106781186598,0.));
#6084=DIRECTION('',(-1.,0.,0.));
#6085=DIRECTION('center_axis',(0.,0.,-1.));
#6086=DIRECTION('ref_axis',(0.,1.,0.));
#6087=DIRECTION('',(0.707106781186598,-0.707106781186497,0.));
#6088=DIRECTION('center_axis',(0.,0.,1.));
#6089=DIRECTION('ref_axis',(-0.707106781186548,-0.707106781186548,0.));
#6090=DIRECTION('',(-1.,0.,0.));
#6091=DIRECTION('center_axis',(0.,0.,1.));
#6092=DIRECTION('ref_axis',(-1.42108547152E-14,-1.,0.));
#6093=DIRECTION('',(0.707106781186548,0.707106781186548,0.));
#6094=DIRECTION('center_axis',(0.,0.,1.));
#6095=DIRECTION('ref_axis',(0.707106781186498,-0.707106781186597,0.));
#6096=DIRECTION('',(0.,-1.,0.));
#6097=DIRECTION('center_axis',(0.,0.,-1.));
#6098=DIRECTION('ref_axis',(-1.,0.,0.));
#6099=DIRECTION('',(0.,1.,0.));
#6100=DIRECTION('',(-1.,0.,0.));
#6101=DIRECTION('',(0.,-1.,0.));
#6102=DIRECTION('',(-0.328520624941284,0.944496796706155,0.));
#6103=DIRECTION('center_axis',(0.,0.,1.));
#6104=DIRECTION('ref_axis',(0.944496796706155,0.328520624941284,0.));
#6105=DIRECTION('',(1.,0.,0.));
#6106=DIRECTION('center_axis',(0.,0.,1.));
#6107=DIRECTION('ref_axis',(0.,1.,0.));
#6108=DIRECTION('',(-0.328520624941284,-0.944496796706155,0.));
#6109=DIRECTION('',(0.,1.,0.));
#6110=DIRECTION('',(-1.,0.,0.));
#6111=DIRECTION('',(0.,-1.,0.));
#6112=DIRECTION('center_axis',(0.,0.,-1.));
#6113=DIRECTION('ref_axis',(-1.,1.7080354225E-14,0.));
#6114=DIRECTION('',(0.,1.,0.));
#6115=DIRECTION('center_axis',(0.,0.,1.));
#6116=DIRECTION('ref_axis',(-1.,0.,0.));
#6117=DIRECTION('',(0.707106781186548,-0.707106781186548,0.));
#6118=DIRECTION('center_axis',(0.,0.,1.));
#6119=DIRECTION('ref_axis',(-0.707106781186498,-0.707106781186598,0.));
#6120=DIRECTION('center_axis',(0.,0.,-1.));
#6121=DIRECTION('ref_axis',(1.,0.,0.));
#6122=DIRECTION('center_axis',(0.,0.,-1.));
#6123=DIRECTION('ref_axis',(-1.,0.,0.));
#6124=DIRECTION('center_axis',(0.,0.,-1.));
#6125=DIRECTION('ref_axis',(-1.,0.,0.));
#6126=DIRECTION('',(0.,-1.,0.));
#6127=DIRECTION('center_axis',(0.,0.,-1.));
#6128=DIRECTION('ref_axis',(1.,0.,0.));
#6129=DIRECTION('',(-1.,0.,0.));
#6130=DIRECTION('center_axis',(0.,0.,-1.));
#6131=DIRECTION('ref_axis',(0.,-1.,0.));
#6132=DIRECTION('',(0.,1.,0.));
#6133=DIRECTION('center_axis',(0.,0.,-1.));
#6134=DIRECTION('ref_axis',(-1.,0.,0.));
#6135=DIRECTION('',(1.,0.,0.));
#6136=DIRECTION('center_axis',(0.,0.,-1.));
#6137=DIRECTION('ref_axis',(0.,1.,0.));
#6138=DIRECTION('center_axis',(0.,0.,-1.));
#6139=DIRECTION('ref_axis',(1.,0.,0.));
#6140=DIRECTION('center_axis',(0.,0.,-1.));
#6141=DIRECTION('ref_axis',(1.,0.,0.));
#6142=DIRECTION('center_axis',(0.,0.,-1.));
#6143=DIRECTION('ref_axis',(-1.,0.,0.));
#6144=DIRECTION('center_axis',(0.,0.,-1.));
#6145=DIRECTION('ref_axis',(-1.,0.,0.));
#6146=DIRECTION('center_axis',(0.,0.,-1.));
#6147=DIRECTION('ref_axis',(-1.,0.,0.));
#6148=DIRECTION('center_axis',(0.,-1.,0.));
#6149=DIRECTION('ref_axis',(1.,0.,0.));
#6150=DIRECTION('',(0.,0.,-1.));
#6151=DIRECTION('',(0.,0.,1.));
#6152=DIRECTION('center_axis',(0.,0.,1.));
#6153=DIRECTION('ref_axis',(1.,0.,0.));
#6154=DIRECTION('',(0.,0.,-1.));
#6155=DIRECTION('center_axis',(0.707106781186548,0.707106781186548,0.));
#6156=DIRECTION('ref_axis',(0.,0.,1.));
#6157=DIRECTION('',(0.,0.,1.));
#6158=DIRECTION('center_axis',(0.,0.,-1.));
#6159=DIRECTION('ref_axis',(-1.,0.,0.));
#6160=DIRECTION('',(0.,0.,-1.));
#6161=DIRECTION('center_axis',(-1.,0.,0.));
#6162=DIRECTION('ref_axis',(0.,-1.,0.));
#6163=DIRECTION('',(0.,0.,1.));
#6164=DIRECTION('center_axis',(0.,0.,1.));
#6165=DIRECTION('ref_axis',(1.,0.,0.));
#6166=DIRECTION('',(0.,0.,-1.));
#6167=DIRECTION('center_axis',(1.,0.,0.));
#6168=DIRECTION('ref_axis',(0.,0.,-1.));
#6169=DIRECTION('',(0.,0.,-1.));
#6170=DIRECTION('center_axis',(1.,0.,0.));
#6171=DIRECTION('ref_axis',(0.,0.,-1.));
#6172=DIRECTION('',(0.,0.999390827019096,-0.0348994967024999));
#6173=DIRECTION('center_axis',(-1.,0.,0.));
#6174=DIRECTION('ref_axis',(0.,-0.999390827019096,0.0348994967025098));
#6175=DIRECTION('center_axis',(1.,0.,0.));
#6176=DIRECTION('ref_axis',(0.,0.,1.));
#6177=DIRECTION('center_axis',(1.,0.,0.));
#6178=DIRECTION('ref_axis',(0.,0.,-1.));
#6179=DIRECTION('',(0.,-0.0348994967024999,-0.999390827019096));
#6180=DIRECTION('',(0.,0.999390827019096,-0.0348994967024999));
#6181=DIRECTION('',(0.,0.0348994967024999,0.999390827019096));
#6182=DIRECTION('center_axis',(0.,-0.999390827019096,0.0348994967024999));
#6183=DIRECTION('ref_axis',(0.,-0.0348994967024999,-0.999390827019096));
#6184=DIRECTION('',(0.254493299279609,-0.0337504146242712,-0.966485421584035));
#6185=DIRECTION('center_axis',(0.,-0.999390827019096,0.0348994967024999));
#6186=DIRECTION('ref_axis',(-0.967074537262644,-0.00888168805901861,-0.254338268837912));
#6187=DIRECTION('',(1.,0.,0.));
#6188=DIRECTION('',(0.707106781186591,0.0246776707783397,0.706676030840791));
#6189=DIRECTION('',(0.,-0.0348994967024999,-0.999390827019096));
#6190=DIRECTION('',(1.,0.,0.));
#6191=DIRECTION('',(0.,0.0348994967024999,0.999390827019096));
#6192=DIRECTION('',(0.707106781186541,-0.0246776707783414,-0.706676030840841));
#6193=DIRECTION('',(1.,0.,0.));
#6194=DIRECTION('center_axis',(0.,-0.999390827019096,0.0348994967024999));
#6195=DIRECTION('ref_axis',(0.,-0.0348994967024999,-0.999390827019096));
#6196=DIRECTION('',(1.,0.,0.));
#6197=DIRECTION('',(0.,0.0348994967025098,0.999390827019095));
#6198=DIRECTION('center_axis',(0.967074537262644,0.0088816880590194,0.254338268837912));
#6199=DIRECTION('ref_axis',(0.254348301090134,3.41306843898437E-16,-0.967112683058475));
#6200=DIRECTION('',(-0.254493299279609,0.0337504146242712,0.966485421584035));
#6201=DIRECTION('',(0.,-0.999390827019096,0.0348994967024999));
#6202=DIRECTION('',(0.,0.999390827019096,-0.0348994967024999));
#6203=DIRECTION('center_axis',(0.,-0.999390827019096,0.0348994967024999));
#6204=DIRECTION('ref_axis',(0.,-0.0348994967024999,-0.999390827019096));
#6205=DIRECTION('',(1.,0.,0.));
#6206=DIRECTION('center_axis',(0.,0.999390827019096,-0.0348994967024999));
#6207=DIRECTION('ref_axis',(-1.42108547151999E-14,-0.0348994967024999,-0.999390827019096));
#6208=DIRECTION('',(0.,-0.0348994967024998,-0.999390827019096));
#6209=DIRECTION('',(-1.,0.,0.));
#6210=DIRECTION('center_axis',(0.,0.999390827019096,-0.0348994967024999));
#6211=DIRECTION('ref_axis',(1.,0.,0.));
#6212=DIRECTION('',(1.,0.,0.));
#6213=DIRECTION('',(-0.707106781186541,0.0246776707783414,0.706676030840841));
#6214=DIRECTION('',(0.,-0.0348994967024999,-0.999390827019096));
#6215=DIRECTION('',(-1.,0.,0.));
#6216=DIRECTION('',(0.,0.0348994967024999,0.999390827019096));
#6217=DIRECTION('',(-0.707106781186591,-0.0246776707783397,-0.706676030840791));
#6218=DIRECTION('center_axis',(0.,-0.0348994967024999,-0.999390827019096));
#6219=DIRECTION('ref_axis',(0.,0.999390827019096,-0.0348994967024999));
#6220=DIRECTION('',(0.,-0.999390827019096,0.0348994967024999));
#6221=DIRECTION('',(0.,0.999390827019096,-0.0348994967024999));
#6222=DIRECTION('center_axis',(0.707106781186541,-0.0246776707783414,-0.706676030840841));
#6223=DIRECTION('ref_axis',(-4.2257863874795E-15,-0.999390827019096,0.0348994967025041));
#6224=DIRECTION('',(0.,0.999390827019096,-0.0348994967024999));
#6225=DIRECTION('center_axis',(-1.,0.,0.));
#6226=DIRECTION('ref_axis',(0.,0.,1.));
#6227=DIRECTION('',(0.,-0.999390827019096,0.0348994967024999));
#6228=DIRECTION('center_axis',(0.,0.0348994967024999,0.999390827019096));
#6229=DIRECTION('ref_axis',(0.,-0.999390827019096,0.0348994967024999));
#6230=DIRECTION('',(0.,0.999390827019096,-0.0348994967024999));
#6231=DIRECTION('center_axis',(1.,0.,0.));
#6232=DIRECTION('ref_axis',(0.,0.,-1.));
#6233=DIRECTION('',(0.,-0.999390827019096,0.0348994967024999));
#6234=DIRECTION('center_axis',(-0.707106781186541,-0.0246776707783414,-0.706676030840841));
#6235=DIRECTION('ref_axis',(-4.2257863874795E-15,0.999390827019096,-0.0348994967025041));
#6236=DIRECTION('',(0.,-0.999390827019096,0.0348994967024999));
#6237=DIRECTION('center_axis',(0.,-0.0348994967024999,-0.999390827019096));
#6238=DIRECTION('ref_axis',(0.,0.999390827019096,-0.0348994967024999));
#6239=DIRECTION('',(0.,0.999390827019096,-0.0348994967024999));
#6240=DIRECTION('center_axis',(0.,0.999390827019096,-0.0348994967024999));
#6241=DIRECTION('ref_axis',(0.,0.0348994967024999,0.999390827019096));
#6242=DIRECTION('center_axis',(0.,0.999390827019096,-0.0348994967024999));
#6243=DIRECTION('ref_axis',(0.,0.0348994967024999,0.999390827019096));
#6244=DIRECTION('center_axis',(-1.,0.,0.));
#6245=DIRECTION('ref_axis',(0.,-0.999390827019096,0.0348994967024999));
#6246=DIRECTION('center_axis',(1.,0.,0.));
#6247=DIRECTION('ref_axis',(0.,0.,1.));
#6248=DIRECTION('center_axis',(1.,0.,0.));
#6249=DIRECTION('ref_axis',(0.,0.,-1.));
#6250=DIRECTION('',(0.,0.999390827019096,-0.0348994967024999));
#6251=DIRECTION('center_axis',(-1.,0.,0.));
#6252=DIRECTION('ref_axis',(0.,-0.999390827019096,0.0348994967024999));
#6253=DIRECTION('',(0.,0.,-1.));
#6254=DIRECTION('center_axis',(-1.,0.,0.));
#6255=DIRECTION('ref_axis',(0.,-1.,0.));
#6256=DIRECTION('',(0.,0.,-1.));
#6257=DIRECTION('center_axis',(-0.944496796706155,0.328520624941284,0.));
#6258=DIRECTION('ref_axis',(-0.328520624941284,-0.944496796706155,0.));
#6259=DIRECTION('',(0.,0.,1.));
#6260=DIRECTION('center_axis',(0.,0.,1.));
#6261=DIRECTION('ref_axis',(1.,0.,0.));
#6262=DIRECTION('',(0.,0.,-1.));
#6263=DIRECTION('center_axis',(0.,1.,0.));
#6264=DIRECTION('ref_axis',(0.,0.,1.));
#6265=DIRECTION('',(0.,0.,1.));
#6266=DIRECTION('center_axis',(0.,0.,1.));
#6267=DIRECTION('ref_axis',(1.,0.,0.));
#6268=DIRECTION('',(0.,0.,-1.));
#6269=DIRECTION('center_axis',(0.944496796706155,0.328520624941284,0.));
#6270=DIRECTION('ref_axis',(-0.328520624941284,0.944496796706155,0.));
#6271=DIRECTION('',(0.,0.,-1.));
#6272=DIRECTION('center_axis',(1.,0.,0.));
#6273=DIRECTION('ref_axis',(0.,1.,0.));
#6274=DIRECTION('',(0.,0.,-1.));
#6275=DIRECTION('center_axis',(1.,0.,0.));
#6276=DIRECTION('ref_axis',(0.,0.,-1.));
#6277=DIRECTION('',(0.,0.999390827019096,-0.0348994967024999));
#6278=DIRECTION('center_axis',(-1.,0.,0.));
#6279=DIRECTION('ref_axis',(0.,-0.999390827019096,0.0348994967025098));
#6280=DIRECTION('center_axis',(1.,0.,0.));
#6281=DIRECTION('ref_axis',(0.,0.,1.));
#6282=DIRECTION('center_axis',(1.,0.,0.));
#6283=DIRECTION('ref_axis',(0.,1.,0.));
#6284=DIRECTION('',(0.,-0.0348994967025098,-0.999390827019095));
#6285=DIRECTION('',(0.,0.999390827019096,-0.0348994967024999));
#6286=DIRECTION('',(0.,0.0348994967025098,0.999390827019095));
#6287=DIRECTION('center_axis',(0.,0.999390827019096,-0.0348994967024999));
#6288=DIRECTION('ref_axis',(0.,0.0348994967024999,0.999390827019096));
#6289=DIRECTION('',(1.,0.,0.));
#6290=DIRECTION('center_axis',(0.,-0.999390827019096,0.0348994967024999));
#6291=DIRECTION('ref_axis',(0.,-0.0348994967024999,-0.999390827019096));
#6292=DIRECTION('',(-0.254493299279609,-0.0337504146242712,-0.966485421584035));
#6293=DIRECTION('',(1.,0.,0.));
#6294=DIRECTION('',(0.,0.0348994967024999,0.999390827019096));
#6295=DIRECTION('center_axis',(0.,-0.999390827019096,0.0348994967024999));
#6296=DIRECTION('ref_axis',(-1.,-4.95649556911198E-16,-1.41935462512744E-14));
#6297=DIRECTION('',(1.,0.,0.));
#6298=DIRECTION('',(0.707106781186591,0.0246776707783397,0.706676030840791));
#6299=DIRECTION('',(0.,-0.0348994967024999,-0.999390827019096));
#6300=DIRECTION('',(-1.,0.,0.));
#6301=DIRECTION('',(0.,0.0348994967024999,0.999390827019096));
#6302=DIRECTION('',(0.707106781186591,-0.0246776707783397,-0.706676030840791));
#6303=DIRECTION('center_axis',(0.,-0.0348994967024999,-0.999390827019096));
#6304=DIRECTION('ref_axis',(0.,0.999390827019096,-0.0348994967024999));
#6305=DIRECTION('',(1.,0.,0.));
#6306=DIRECTION('',(0.,0.999390827019096,-0.0348994967024999));
#6307=DIRECTION('',(0.,-0.999390827019096,0.0348994967024999));
#6308=DIRECTION('center_axis',(0.,0.999390827019096,-0.0348994967024999));
#6309=DIRECTION('ref_axis',(0.,0.0348994967024999,0.999390827019096));
#6310=DIRECTION('',(-0.254493299279609,-0.0337504146242712,-0.966485421584035));
#6311=DIRECTION('center_axis',(0.,0.999390827019096,-0.0348994967024999));
#6312=DIRECTION('ref_axis',(0.967074537262644,-0.00888168805901861,-0.254338268837912));
#6313=DIRECTION('',(-0.707106781186591,0.0246776707783297,0.706676030840791));
#6314=DIRECTION('',(0.,-0.0348994967024999,-0.999390827019096));
#6315=DIRECTION('',(-1.,0.,0.));
#6316=DIRECTION('',(0.,0.0348994967024999,0.999390827019096));
#6317=DIRECTION('',(-0.707106781186591,-0.0246776707783397,-0.706676030840791));
#6318=DIRECTION('',(1.,0.,0.));
#6319=DIRECTION('center_axis',(0.,0.999390827019096,-0.0348994967024999));
#6320=DIRECTION('ref_axis',(-1.42108547151999E-14,-0.0348994967024999,-0.999390827019096));
#6321=DIRECTION('',(0.,-0.0348994967024999,-0.999390827019096));
#6322=DIRECTION('',(-1.,0.,0.));
#6323=DIRECTION('center_axis',(0.967074537262644,-0.0088816880590194,-0.254338268837912));
#6324=DIRECTION('ref_axis',(-0.254348301090134,3.41306843898437E-16,-0.967112683058475));
#6325=DIRECTION('',(0.,0.999390827019096,-0.0348994967024999));
#6326=DIRECTION('center_axis',(0.,-0.999390827019096,0.0348994967024999));
#6327=DIRECTION('ref_axis',(0.,-0.0348994967024999,-0.999390827019096));
#6328=DIRECTION('center_axis',(-1.,0.,0.));
#6329=DIRECTION('ref_axis',(0.,-0.999390827019096,0.0348994967024999));
#6330=DIRECTION('center_axis',(1.,0.,0.));
#6331=DIRECTION('ref_axis',(0.,-1.06581410364E-14,1.));
#6332=DIRECTION('center_axis',(1.,0.,0.));
#6333=DIRECTION('ref_axis',(0.,0.,-1.));
#6334=DIRECTION('',(0.,0.999390827019096,-0.0348994967024999));
#6335=DIRECTION('center_axis',(-1.,0.,0.));
#6336=DIRECTION('ref_axis',(0.,-0.999390827019096,0.0348994967024999));
#6337=DIRECTION('',(0.,0.,-1.));
#6338=DIRECTION('center_axis',(-1.,0.,0.));
#6339=DIRECTION('ref_axis',(0.,0.,1.));
#6340=DIRECTION('',(0.,0.,1.));
#6341=DIRECTION('center_axis',(0.,0.,1.));
#6342=DIRECTION('ref_axis',(1.,0.,0.));
#6343=DIRECTION('',(0.,0.,-1.));
#6344=DIRECTION('center_axis',(1.,0.,0.));
#6345=DIRECTION('ref_axis',(0.,1.,0.));
#6346=DIRECTION('',(0.,0.,1.));
#6347=DIRECTION('center_axis',(0.,0.,1.));
#6348=DIRECTION('ref_axis',(1.,0.,0.));
#6349=DIRECTION('',(0.,0.,-1.));
#6350=DIRECTION('center_axis',(-0.707106781186548,0.707106781186548,0.));
#6351=DIRECTION('ref_axis',(0.,0.,1.));
#6352=DIRECTION('',(0.,0.,1.));
#6353=DIRECTION('center_axis',(0.,0.,-1.));
#6354=DIRECTION('ref_axis',(-1.,0.,0.));
#6355=DIRECTION('',(0.,0.,-1.));
#6356=DIRECTION('center_axis',(0.,-1.,0.));
#6357=DIRECTION('ref_axis',(1.,0.,0.));
#6358=DIRECTION('',(0.,0.,1.));
#6359=DIRECTION('center_axis',(0.,0.,-1.));
#6360=DIRECTION('ref_axis',(-1.,0.,0.));
#6361=DIRECTION('',(0.,0.,-1.));
#6362=DIRECTION('center_axis',(-0.707106781186498,-0.707106781186598,0.));
#6363=DIRECTION('ref_axis',(0.707106781186598,-0.707106781186498,0.));
#6364=DIRECTION('',(0.,0.,1.));
#6365=DIRECTION('center_axis',(0.,0.,1.));
#6366=DIRECTION('ref_axis',(1.,0.,0.));
#6367=DIRECTION('',(0.,0.,-1.));
#6368=DIRECTION('center_axis',(0.,-1.,0.));
#6369=DIRECTION('ref_axis',(0.,0.,-1.));
#6370=DIRECTION('',(0.,0.,1.));
#6371=DIRECTION('center_axis',(0.,0.,1.));
#6372=DIRECTION('ref_axis',(1.,0.,0.));
#6373=DIRECTION('center_axis',(-1.,0.,0.));
#6374=DIRECTION('ref_axis',(0.,-0.999390827019096,0.0348994967024999));
#6375=DIRECTION('center_axis',(-1.,0.,0.));
#6376=DIRECTION('ref_axis',(0.,-1.,0.));
#6377=DIRECTION('',(0.,-0.999390827019096,0.0348994967024999));
#6378=DIRECTION('center_axis',(0.,0.999390827019096,-0.0348994967024999));
#6379=DIRECTION('ref_axis',(0.,0.0348994967024999,0.999390827019096));
#6380=DIRECTION('',(0.,-0.999390827019096,0.0348994967024999));
#6381=DIRECTION('center_axis',(0.,-0.0348994967024999,-0.999390827019096));
#6382=DIRECTION('ref_axis',(0.,0.999390827019096,-0.0348994967024999));
#6383=DIRECTION('',(0.,0.999390827019096,-0.0348994967024999));
#6384=DIRECTION('center_axis',(0.707106781186541,-0.0246776707783414,-0.706676030840841));
#6385=DIRECTION('ref_axis',(-4.2257863874795E-15,-0.999390827019096,0.0348994967025041));
#6386=DIRECTION('',(0.,0.999390827019096,-0.0348994967025098));
#6387=DIRECTION('center_axis',(-1.,0.,0.));
#6388=DIRECTION('ref_axis',(0.,0.,1.));
#6389=DIRECTION('',(0.,-0.999390827019096,0.0348994967024999));
#6390=DIRECTION('center_axis',(0.,0.0348994967024999,0.999390827019096));
#6391=DIRECTION('ref_axis',(0.,-0.999390827019096,0.0348994967024999));
#6392=DIRECTION('',(0.,0.999390827019096,-0.0348994967024999));
#6393=DIRECTION('center_axis',(1.,0.,0.));
#6394=DIRECTION('ref_axis',(0.,0.,-1.));
#6395=DIRECTION('',(0.,-0.999390827019096,0.0348994967024999));
#6396=DIRECTION('center_axis',(-0.707106781186541,-0.0246776707783414,-0.706676030840841));
#6397=DIRECTION('ref_axis',(-4.2257863874795E-15,0.999390827019096,-0.0348994967025041));
#6398=DIRECTION('center_axis',(-1.,0.,0.));
#6399=DIRECTION('ref_axis',(0.,-0.999390827019096,0.0348994967024999));
#6400=DIRECTION('center_axis',(-1.,0.,0.));
#6401=DIRECTION('ref_axis',(0.,0.,1.));
#6402=DIRECTION('center_axis',(0.,0.,1.));
#6403=DIRECTION('ref_axis',(1.,0.,0.));
#6404=DIRECTION('center_axis',(0.,0.,-1.));
#6405=DIRECTION('ref_axis',(-1.,0.,0.));
#6406=DIRECTION('',(0.,0.,1.));
#6407=DIRECTION('center_axis',(0.,0.,1.));
#6408=DIRECTION('ref_axis',(-1.,0.,0.));
#6409=DIRECTION('center_axis',(0.,0.,-1.));
#6410=DIRECTION('ref_axis',(-1.,0.,0.));
#6411=DIRECTION('center_axis',(0.,0.,-1.));
#6412=DIRECTION('ref_axis',(-1.,0.,0.));
#6413=DIRECTION('center_axis',(0.,0.,-1.));
#6414=DIRECTION('ref_axis',(-1.,0.,0.));
#6415=DIRECTION('',(0.,0.,-1.));
#6416=DIRECTION('center_axis',(0.,0.,1.));
#6417=DIRECTION('ref_axis',(1.,0.,0.));
#6418=DIRECTION('',(0.,0.,1.));
#6419=DIRECTION('center_axis',(0.,0.,1.));
#6420=DIRECTION('ref_axis',(1.,0.,0.));
#6421=DIRECTION('',(0.,0.,1.));
#6422=DIRECTION('center_axis',(1.,0.,0.));
#6423=DIRECTION('ref_axis',(0.,0.,-1.));
#6424=DIRECTION('',(0.,0.,-1.));
#6425=DIRECTION('',(0.,0.,1.));
#6426=DIRECTION('center_axis',(0.,0.,-1.));
#6427=DIRECTION('ref_axis',(-1.,0.,0.));
#6428=DIRECTION('',(0.,0.,-1.));
#6429=DIRECTION('center_axis',(0.,1.,0.));
#6430=DIRECTION('ref_axis',(0.,0.,1.));
#6431=DIRECTION('',(0.,0.,1.));
#6432=DIRECTION('center_axis',(0.,0.,-1.));
#6433=DIRECTION('ref_axis',(-1.,0.,0.));
#6434=DIRECTION('',(0.,0.,-1.));
#6435=DIRECTION('center_axis',(-1.,0.,0.));
#6436=DIRECTION('ref_axis',(0.,0.,1.));
#6437=DIRECTION('',(0.,0.,1.));
#6438=DIRECTION('center_axis',(0.,0.,-1.));
#6439=DIRECTION('ref_axis',(-1.,0.,0.));
#6440=DIRECTION('',(0.,0.,-1.));
#6441=DIRECTION('center_axis',(0.,-1.,0.));
#6442=DIRECTION('ref_axis',(0.,0.,-1.));
#6443=DIRECTION('',(0.,0.,1.));
#6444=DIRECTION('center_axis',(0.,0.,-1.));
#6445=DIRECTION('ref_axis',(-1.,0.,0.));
#6446=DIRECTION('center_axis',(0.,0.,-1.));
#6447=DIRECTION('ref_axis',(-1.,0.,0.));
#6448=DIRECTION('',(0.,0.,1.));
#6449=DIRECTION('center_axis',(0.,0.,1.));
#6450=DIRECTION('ref_axis',(-1.,0.,0.));
#6451=DIRECTION('center_axis',(0.,0.,-1.));
#6452=DIRECTION('ref_axis',(-1.,0.,0.));
#6453=DIRECTION('center_axis',(0.,0.,-1.));
#6454=DIRECTION('ref_axis',(-1.,0.,0.));
#6455=DIRECTION('center_axis',(0.,0.,-1.));
#6456=DIRECTION('ref_axis',(-1.,0.,0.));
#6457=DIRECTION('',(0.,0.,-1.));
#6458=DIRECTION('center_axis',(0.,0.,-1.));
#6459=DIRECTION('ref_axis',(-1.,0.,0.));
#6460=DIRECTION('',(0.,0.,1.));
#6461=DIRECTION('center_axis',(0.,0.,1.));
#6462=DIRECTION('ref_axis',(-1.,0.,0.));
#6463=DIRECTION('center_axis',(0.,0.,-1.));
#6464=DIRECTION('ref_axis',(-1.,0.,0.));
#6465=DIRECTION('center_axis',(0.,0.,-1.));
#6466=DIRECTION('ref_axis',(-1.,0.,0.));
#6467=DIRECTION('center_axis',(0.,0.,-1.));
#6468=DIRECTION('ref_axis',(-1.,0.,0.));
#6469=DIRECTION('',(0.,0.,-1.));
#6470=DIRECTION('center_axis',(0.,0.,1.));
#6471=DIRECTION('ref_axis',(1.,0.,0.));
#6472=DIRECTION('',(0.,0.,1.));
#6473=DIRECTION('center_axis',(0.,0.,1.));
#6474=DIRECTION('ref_axis',(1.,0.,0.));
#6475=DIRECTION('',(0.,0.,1.));
#6476=DIRECTION('center_axis',(0.,0.,1.));
#6477=DIRECTION('ref_axis',(1.,0.,0.));
#6478=DIRECTION('',(0.,0.,1.));
#6479=DIRECTION('',(2.64697796016969E-23,-5.87747175411144E-39,1.));
#6480=DIRECTION('',(1.,2.46519032881566E-32,-2.64697796016969E-23));
#6481=DIRECTION('',(-1.65615381846298E-7,-1.08362410493301E-23,0.999999999999986));
#6482=DIRECTION('',(0.999999999999986,-2.77555756156262E-17,1.65615381846298E-7));
#6483=DIRECTION('',(8.08002730580163E-30,-1.,-4.781235919119E-13));
#6484=DIRECTION('',(0.,4.781235919119E-13,-1.));
#6485=DIRECTION('center_axis',(1.00485917355761E-15,-0.707106781186552,
0.707106781186543));
#6486=DIRECTION('ref_axis',(1.,0.,-1.4210854715202E-15));
#6487=DIRECTION('',(2.17558392881681E-15,0.707106781186543,0.707106781186552));
#6488=DIRECTION('',(-1.,0.,1.4210854715202E-15));
#6489=DIRECTION('',(-2.1755839288168E-15,-0.707106781186543,-0.707106781186552));
#6490=DIRECTION('',(-1.,0.,1.4210854715202E-15));
#6491=DIRECTION('center_axis',(0.499999999999983,0.,-0.866025403784449));
#6492=DIRECTION('ref_axis',(-0.866025403784448,0.,-0.499999999999983));
#6493=DIRECTION('',(-0.866025403784448,0.,-0.499999999999983));
#6494=DIRECTION('',(0.,1.,0.));
#6495=DIRECTION('',(0.866025403784448,0.,0.499999999999983));
#6496=DIRECTION('',(0.,1.,0.));
#6497=DIRECTION('center_axis',(-9.47390314346794E-15,0.,-1.));
#6498=DIRECTION('ref_axis',(-1.,0.,9.47390314346794E-15));
#6499=DIRECTION('',(-1.,0.,9.47390314346794E-15));
#6500=DIRECTION('',(0.,1.,0.));
#6501=DIRECTION('',(1.,0.,-9.47390314346794E-15));
#6502=DIRECTION('center_axis',(-0.499999999999967,0.,-0.866025403784458));
#6503=DIRECTION('ref_axis',(-0.866025403784458,0.,0.499999999999967));
#6504=DIRECTION('',(-0.866025403784458,0.,0.499999999999967));
#6505=DIRECTION('',(0.,1.,0.));
#6506=DIRECTION('',(0.866025403784458,0.,-0.499999999999967));
#6507=DIRECTION('center_axis',(-1.,0.,3.07674029821366E-15));
#6508=DIRECTION('ref_axis',(3.07674029821366E-15,0.,1.));
#6509=DIRECTION('',(0.,1.,0.));
#6510=DIRECTION('',(-3.07674029821366E-15,0.,-1.));
#6511=DIRECTION('',(3.07674029821366E-15,0.,1.));
#6512=DIRECTION('center_axis',(1.,0.,-3.07674029821364E-15));
#6513=DIRECTION('ref_axis',(-3.07674029821364E-15,0.,-1.));
#6514=DIRECTION('',(-3.07674029821364E-15,0.,-1.));
#6515=DIRECTION('',(3.07674029821364E-15,0.,1.));
#6516=DIRECTION('',(0.,1.,0.));
#6517=DIRECTION('center_axis',(0.,1.,0.));
#6518=DIRECTION('ref_axis',(0.,0.,1.));
#6519=DIRECTION('',(0.,0.,-1.));
#6520=DIRECTION('',(-0.866025403784435,0.,-0.500000000000005));
#6521=DIRECTION('',(-0.866025403784443,0.,0.499999999999992));
#6522=DIRECTION('',(-5.49417910395303E-15,0.,1.));
#6523=DIRECTION('',(0.866025403784437,0.,0.500000000000003));
#6524=DIRECTION('',(0.866025403784443,0.,-0.499999999999992));
#6525=DIRECTION('',(-5.49417910395291E-15,0.,-1.));
#6526=DIRECTION('',(-0.866025403784448,0.,-0.499999999999984));
#6527=DIRECTION('',(-0.866025403784442,0.,0.499999999999995));
#6528=DIRECTION('',(5.49417910395291E-15,0.,1.));
#6529=DIRECTION('',(0.866025403784448,0.,0.499999999999984));
#6530=DIRECTION('',(0.866025403784442,0.,-0.499999999999995));
#6531=DIRECTION('',(0.,0.,1.));
#6532=DIRECTION('',(0.866025403784445,0.,0.499999999999989));
#6533=DIRECTION('',(0.866025403784445,0.,-0.499999999999989));
#6534=DIRECTION('',(0.,0.,-1.));
#6535=DIRECTION('',(-0.86602540378445,0.,-0.499999999999981));
#6536=DIRECTION('',(-0.866025403784445,0.,0.499999999999989));
#6537=DIRECTION('center_axis',(0.980580675690922,-0.196116135138177,0.));
#6538=DIRECTION('ref_axis',(0.,0.,-1.));
#6539=DIRECTION('',(0.194870940738483,0.974354703692451,0.112508790092573));
#6540=DIRECTION('',(0.,0.,1.));
#6541=DIRECTION('',(0.194870940738483,0.974354703692447,-0.112508790092607));
#6542=DIRECTION('center_axis',(0.490290337845454,-0.196116135138174,0.849207775608453));
#6543=DIRECTION('ref_axis',(0.866025403784443,0.,-0.499999999999993));
#6544=DIRECTION('',(0.,0.974354703692452,0.225017580185181));
#6545=DIRECTION('',(-0.866025403784443,0.,0.499999999999992));
#6546=DIRECTION('center_axis',(-0.490290337845464,-0.196116135138174,0.849207775608447));
#6547=DIRECTION('ref_axis',(0.866025403784437,0.,0.500000000000003));
#6548=DIRECTION('',(-0.866025403784437,0.,-0.500000000000003));
#6549=DIRECTION('',(-0.194870940738483,0.974354703692451,0.112508790092573));
#6550=DIRECTION('center_axis',(-0.980580675690922,-0.196116135138177,-5.38748585812121E-15));
#6551=DIRECTION('ref_axis',(-5.49417910395303E-15,0.,1.));
#6552=DIRECTION('',(5.49417910395303E-15,0.,-1.));
#6553=DIRECTION('',(-0.194870940738483,0.974354703692447,-0.112508790092607));
#6554=DIRECTION('center_axis',(-0.490290337845454,-0.196116135138174,-0.849207775608453));
#6555=DIRECTION('ref_axis',(-0.866025403784443,0.,0.499999999999993));
#6556=DIRECTION('',(0.866025403784443,0.,-0.499999999999992));
#6557=DIRECTION('',(0.,0.974354703692452,-0.225017580185181));
#6558=DIRECTION('center_axis',(0.490290337845466,-0.196116135138174,-0.849207775608446));
#6559=DIRECTION('ref_axis',(-0.866025403784435,0.,-0.500000000000005));
#6560=DIRECTION('',(0.866025403784435,0.,0.500000000000005));
#6561=DIRECTION('center_axis',(0.499999999999992,0.,0.866025403784443));
#6562=DIRECTION('ref_axis',(0.866025403784443,0.,-0.499999999999992));
#6563=DIRECTION('',(0.,1.,0.));
#6564=DIRECTION('',(0.866025403784443,0.,-0.499999999999992));
#6565=DIRECTION('',(0.,1.,0.));
#6566=DIRECTION('center_axis',(-0.500000000000005,0.,0.866025403784435));
#6567=DIRECTION('ref_axis',(0.866025403784435,0.,0.500000000000005));
#6568=DIRECTION('',(0.,1.,0.));
#6569=DIRECTION('',(0.866025403784435,0.,0.500000000000005));
#6570=DIRECTION('center_axis',(-1.,0.,0.));
#6571=DIRECTION('ref_axis',(0.,0.,1.));
#6572=DIRECTION('',(0.,1.,0.));
#6573=DIRECTION('',(0.,0.,1.));
#6574=DIRECTION('center_axis',(-0.980580675690922,-0.196116135138177,0.));
#6575=DIRECTION('ref_axis',(0.,0.,1.));
#6576=DIRECTION('',(-0.194870940738483,0.974354703692451,-0.112508790092573));
#6577=DIRECTION('',(0.,0.,-1.));
#6578=DIRECTION('',(-0.194870940738483,0.974354703692447,0.112508790092607));
#6579=DIRECTION('center_axis',(-0.49029033784545,-0.196116135138174,-0.849207775608455));
#6580=DIRECTION('ref_axis',(-0.866025403784445,0.,0.499999999999989));
#6581=DIRECTION('',(1.73080164190587E-14,0.974354703692452,-0.225017580185181));
#6582=DIRECTION('',(0.866025403784445,0.,-0.499999999999989));
#6583=DIRECTION('center_axis',(0.490290337845442,-0.196116135138174,-0.84920777560846));
#6584=DIRECTION('ref_axis',(-0.86602540378445,0.,-0.499999999999981));
#6585=DIRECTION('',(0.86602540378445,0.,0.499999999999981));
#6586=DIRECTION('',(0.194870940738483,0.974354703692447,-0.112508790092607));
#6587=DIRECTION('center_axis',(0.980580675690922,-0.196116135138177,0.));
#6588=DIRECTION('ref_axis',(0.,0.,-1.));
#6589=DIRECTION('',(0.,0.,1.));
#6590=DIRECTION('',(0.194870940738483,0.974354703692447,0.112508790092607));
#6591=DIRECTION('center_axis',(0.49029033784545,-0.196116135138174,0.849207775608455));
#6592=DIRECTION('ref_axis',(0.866025403784445,0.,-0.499999999999989));
#6593=DIRECTION('',(-0.866025403784445,0.,0.499999999999989));
#6594=DIRECTION('',(0.,0.974354703692452,0.225017580185181));
#6595=DIRECTION('center_axis',(-0.49029033784545,-0.196116135138174,0.849207775608455));
#6596=DIRECTION('ref_axis',(0.866025403784445,0.,0.499999999999989));
#6597=DIRECTION('',(-0.866025403784445,0.,-0.499999999999989));
#6598=DIRECTION('center_axis',(-0.499999999999989,0.,-0.866025403784445));
#6599=DIRECTION('ref_axis',(-0.866025403784445,0.,0.499999999999989));
#6600=DIRECTION('',(0.,1.,0.));
#6601=DIRECTION('',(-0.866025403784445,0.,0.499999999999989));
#6602=DIRECTION('',(0.,1.,0.));
#6603=DIRECTION('center_axis',(0.499999999999989,0.,-0.866025403784445));
#6604=DIRECTION('ref_axis',(-0.866025403784445,0.,-0.499999999999989));
#6605=DIRECTION('',(0.,1.,0.));
#6606=DIRECTION('',(-0.866025403784445,0.,-0.499999999999989));
#6607=DIRECTION('center_axis',(1.,0.,0.));
#6608=DIRECTION('ref_axis',(0.,0.,-1.));
#6609=DIRECTION('',(0.,1.,0.));
#6610=DIRECTION('',(0.,0.,-1.));
#6611=DIRECTION('center_axis',(0.980580675690925,-0.196116135138161,-5.38748585812111E-15));
#6612=DIRECTION('ref_axis',(-5.49417910395291E-15,0.,-1.));
#6613=DIRECTION('',(0.194870940738466,0.97435470369245,0.112508790092608));
#6614=DIRECTION('',(5.49417910395291E-15,0.,1.));
#6615=DIRECTION('',(0.194870940738466,0.97435470369245,-0.112508790092608));
#6616=DIRECTION('center_axis',(0.490290337845456,-0.196116135138174,0.849207775608452));
#6617=DIRECTION('ref_axis',(0.866025403784442,0.,-0.499999999999995));
#6618=DIRECTION('',(-1.73080164190585E-14,0.974354703692444,0.225017580185214));
#6619=DIRECTION('',(-0.866025403784442,0.,0.499999999999995));
#6620=DIRECTION('center_axis',(-0.490290337845443,-0.196116135138203,0.849207775608453));
#6621=DIRECTION('ref_axis',(0.866025403784448,0.,0.499999999999984));
#6622=DIRECTION('',(-0.866025403784448,0.,-0.499999999999984));
#6623=DIRECTION('',(-0.194870940738465,0.974354703692447,0.112508790092642));
#6624=DIRECTION('center_axis',(-0.980580675690925,-0.196116135138161,5.38748585812111E-15));
#6625=DIRECTION('ref_axis',(5.49417910395291E-15,0.,1.));
#6626=DIRECTION('',(-5.49417910395291E-15,0.,-1.));
#6627=DIRECTION('',(-0.194870940738466,0.97435470369245,-0.112508790092608));
#6628=DIRECTION('center_axis',(-0.490290337845456,-0.196116135138174,-0.849207775608452));
#6629=DIRECTION('ref_axis',(-0.866025403784442,0.,0.499999999999995));
#6630=DIRECTION('',(0.866025403784442,0.,-0.499999999999995));
#6631=DIRECTION('',(0.,0.974354703692452,-0.225017580185181));
#6632=DIRECTION('center_axis',(0.490290337845446,-0.196116135138174,-0.849207775608458));
#6633=DIRECTION('ref_axis',(-0.866025403784448,0.,-0.499999999999984));
#6634=DIRECTION('',(0.866025403784448,0.,0.499999999999984));
#6635=DIRECTION('center_axis',(0.499999999999995,0.,0.866025403784442));
#6636=DIRECTION('ref_axis',(0.866025403784442,0.,-0.499999999999995));
#6637=DIRECTION('',(0.,1.,0.));
#6638=DIRECTION('',(0.866025403784442,0.,-0.499999999999995));
#6639=DIRECTION('',(0.,1.,0.));
#6640=DIRECTION('center_axis',(-0.499999999999984,0.,0.866025403784448));
#6641=DIRECTION('ref_axis',(0.866025403784448,0.,0.499999999999984));
#6642=DIRECTION('',(0.,1.,0.));
#6643=DIRECTION('',(0.866025403784448,0.,0.499999999999984));
#6644=DIRECTION('center_axis',(-1.,0.,5.49417910395291E-15));
#6645=DIRECTION('ref_axis',(5.49417910395291E-15,0.,1.));
#6646=DIRECTION('',(0.,1.,0.));
#6647=DIRECTION('',(5.49417910395291E-15,0.,1.));
#6648=DIRECTION('center_axis',(0.,1.,0.));
#6649=DIRECTION('ref_axis',(-1.,0.,-5.55111512312579E-17));
#6650=DIRECTION('',(0.707106781186548,0.,0.707106781186548));
#6651=DIRECTION('',(-1.,0.,0.));
#6652=DIRECTION('',(0.707106781186548,0.,0.707106781186548));
#6653=DIRECTION('',(0.,0.,-1.));
#6654=DIRECTION('',(0.270126216206455,0.,-0.962824920386871));
#6655=DIRECTION('',(-0.296837369420509,0.,0.95492804761171));
#6656=DIRECTION('',(1.,0.,5.55111512312578E-17));
#6657=DIRECTION('',(-1.55999782022981E-17,0.,1.));
#6658=DIRECTION('',(1.,0.,5.55111512312578E-17));
#6659=DIRECTION('',(1.29173152622233E-16,0.,-1.));
#6660=DIRECTION('',(1.,0.,5.55111512312578E-17));
#6661=DIRECTION('',(0.786130952663413,0.,0.618059968987246));
#6662=DIRECTION('',(-5.55111512312578E-17,0.,1.));
#6663=DIRECTION('',(0.39721321574646,0.,-0.917726354223499));
#6664=DIRECTION('',(0.83582690066378,0.,-0.548993071109991));
#6665=DIRECTION('',(-1.,0.,-9.12892951737316E-16));
#6666=DIRECTION('',(-0.707106781186547,0.,0.707106781186547));
#6667=DIRECTION('center_axis',(0.,1.,0.));
#6668=DIRECTION('ref_axis',(1.,0.,0.));
#6669=DIRECTION('',(0.500000000000001,0.,-0.866025403784438));
#6670=DIRECTION('',(-0.499999999999999,0.,-0.866025403784439));
#6671=DIRECTION('',(-1.,0.,-2.80260070320777E-15));
#6672=DIRECTION('',(-0.5,0.,0.866025403784439));
#6673=DIRECTION('',(0.500000000000001,0.,0.866025403784438));
#6674=DIRECTION('',(1.,0.,2.80260070320777E-15));
#6675=DIRECTION('center_axis',(0.,1.,0.));
#6676=DIRECTION('ref_axis',(-1.,0.,-5.55111512312578E-17));
#6677=DIRECTION('center_axis',(0.,1.,0.));
#6678=DIRECTION('ref_axis',(-1.,0.,-5.55111512312578E-17));
#6679=DIRECTION('center_axis',(0.,1.,0.));
#6680=DIRECTION('ref_axis',(-1.,0.,-5.55111512312578E-17));
#6681=DIRECTION('center_axis',(0.,1.,0.));
#6682=DIRECTION('ref_axis',(-1.,0.,-5.55111512312578E-17));
#6683=DIRECTION('center_axis',(0.,1.,0.));
#6684=DIRECTION('ref_axis',(-1.,0.,-5.55111512312578E-17));
#6685=DIRECTION('center_axis',(0.,1.,0.));
#6686=DIRECTION('ref_axis',(1.,0.,5.55111512312578E-17));
#6687=DIRECTION('center_axis',(0.,1.,0.));
#6688=DIRECTION('ref_axis',(-1.,0.,-5.55111512312578E-17));
#6689=DIRECTION('center_axis',(0.,1.,0.));
#6690=DIRECTION('ref_axis',(-1.,0.,-5.55111512312578E-17));
#6691=DIRECTION('center_axis',(0.,1.,0.));
#6692=DIRECTION('ref_axis',(-1.,0.,-5.55111512312578E-17));
#6693=DIRECTION('center_axis',(0.,1.,0.));
#6694=DIRECTION('ref_axis',(-1.,0.,-5.55111512312578E-17));
#6695=DIRECTION('center_axis',(0.,1.,0.));
#6696=DIRECTION('ref_axis',(-1.,0.,-5.55111512312578E-17));
#6697=DIRECTION('center_axis',(0.,1.,0.));
#6698=DIRECTION('ref_axis',(1.,0.,5.55111512312578E-17));
#6699=DIRECTION('',(-5.55111512312578E-17,2.11471052309554E-16,1.));
#6700=DIRECTION('',(1.,0.,5.55111512312578E-17));
#6701=DIRECTION('',(5.55111512312578E-17,-2.11471052309554E-16,-1.));
#6702=DIRECTION('',(-1.,0.,-5.55111512312578E-17));
#6703=DIRECTION('center_axis',(0.,1.,0.));
#6704=DIRECTION('ref_axis',(-1.,0.,-5.55111512312578E-17));
#6705=DIRECTION('center_axis',(0.,-1.,0.));
#6706=DIRECTION('ref_axis',(-1.,0.,-5.55111512312578E-17));
#6707=DIRECTION('center_axis',(0.,-1.,0.));
#6708=DIRECTION('ref_axis',(-1.,0.,-5.55111512312578E-17));
#6709=DIRECTION('',(1.,0.,2.80260070320778E-15));
#6710=DIRECTION('',(0.499999999999999,0.,-0.866025403784439));
#6711=DIRECTION('',(-0.5,0.,-0.866025403784439));
#6712=DIRECTION('',(-1.,0.,-5.55111512312578E-17));
#6713=DIRECTION('',(-0.499999999999999,0.,0.866025403784439));
#6714=DIRECTION('',(0.499999999999999,0.,0.866025403784439));
#6715=DIRECTION('',(0.5,0.,-0.866025403784439));
#6716=DIRECTION('',(-0.5,0.,-0.866025403784439));
#6717=DIRECTION('',(-1.,0.,-5.55111512312578E-17));
#6718=DIRECTION('',(-0.5,0.,0.866025403784439));
#6719=DIRECTION('',(0.5,0.,0.866025403784439));
#6720=DIRECTION('',(1.,0.,5.55111512312578E-17));
#6721=DIRECTION('center_axis',(0.,1.,0.));
#6722=DIRECTION('ref_axis',(-1.,0.,0.));
#6723=DIRECTION('center_axis',(0.,1.,0.));
#6724=DIRECTION('ref_axis',(1.,0.,0.));
#6725=DIRECTION('center_axis',(0.,1.,0.));
#6726=DIRECTION('ref_axis',(1.,0.,0.));
#6727=DIRECTION('center_axis',(0.,1.,0.));
#6728=DIRECTION('ref_axis',(-1.,0.,0.));
#6729=DIRECTION('center_axis',(-0.499999999999995,0.,-0.866025403784442));
#6730=DIRECTION('ref_axis',(-0.866025403784442,0.,0.499999999999995));
#6731=DIRECTION('',(0.,1.,0.));
#6732=DIRECTION('',(-0.866025403784442,0.,0.499999999999995));
#6733=DIRECTION('center_axis',(0.499999999999984,0.,-0.866025403784448));
#6734=DIRECTION('ref_axis',(-0.866025403784448,0.,-0.499999999999984));
#6735=DIRECTION('',(0.,1.,0.));
#6736=DIRECTION('',(-0.866025403784448,0.,-0.499999999999984));
#6737=DIRECTION('center_axis',(1.,0.,-5.49417910395291E-15));
#6738=DIRECTION('ref_axis',(-5.49417910395291E-15,0.,-1.));
#6739=DIRECTION('',(-5.49417910395291E-15,0.,-1.));
#6740=DIRECTION('center_axis',(0.,-1.,0.));
#6741=DIRECTION('ref_axis',(1.,0.,0.));
#6742=DIRECTION('center_axis',(0.,-1.,0.));
#6743=DIRECTION('ref_axis',(-1.,0.,0.));
#6744=DIRECTION('center_axis',(0.499999999999989,0.,0.866025403784445));
#6745=DIRECTION('ref_axis',(0.866025403784445,0.,-0.499999999999989));
#6746=DIRECTION('',(0.,1.,0.));
#6747=DIRECTION('',(0.866025403784445,0.,-0.499999999999989));
#6748=DIRECTION('center_axis',(-0.499999999999981,0.,0.86602540378445));
#6749=DIRECTION('ref_axis',(0.86602540378445,0.,0.499999999999981));
#6750=DIRECTION('',(0.,1.,0.));
#6751=DIRECTION('',(0.86602540378445,0.,0.499999999999981));
#6752=DIRECTION('center_axis',(-1.,0.,0.));
#6753=DIRECTION('ref_axis',(0.,0.,1.));
#6754=DIRECTION('',(0.,0.,1.));
#6755=DIRECTION('center_axis',(0.,-1.,0.));
#6756=DIRECTION('ref_axis',(1.,0.,0.));
#6757=DIRECTION('center_axis',(0.,-1.,0.));
#6758=DIRECTION('ref_axis',(-1.,0.,0.));
#6759=DIRECTION('center_axis',(-0.499999999999992,0.,-0.866025403784443));
#6760=DIRECTION('ref_axis',(-0.866025403784443,0.,0.499999999999992));
#6761=DIRECTION('',(0.,1.,0.));
#6762=DIRECTION('',(-0.866025403784443,0.,0.499999999999992));
#6763=DIRECTION('center_axis',(0.500000000000003,0.,-0.866025403784437));
#6764=DIRECTION('ref_axis',(-0.866025403784437,0.,-0.500000000000003));
#6765=DIRECTION('',(0.,1.,0.));
#6766=DIRECTION('',(-0.866025403784437,0.,-0.500000000000003));
#6767=DIRECTION('center_axis',(1.,0.,5.49417910395303E-15));
#6768=DIRECTION('ref_axis',(5.49417910395303E-15,0.,-1.));
#6769=DIRECTION('',(5.49417910395303E-15,0.,-1.));
#6770=DIRECTION('center_axis',(0.,-1.,0.));
#6771=DIRECTION('ref_axis',(1.,0.,0.));
#6772=DIRECTION('center_axis',(0.,-1.,0.));
#6773=DIRECTION('ref_axis',(-1.,0.,0.));
#6774=DIRECTION('center_axis',(-0.707106781186548,0.,0.707106781186548));
#6775=DIRECTION('ref_axis',(0.707106781186548,0.,0.707106781186548));
#6776=DIRECTION('',(0.70710678118656,0.,0.707106781186535));
#6777=DIRECTION('',(0.,-1.,0.));
#6778=DIRECTION('center_axis',(0.707106781186548,0.,0.707106781186548));
#6779=DIRECTION('ref_axis',(0.707106781186548,0.,-0.707106781186548));
#6780=DIRECTION('',(-0.707106781186548,0.,0.707106781186548));
#6781=DIRECTION('',(0.,1.,0.));
#6782=DIRECTION('center_axis',(0.,-1.,0.));
#6783=DIRECTION('ref_axis',(-1.,0.,0.));
#6784=DIRECTION('center_axis',(0.,-1.,0.));
#6785=DIRECTION('ref_axis',(-1.,0.,0.));
#6786=DIRECTION('',(0.,-1.,0.));
#6787=DIRECTION('center_axis',(0.,-1.,0.));
#6788=DIRECTION('ref_axis',(-1.,0.,0.));
#6789=DIRECTION('center_axis',(0.,-1.,0.));
#6790=DIRECTION('ref_axis',(-1.,0.,0.));
#6791=DIRECTION('',(0.,-1.,0.));
#6792=DIRECTION('center_axis',(0.,-1.,0.));
#6793=DIRECTION('ref_axis',(-1.,0.,0.));
#6794=DIRECTION('center_axis',(0.,-1.,0.));
#6795=DIRECTION('ref_axis',(-1.,0.,0.));
#6796=DIRECTION('',(0.,-1.,0.));
#6797=DIRECTION('center_axis',(0.,0.,1.));
#6798=DIRECTION('ref_axis',(1.,0.,0.));
#6799=DIRECTION('',(0.,-1.,0.));
#6800=DIRECTION('',(-1.,0.,0.));
#6801=DIRECTION('',(0.,1.,0.));
#6802=DIRECTION('',(1.,0.,0.));
#6803=DIRECTION('center_axis',(0.,1.,0.));
#6804=DIRECTION('ref_axis',(1.,0.,0.));
#6805=DIRECTION('center_axis',(0.,-1.,0.));
#6806=DIRECTION('ref_axis',(1.,0.,0.));
#6807=DIRECTION('center_axis',(0.,1.,0.));
#6808=DIRECTION('ref_axis',(1.,0.,0.));
#6809=DIRECTION('center_axis',(0.,-1.,0.));
#6810=DIRECTION('ref_axis',(1.,0.,0.));
#6811=DIRECTION('',(-1.,0.,0.));
#6812=DIRECTION('center_axis',(0.,1.,0.));
#6813=DIRECTION('ref_axis',(-1.,0.,0.));
#6814=DIRECTION('center_axis',(0.,1.,0.));
#6815=DIRECTION('ref_axis',(-1.,0.,0.));
#6816=DIRECTION('center_axis',(0.,-1.,0.));
#6817=DIRECTION('ref_axis',(-1.,0.,0.));
#6818=DIRECTION('center_axis',(0.,-1.,0.));
#6819=DIRECTION('ref_axis',(1.,0.,0.));
#6820=DIRECTION('center_axis',(0.,-1.,0.));
#6821=DIRECTION('ref_axis',(1.,0.,0.));
#6822=DIRECTION('',(0.,-1.,0.));
#6823=DIRECTION('center_axis',(0.,-1.,0.));
#6824=DIRECTION('ref_axis',(1.,0.,0.));
#6825=DIRECTION('center_axis',(0.,-1.,0.));
#6826=DIRECTION('ref_axis',(1.,0.,0.));
#6827=DIRECTION('',(0.,-1.,0.));
#6828=DIRECTION('center_axis',(0.,-1.,0.));
#6829=DIRECTION('ref_axis',(1.,0.,0.));
#6830=DIRECTION('',(0.,1.,0.));
#6831=DIRECTION('center_axis',(0.548993071109991,0.,0.83582690066378));
#6832=DIRECTION('ref_axis',(0.83582690066378,0.,-0.548993071109991));
#6833=DIRECTION('',(0.,1.,0.));
#6834=DIRECTION('',(-0.83582690066378,0.,0.548993071109991));
#6835=DIRECTION('center_axis',(-0.707106781186548,0.,0.707106781186548));
#6836=DIRECTION('ref_axis',(0.707106781186548,0.,0.707106781186548));
#6837=DIRECTION('',(0.,1.,0.));
#6838=DIRECTION('',(-0.707106781186548,0.,-0.707106781186548));
#6839=DIRECTION('',(0.,-1.,0.));
#6840=DIRECTION('center_axis',(0.,1.,0.));
#6841=DIRECTION('ref_axis',(1.,0.,0.));
#6842=DIRECTION('',(0.,1.,0.));
#6843=DIRECTION('center_axis',(0.,1.,0.));
#6844=DIRECTION('ref_axis',(1.,0.,0.));
#6845=DIRECTION('center_axis',(0.,-1.,0.));
#6846=DIRECTION('ref_axis',(1.,0.,0.));
#6847=DIRECTION('center_axis',(0.,-1.,0.));
#6848=DIRECTION('ref_axis',(1.,0.,0.));
#6849=DIRECTION('center_axis',(0.,1.,0.));
#6850=DIRECTION('ref_axis',(1.,0.,0.));
#6851=DIRECTION('',(0.,1.,0.));
#6852=DIRECTION('center_axis',(0.,1.,0.));
#6853=DIRECTION('ref_axis',(1.,0.,0.));
#6854=DIRECTION('center_axis',(0.,-1.,0.));
#6855=DIRECTION('ref_axis',(1.,0.,0.));
#6856=DIRECTION('center_axis',(0.,-1.,0.));
#6857=DIRECTION('ref_axis',(1.,0.,0.));
#6858=DIRECTION('center_axis',(0.,1.,0.));
#6859=DIRECTION('ref_axis',(-1.,0.,-5.55111512312579E-17));
#6860=DIRECTION('',(0.39721321574646,0.,-0.917726354223499));
#6861=DIRECTION('',(5.55111512312578E-17,0.,-1.));
#6862=DIRECTION('',(-0.786130952663413,0.,-0.618059968987246));
#6863=DIRECTION('',(-1.,0.,-5.55111512312578E-17));
#6864=DIRECTION('',(-0.296837369420509,0.,0.95492804761171));
#6865=DIRECTION('',(-0.270126216206455,0.,0.962824920386871));
#6866=DIRECTION('',(0.,0.,1.));
#6867=DIRECTION('',(1.,0.,0.));
#6868=DIRECTION('center_axis',(0.,1.,0.));
#6869=DIRECTION('ref_axis',(-1.,0.,0.));
#6870=DIRECTION('center_axis',(0.,1.,0.));
#6871=DIRECTION('ref_axis',(-1.,0.,0.));
#6872=DIRECTION('center_axis',(0.,-1.,0.));
#6873=DIRECTION('ref_axis',(1.,0.,0.));
#6874=DIRECTION('',(-0.866559601874464,0.,0.499073598178836));
#6875=DIRECTION('',(-0.865490215318211,0.,-0.500925830027198));
#6876=DIRECTION('',(0.00106938655625377,0.,-0.999999428206033));
#6877=DIRECTION('',(0.866559601874464,0.,-0.499073598178837));
#6878=DIRECTION('',(0.86549021531821,0.,0.500925830027199));
#6879=DIRECTION('',(-0.00106938655625376,0.,0.999999428206033));
#6880=DIRECTION('',(0.865490215318209,0.,0.500925830027202));
#6881=DIRECTION('',(-0.0010693865562524,0.,0.999999428206033));
#6882=DIRECTION('',(-0.866559601874461,0.,0.499073598178842));
#6883=DIRECTION('',(-0.865490215318211,0.,-0.500925830027198));
#6884=DIRECTION('',(0.00106938655625102,0.,-0.999999428206033));
#6885=DIRECTION('',(0.866559601874461,0.,-0.499073598178841));
#6886=DIRECTION('',(-0.86549021531821,0.,-0.500925830027199));
#6887=DIRECTION('',(0.00106938655625239,0.,-0.999999428206033));
#6888=DIRECTION('',(0.866559601874463,0.,-0.499073598178838));
#6889=DIRECTION('',(0.865490215318213,0.,0.500925830027195));
#6890=DIRECTION('',(-0.00106938655625377,0.,0.999999428206033));
#6891=DIRECTION('',(-0.86655960187446,0.,0.499073598178842));
#6892=DIRECTION('center_axis',(0.,1.,0.));
#6893=DIRECTION('ref_axis',(-1.,0.,-5.55111512312578E-17));
#6894=DIRECTION('center_axis',(0.,1.,0.));
#6895=DIRECTION('ref_axis',(-1.,0.,-5.55111512312578E-17));
#6896=DIRECTION('center_axis',(0.,1.,0.));
#6897=DIRECTION('ref_axis',(1.,0.,5.55111512312578E-17));
#6898=DIRECTION('center_axis',(0.,1.,0.));
#6899=DIRECTION('ref_axis',(-1.,0.,-5.55111512312578E-17));
#6900=DIRECTION('center_axis',(0.,1.,0.));
#6901=DIRECTION('ref_axis',(-1.,0.,-5.55111512312578E-17));
#6902=DIRECTION('center_axis',(0.,1.,0.));
#6903=DIRECTION('ref_axis',(0.866025403784418,0.,-0.500000000000035));
#6904=DIRECTION('center_axis',(0.,1.,0.));
#6905=DIRECTION('ref_axis',(-1.,0.,-5.55111512312578E-17));
#6906=DIRECTION('center_axis',(0.,1.,0.));
#6907=DIRECTION('ref_axis',(-1.,0.,-5.55111512312578E-17));
#6908=DIRECTION('center_axis',(0.,1.,0.));
#6909=DIRECTION('ref_axis',(0.866025403784438,0.,-0.5));
#6910=DIRECTION('center_axis',(0.,1.,0.));
#6911=DIRECTION('ref_axis',(-1.,0.,-5.55111512312578E-17));
#6912=DIRECTION('center_axis',(0.,1.,0.));
#6913=DIRECTION('ref_axis',(-1.,0.,-5.55111512312578E-17));
#6914=DIRECTION('center_axis',(0.,1.,0.));
#6915=DIRECTION('ref_axis',(0.866025403784437,0.,-0.500000000000002));
#6916=DIRECTION('center_axis',(0.,1.,0.));
#6917=DIRECTION('ref_axis',(-1.,0.,-5.55111512312578E-17));
#6918=DIRECTION('center_axis',(0.,1.,0.));
#6919=DIRECTION('ref_axis',(-1.,0.,-5.55111512312578E-17));
#6920=DIRECTION('center_axis',(0.,1.,0.));
#6921=DIRECTION('ref_axis',(0.86602540378444,0.,-0.499999999999998));
#6922=DIRECTION('center_axis',(0.,-1.,0.));
#6923=DIRECTION('ref_axis',(-1.,0.,0.));
#6924=DIRECTION('center_axis',(0.,-1.,0.));
#6925=DIRECTION('ref_axis',(-1.,0.,0.));
#6926=DIRECTION('center_axis',(0.,-1.,0.));
#6927=DIRECTION('ref_axis',(1.,0.,0.));
#6928=DIRECTION('center_axis',(0.,-1.,0.));
#6929=DIRECTION('ref_axis',(1.,0.,0.));
#6930=DIRECTION('center_axis',(0.,0.,1.));
#6931=DIRECTION('ref_axis',(1.,0.,0.));
#6932=DIRECTION('center_axis',(0.,1.,0.));
#6933=DIRECTION('ref_axis',(1.,0.,0.));
#6934=DIRECTION('',(0.,1.,0.));
#6935=DIRECTION('center_axis',(0.,1.,0.));
#6936=DIRECTION('ref_axis',(1.,0.,0.));
#6937=DIRECTION('',(0.,1.,0.));
#6938=DIRECTION('center_axis',(0.,1.,0.));
#6939=DIRECTION('ref_axis',(1.,0.,0.));
#6940=DIRECTION('',(0.,-1.,0.));
#6941=DIRECTION('center_axis',(0.917726354223499,0.,0.39721321574646));
#6942=DIRECTION('ref_axis',(0.39721321574646,0.,-0.917726354223499));
#6943=DIRECTION('',(0.,1.,0.));
#6944=DIRECTION('center_axis',(-0.962824920386871,0.,-0.270126216206455));
#6945=DIRECTION('ref_axis',(-0.270126216206455,0.,0.962824920386871));
#6946=DIRECTION('',(0.,1.,0.));
#6947=DIRECTION('',(0.,1.,0.));
#6948=DIRECTION('center_axis',(0.,1.,0.));
#6949=DIRECTION('ref_axis',(1.,0.,0.));
#6950=DIRECTION('',(0.,-1.,0.));
#6951=DIRECTION('center_axis',(-1.,0.,0.));
#6952=DIRECTION('ref_axis',(0.,0.,1.));
#6953=DIRECTION('center_axis',(0.,-1.,0.));
#6954=DIRECTION('ref_axis',(-1.,0.,0.));
#6955=DIRECTION('',(0.,-1.,0.));
#6956=DIRECTION('center_axis',(0.,-1.,0.));
#6957=DIRECTION('ref_axis',(-1.,0.,0.));
#6958=DIRECTION('center_axis',(0.,1.,0.));
#6959=DIRECTION('ref_axis',(-1.,0.,0.));
#6960=DIRECTION('center_axis',(0.,-1.,0.));
#6961=DIRECTION('ref_axis',(-1.,0.,0.));
#6962=DIRECTION('',(0.,-1.,0.));
#6963=DIRECTION('center_axis',(0.,-1.,0.));
#6964=DIRECTION('ref_axis',(-1.,0.,0.));
#6965=DIRECTION('center_axis',(0.,1.,0.));
#6966=DIRECTION('ref_axis',(-1.,0.,0.));
#6967=DIRECTION('center_axis',(0.,1.,0.));
#6968=DIRECTION('ref_axis',(1.,0.,0.));
#6969=DIRECTION('',(0.,1.,0.));
#6970=DIRECTION('center_axis',(-0.849207775608448,-0.196116135138178,0.49029033784546));
#6971=DIRECTION('ref_axis',(0.5,0.,0.866025403784439));
#6972=DIRECTION('',(-0.225017580185205,0.974354703692446,-1.15386776127058E-14));
#6973=DIRECTION('',(-0.5,0.,-0.866025403784439));
#6974=DIRECTION('',(0.112508790092614,-0.974354703692446,-0.194870940738485));
#6975=DIRECTION('center_axis',(0.849207775608446,-0.196116135138189,0.49029033784546));
#6976=DIRECTION('ref_axis',(0.5,0.,-0.866025403784439));
#6977=DIRECTION('',(-0.5,0.,0.866025403784439));
#6978=DIRECTION('',(-0.225017580185205,-0.974354703692446,0.));
#6979=DIRECTION('',(-0.112508790092608,-0.974354703692446,-0.194870940738485));
#6980=DIRECTION('center_axis',(0.849207775608446,-0.196116135138189,-0.49029033784546));
#6981=DIRECTION('ref_axis',(-0.5,0.,-0.866025403784439));
#6982=DIRECTION('',(0.5,0.,0.866025403784439));
#6983=DIRECTION('',(-0.112508790092608,-0.974354703692446,0.194870940738485));
#6984=DIRECTION('center_axis',(5.44331621827277E-17,-0.19611613513818,-0.980580675690921));
#6985=DIRECTION('ref_axis',(-1.,0.,-5.55111512312578E-17));
#6986=DIRECTION('',(1.,0.,5.55111512312578E-17));
#6987=DIRECTION('',(0.112508790092591,-0.974354703692448,0.194870940738485));
#6988=DIRECTION('center_axis',(-0.849207775608449,-0.196116135138173,-0.490290337845461));
#6989=DIRECTION('ref_axis',(-0.5,0.,0.866025403784439));
#6990=DIRECTION('',(0.5,0.,-0.866025403784439));
#6991=DIRECTION('center_axis',(-5.44331621827277E-17,-0.19611613513818,
0.980580675690921));
#6992=DIRECTION('ref_axis',(1.,0.,5.55111512312578E-17));
#6993=DIRECTION('',(-1.,0.,-5.55111512312578E-17));
#6994=DIRECTION('center_axis',(-5.55111512312578E-17,0.,1.));
#6995=DIRECTION('ref_axis',(1.,0.,5.55111512312579E-17));
#6996=DIRECTION('',(0.,1.,0.));
#6997=DIRECTION('',(-1.,0.,-5.55111512312578E-17));
#6998=DIRECTION('',(0.,1.,0.));
#6999=DIRECTION('center_axis',(-0.866025403784439,0.,0.5));
#7000=DIRECTION('ref_axis',(0.5,0.,0.866025403784439));
#7001=DIRECTION('',(0.,1.,0.));
#7002=DIRECTION('',(-0.5,0.,-0.866025403784439));
#7003=DIRECTION('center_axis',(-0.866025403784439,0.,-0.5));
#7004=DIRECTION('ref_axis',(-0.5,0.,0.866025403784439));
#7005=DIRECTION('',(0.,1.,0.));
#7006=DIRECTION('',(0.5,0.,-0.866025403784439));
#7007=DIRECTION('center_axis',(-0.849207775608446,-0.196116135138184,0.490290337845461));
#7008=DIRECTION('ref_axis',(0.500000000000001,0.,0.866025403784438));
#7009=DIRECTION('',(-0.225017580185205,0.974354703692446,0.));
#7010=DIRECTION('',(-0.500000000000001,0.,-0.866025403784438));
#7011=DIRECTION('',(0.112508790092603,-0.974354703692447,-0.194870940738485));
#7012=DIRECTION('center_axis',(0.849207775608449,-0.196116135138168,0.490290337845463));
#7013=DIRECTION('ref_axis',(0.500000000000001,0.,-0.866025403784438));
#7014=DIRECTION('',(-0.500000000000001,0.,0.866025403784438));
#7015=DIRECTION('',(-0.225017580185211,-0.974354703692445,0.));
#7016=DIRECTION('',(-0.112508790092585,-0.974354703692447,-0.194870940738496));
#7017=DIRECTION('center_axis',(0.849207775608446,-0.196116135138193,-0.490290337845458));
#7018=DIRECTION('ref_axis',(-0.499999999999999,0.,-0.866025403784439));
#7019=DIRECTION('',(0.499999999999999,0.,0.866025403784439));
#7020=DIRECTION('',(-0.112508790092597,-0.974354703692448,0.194870940738485));
#7021=DIRECTION('center_axis',(2.74817609124332E-15,-0.19611613513818,-0.980580675690921));
#7022=DIRECTION('ref_axis',(-1.,0.,-2.80260070320777E-15));
#7023=DIRECTION('',(1.,0.,2.80260070320777E-15));
#7024=DIRECTION('',(0.112508790092597,-0.974354703692446,0.194870940738496));
#7025=DIRECTION('center_axis',(-0.849207775608447,-0.196116135138184,-0.49029033784546));
#7026=DIRECTION('ref_axis',(-0.5,0.,0.866025403784439));
#7027=DIRECTION('',(0.5,0.,-0.866025403784439));
#7028=DIRECTION('center_axis',(-2.74817609124332E-15,-0.196116135138191,
0.980580675690919));
#7029=DIRECTION('ref_axis',(1.,0.,2.80260070320777E-15));
#7030=DIRECTION('',(-1.,0.,-2.80260070320777E-15));
#7031=DIRECTION('center_axis',(-2.80260070320777E-15,0.,1.));
#7032=DIRECTION('ref_axis',(1.,0.,2.80260070320777E-15));
#7033=DIRECTION('',(0.,1.,0.));
#7034=DIRECTION('',(-1.,0.,-2.80260070320777E-15));
#7035=DIRECTION('',(0.,1.,0.));
#7036=DIRECTION('center_axis',(-0.866025403784439,0.,0.499999999999999));
#7037=DIRECTION('ref_axis',(0.499999999999999,0.,0.866025403784439));
#7038=DIRECTION('',(0.,1.,0.));
#7039=DIRECTION('',(-0.499999999999999,0.,-0.866025403784439));
#7040=DIRECTION('center_axis',(-0.866025403784438,0.,-0.500000000000001));
#7041=DIRECTION('ref_axis',(-0.500000000000001,0.,0.866025403784438));
#7042=DIRECTION('',(0.,1.,0.));
#7043=DIRECTION('',(0.500000000000001,0.,-0.866025403784438));
#7044=DIRECTION('center_axis',(-0.849207775608447,-0.196116135138184,-0.490290337845459));
#7045=DIRECTION('ref_axis',(-0.499999999999999,0.,0.866025403784439));
#7046=DIRECTION('',(0.499999999999999,0.,-0.866025403784439));
#7047=DIRECTION('',(0.2250175801852,-0.974354703692448,-1.15386776127059E-14));
#7048=DIRECTION('',(0.112508790092603,-0.974354703692447,0.194870940738485));
#7049=DIRECTION('center_axis',(-2.74817609124333E-15,-0.19611613513818,
0.980580675690921));
#7050=DIRECTION('ref_axis',(1.,0.,2.80260070320778E-15));
#7051=DIRECTION('',(-0.112508790092603,0.974354703692447,0.194870940738485));
#7052=DIRECTION('',(-1.,0.,-2.80260070320778E-15));
#7053=DIRECTION('',(-0.112508790092603,-0.974354703692447,-0.194870940738485));
#7054=DIRECTION('center_axis',(-0.849207775608447,-0.196116135138188,0.490290337845459));
#7055=DIRECTION('ref_axis',(0.499999999999999,0.,0.866025403784439));
#7056=DIRECTION('',(-0.499999999999999,0.,-0.866025403784439));
#7057=DIRECTION('center_axis',(0.849207775608447,-0.196116135138184,0.490290337845459));
#7058=DIRECTION('ref_axis',(0.499999999999999,0.,-0.866025403784439));
#7059=DIRECTION('',(-0.499999999999999,0.,0.866025403784439));
#7060=DIRECTION('',(-0.2250175801852,-0.974354703692448,0.));
#7061=DIRECTION('center_axis',(0.849207775608447,-0.196116135138184,-0.49029033784546));
#7062=DIRECTION('ref_axis',(-0.5,0.,-0.866025403784439));
#7063=DIRECTION('',(0.5,0.,0.866025403784439));
#7064=DIRECTION('',(-0.112508790092608,-0.974354703692446,0.194870940738485));
#7065=DIRECTION('center_axis',(5.44331621827277E-17,-0.19611613513818,-0.980580675690921));
#7066=DIRECTION('ref_axis',(-1.,0.,-5.55111512312578E-17));
#7067=DIRECTION('',(1.,0.,5.55111512312578E-17));
#7068=DIRECTION('center_axis',(-0.866025403784439,0.,0.5));
#7069=DIRECTION('ref_axis',(0.5,0.,0.866025403784439));
#7070=DIRECTION('',(0.,1.,0.));
#7071=DIRECTION('',(-0.5,0.,-0.866025403784439));
#7072=DIRECTION('',(0.,1.,0.));
#7073=DIRECTION('center_axis',(-0.866025403784439,0.,-0.499999999999999));
#7074=DIRECTION('ref_axis',(-0.499999999999999,0.,0.866025403784439));
#7075=DIRECTION('',(0.,1.,0.));
#7076=DIRECTION('',(0.499999999999999,0.,-0.866025403784439));
#7077=DIRECTION('center_axis',(2.80260070320778E-15,0.,-1.));
#7078=DIRECTION('ref_axis',(-1.,0.,-2.80260070320778E-15));
#7079=DIRECTION('',(0.,1.,0.));
#7080=DIRECTION('',(1.,0.,2.80260070320778E-15));
#7081=DIRECTION('center_axis',(0.,1.,0.));
#7082=DIRECTION('ref_axis',(1.,0.,5.55111512312579E-17));
#7083=DIRECTION('center_axis',(0.,-1.,0.));
#7084=DIRECTION('ref_axis',(1.,0.,5.55111512312578E-17));
#7085=DIRECTION('center_axis',(0.,-1.,0.));
#7086=DIRECTION('ref_axis',(0.86602540378444,0.,-0.499999999999998));
#7087=DIRECTION('',(0.,-1.,0.));
#7088=DIRECTION('',(0.,-1.,0.));
#7089=DIRECTION('center_axis',(0.,1.,0.));
#7090=DIRECTION('ref_axis',(-1.,0.,-5.55111512312579E-17));
#7091=DIRECTION('center_axis',(0.,-1.,0.));
#7092=DIRECTION('ref_axis',(-1.,0.,-5.55111512312578E-17));
#7093=DIRECTION('center_axis',(0.,-1.,0.));
#7094=DIRECTION('ref_axis',(-1.,0.,-5.55111512312578E-17));
#7095=DIRECTION('',(0.,-1.,0.));
#7096=DIRECTION('',(0.,-1.,0.));
#7097=DIRECTION('center_axis',(0.,1.,0.));
#7098=DIRECTION('ref_axis',(-1.,0.,-5.55111512312578E-17));
#7099=DIRECTION('center_axis',(0.,-1.,0.));
#7100=DIRECTION('ref_axis',(-1.,0.,-5.55111512312578E-17));
#7101=DIRECTION('center_axis',(0.,-1.,0.));
#7102=DIRECTION('ref_axis',(-1.,0.,-5.55111512312578E-17));
#7103=DIRECTION('',(0.,-1.,0.));
#7104=DIRECTION('',(0.,-1.,0.));
#7105=DIRECTION('center_axis',(0.,1.,0.));
#7106=DIRECTION('ref_axis',(1.,0.,5.55111512312579E-17));
#7107=DIRECTION('center_axis',(0.,-1.,0.));
#7108=DIRECTION('ref_axis',(1.,0.,5.55111512312578E-17));
#7109=DIRECTION('center_axis',(0.,-1.,0.));
#7110=DIRECTION('ref_axis',(0.866025403784438,0.,-0.5));
#7111=DIRECTION('',(0.,-1.,0.));
#7112=DIRECTION('',(0.,-1.,0.));
#7113=DIRECTION('center_axis',(0.,1.,0.));
#7114=DIRECTION('ref_axis',(-1.,0.,-5.55111512312578E-17));
#7115=DIRECTION('center_axis',(0.,-1.,0.));
#7116=DIRECTION('ref_axis',(-1.,0.,-5.55111512312578E-17));
#7117=DIRECTION('center_axis',(0.,-1.,0.));
#7118=DIRECTION('ref_axis',(-1.,0.,-5.55111512312578E-17));
#7119=DIRECTION('',(0.,-1.,0.));
#7120=DIRECTION('',(0.,-1.,0.));
#7121=DIRECTION('center_axis',(0.,1.,0.));
#7122=DIRECTION('ref_axis',(-1.,0.,-5.55111512312578E-17));
#7123=DIRECTION('center_axis',(0.,-1.,0.));
#7124=DIRECTION('ref_axis',(-1.,0.,-5.55111512312578E-17));
#7125=DIRECTION('center_axis',(0.,-1.,0.));
#7126=DIRECTION('ref_axis',(-1.,0.,-5.55111512312578E-17));
#7127=DIRECTION('',(0.,-1.,0.));
#7128=DIRECTION('',(0.,-1.,0.));
#7129=DIRECTION('center_axis',(0.,-1.,0.));
#7130=DIRECTION('ref_axis',(0.866025403784437,0.,-0.500000000000002));
#7131=DIRECTION('center_axis',(0.,-1.,0.));
#7132=DIRECTION('ref_axis',(-1.,0.,-5.55111512312578E-17));
#7133=DIRECTION('center_axis',(0.,-1.,0.));
#7134=DIRECTION('ref_axis',(-1.,0.,-5.55111512312578E-17));
#7135=DIRECTION('center_axis',(0.,-1.,0.));
#7136=DIRECTION('ref_axis',(0.866025403784418,0.,-0.500000000000035));
#7137=DIRECTION('center_axis',(0.,-1.,0.));
#7138=DIRECTION('ref_axis',(-1.,0.,-5.55111512312578E-17));
#7139=DIRECTION('center_axis',(0.,-1.,0.));
#7140=DIRECTION('ref_axis',(-1.,0.,-5.55111512312578E-17));
#7141=DIRECTION('center_axis',(3.92523114670944E-17,-0.707106781186548,
-0.707106781186547));
#7142=DIRECTION('ref_axis',(3.92523114670944E-17,0.707106781186547,-0.707106781186548));
#7143=DIRECTION('',(3.92523114670944E-17,0.707106781186547,-0.707106781186548));
#7144=DIRECTION('',(1.,0.,5.55111512312578E-17));
#7145=DIRECTION('',(3.92523114670944E-17,0.707106781186547,-0.707106781186548));
#7146=DIRECTION('',(1.,0.,5.55111512312578E-17));
#7147=DIRECTION('center_axis',(0.,-1.,0.));
#7148=DIRECTION('ref_axis',(5.55111512312579E-17,0.,-1.));
#7149=DIRECTION('',(-5.55111512312578E-17,0.,1.));
#7150=DIRECTION('',(5.55111512312578E-17,0.,-1.));
#7151=DIRECTION('',(1.,0.,5.55111512312578E-17));
#7152=DIRECTION('center_axis',(-5.55111512312578E-17,0.,1.));
#7153=DIRECTION('ref_axis',(0.,-1.,0.));
#7154=DIRECTION('',(0.,-1.,0.));
#7155=DIRECTION('',(0.,1.,0.));
#7156=DIRECTION('',(-1.,0.,-5.55111512312578E-17));
#7157=DIRECTION('center_axis',(-3.92523114670944E-17,0.707106781186547,
0.707106781186548));
#7158=DIRECTION('ref_axis',(-3.92523114670944E-17,-0.707106781186548,0.707106781186547));
#7159=DIRECTION('',(3.92523114670944E-17,0.707106781186548,-0.707106781186547));
#7160=DIRECTION('',(-3.92523114670944E-17,-0.707106781186548,0.707106781186547));
#7161=DIRECTION('',(1.,0.,5.55111512312578E-17));
#7162=DIRECTION('center_axis',(-5.55111512312578E-17,0.,1.));
#7163=DIRECTION('ref_axis',(0.,-1.,0.));
#7164=DIRECTION('',(0.,-1.,0.));
#7165=DIRECTION('',(0.,-1.,0.));
#7166=DIRECTION('center_axis',(-1.,0.,-1.55999782022981E-17));
#7167=DIRECTION('ref_axis',(1.55999782022981E-17,0.,-1.));
#7168=DIRECTION('',(0.,-1.,0.));
#7169=DIRECTION('center_axis',(1.,0.,1.29173152622233E-16));
#7170=DIRECTION('ref_axis',(-1.29173152622233E-16,0.,1.));
#7171=DIRECTION('',(0.,1.,0.));
#7172=DIRECTION('center_axis',(0.,1.,0.));
#7173=DIRECTION('ref_axis',(-1.,0.,-5.55111512312578E-17));
#7174=DIRECTION('',(0.,1.,0.));
#7175=DIRECTION('center_axis',(0.,1.,0.));
#7176=DIRECTION('ref_axis',(-1.,0.,-5.55111512312578E-17));
#7177=DIRECTION('center_axis',(0.,1.,0.));
#7178=DIRECTION('ref_axis',(-1.,0.,-5.55111512312578E-17));
#7179=DIRECTION('',(0.,1.,0.));
#7180=DIRECTION('center_axis',(0.,1.,0.));
#7181=DIRECTION('ref_axis',(-1.,0.,-5.55111512312578E-17));
#7182=DIRECTION('center_axis',(0.,-1.,0.));
#7183=DIRECTION('ref_axis',(5.55111512312579E-17,0.,-1.));
#7184=DIRECTION('',(0.00106938655625377,0.,-0.999999428206033));
#7185=DIRECTION('',(-0.865490215318211,0.,-0.500925830027198));
#7186=DIRECTION('',(-0.866559601874464,0.,0.499073598178837));
#7187=DIRECTION('',(-0.00106938655625377,0.,0.999999428206033));
#7188=DIRECTION('',(0.865490215318211,0.,0.500925830027198));
#7189=DIRECTION('',(0.866559601874464,0.,-0.499073598178837));
#7190=DIRECTION('center_axis',(-0.499073598178837,0.,-0.866559601874464));
#7191=DIRECTION('ref_axis',(0.866559601874464,0.,-0.499073598178837));
#7192=DIRECTION('',(0.866559601874464,0.,-0.499073598178837));
#7193=DIRECTION('',(0.,-1.,0.));
#7194=DIRECTION('',(0.,-1.,0.));
#7195=DIRECTION('center_axis',(0.500925830027198,0.,-0.865490215318211));
#7196=DIRECTION('ref_axis',(0.865490215318211,0.,0.500925830027198));
#7197=DIRECTION('',(0.865490215318211,0.,0.500925830027198));
#7198=DIRECTION('',(0.,-1.,0.));
#7199=DIRECTION('center_axis',(0.999999428206033,0.,0.00106938655625377));
#7200=DIRECTION('ref_axis',(-0.00106938655625377,0.,0.999999428206033));
#7201=DIRECTION('',(-0.00106938655625377,0.,0.999999428206033));
#7202=DIRECTION('',(0.,-1.,0.));
#7203=DIRECTION('center_axis',(0.,1.,0.));
#7204=DIRECTION('ref_axis',(-1.,0.,-5.55111512312579E-17));
#7205=DIRECTION('',(-0.0010693865562524,0.,0.999999428206033));
#7206=DIRECTION('',(0.865490215318208,0.,0.500925830027202));
#7207=DIRECTION('',(0.866559601874461,0.,-0.499073598178842));
#7208=DIRECTION('',(0.00106938655625102,0.,-0.999999428206033));
#7209=DIRECTION('',(-0.865490215318211,0.,-0.500925830027198));
#7210=DIRECTION('',(-0.866559601874461,0.,0.499073598178842));
#7211=DIRECTION('center_axis',(-0.500925830027198,0.,0.865490215318211));
#7212=DIRECTION('ref_axis',(-0.865490215318211,0.,-0.500925830027198));
#7213=DIRECTION('',(-0.865490215318211,0.,-0.500925830027198));
#7214=DIRECTION('',(0.,-1.,0.));
#7215=DIRECTION('',(0.,-1.,0.));
#7216=DIRECTION('center_axis',(-0.999999428206033,0.,-0.00106938655625103));
#7217=DIRECTION('ref_axis',(0.00106938655625103,0.,-0.999999428206033));
#7218=DIRECTION('',(0.00106938655625102,0.,-0.999999428206033));
#7219=DIRECTION('',(0.,-1.,0.));
#7220=DIRECTION('center_axis',(-0.499073598178842,0.,-0.866559601874461));
#7221=DIRECTION('ref_axis',(0.866559601874461,0.,-0.499073598178842));
#7222=DIRECTION('',(0.866559601874461,0.,-0.499073598178842));
#7223=DIRECTION('',(0.,-1.,0.));
#7224=DIRECTION('center_axis',(0.500925830027202,0.,-0.865490215318209));
#7225=DIRECTION('ref_axis',(0.865490215318208,0.,0.500925830027202));
#7226=DIRECTION('',(0.865490215318208,0.,0.500925830027202));
#7227=DIRECTION('',(0.,-1.,0.));
#7228=DIRECTION('center_axis',(0.999999428206033,0.,0.0010693865562524));
#7229=DIRECTION('ref_axis',(-0.0010693865562524,0.,0.999999428206033));
#7230=DIRECTION('',(-0.0010693865562524,0.,0.999999428206033));
#7231=DIRECTION('',(0.,-1.,0.));
#7232=DIRECTION('center_axis',(0.499073598178842,0.,0.866559601874461));
#7233=DIRECTION('ref_axis',(-0.866559601874461,0.,0.499073598178842));
#7234=DIRECTION('',(-0.866559601874461,0.,0.499073598178842));
#7235=DIRECTION('center_axis',(-0.980580115000806,0.196116135138185,-0.00104861979190476));
#7236=DIRECTION('ref_axis',(-0.0010693865562524,7.31836466427716E-19,0.999999428206033));
#7237=DIRECTION('',(0.194991144700047,0.974354703692445,-0.112300333396535));
#7238=DIRECTION('',(-0.194750513924876,-0.974354703692448,-0.112717118124974));
#7239=DIRECTION('center_axis',(0.491198188879104,0.196116135138189,-0.84868298014061));
#7240=DIRECTION('ref_axis',(-0.865490215318211,-2.77555756156289E-17,-0.500925830027198));
#7241=DIRECTION('',(0.194991144700039,-0.974354703692447,-0.112300333396535));
#7242=DIRECTION('',(0.000240630775184102,-0.974354703692447,-0.225017451521509));
#7243=DIRECTION('center_axis',(0.980580115000807,0.196116135138176,0.00104861979190341));
#7244=DIRECTION('ref_axis',(0.00106938655625102,-7.86046575051991E-19,-0.999999428206033));
#7245=DIRECTION('',(0.194750513924867,-0.974354703692445,0.112717118125008));
#7246=DIRECTION('center_axis',(0.489381926121706,0.196116135138196,0.849731599932512));
#7247=DIRECTION('ref_axis',(0.866559601874461,1.2490009027033E-16,-0.499073598178841));
#7248=DIRECTION('',(-0.000240630775166793,-0.974354703692443,0.225017451521525));
#7249=DIRECTION('center_axis',(-0.491198188879108,0.196116135138191,0.848682980140608));
#7250=DIRECTION('ref_axis',(0.865490215318208,1.80411241501588E-16,0.500925830027202));
#7251=DIRECTION('center_axis',(-0.489381926121708,0.196116135138177,-0.849731599932515));
#7252=DIRECTION('ref_axis',(-0.866559601874461,5.55111512312578E-17,0.499073598178842));
#7253=DIRECTION('center_axis',(0.499073598178837,0.,0.866559601874464));
#7254=DIRECTION('ref_axis',(-0.866559601874464,0.,0.499073598178837));
#7255=DIRECTION('',(-0.866559601874464,0.,0.499073598178837));
#7256=DIRECTION('',(0.,-1.,0.));
#7257=DIRECTION('center_axis',(-0.500925830027198,0.,0.865490215318211));
#7258=DIRECTION('ref_axis',(-0.865490215318211,0.,-0.500925830027198));
#7259=DIRECTION('',(-0.865490215318211,0.,-0.500925830027198));
#7260=DIRECTION('',(0.,-1.,0.));
#7261=DIRECTION('center_axis',(-0.999999428206033,0.,-0.00106938655625377));
#7262=DIRECTION('ref_axis',(0.00106938655625377,0.,-0.999999428206033));
#7263=DIRECTION('',(0.00106938655625377,0.,-0.999999428206033));
#7264=DIRECTION('center_axis',(0.980580115000806,0.196116135138185,0.0010486197919061));
#7265=DIRECTION('ref_axis',(0.00106938655625377,1.0842021724855E-19,-0.999999428206033));
#7266=DIRECTION('',(0.194750513924876,-0.974354703692445,0.112717118124999));
#7267=DIRECTION('',(-0.194991144700047,0.974354703692447,0.112300333396518));
#7268=DIRECTION('center_axis',(0.489381926121701,0.196116135138196,0.849731599932514));
#7269=DIRECTION('ref_axis',(0.866559601874464,2.77555756156289E-17,-0.499073598178837));
#7270=DIRECTION('',(-0.000240630775166793,-0.974354703692445,0.225017451521517));
#7271=DIRECTION('center_axis',(-0.491198188879104,0.196116135138199,0.848682980140608));
#7272=DIRECTION('ref_axis',(0.86549021531821,8.32667268468868E-17,0.500925830027199));
#7273=DIRECTION('',(-0.194991144700047,-0.974354703692445,0.112300333396535));
#7274=DIRECTION('center_axis',(0.491198188879105,0.19611613513818,-0.848682980140612));
#7275=DIRECTION('ref_axis',(-0.865490215318211,-1.52655665885959E-16,-0.500925830027198));
#7276=DIRECTION('',(0.000240630775162467,-0.974354703692447,-0.225017451521509));
#7277=DIRECTION('center_axis',(-0.980580115000805,0.196116135138189,-0.00104861979190609));
#7278=DIRECTION('ref_axis',(-0.00106938655625376,-1.65340831304039E-18,
0.999999428206033));
#7279=DIRECTION('',(-0.19475051392488,-0.974354703692446,-0.112717118124982));
#7280=DIRECTION('center_axis',(-0.489381926121702,0.196116135138187,-0.849731599932516));
#7281=DIRECTION('ref_axis',(-0.866559601874464,5.55111512312578E-17,0.499073598178837));
#7282=DIRECTION('center_axis',(0.,-1.,0.));
#7283=DIRECTION('ref_axis',(-1.,0.,-5.55111512312578E-17));
#7284=DIRECTION('center_axis',(0.,1.,0.));
#7285=DIRECTION('ref_axis',(-1.,0.,-5.55111512312578E-17));
#7286=DIRECTION('',(0.,-1.,0.));
#7287=DIRECTION('center_axis',(0.,1.,0.));
#7288=DIRECTION('ref_axis',(-1.,0.,-5.55111512312579E-17));
#7289=DIRECTION('',(0.0010693865562524,0.,-0.999999428206033));
#7290=DIRECTION('',(-0.86549021531821,0.,-0.500925830027199));
#7291=DIRECTION('',(-0.866559601874461,0.,0.499073598178842));
#7292=DIRECTION('',(-0.00106938655625377,0.,0.999999428206033));
#7293=DIRECTION('',(0.865490215318213,0.,0.500925830027195));
#7294=DIRECTION('',(0.866559601874463,0.,-0.499073598178837));
#7295=DIRECTION('center_axis',(0.500925830027195,0.,-0.865490215318213));
#7296=DIRECTION('ref_axis',(0.865490215318212,0.,0.500925830027195));
#7297=DIRECTION('',(0.865490215318213,0.,0.500925830027195));
#7298=DIRECTION('',(0.,-1.,0.));
#7299=DIRECTION('',(0.,-1.,0.));
#7300=DIRECTION('center_axis',(0.999999428206033,0.,0.00106938655625377));
#7301=DIRECTION('ref_axis',(-0.00106938655625377,0.,0.999999428206033));
#7302=DIRECTION('',(-0.00106938655625377,0.,0.999999428206033));
#7303=DIRECTION('',(0.,-1.,0.));
#7304=DIRECTION('center_axis',(0.499073598178842,0.,0.866559601874461));
#7305=DIRECTION('ref_axis',(-0.866559601874461,0.,0.499073598178842));
#7306=DIRECTION('',(-0.866559601874461,0.,0.499073598178842));
#7307=DIRECTION('',(0.,-1.,0.));
#7308=DIRECTION('center_axis',(-0.500925830027199,0.,0.86549021531821));
#7309=DIRECTION('ref_axis',(-0.86549021531821,0.,-0.500925830027199));
#7310=DIRECTION('',(-0.86549021531821,0.,-0.500925830027199));
#7311=DIRECTION('',(0.,-1.,0.));
#7312=DIRECTION('center_axis',(-0.999999428206033,0.,-0.0010693865562524));
#7313=DIRECTION('ref_axis',(0.0010693865562524,0.,-0.999999428206033));
#7314=DIRECTION('',(0.0010693865562524,0.,-0.999999428206033));
#7315=DIRECTION('',(0.,-1.,0.));
#7316=DIRECTION('center_axis',(-0.499073598178837,0.,-0.866559601874463));
#7317=DIRECTION('ref_axis',(0.866559601874463,0.,-0.499073598178837));
#7318=DIRECTION('',(0.866559601874463,0.,-0.499073598178837));
#7319=DIRECTION('center_axis',(-0.489381926121707,0.196116135138196,-0.849731599932511));
#7320=DIRECTION('ref_axis',(-0.86655960187446,-1.52655665885959E-16,0.499073598178843));
#7321=DIRECTION('',(0.00024063077517112,-0.974354703692443,-0.225017451521525));
#7322=DIRECTION('',(-0.194750513924872,-0.974354703692446,-0.112717118124991));
#7323=DIRECTION('center_axis',(0.980580115000805,0.196116135138189,0.00104861979190475));
#7324=DIRECTION('ref_axis',(0.00106938655625239,-9.75781955236954E-19,-0.999999428206033));
#7325=DIRECTION('',(-0.194991144700051,0.974354703692444,0.112300333396535));
#7326=DIRECTION('',(0.194750513924881,-0.974354703692447,0.112717118124973));
#7327=DIRECTION('center_axis',(0.491198188879105,0.196116135138191,-0.848682980140609));
#7328=DIRECTION('ref_axis',(-0.86549021531821,-2.77555756156289E-17,-0.500925830027199));
#7329=DIRECTION('center_axis',(0.489381926121704,0.196116135138178,0.849731599932517));
#7330=DIRECTION('ref_axis',(0.866559601874463,-6.93889390390723E-17,-0.499073598178838));
#7331=DIRECTION('',(-0.000240630775192755,-0.974354703692443,0.225017451521525));
#7332=DIRECTION('center_axis',(-0.491198188879099,0.196116135138208,0.848682980140609));
#7333=DIRECTION('ref_axis',(0.865490215318213,-8.32667268468867E-17,0.500925830027194));
#7334=DIRECTION('',(-0.194991144700038,-0.974354703692445,0.112300333396552));
#7335=DIRECTION('center_axis',(-0.980580115000807,0.196116135138181,-0.0010486197919061));
#7336=DIRECTION('ref_axis',(-0.00106938655625377,-8.13151629364128E-20,
0.999999428206033));
#7337=DIRECTION('center_axis',(-0.95492804761171,0.,-0.296837369420509));
#7338=DIRECTION('ref_axis',(-0.296837369420509,0.,0.95492804761171));
#7339=DIRECTION('',(0.,1.,0.));
#7340=DIRECTION('center_axis',(0.618059968987246,0.,-0.786130952663413));
#7341=DIRECTION('ref_axis',(-0.786130952663413,0.,-0.618059968987246));
#7342=DIRECTION('',(0.,1.,0.));
#7343=DIRECTION('',(0.,1.,0.));
#7344=DIRECTION('center_axis',(1.,0.,5.55111512312578E-17));
#7345=DIRECTION('ref_axis',(5.55111512312579E-17,0.,-1.));
#7346=DIRECTION('',(5.55111512312578E-17,-2.11471052309554E-16,-1.));
#7347=DIRECTION('',(-1.17390015657889E-32,-1.,2.11471052309554E-16));
#7348=DIRECTION('',(-5.55111512312578E-17,2.11471052309554E-16,1.));
#7349=DIRECTION('',(1.17390015657889E-32,1.,-2.11471052309554E-16));
#7350=DIRECTION('center_axis',(0.,-1.,0.));
#7351=DIRECTION('ref_axis',(-1.,0.,-5.55111512312578E-17));
#7352=DIRECTION('',(0.,-1.,0.));
#7353=DIRECTION('center_axis',(0.,-1.,0.));
#7354=DIRECTION('ref_axis',(-1.,0.,-5.55111512312578E-17));
#7355=DIRECTION('center_axis',(0.,-1.,0.));
#7356=DIRECTION('ref_axis',(-1.,0.,-5.55111512312578E-17));
#7357=DIRECTION('',(0.,-1.,0.));
#7358=DIRECTION('center_axis',(0.,-1.,0.));
#7359=DIRECTION('ref_axis',(-1.,0.,-5.55111512312578E-17));
#7360=DIRECTION('center_axis',(0.,-1.,0.));
#7361=DIRECTION('ref_axis',(1.,0.,5.55111512312579E-17));
#7362=DIRECTION('',(-0.5,0.,0.866025403784439));
#7363=DIRECTION('',(1.,0.,5.55111512312578E-17));
#7364=DIRECTION('',(0.5,0.,0.866025403784439));
#7365=DIRECTION('center_axis',(5.55111512312578E-17,0.,-1.));
#7366=DIRECTION('ref_axis',(-1.,0.,-5.55111512312579E-17));
#7367=DIRECTION('',(0.,1.,0.));
#7368=DIRECTION('center_axis',(0.,-1.,0.));
#7369=DIRECTION('ref_axis',(1.,0.,5.55111512312579E-17));
#7370=DIRECTION('',(-0.5,0.,0.866025403784439));
#7371=DIRECTION('',(1.,0.,2.80260070320777E-15));
#7372=DIRECTION('',(0.500000000000001,0.,0.866025403784438));
#7373=DIRECTION('center_axis',(2.80260070320777E-15,0.,-1.));
#7374=DIRECTION('ref_axis',(-1.,0.,-2.80260070320777E-15));
#7375=DIRECTION('',(0.,1.,0.));
#7376=DIRECTION('center_axis',(0.866025403784439,0.,0.5));
#7377=DIRECTION('ref_axis',(0.5,0.,-0.866025403784439));
#7378=DIRECTION('',(0.,1.,0.));
#7379=DIRECTION('center_axis',(0.866025403784438,0.,-0.500000000000001));
#7380=DIRECTION('ref_axis',(-0.500000000000001,0.,-0.866025403784438));
#7381=DIRECTION('center_axis',(0.866025403784439,0.,0.5));
#7382=DIRECTION('ref_axis',(0.5,0.,-0.866025403784439));
#7383=DIRECTION('',(0.,1.,0.));
#7384=DIRECTION('center_axis',(0.866025403784439,0.,-0.5));
#7385=DIRECTION('ref_axis',(-0.5,0.,-0.866025403784439));
#7386=DIRECTION('center_axis',(0.,1.,0.));
#7387=DIRECTION('ref_axis',(1.,0.,5.55111512312578E-17));
#7388=DIRECTION('center_axis',(0.,-1.,0.));
#7389=DIRECTION('ref_axis',(1.,0.,5.55111512312578E-17));
#7390=DIRECTION('',(0.,1.,0.));
#7391=DIRECTION('center_axis',(0.,-1.,0.));
#7392=DIRECTION('ref_axis',(1.,0.,5.55111512312579E-17));
#7393=DIRECTION('',(0.499999999999999,0.,0.866025403784439));
#7394=DIRECTION('',(-0.499999999999999,0.,0.866025403784439));
#7395=DIRECTION('',(-1.,0.,-5.55111512312578E-17));
#7396=DIRECTION('center_axis',(-5.55111512312578E-17,0.,1.));
#7397=DIRECTION('ref_axis',(1.,0.,5.55111512312579E-17));
#7398=DIRECTION('',(0.,1.,0.));
#7399=DIRECTION('center_axis',(0.866025403784439,0.,0.499999999999999));
#7400=DIRECTION('ref_axis',(0.499999999999999,0.,-0.866025403784439));
#7401=DIRECTION('',(0.,1.,0.));
#7402=DIRECTION('center_axis',(0.866025403784439,0.,-0.499999999999999));
#7403=DIRECTION('ref_axis',(-0.499999999999999,0.,-0.866025403784439));
#7404=DIRECTION('center_axis',(5.55111512312578E-17,-2.11471052309554E-16,
-1.));
#7405=DIRECTION('ref_axis',(-1.,0.,-5.55111512312579E-17));
#7406=DIRECTION('center_axis',(-5.55111512312578E-17,0.,1.));
#7407=DIRECTION('ref_axis',(1.11022302462516E-15,1.,6.16297582203918E-32));
#7408=DIRECTION('center_axis',(-5.55111512312578E-17,0.,1.));
#7409=DIRECTION('ref_axis',(0.,1.,0.));
#7410=DIRECTION('center_axis',(-5.55111512312578E-17,2.11471052309554E-16,
1.));
#7411=DIRECTION('ref_axis',(1.17390015657889E-32,1.,-2.11471052309554E-16));
#7412=DIRECTION('center_axis',(-5.55111512312578E-17,0.,1.));
#7413=DIRECTION('ref_axis',(0.,1.,0.));
#7414=DIRECTION('center_axis',(-5.55111512312578E-17,2.11471052309554E-16,
1.));
#7415=DIRECTION('ref_axis',(1.,0.,5.55111512312579E-17));
#7416=DIRECTION('center_axis',(-5.55111512312578E-17,0.,1.));
#7417=DIRECTION('ref_axis',(1.11022302462516E-15,1.,6.16297582203918E-32));
#7418=DIRECTION('center_axis',(-5.55111512312578E-17,2.11471052309554E-16,
1.));
#7419=DIRECTION('ref_axis',(1.17390015657889E-32,1.,-2.11471052309554E-16));
#7420=DIRECTION('center_axis',(5.55111512312578E-17,0.,-1.));
#7421=DIRECTION('ref_axis',(0.,1.,0.));
#7422=DIRECTION('center_axis',(0.,1.,0.));
#7423=DIRECTION('ref_axis',(-1.,0.,0.));
#7424=DIRECTION('center_axis',(0.,-1.,0.));
#7425=DIRECTION('ref_axis',(-1.,0.,0.));
#7426=DIRECTION('',(0.,-1.,0.));
#7427=DIRECTION('center_axis',(0.,-1.,0.));
#7428=DIRECTION('ref_axis',(-1.,0.,0.));
#7429=DIRECTION('center_axis',(0.,1.,0.));
#7430=DIRECTION('ref_axis',(-1.,0.,0.));
#7431=DIRECTION('center_axis',(0.,1.,0.));
#7432=DIRECTION('ref_axis',(-1.,0.,0.));
#7433=DIRECTION('',(0.,-1.,0.));
#7434=DIRECTION('center_axis',(0.,1.,0.));
#7435=DIRECTION('ref_axis',(-1.,0.,0.));
#7436=DIRECTION('center_axis',(0.,1.,0.));
#7437=DIRECTION('ref_axis',(-1.,0.,0.));
#7438=DIRECTION('center_axis',(0.,1.,0.));
#7439=DIRECTION('ref_axis',(-1.,0.,0.));
#7440=DIRECTION('center_axis',(0.,1.,0.));
#7441=DIRECTION('ref_axis',(-1.,0.,0.));
#7442=DIRECTION('center_axis',(0.,-1.,0.));
#7443=DIRECTION('ref_axis',(-1.,0.,0.));
#7444=DIRECTION('',(0.,-1.,0.));
#7445=DIRECTION('center_axis',(0.,-1.,0.));
#7446=DIRECTION('ref_axis',(-1.,0.,0.));
#7447=DIRECTION('center_axis',(0.,1.,0.));
#7448=DIRECTION('ref_axis',(-1.,0.,0.));
#7449=DIRECTION('center_axis',(0.,1.,0.));
#7450=DIRECTION('ref_axis',(-1.,0.,0.));
#7451=DIRECTION('',(0.,-1.,0.));
#7452=DIRECTION('center_axis',(0.,1.,0.));
#7453=DIRECTION('ref_axis',(-1.,0.,0.));
#7454=DIRECTION('center_axis',(0.,1.,0.));
#7455=DIRECTION('ref_axis',(-1.,0.,0.));
#7456=DIRECTION('center_axis',(0.,1.,0.));
#7457=DIRECTION('ref_axis',(-1.,0.,0.));
#7458=DIRECTION('center_axis',(0.,1.,0.));
#7459=DIRECTION('ref_axis',(-1.,0.,0.));
#7460=DIRECTION('center_axis',(0.,-1.,0.));
#7461=DIRECTION('ref_axis',(-1.,0.,0.));
#7462=DIRECTION('',(0.,-1.,0.));
#7463=DIRECTION('center_axis',(0.,-1.,0.));
#7464=DIRECTION('ref_axis',(-1.,0.,0.));
#7465=DIRECTION('center_axis',(0.,1.,0.));
#7466=DIRECTION('ref_axis',(-1.,0.,0.));
#7467=DIRECTION('center_axis',(0.,1.,0.));
#7468=DIRECTION('ref_axis',(-1.,0.,0.));
#7469=DIRECTION('',(0.,-1.,0.));
#7470=DIRECTION('center_axis',(0.,1.,0.));
#7471=DIRECTION('ref_axis',(-1.,0.,0.));
#7472=DIRECTION('center_axis',(0.,1.,0.));
#7473=DIRECTION('ref_axis',(-1.,0.,0.));
#7474=DIRECTION('center_axis',(0.,1.,0.));
#7475=DIRECTION('ref_axis',(-1.,0.,0.));
#7476=DIRECTION('center_axis',(0.,1.,0.));
#7477=DIRECTION('ref_axis',(-1.,0.,0.));
#7478=DIRECTION('center_axis',(0.,-1.,0.));
#7479=DIRECTION('ref_axis',(-1.,0.,0.));
#7480=DIRECTION('',(0.,-1.,0.));
#7481=DIRECTION('center_axis',(0.,-1.,0.));
#7482=DIRECTION('ref_axis',(-1.,0.,0.));
#7483=DIRECTION('center_axis',(0.,1.,0.));
#7484=DIRECTION('ref_axis',(-1.,0.,0.));
#7485=DIRECTION('center_axis',(0.,1.,0.));
#7486=DIRECTION('ref_axis',(-1.,0.,0.));
#7487=DIRECTION('',(0.,-1.,0.));
#7488=DIRECTION('center_axis',(0.,1.,0.));
#7489=DIRECTION('ref_axis',(-1.,0.,0.));
#7490=DIRECTION('center_axis',(0.,1.,0.));
#7491=DIRECTION('ref_axis',(-1.,0.,0.));
#7492=DIRECTION('center_axis',(0.,1.,0.));
#7493=DIRECTION('ref_axis',(-1.,0.,0.));
#7494=DIRECTION('center_axis',(0.,1.,0.));
#7495=DIRECTION('ref_axis',(-1.,0.,0.));
#7496=DIRECTION('center_axis',(0.,-1.,0.));
#7497=DIRECTION('ref_axis',(-1.,0.,0.));
#7498=DIRECTION('',(0.,-1.,0.));
#7499=DIRECTION('center_axis',(0.,-1.,0.));
#7500=DIRECTION('ref_axis',(-1.,0.,0.));
#7501=DIRECTION('center_axis',(0.,1.,0.));
#7502=DIRECTION('ref_axis',(-1.,0.,0.));
#7503=DIRECTION('center_axis',(0.,1.,0.));
#7504=DIRECTION('ref_axis',(-1.,0.,0.));
#7505=DIRECTION('',(0.,-1.,0.));
#7506=DIRECTION('center_axis',(0.,1.,0.));
#7507=DIRECTION('ref_axis',(-1.,0.,0.));
#7508=DIRECTION('center_axis',(0.,1.,0.));
#7509=DIRECTION('ref_axis',(-1.,0.,0.));
#7510=DIRECTION('center_axis',(0.,1.,0.));
#7511=DIRECTION('ref_axis',(-1.,0.,0.));
#7512=DIRECTION('',(-1.,9.57918872096794E-48,-1.94289029309402E-16));
#7513=DIRECTION('',(-1.94289029309402E-16,-4.93038065764029E-32,1.));
#7514=CARTESIAN_POINT('',(0.,0.,0.));
#7515=CARTESIAN_POINT('',(0.,0.,0.));
#7516=CARTESIAN_POINT('',(0.,0.,0.));
#7517=CARTESIAN_POINT('',(0.,0.,0.));
#7518=CARTESIAN_POINT('',(0.,0.,0.));
#7519=CARTESIAN_POINT('Origin',(15.,-20.,-2.5));
#7520=CARTESIAN_POINT('',(11.4,-20.,-2.5));
#7521=CARTESIAN_POINT('Origin',(15.,-20.,-2.5));
#7522=CARTESIAN_POINT('',(11.4,-20.,-2.77555756156289E-16));
#7523=CARTESIAN_POINT('',(11.4,-20.,-2.5));
#7524=CARTESIAN_POINT('Origin',(15.,-20.,0.));
#7525=CARTESIAN_POINT('Origin',(-26.2,-8.,-2.5));
#7526=CARTESIAN_POINT('',(-7.085786437627,-20.58578643763,-2.5));
#7527=CARTESIAN_POINT('',(-11.91421356237,-25.41421356237,-2.5));
#7528=CARTESIAN_POINT('',(-7.085786437627,-20.58578643763,-2.5));
#7529=CARTESIAN_POINT('',(-13.32842712475,-26.,-2.5));
#7530=CARTESIAN_POINT('Origin',(-13.32842712475,-24.,-2.5));
#7531=CARTESIAN_POINT('',(-16.82893218813,-26.,-2.5));
#7532=CARTESIAN_POINT('',(-13.32842712475,-26.,-2.5));
#7533=CARTESIAN_POINT('',(-20.36446609407,-24.53553390593,-2.5));
#7534=CARTESIAN_POINT('Origin',(-16.82893218813,-21.,-2.5));
#7535=CARTESIAN_POINT('',(-24.02132034356,-20.87867965644,-2.5));
#7536=CARTESIAN_POINT('',(-20.36446609407,-24.53553390593,-2.5));
#7537=CARTESIAN_POINT('',(-24.9,-18.75735931288,-2.5));
#7538=CARTESIAN_POINT('Origin',(-21.9,-18.75735931288,-2.5));
#7539=CARTESIAN_POINT('',(-24.9,-8.,-2.5));
#7540=CARTESIAN_POINT('',(-24.9,-18.75735931288,-2.5));
#7541=CARTESIAN_POINT('',(-27.5,-8.,-2.5));
#7542=CARTESIAN_POINT('Origin',(-26.2,-8.,-2.5));
#7543=CARTESIAN_POINT('',(-27.5,-11.01563175185,-2.5));
#7544=CARTESIAN_POINT('',(-27.5,-8.,-2.5));
#7545=CARTESIAN_POINT('',(-44.,-11.01563175185,-2.5));
#7546=CARTESIAN_POINT('',(-44.,-11.01563175185,-2.5));
#7547=CARTESIAN_POINT('',(-44.,6.,-2.5));
#7548=CARTESIAN_POINT('',(-44.,-11.01563175185,-2.5));
#7549=CARTESIAN_POINT('',(-37.86846434799,23.62816499953,-2.5));
#7550=CARTESIAN_POINT('',(-44.,6.,-2.5));
#7551=CARTESIAN_POINT('',(-30.31248997434,29.,-2.5));
#7552=CARTESIAN_POINT('Origin',(-30.31248997434,21.,-2.5));
#7553=CARTESIAN_POINT('',(30.31248997434,29.,-2.5));
#7554=CARTESIAN_POINT('',(-30.31248997434,29.,-2.5));
#7555=CARTESIAN_POINT('',(37.86846434799,23.62816499953,-2.5));
#7556=CARTESIAN_POINT('Origin',(30.31248997434,21.,-2.5));
#7557=CARTESIAN_POINT('',(44.,6.,-2.5));
#7558=CARTESIAN_POINT('',(37.86846434799,23.62816499953,-2.5));
#7559=CARTESIAN_POINT('',(44.,-11.01563175185,-2.5));
#7560=CARTESIAN_POINT('',(44.,6.,-2.5));
#7561=CARTESIAN_POINT('',(27.5,-11.01563175185,-2.5));
#7562=CARTESIAN_POINT('',(27.5,-11.01563175185,-2.5));
#7563=CARTESIAN_POINT('',(27.5,-8.,-2.5));
#7564=CARTESIAN_POINT('',(27.5,-11.01563175185,-2.5));
#7565=CARTESIAN_POINT('',(24.9,-8.,-2.5));
#7566=CARTESIAN_POINT('Origin',(26.2,-8.,-2.5));
#7567=CARTESIAN_POINT('',(24.9,-18.75735931288,-2.5));
#7568=CARTESIAN_POINT('',(24.9,-8.,-2.5));
#7569=CARTESIAN_POINT('',(24.02132034356,-20.87867965644,-2.5));
#7570=CARTESIAN_POINT('Origin',(21.9,-18.75735931288,-2.5));
#7571=CARTESIAN_POINT('',(20.36446609407,-24.53553390593,-2.5));
#7572=CARTESIAN_POINT('',(24.02132034356,-20.87867965644,-2.5));
#7573=CARTESIAN_POINT('',(16.82893218813,-26.,-2.5));
#7574=CARTESIAN_POINT('Origin',(16.82893218813,-21.,-2.5));
#7575=CARTESIAN_POINT('',(13.32842712475,-26.,-2.5));
#7576=CARTESIAN_POINT('',(16.82893218813,-26.,-2.5));
#7577=CARTESIAN_POINT('',(11.91421356237,-25.41421356237,-2.5));
#7578=CARTESIAN_POINT('Origin',(13.32842712475,-24.,-2.5));
#7579=CARTESIAN_POINT('',(7.085786437627,-20.58578643763,-2.5));
#7580=CARTESIAN_POINT('',(11.91421356237,-25.41421356237,-2.5));
#7581=CARTESIAN_POINT('',(5.671572875254,-20.,-2.5));
#7582=CARTESIAN_POINT('Origin',(5.671572875254,-22.,-2.5));
#7583=CARTESIAN_POINT('',(-5.671572875254,-20.,-2.5));
#7584=CARTESIAN_POINT('',(-5.671572875254,-20.,-2.5));
#7585=CARTESIAN_POINT('Origin',(-5.671572875254,-22.,-2.5));
#7586=CARTESIAN_POINT('',(-33.55,20.,-2.5));
#7587=CARTESIAN_POINT('Origin',(-31.,20.,-2.5));
#7588=CARTESIAN_POINT('',(28.45,20.,-2.5));
#7589=CARTESIAN_POINT('Origin',(31.,20.,-2.5));
#7590=CARTESIAN_POINT('',(-18.6,-20.,-2.5));
#7591=CARTESIAN_POINT('Origin',(-15.,-20.,-2.5));
#7592=CARTESIAN_POINT('',(9.25,14.7,-2.5));
#7593=CARTESIAN_POINT('Origin',(7.5,14.7,-2.5));
#7594=CARTESIAN_POINT('',(-5.75,14.7,-2.5));
#7595=CARTESIAN_POINT('Origin',(-7.5,14.7,-2.5));
#7596=CARTESIAN_POINT('',(-16.,-5.,-2.5));
#7597=CARTESIAN_POINT('',(-16.,7.,-2.5));
#7598=CARTESIAN_POINT('',(-16.,-5.,-2.5));
#7599=CARTESIAN_POINT('',(-13.,-8.,-2.5));
#7600=CARTESIAN_POINT('Origin',(-13.,-5.,-2.5));
#7601=CARTESIAN_POINT('',(13.,-8.,-2.5));
#7602=CARTESIAN_POINT('',(13.,-8.,-2.5));
#7603=CARTESIAN_POINT('',(16.,-5.,-2.5));
#7604=CARTESIAN_POINT('Origin',(13.,-5.,-2.5));
#7605=CARTESIAN_POINT('',(16.,7.,-2.5));
#7606=CARTESIAN_POINT('',(16.,7.,-2.5));
#7607=CARTESIAN_POINT('',(13.,10.,-2.5));
#7608=CARTESIAN_POINT('Origin',(13.,7.,-2.5));
#7609=CARTESIAN_POINT('',(-13.,10.,-2.5));
#7610=CARTESIAN_POINT('',(-13.,10.,-2.5));
#7611=CARTESIAN_POINT('Origin',(-13.,7.,-2.5));
#7612=CARTESIAN_POINT('',(-31.25,11.79899712964,-2.5));
#7613=CARTESIAN_POINT('Origin',(-30.,11.79899712964,-2.5));
#7614=CARTESIAN_POINT('',(28.75,11.79899712964,-2.5));
#7615=CARTESIAN_POINT('Origin',(30.,11.79899712964,-2.5));
#7616=CARTESIAN_POINT('',(1.4999999999999,-13.1,-2.5));
#7617=CARTESIAN_POINT('Origin',(-1.006139616067E-13,-13.1,-2.5));
#7618=CARTESIAN_POINT('Origin',(-6.5,-20.,7.5));
#7619=CARTESIAN_POINT('',(-11.91421356237,-25.41421356237,0.));
#7620=CARTESIAN_POINT('',(-7.085786437627,-20.58578643763,0.));
#7621=CARTESIAN_POINT('',(-11.91421356237,-25.41421356237,0.));
#7622=CARTESIAN_POINT('',(-11.91421356237,-25.41421356237,-2.5));
#7623=CARTESIAN_POINT('',(-7.085786437627,-20.58578643763,0.));
#7624=CARTESIAN_POINT('Origin',(-26.2,-8.,0.));
#7625=CARTESIAN_POINT('',(-13.32842712475,-26.,0.));
#7626=CARTESIAN_POINT('',(-16.82893218813,-26.,0.));
#7627=CARTESIAN_POINT('',(-13.32842712475,-26.,0.));
#7628=CARTESIAN_POINT('Origin',(-13.32842712475,-24.,0.));
#7629=CARTESIAN_POINT('',(-5.671572875254,-20.,0.));
#7630=CARTESIAN_POINT('Origin',(-5.671572875254,-22.,0.));
#7631=CARTESIAN_POINT('',(5.671572875254,-20.,0.));
#7632=CARTESIAN_POINT('',(5.671572875254,-20.,0.));
#7633=CARTESIAN_POINT('',(7.085786437627,-20.58578643763,0.));
#7634=CARTESIAN_POINT('Origin',(5.671572875254,-22.,0.));
#7635=CARTESIAN_POINT('',(11.91421356237,-25.41421356237,0.));
#7636=CARTESIAN_POINT('',(7.085786437627,-20.58578643763,0.));
#7637=CARTESIAN_POINT('',(13.32842712475,-26.,0.));
#7638=CARTESIAN_POINT('Origin',(13.32842712475,-24.,0.));
#7639=CARTESIAN_POINT('',(16.82893218813,-26.,0.));
#7640=CARTESIAN_POINT('',(16.82893218813,-26.,0.));
#7641=CARTESIAN_POINT('',(20.36446609407,-24.53553390593,0.));
#7642=CARTESIAN_POINT('Origin',(16.82893218813,-21.,0.));
#7643=CARTESIAN_POINT('',(24.02132034356,-20.87867965644,0.));
#7644=CARTESIAN_POINT('',(20.36446609407,-24.53553390593,0.));
#7645=CARTESIAN_POINT('',(24.9,-18.75735931288,0.));
#7646=CARTESIAN_POINT('Origin',(21.9,-18.75735931288,0.));
#7647=CARTESIAN_POINT('',(24.9,-8.,0.));
#7648=CARTESIAN_POINT('',(24.9,-8.,0.));
#7649=CARTESIAN_POINT('',(27.5,-8.,0.));
#7650=CARTESIAN_POINT('Origin',(26.2,-8.,0.));
#7651=CARTESIAN_POINT('',(27.5,-11.01563175185,0.));
#7652=CARTESIAN_POINT('',(27.5,-11.01563175185,0.));
#7653=CARTESIAN_POINT('',(44.,-11.01563175185,0.));
#7654=CARTESIAN_POINT('',(44.,-11.01563175185,0.));
#7655=CARTESIAN_POINT('',(44.,6.,0.));
#7656=CARTESIAN_POINT('',(44.,6.,0.));
#7657=CARTESIAN_POINT('',(37.86846434799,23.62816499953,0.));
#7658=CARTESIAN_POINT('',(44.,6.,0.));
#7659=CARTESIAN_POINT('',(30.31248997434,29.,0.));
#7660=CARTESIAN_POINT('Origin',(30.31248997434,21.,0.));
#7661=CARTESIAN_POINT('',(-30.31248997434,29.,0.));
#7662=CARTESIAN_POINT('',(-30.31248997434,29.,0.));
#7663=CARTESIAN_POINT('',(-37.86846434799,23.62816499953,0.));
#7664=CARTESIAN_POINT('Origin',(-30.31248997434,21.,0.));
#7665=CARTESIAN_POINT('',(-44.,6.,0.));
#7666=CARTESIAN_POINT('',(-37.86846434799,23.62816499953,0.));
#7667=CARTESIAN_POINT('',(-44.,-11.01563175185,0.));
#7668=CARTESIAN_POINT('',(-44.,-11.01563175185,0.));
#7669=CARTESIAN_POINT('',(-27.5,-11.01563175185,0.));
#7670=CARTESIAN_POINT('',(-27.5,-11.01563175185,0.));
#7671=CARTESIAN_POINT('',(-27.5,-8.,0.));
#7672=CARTESIAN_POINT('',(-27.5,-8.,0.));
#7673=CARTESIAN_POINT('',(-24.9,-8.,0.));
#7674=CARTESIAN_POINT('Origin',(-26.2,-8.,0.));
#7675=CARTESIAN_POINT('',(-24.9,-18.75735931288,0.));
#7676=CARTESIAN_POINT('',(-24.9,-18.75735931288,0.));
#7677=CARTESIAN_POINT('',(-24.02132034356,-20.87867965644,0.));
#7678=CARTESIAN_POINT('Origin',(-21.9,-18.75735931288,0.));
#7679=CARTESIAN_POINT('',(-20.36446609407,-24.53553390593,0.));
#7680=CARTESIAN_POINT('',(-24.02132034356,-20.87867965644,0.));
#7681=CARTESIAN_POINT('Origin',(-16.82893218813,-21.,0.));
#7682=CARTESIAN_POINT('',(2.5999999999999,-13.1,0.));
#7683=CARTESIAN_POINT('Origin',(-1.006139616067E-13,-13.1,0.));
#7684=CARTESIAN_POINT('',(28.75,11.79899712964,0.));
#7685=CARTESIAN_POINT('Origin',(30.,11.79899712964,0.));
#7686=CARTESIAN_POINT('',(-31.25,11.79899712964,0.));
#7687=CARTESIAN_POINT('Origin',(-30.,11.79899712964,0.));
#7688=CARTESIAN_POINT('',(16.,7.,0.));
#7689=CARTESIAN_POINT('',(16.,-5.,0.));
#7690=CARTESIAN_POINT('',(16.,7.,0.));
#7691=CARTESIAN_POINT('',(13.,-8.,0.));
#7692=CARTESIAN_POINT('Origin',(13.,-5.,0.));
#7693=CARTESIAN_POINT('',(-13.,-8.,0.));
#7694=CARTESIAN_POINT('',(13.,-8.,0.));
#7695=CARTESIAN_POINT('',(-16.,-5.,0.));
#7696=CARTESIAN_POINT('Origin',(-13.,-5.,0.));
#7697=CARTESIAN_POINT('',(-16.,7.,0.));
#7698=CARTESIAN_POINT('',(-16.,-5.,0.));
#7699=CARTESIAN_POINT('',(-13.,10.,0.));
#7700=CARTESIAN_POINT('Origin',(-13.,7.,0.));
#7701=CARTESIAN_POINT('',(13.,10.,0.));
#7702=CARTESIAN_POINT('',(-13.,10.,0.));
#7703=CARTESIAN_POINT('Origin',(13.,7.,0.));
#7704=CARTESIAN_POINT('',(-4.85,14.7,0.));
#7705=CARTESIAN_POINT('Origin',(-7.5,14.7,0.));
#7706=CARTESIAN_POINT('',(10.15,14.7,0.));
#7707=CARTESIAN_POINT('Origin',(7.5,14.7,0.));
#7708=CARTESIAN_POINT('',(-18.6,-20.,-2.77555756156289E-16));
#7709=CARTESIAN_POINT('Origin',(-15.,-20.,0.));
#7710=CARTESIAN_POINT('',(28.45,20.,0.));
#7711=CARTESIAN_POINT('Origin',(31.,20.,0.));
#7712=CARTESIAN_POINT('',(-33.55,20.,0.));
#7713=CARTESIAN_POINT('Origin',(-31.,20.,0.));
#7714=CARTESIAN_POINT('Origin',(-24.9,-26.,-2.5));
#7715=CARTESIAN_POINT('',(-13.32842712475,-26.,0.));
#7716=CARTESIAN_POINT('',(-16.82893218813,-26.,-2.5));
#7717=CARTESIAN_POINT('Origin',(-16.82893218813,-21.,-2.5));
#7718=CARTESIAN_POINT('',(-20.36446609407,-24.53553390593,0.));
#7719=CARTESIAN_POINT('Origin',(-24.9,-20.,-2.5));
#7720=CARTESIAN_POINT('',(-24.02132034356,-20.87867965644,-2.5));
#7721=CARTESIAN_POINT('Origin',(-21.9,-18.75735931288,-2.5));
#7722=CARTESIAN_POINT('',(-24.9,-18.75735931288,0.));
#7723=CARTESIAN_POINT('Origin',(-24.9,-8.,-2.5));
#7724=CARTESIAN_POINT('',(-24.9,-8.,-2.5));
#7725=CARTESIAN_POINT('Origin',(-26.2,-8.,-2.5));
#7726=CARTESIAN_POINT('',(-27.5,-8.,0.));
#7727=CARTESIAN_POINT('Origin',(-27.5,-14.,-2.5));
#7728=CARTESIAN_POINT('',(-27.5,-11.01563175185,0.));
#7729=CARTESIAN_POINT('Origin',(-27.5,-11.01563175185,-3.));
#7730=CARTESIAN_POINT('',(-27.5,-14.01380423291,-2.895301509892));
#7731=CARTESIAN_POINT('',(-27.5,-11.51532716536,-2.982550251649));
#7732=CARTESIAN_POINT('',(-27.5,-14.01380423291,-2.895301509892));
#7733=CARTESIAN_POINT('Origin',(-27.5,-11.01563175185,-3.));
#7734=CARTESIAN_POINT('Origin',(-27.5,-11.01563175185,-3.));
#7735=CARTESIAN_POINT('Origin',(-27.5,-14.71244603878,-22.90178521686));
#7736=CARTESIAN_POINT('',(-27.5,-14.64264704537,-20.90300356282));
#7737=CARTESIAN_POINT('',(-27.5,-14.01380423291,-2.895301509892));
#7738=CARTESIAN_POINT('',(-27.5,-12.14416997783,-20.99025230458));
#7739=CARTESIAN_POINT('',(-27.5,-14.64264704537,-20.90300356282));
#7740=CARTESIAN_POINT('',(-27.5,-12.14416997783,-20.99025230458));
#7741=CARTESIAN_POINT('Origin',(0.,-13.89270596644,0.57249912079));
#7742=CARTESIAN_POINT('',(-44.,-14.04935560143,-3.913359503495));
#7743=CARTESIAN_POINT('',(-39.39237194775,-14.66041042149,-21.4116801005));
#7744=CARTESIAN_POINT('',(-44.,-14.04935560143,-3.913359503495));
#7745=CARTESIAN_POINT('',(-37.45822287322,-14.71244603878,-22.90178521686));
#7746=CARTESIAN_POINT('Origin',(-37.45822287322,-14.64264704537,-20.90300356282));
#7747=CARTESIAN_POINT('',(-34.,-14.71244603878,-22.90178521686));
#7748=CARTESIAN_POINT('',(-37.45822287322,-14.71244603878,-22.90178521686));
#7749=CARTESIAN_POINT('',(-33.,-14.67754654208,-21.90239438984));
#7750=CARTESIAN_POINT('',(-34.,-14.71244603878,-22.90178521686));
#7751=CARTESIAN_POINT('',(-33.,-14.35821614725,-12.75796832261));
#7752=CARTESIAN_POINT('',(-33.,-14.35821614725,-12.75796832261));
#7753=CARTESIAN_POINT('',(-31.,-14.35821614725,-12.75796832261));
#7754=CARTESIAN_POINT('',(-33.,-14.35821614725,-12.75796832261));
#7755=CARTESIAN_POINT('',(-31.,-14.67754654208,-21.90239438984));
#7756=CARTESIAN_POINT('',(-31.,-14.67754654208,-21.90239438984));
#7757=CARTESIAN_POINT('',(-30.,-14.71244603878,-22.90178521686));
#7758=CARTESIAN_POINT('',(-31.,-14.67754654208,-21.90239438984));
#7759=CARTESIAN_POINT('',(-29.5,-14.71244603878,-22.90178521686));
#7760=CARTESIAN_POINT('',(-30.,-14.71244603878,-22.90178521686));
#7761=CARTESIAN_POINT('Origin',(-29.5,-14.64264704537,-20.90300356282));
#7762=CARTESIAN_POINT('',(-44.,-14.01380423291,-2.895301509892));
#7763=CARTESIAN_POINT('',(-44.,-14.01380423291,-2.895301509892));
#7764=CARTESIAN_POINT('',(-44.,-14.04935560143,-3.913359503495));
#7765=CARTESIAN_POINT('Origin',(-44.,29.61392651911,-5.43811491368));
#7766=CARTESIAN_POINT('',(-39.39237194775,-12.16193335394,-21.49892884225));
#7767=CARTESIAN_POINT('',(-44.,-11.55087853388,-4.000608245252));
#7768=CARTESIAN_POINT('',(-39.39237194775,-12.16193335394,-21.49892884225));
#7769=CARTESIAN_POINT('',(-39.39237194775,-12.16193335394,-21.49892884225));
#7770=CARTESIAN_POINT('',(-44.,-14.04935560143,-3.913359503495));
#7771=CARTESIAN_POINT('Origin',(0.,-11.39422889889,0.4852503790337));
#7772=CARTESIAN_POINT('',(-37.45822287322,-12.21396897123,-22.98903395861));
#7773=CARTESIAN_POINT('',(-34.,-12.21396897123,-22.98903395861));
#7774=CARTESIAN_POINT('',(-37.45822287322,-12.21396897123,-22.98903395861));
#7775=CARTESIAN_POINT('Origin',(-37.45822287322,-12.14416997783,-20.99025230458));
#7776=CARTESIAN_POINT('',(-44.,-11.51532716536,-2.982550251649));
#7777=CARTESIAN_POINT('',(-44.,-11.51532716536,-2.982550251649));
#7778=CARTESIAN_POINT('',(-27.5,-11.51532716536,-2.982550251649));
#7779=CARTESIAN_POINT('',(-29.5,-12.21396897123,-22.98903395861));
#7780=CARTESIAN_POINT('Origin',(-29.5,-12.14416997783,-20.99025230458));
#7781=CARTESIAN_POINT('',(-30.,-12.21396897123,-22.98903395861));
#7782=CARTESIAN_POINT('',(-30.,-12.21396897123,-22.98903395861));
#7783=CARTESIAN_POINT('',(-31.,-12.17906947453,-21.9896431316));
#7784=CARTESIAN_POINT('',(-30.,-12.21396897123,-22.98903395861));
#7785=CARTESIAN_POINT('',(-31.,-11.8597390797,-12.84521706437));
#7786=CARTESIAN_POINT('',(-31.,-11.8597390797,-12.84521706437));
#7787=CARTESIAN_POINT('',(-33.,-11.8597390797,-12.84521706437));
#7788=CARTESIAN_POINT('',(-31.,-11.8597390797,-12.84521706437));
#7789=CARTESIAN_POINT('',(-33.,-12.17906947453,-21.9896431316));
#7790=CARTESIAN_POINT('',(-33.,-12.17906947453,-21.9896431316));
#7791=CARTESIAN_POINT('',(-33.,-12.17906947453,-21.9896431316));
#7792=CARTESIAN_POINT('Origin',(-44.,-14.71244603878,-22.90178521686));
#7793=CARTESIAN_POINT('',(-37.45822287322,-12.21396897123,-22.98903395861));
#7794=CARTESIAN_POINT('',(-34.,-14.71244603878,-22.90178521686));
#7795=CARTESIAN_POINT('Origin',(-33.,-26.75012643581,-21.4808106102));
#7796=CARTESIAN_POINT('',(-33.,-14.67754654208,-21.90239438984));
#7797=CARTESIAN_POINT('Origin',(-33.,-27.19504996247,-34.22175341105));
#7798=CARTESIAN_POINT('',(-33.,-11.8597390797,-12.84521706437));
#7799=CARTESIAN_POINT('Origin',(-33.,-26.43079604099,-12.33638454297));
#7800=CARTESIAN_POINT('',(-31.,-14.35821614725,-12.75796832261));
#7801=CARTESIAN_POINT('Origin',(-31.,-27.19504996247,-34.22175341105));
#7802=CARTESIAN_POINT('',(-31.,-12.17906947453,-21.9896431316));
#7803=CARTESIAN_POINT('Origin',(-31.,-26.75012643581,-21.4808106102));
#7804=CARTESIAN_POINT('',(-30.,-12.21396897123,-22.98903395861));
#7805=CARTESIAN_POINT('Origin',(-44.,-14.71244603878,-22.90178521686));
#7806=CARTESIAN_POINT('',(-29.5,-14.71244603878,-22.90178521686));
#7807=CARTESIAN_POINT('Origin',(-29.5,-14.64264704537,-20.90300356282));
#7808=CARTESIAN_POINT('Origin',(-37.45822287322,29.02063507516,-22.427758973));
#7809=CARTESIAN_POINT('Origin',(-44.,-11.01563175185,-3.));
#7810=CARTESIAN_POINT('Origin',(-44.,-11.01563175185,-3.));
#7811=CARTESIAN_POINT('Origin',(-44.,-11.01563175185,-3.));
#7812=CARTESIAN_POINT('',(-44.,-14.01380423291,-2.895301509892));
#7813=CARTESIAN_POINT('Origin',(-44.,-11.01563175185,-3.));
#7814=CARTESIAN_POINT('',(-44.,-11.01563175185,0.));
#7815=CARTESIAN_POINT('Origin',(-44.,6.,-2.5));
#7816=CARTESIAN_POINT('',(-44.,6.,0.));
#7817=CARTESIAN_POINT('Origin',(-36.,29.,-2.5));
#7818=CARTESIAN_POINT('',(-37.86846434799,23.62816499953,-2.5));
#7819=CARTESIAN_POINT('Origin',(-30.31248997434,21.,-2.5));
#7820=CARTESIAN_POINT('',(-30.31248997434,29.,0.));
#7821=CARTESIAN_POINT('Origin',(36.,29.,-2.5));
#7822=CARTESIAN_POINT('',(30.31248997434,29.,-2.5));
#7823=CARTESIAN_POINT('Origin',(30.31248997434,21.,-2.5));
#7824=CARTESIAN_POINT('',(37.86846434799,23.62816499953,0.));
#7825=CARTESIAN_POINT('Origin',(44.,6.,-2.5));
#7826=CARTESIAN_POINT('',(44.,6.,0.));
#7827=CARTESIAN_POINT('Origin',(44.,-14.,-2.5));
#7828=CARTESIAN_POINT('',(44.,-11.01563175185,0.));
#7829=CARTESIAN_POINT('Origin',(44.,-11.01563175185,-3.));
#7830=CARTESIAN_POINT('',(44.,-14.01380423291,-2.895301509892));
#7831=CARTESIAN_POINT('',(44.,-11.51532716536,-2.982550251649));
#7832=CARTESIAN_POINT('',(44.,-14.01380423291,-2.895301509892));
#7833=CARTESIAN_POINT('Origin',(44.,-11.01563175185,-3.));
#7834=CARTESIAN_POINT('Origin',(44.,-11.01563175185,-3.));
#7835=CARTESIAN_POINT('Origin',(44.,-13.9969532068,-2.412751258244));
#7836=CARTESIAN_POINT('',(44.,-14.04935560143,-3.913359503495));
#7837=CARTESIAN_POINT('',(44.,-14.01380423291,-2.895301509892));
#7838=CARTESIAN_POINT('',(44.,-11.55087853388,-4.000608245252));
#7839=CARTESIAN_POINT('',(44.,-14.04935560143,-3.913359503495));
#7840=CARTESIAN_POINT('',(44.,-11.55087853388,-4.000608245252));
#7841=CARTESIAN_POINT('Origin',(0.,-13.89270596644,0.57249912079));
#7842=CARTESIAN_POINT('',(34.5,-14.71244603878,-22.90178521686));
#7843=CARTESIAN_POINT('',(37.45822287322,-14.71244603878,-22.90178521686));
#7844=CARTESIAN_POINT('',(34.5,-14.71244603878,-22.90178521686));
#7845=CARTESIAN_POINT('',(39.39237194775,-14.66041042149,-21.4116801005));
#7846=CARTESIAN_POINT('Origin',(37.45822287322,-14.64264704537,-20.90300356282));
#7847=CARTESIAN_POINT('',(44.,-14.04935560143,-3.913359503495));
#7848=CARTESIAN_POINT('',(27.5,-14.01380423291,-2.895301509892));
#7849=CARTESIAN_POINT('',(27.5,-14.01380423291,-2.895301509892));
#7850=CARTESIAN_POINT('',(27.5,-14.64264704537,-20.90300356282));
#7851=CARTESIAN_POINT('',(27.5,-14.64264704537,-20.90300356282));
#7852=CARTESIAN_POINT('',(29.5,-14.71244603878,-22.90178521686));
#7853=CARTESIAN_POINT('Origin',(29.5,-14.64264704537,-20.90300356282));
#7854=CARTESIAN_POINT('',(30.5,-14.71244603878,-22.90178521686));
#7855=CARTESIAN_POINT('',(29.5,-14.71244603878,-22.90178521686));
#7856=CARTESIAN_POINT('',(31.5,-14.67754654208,-21.90239438984));
#7857=CARTESIAN_POINT('',(30.5,-14.71244603878,-22.90178521686));
#7858=CARTESIAN_POINT('',(31.5,-14.35821614725,-12.75796832261));
#7859=CARTESIAN_POINT('',(31.5,-14.35821614725,-12.75796832261));
#7860=CARTESIAN_POINT('',(33.5,-14.35821614725,-12.75796832261));
#7861=CARTESIAN_POINT('',(33.5,-14.35821614725,-12.75796832261));
#7862=CARTESIAN_POINT('',(33.5,-14.67754654208,-21.90239438984));
#7863=CARTESIAN_POINT('',(33.5,-14.67754654208,-21.90239438984));
#7864=CARTESIAN_POINT('',(33.5,-14.67754654208,-21.90239438984));
#7865=CARTESIAN_POINT('Origin',(44.,-14.71244603878,-22.90178521686));
#7866=CARTESIAN_POINT('',(34.5,-12.21396897123,-22.98903395861));
#7867=CARTESIAN_POINT('',(37.45822287322,-12.21396897123,-22.98903395861));
#7868=CARTESIAN_POINT('',(34.5,-12.21396897123,-22.98903395861));
#7869=CARTESIAN_POINT('',(37.45822287322,-14.71244603878,-22.90178521686));
#7870=CARTESIAN_POINT('',(34.5,-12.21396897123,-22.98903395861));
#7871=CARTESIAN_POINT('Origin',(0.,-11.39422889889,0.4852503790337));
#7872=CARTESIAN_POINT('',(39.39237194775,-12.16193335394,-21.49892884225));
#7873=CARTESIAN_POINT('',(44.,-11.55087853388,-4.000608245252));
#7874=CARTESIAN_POINT('Origin',(37.45822287322,-12.14416997783,-20.99025230458));
#7875=CARTESIAN_POINT('',(33.5,-12.17906947453,-21.9896431316));
#7876=CARTESIAN_POINT('',(34.5,-12.21396897123,-22.98903395861));
#7877=CARTESIAN_POINT('',(33.5,-11.8597390797,-12.84521706437));
#7878=CARTESIAN_POINT('',(33.5,-11.8597390797,-12.84521706437));
#7879=CARTESIAN_POINT('',(31.5,-11.8597390797,-12.84521706437));
#7880=CARTESIAN_POINT('',(33.5,-11.8597390797,-12.84521706437));
#7881=CARTESIAN_POINT('',(31.5,-12.17906947453,-21.9896431316));
#7882=CARTESIAN_POINT('',(31.5,-12.17906947453,-21.9896431316));
#7883=CARTESIAN_POINT('',(30.5,-12.21396897123,-22.98903395861));
#7884=CARTESIAN_POINT('',(31.5,-12.17906947453,-21.9896431316));
#7885=CARTESIAN_POINT('',(29.5,-12.21396897123,-22.98903395861));
#7886=CARTESIAN_POINT('',(29.5,-12.21396897123,-22.98903395861));
#7887=CARTESIAN_POINT('',(27.5,-12.14416997783,-20.99025230458));
#7888=CARTESIAN_POINT('Origin',(29.5,-12.14416997783,-20.99025230458));
#7889=CARTESIAN_POINT('',(27.5,-11.51532716536,-2.982550251649));
#7890=CARTESIAN_POINT('',(27.5,-11.51532716536,-2.982550251649));
#7891=CARTESIAN_POINT('',(44.,-11.51532716536,-2.982550251649));
#7892=CARTESIAN_POINT('Origin',(44.,29.61392651911,-5.43811491368));
#7893=CARTESIAN_POINT('',(39.39237194775,-14.66041042149,-21.4116801005));
#7894=CARTESIAN_POINT('Origin',(37.45822287322,-14.64264704537,-20.90300356282));
#7895=CARTESIAN_POINT('Origin',(27.5,-11.01563175185,-3.));
#7896=CARTESIAN_POINT('Origin',(27.5,-11.01563175185,-3.));
#7897=CARTESIAN_POINT('Origin',(27.5,-11.01563175185,-3.));
#7898=CARTESIAN_POINT('',(27.5,-14.01380423291,-2.895301509892));
#7899=CARTESIAN_POINT('Origin',(27.5,-11.01563175185,-3.));
#7900=CARTESIAN_POINT('',(27.5,-11.01563175185,0.));
#7901=CARTESIAN_POINT('Origin',(27.5,-8.,-2.5));
#7902=CARTESIAN_POINT('',(27.5,-8.,-2.5));
#7903=CARTESIAN_POINT('Origin',(26.2,-8.,-2.5));
#7904=CARTESIAN_POINT('',(24.9,-8.,0.));
#7905=CARTESIAN_POINT('Origin',(24.9,-26.,-2.5));
#7906=CARTESIAN_POINT('',(24.9,-18.75735931288,-2.5));
#7907=CARTESIAN_POINT('Origin',(21.9,-18.75735931288,-2.5));
#7908=CARTESIAN_POINT('',(24.02132034356,-20.87867965644,0.));
#7909=CARTESIAN_POINT('Origin',(18.9,-26.,-2.5));
#7910=CARTESIAN_POINT('',(20.36446609407,-24.53553390593,-2.5));
#7911=CARTESIAN_POINT('Origin',(16.82893218813,-21.,-2.5));
#7912=CARTESIAN_POINT('',(16.82893218813,-26.,0.));
#7913=CARTESIAN_POINT('Origin',(-24.9,-26.,-2.5));
#7914=CARTESIAN_POINT('',(13.32842712475,-26.,-2.5));
#7915=CARTESIAN_POINT('Origin',(13.32842712475,-24.,-2.5));
#7916=CARTESIAN_POINT('',(11.91421356237,-25.41421356237,0.));
#7917=CARTESIAN_POINT('Origin',(12.5,-26.,7.5));
#7918=CARTESIAN_POINT('',(7.085786437627,-20.58578643763,-2.5));
#7919=CARTESIAN_POINT('Origin',(5.671572875254,-22.,7.5));
#7920=CARTESIAN_POINT('',(5.671572875254,-20.,0.));
#7921=CARTESIAN_POINT('Origin',(6.5,-20.,7.5));
#7922=CARTESIAN_POINT('',(-5.671572875254,-20.,-2.5));
#7923=CARTESIAN_POINT('Origin',(-5.671572875254,-22.,7.5));
#7924=CARTESIAN_POINT('Origin',(27.5,-11.01563175185,-3.));
#7925=CARTESIAN_POINT('Origin',(27.5,-14.71244603878,-22.90178521686));
#7926=CARTESIAN_POINT('',(27.5,-12.14416997783,-20.99025230458));
#7927=CARTESIAN_POINT('Origin',(29.5,-14.64264704537,-20.90300356282));
#7928=CARTESIAN_POINT('',(29.5,-12.21396897123,-22.98903395861));
#7929=CARTESIAN_POINT('Origin',(44.,-14.71244603878,-22.90178521686));
#7930=CARTESIAN_POINT('',(30.5,-14.71244603878,-22.90178521686));
#7931=CARTESIAN_POINT('Origin',(31.5,-26.75012643581,-21.4808106102));
#7932=CARTESIAN_POINT('',(31.5,-14.67754654208,-21.90239438984));
#7933=CARTESIAN_POINT('Origin',(31.5,-27.19504996247,-34.22175341105));
#7934=CARTESIAN_POINT('',(31.5,-11.8597390797,-12.84521706437));
#7935=CARTESIAN_POINT('Origin',(31.5,-26.43079604099,-12.33638454297));
#7936=CARTESIAN_POINT('',(33.5,-14.35821614725,-12.75796832261));
#7937=CARTESIAN_POINT('Origin',(33.5,-27.19504996247,-34.22175341105));
#7938=CARTESIAN_POINT('',(33.5,-12.17906947453,-21.9896431316));
#7939=CARTESIAN_POINT('Origin',(33.5,-26.75012643581,-21.4808106102));
#7940=CARTESIAN_POINT('Origin',(-44.,-11.01563175185,-3.));
#7941=CARTESIAN_POINT('Origin',(-44.,-13.9969532068,-2.412751258244));
#7942=CARTESIAN_POINT('Origin',(-13.32842712475,-24.,-2.5));
#7943=CARTESIAN_POINT('Origin',(-1.006139616067E-13,-13.1,7.5));
#7944=CARTESIAN_POINT('',(2.5999999999999,-13.1,7.5));
#7945=CARTESIAN_POINT('',(2.5999999999999,-13.1,7.5));
#7946=CARTESIAN_POINT('Origin',(-1.006139616067E-13,-13.1,7.5));
#7947=CARTESIAN_POINT('Origin',(-1.006139616067E-13,-13.1,7.5));
#7948=CARTESIAN_POINT('',(1.4999999999999,-13.1,7.5));
#7949=CARTESIAN_POINT('Origin',(-1.006139616067E-13,-13.1,7.5));
#7950=CARTESIAN_POINT('Origin',(-1.006139616067E-13,-13.1,7.5));
#7951=CARTESIAN_POINT('',(1.4999999999999,-13.1,7.5));
#7952=CARTESIAN_POINT('Origin',(30.,11.79899712964,-22.98903395861));
#7953=CARTESIAN_POINT('',(28.75,11.79899712964,-22.98903395861));
#7954=CARTESIAN_POINT('Origin',(-30.,11.79899712964,-22.98903395861));
#7955=CARTESIAN_POINT('',(-31.25,11.79899712964,-22.98903395861));
#7956=CARTESIAN_POINT('Origin',(16.,-8.,-22.98903395861));
#7957=CARTESIAN_POINT('',(16.,-5.,0.));
#7958=CARTESIAN_POINT('',(16.,7.,-2.5));
#7959=CARTESIAN_POINT('Origin',(13.,7.,-22.98903395861));
#7960=CARTESIAN_POINT('',(13.,10.,0.));
#7961=CARTESIAN_POINT('Origin',(-16.,10.,-22.98903395861));
#7962=CARTESIAN_POINT('',(-13.,10.,-2.5));
#7963=CARTESIAN_POINT('Origin',(-13.,7.,-22.98903395861));
#7964=CARTESIAN_POINT('',(-16.,7.,0.));
#7965=CARTESIAN_POINT('Origin',(-16.,-8.,-22.98903395861));
#7966=CARTESIAN_POINT('',(-16.,-5.,-2.5));
#7967=CARTESIAN_POINT('Origin',(-13.,-5.,-22.98903395861));
#7968=CARTESIAN_POINT('',(-13.,-8.,0.));
#7969=CARTESIAN_POINT('Origin',(-16.,-8.,-22.98903395861));
#7970=CARTESIAN_POINT('',(13.,-8.,-2.5));
#7971=CARTESIAN_POINT('Origin',(13.,-5.,-22.98903395861));
#7972=CARTESIAN_POINT('Origin',(-7.5,14.7,7.5));
#7973=CARTESIAN_POINT('',(-4.85,14.7,7.5));
#7974=CARTESIAN_POINT('',(-4.85,14.7,7.5));
#7975=CARTESIAN_POINT('Origin',(-7.5,14.7,7.5));
#7976=CARTESIAN_POINT('Origin',(-7.5,14.7,7.5));
#7977=CARTESIAN_POINT('',(-5.75,14.7,7.5));
#7978=CARTESIAN_POINT('Origin',(-7.5,14.7,7.5));
#7979=CARTESIAN_POINT('Origin',(-7.5,14.7,7.5));
#7980=CARTESIAN_POINT('',(-5.75,14.7,7.5));
#7981=CARTESIAN_POINT('Origin',(7.5,14.7,7.5));
#7982=CARTESIAN_POINT('',(10.15,14.7,7.5));
#7983=CARTESIAN_POINT('',(10.15,14.7,7.5));
#7984=CARTESIAN_POINT('Origin',(7.5,14.7,7.5));
#7985=CARTESIAN_POINT('Origin',(7.5,14.7,7.5));
#7986=CARTESIAN_POINT('',(9.25,14.7,7.5));
#7987=CARTESIAN_POINT('Origin',(7.5,14.7,7.5));
#7988=CARTESIAN_POINT('Origin',(7.5,14.7,7.5));
#7989=CARTESIAN_POINT('',(9.25,14.7,7.5));
#7990=CARTESIAN_POINT('Origin',(-15.,-20.,-2.5));
#7991=CARTESIAN_POINT('',(-18.6,-20.,-2.5));
#7992=CARTESIAN_POINT('Origin',(31.,20.,-2.5));
#7993=CARTESIAN_POINT('',(28.45,20.,-2.5));
#7994=CARTESIAN_POINT('Origin',(-31.,20.,-2.5));
#7995=CARTESIAN_POINT('',(-33.55,20.,-2.5));
#7996=CARTESIAN_POINT('',(0.365301720489146,-5.83010052646614,88.));
#7997=CARTESIAN_POINT('',(128.661018613,14.0124007890303,84.52500507358));
#7998=CARTESIAN_POINT('',(701.9339802623,-67.08559235181,30.5884755543101));
#7999=CARTESIAN_POINT('Origin',(104.687830205108,-246.110597485827,258.915277654504));
#8000=CARTESIAN_POINT('',(110.937830205108,-247.610597485827,257.415277654504));
#8001=CARTESIAN_POINT('',(110.937830205108,-244.610597485827,260.415277654504));
#8002=CARTESIAN_POINT('',(110.937830205108,-246.110597485827,258.915277654504));
#8003=CARTESIAN_POINT('',(85.9378302051079,-244.610597485827,260.415277654504));
#8004=CARTESIAN_POINT('',(104.687830205108,-244.610597485827,260.415277654504));
#8005=CARTESIAN_POINT('',(85.9378302051081,-247.610597485827,257.415277654504));
#8006=CARTESIAN_POINT('',(85.9378302051079,-236.01390964934,269.011965490991));
#8007=CARTESIAN_POINT('',(85.9378302051081,-247.610597485827,257.415277654504));
#8008=CARTESIAN_POINT('Origin',(90.937830205108,-244.610597485827,300.6887803464));
#8009=CARTESIAN_POINT('',(90.937830205108,-244.610597485827,300.6887803464));
#8010=CARTESIAN_POINT('',(85.937830205108,-244.610597485827,297.802029000452));
#8011=CARTESIAN_POINT('',(89.6857476428087,-244.610597485827,299.965890142009));
#8012=CARTESIAN_POINT('',(90.937830205108,-239.610597485827,300.6887803464));
#8013=CARTESIAN_POINT('',(90.937830205108,-244.610597485827,300.6887803464));
#8014=CARTESIAN_POINT('',(85.937830205108,-239.610597485827,297.802029000452));
#8015=CARTESIAN_POINT('',(77.8858793420991,-239.610597485827,293.153233002193));
#8016=CARTESIAN_POINT('',(85.937830205108,-244.610597485827,297.802029000452));
#8017=CARTESIAN_POINT('Origin',(105.937830205108,-244.610597485827,300.6887803464));
#8018=CARTESIAN_POINT('',(105.937830205108,-244.610597485827,300.6887803464));
#8019=CARTESIAN_POINT('',(102.187830205108,-244.610597485827,300.6887803464));
#8020=CARTESIAN_POINT('',(105.937830205108,-239.610597485827,300.6887803464));
#8021=CARTESIAN_POINT('',(105.937830205108,-244.610597485827,300.6887803464));
#8022=CARTESIAN_POINT('',(104.352241311971,-239.610597485827,300.6887803464));
#8023=CARTESIAN_POINT('Origin',(110.937830205108,-244.610597485827,297.802029000452));
#8024=CARTESIAN_POINT('',(110.937830205108,-244.610597485827,297.802029000452));
#8025=CARTESIAN_POINT('',(109.689912767407,-244.610597485827,298.522514469035));
#8026=CARTESIAN_POINT('',(110.937830205108,-239.610597485827,297.802029000452));
#8027=CARTESIAN_POINT('',(110.937830205108,-244.610597485827,297.802029000452));
#8028=CARTESIAN_POINT('',(124.73639772841,-239.610597485827,289.835422326444));
#8029=CARTESIAN_POINT('Origin',(110.937830205108,-244.610597485827,257.415277654504));
#8030=CARTESIAN_POINT('',(110.937830205108,-239.610597485827,257.415277654504));
#8031=CARTESIAN_POINT('',(110.937830205108,-244.610597485827,257.415277654504));
#8032=CARTESIAN_POINT('',(110.937830205108,-239.610597485827,238.665779089684));
#8033=CARTESIAN_POINT('',(110.937830205108,-244.610597485827,269.665277654504));
#8034=CARTESIAN_POINT('Origin',(85.937830205108,-244.610597485827,297.802029000452));
#8035=CARTESIAN_POINT('',(85.937830205108,-244.610597485827,289.858653327478));
#8036=CARTESIAN_POINT('',(85.9378302051081,-239.610597485827,257.415277654504));
#8037=CARTESIAN_POINT('',(85.9378302051079,-239.610597485827,258.859154762658));
#8038=CARTESIAN_POINT('',(85.9378302051081,-244.610597485827,257.415277654504));
#8039=CARTESIAN_POINT('Origin',(98.437830205108,-244.610597485827,281.915277654504));
#8040=CARTESIAN_POINT('',(95.437830205108,-244.610597485827,279.647328462073));
#8041=CARTESIAN_POINT('',(95.437830205108,-244.610597485827,276.183226846935));
#8042=CARTESIAN_POINT('',(95.437830205108,-244.610597485827,279.106987277639));
#8043=CARTESIAN_POINT('',(98.437830205108,-244.610597485827,281.379379269642));
#8044=CARTESIAN_POINT('',(97.1038556088924,-244.610597485827,280.609208677425));
#8045=CARTESIAN_POINT('',(101.437830205108,-244.610597485827,279.647328462073));
#8046=CARTESIAN_POINT('',(98.3718048013235,-244.610597485827,281.41749905429));
#8047=CARTESIAN_POINT('',(101.437830205108,-244.610597485827,276.183226846935));
#8048=CARTESIAN_POINT('',(101.437830205108,-244.610597485827,280.72356803137));
#8049=CARTESIAN_POINT('',(98.437830205108,-244.610597485827,274.451176039366));
#8050=CARTESIAN_POINT('',(101.503855608892,-244.610597485827,276.221346631584));
#8051=CARTESIAN_POINT('',(96.7718048013236,-244.610597485827,275.413056254718));
#8052=CARTESIAN_POINT('',(87.937830205108,-244.610597485827,296.647328462073));
#8053=CARTESIAN_POINT('',(87.937830205108,-244.610597485827,293.183226846935));
#8054=CARTESIAN_POINT('',(87.937830205108,-244.610597485827,287.606987277639));
#8055=CARTESIAN_POINT('',(90.937830205108,-244.610597485827,298.379379269642));
#8056=CARTESIAN_POINT('',(88.7357476428087,-244.610597485827,297.108006309521));
#8057=CARTESIAN_POINT('',(93.937830205108,-244.610597485827,296.647328462073));
#8058=CARTESIAN_POINT('',(97.3649127674074,-244.610597485827,294.668701422194));
#8059=CARTESIAN_POINT('',(93.937830205108,-244.610597485827,293.183226846935));
#8060=CARTESIAN_POINT('',(93.937830205108,-244.610597485827,289.22356803137));
#8061=CARTESIAN_POINT('',(90.937830205108,-244.610597485827,291.451176039366));
#8062=CARTESIAN_POINT('',(93.1357476428087,-244.610597485827,292.720144263679));
#8063=CARTESIAN_POINT('',(95.7649127674074,-244.610597485827,288.664258622622));
#8064=CARTESIAN_POINT('',(108.937830205108,-244.610597485827,293.183226846935));
#8065=CARTESIAN_POINT('',(108.937830205108,-244.610597485827,296.647328462073));
#8066=CARTESIAN_POINT('',(108.937830205108,-244.610597485827,289.22356803137));
#8067=CARTESIAN_POINT('',(105.937830205108,-244.610597485827,291.451176039366));
#8068=CARTESIAN_POINT('',(102.510747642809,-244.610597485827,289.472548999488));
#8069=CARTESIAN_POINT('',(102.937830205108,-244.610597485827,293.183226846935));
#8070=CARTESIAN_POINT('',(105.139912767407,-244.610597485827,291.911853886814));
#8071=CARTESIAN_POINT('',(102.937830205108,-244.610597485827,296.647328462073));
#8072=CARTESIAN_POINT('',(102.937830205108,-244.610597485827,287.606987277639));
#8073=CARTESIAN_POINT('',(105.937830205108,-244.610597485827,298.379379269642));
#8074=CARTESIAN_POINT('',(98.1107476428086,-244.610597485827,293.860411045329));
#8075=CARTESIAN_POINT('',(106.739912767407,-244.610597485827,297.916296686386));
#8076=CARTESIAN_POINT('Origin',(95.537830205108,-244.110597485827,279.106987277639));
#8077=CARTESIAN_POINT('',(95.637830205108,-243.610597485827,276.298696900773));
#8078=CARTESIAN_POINT('',(95.437830205108,-244.610597485827,276.183226846935));
#8079=CARTESIAN_POINT('',(95.637830205108,-243.610597485827,279.531858408235));
#8080=CARTESIAN_POINT('',(95.637830205108,-243.610597485827,279.106987277639));
#8081=CARTESIAN_POINT('',(95.437830205108,-244.610597485827,279.647328462073));
#8082=CARTESIAN_POINT('Origin',(96.8218048013236,-244.110597485827,275.499658795097));
#8083=CARTESIAN_POINT('',(98.437830205108,-243.610597485827,274.682116147042));
#8084=CARTESIAN_POINT('',(98.437830205108,-244.610597485827,274.451176039366));
#8085=CARTESIAN_POINT('',(96.8718048013236,-243.610597485827,275.586261335475));
#8086=CARTESIAN_POINT('Origin',(101.453855608892,-244.110597485827,276.307949171962));
#8087=CARTESIAN_POINT('',(101.237830205108,-243.610597485827,276.298696900773));
#8088=CARTESIAN_POINT('',(101.403855608892,-243.610597485827,276.394551712341));
#8089=CARTESIAN_POINT('',(101.437830205108,-244.610597485827,276.183226846935));
#8090=CARTESIAN_POINT('Origin',(101.337830205108,-244.110597485827,280.72356803137));
#8091=CARTESIAN_POINT('',(101.237830205108,-243.610597485827,279.531858408235));
#8092=CARTESIAN_POINT('',(101.237830205108,-243.610597485827,280.72356803137));
#8093=CARTESIAN_POINT('',(101.437830205108,-244.610597485827,279.647328462073));
#8094=CARTESIAN_POINT('Origin',(98.3218048013235,-244.110597485827,281.330896513912));
#8095=CARTESIAN_POINT('',(98.437830205108,-243.610597485827,281.148439161966));
#8096=CARTESIAN_POINT('',(98.2718048013236,-243.610597485827,281.244293973533));
#8097=CARTESIAN_POINT('',(98.437830205108,-244.610597485827,281.379379269642));
#8098=CARTESIAN_POINT('Origin',(97.1538556088924,-244.110597485827,280.522606137046));
#8099=CARTESIAN_POINT('',(97.2038556088924,-243.610597485827,280.436003596668));
#8100=CARTESIAN_POINT('Origin',(98.437830205108,-247.610597485827,281.148439161966));
#8101=CARTESIAN_POINT('',(98.437830205108,-241.610597485827,281.148439161966));
#8102=CARTESIAN_POINT('',(98.437830205108,-247.610597485827,281.148439161966));
#8103=CARTESIAN_POINT('',(101.237830205108,-241.610597485827,279.531858408235));
#8104=CARTESIAN_POINT('',(101.237830205108,-241.610597485827,279.531858408235));
#8105=CARTESIAN_POINT('',(101.237830205108,-247.610597485827,279.531858408235));
#8106=CARTESIAN_POINT('Origin',(95.637830205108,-247.610597485827,279.531858408235));
#8107=CARTESIAN_POINT('',(95.637830205108,-241.610597485827,279.531858408235));
#8108=CARTESIAN_POINT('',(95.637830205108,-247.610597485827,279.531858408235));
#8109=CARTESIAN_POINT('',(98.437830205108,-241.610597485827,281.148439161966));
#8110=CARTESIAN_POINT('Origin',(95.637830205108,-247.610597485827,276.298696900773));
#8111=CARTESIAN_POINT('',(95.637830205108,-241.610597485827,276.298696900773));
#8112=CARTESIAN_POINT('',(95.637830205108,-247.610597485827,276.298696900773));
#8113=CARTESIAN_POINT('',(95.637830205108,-241.610597485827,279.531858408235));
#8114=CARTESIAN_POINT('Origin',(108.837830205108,-244.110597485827,289.22356803137));
#8115=CARTESIAN_POINT('',(108.737830205108,-243.610597485827,296.531858408235));
#8116=CARTESIAN_POINT('',(108.937830205108,-244.610597485827,296.647328462073));
#8117=CARTESIAN_POINT('',(108.737830205108,-243.610597485827,293.298696900773));
#8118=CARTESIAN_POINT('',(108.737830205108,-243.610597485827,289.22356803137));
#8119=CARTESIAN_POINT('',(108.937830205108,-244.610597485827,293.183226846935));
#8120=CARTESIAN_POINT('Origin',(106.689912767407,-244.110597485827,297.829694146008));
#8121=CARTESIAN_POINT('',(105.937830205108,-243.610597485827,298.148439161966));
#8122=CARTESIAN_POINT('',(105.937830205108,-244.610597485827,298.379379269642));
#8123=CARTESIAN_POINT('',(106.639912767407,-243.610597485827,297.743091605629));
#8124=CARTESIAN_POINT('Origin',(98.1607476428086,-244.110597485827,293.773808504951));
#8125=CARTESIAN_POINT('',(103.137830205108,-243.610597485827,296.531858408235));
#8126=CARTESIAN_POINT('',(98.2107476428086,-243.610597485827,293.687205964572));
#8127=CARTESIAN_POINT('',(102.937830205108,-244.610597485827,296.647328462073));
#8128=CARTESIAN_POINT('Origin',(103.037830205108,-244.110597485827,287.606987277639));
#8129=CARTESIAN_POINT('',(103.137830205108,-243.610597485827,293.298696900773));
#8130=CARTESIAN_POINT('',(103.137830205108,-243.610597485827,287.606987277639));
#8131=CARTESIAN_POINT('',(102.937830205108,-244.610597485827,293.183226846935));
#8132=CARTESIAN_POINT('Origin',(105.189912767407,-244.110597485827,291.998456427192));
#8133=CARTESIAN_POINT('',(105.937830205108,-243.610597485827,291.682116147042));
#8134=CARTESIAN_POINT('',(105.239912767407,-243.610597485827,292.085058967571));
#8135=CARTESIAN_POINT('',(105.937830205108,-244.610597485827,291.451176039366));
#8136=CARTESIAN_POINT('Origin',(102.460747642809,-244.110597485827,289.559151539866));
#8137=CARTESIAN_POINT('',(102.410747642809,-243.610597485827,289.645754080245));
#8138=CARTESIAN_POINT('Origin',(105.937830205108,-247.610597485827,291.682116147042));
#8139=CARTESIAN_POINT('',(105.937830205108,-241.610597485827,291.682116147042));
#8140=CARTESIAN_POINT('',(105.937830205108,-247.610597485827,291.682116147042));
#8141=CARTESIAN_POINT('',(103.137830205108,-241.610597485827,293.298696900773));
#8142=CARTESIAN_POINT('',(103.137830205108,-241.610597485827,293.298696900773));
#8143=CARTESIAN_POINT('',(103.137830205108,-247.610597485827,293.298696900773));
#8144=CARTESIAN_POINT('Origin',(108.737830205108,-247.610597485827,293.298696900773));
#8145=CARTESIAN_POINT('',(108.737830205108,-241.610597485827,293.298696900773));
#8146=CARTESIAN_POINT('',(108.737830205108,-247.610597485827,293.298696900773));
#8147=CARTESIAN_POINT('',(105.937830205108,-241.610597485827,291.682116147042));
#8148=CARTESIAN_POINT('Origin',(108.737830205108,-247.610597485827,296.531858408235));
#8149=CARTESIAN_POINT('',(108.737830205108,-241.610597485827,296.531858408235));
#8150=CARTESIAN_POINT('',(108.737830205108,-247.610597485827,296.531858408235));
#8151=CARTESIAN_POINT('',(108.737830205108,-241.610597485827,293.298696900773));
#8152=CARTESIAN_POINT('Origin',(88.037830205108,-244.110597485827,287.606987277639));
#8153=CARTESIAN_POINT('',(88.137830205108,-243.610597485827,293.298696900773));
#8154=CARTESIAN_POINT('',(87.937830205108,-244.610597485827,293.183226846935));
#8155=CARTESIAN_POINT('',(88.137830205108,-243.610597485827,296.531858408235));
#8156=CARTESIAN_POINT('',(88.1378302051079,-243.610597485827,287.606987277639));
#8157=CARTESIAN_POINT('',(87.937830205108,-244.610597485827,296.647328462073));
#8158=CARTESIAN_POINT('Origin',(95.8149127674074,-244.110597485827,288.750861163001));
#8159=CARTESIAN_POINT('',(90.937830205108,-243.610597485827,291.682116147042));
#8160=CARTESIAN_POINT('',(90.937830205108,-244.610597485827,291.451176039366));
#8161=CARTESIAN_POINT('',(95.8649127674074,-243.610597485827,288.837463703379));
#8162=CARTESIAN_POINT('Origin',(93.0857476428087,-244.110597485827,292.806746804058));
#8163=CARTESIAN_POINT('',(93.737830205108,-243.610597485827,293.298696900773));
#8164=CARTESIAN_POINT('',(93.0357476428087,-243.610597485827,292.893349344436));
#8165=CARTESIAN_POINT('',(93.937830205108,-244.610597485827,293.183226846935));
#8166=CARTESIAN_POINT('Origin',(93.837830205108,-244.110597485827,289.22356803137));
#8167=CARTESIAN_POINT('',(93.737830205108,-243.610597485827,296.531858408235));
#8168=CARTESIAN_POINT('',(93.737830205108,-243.610597485827,289.22356803137));
#8169=CARTESIAN_POINT('',(93.937830205108,-244.610597485827,296.647328462073));
#8170=CARTESIAN_POINT('Origin',(97.3149127674074,-244.110597485827,294.582098881816));
#8171=CARTESIAN_POINT('',(90.937830205108,-243.610597485827,298.148439161966));
#8172=CARTESIAN_POINT('',(97.2649127674075,-243.610597485827,294.495496341438));
#8173=CARTESIAN_POINT('',(90.937830205108,-244.610597485827,298.379379269642));
#8174=CARTESIAN_POINT('Origin',(88.7857476428087,-244.110597485827,297.021403769142));
#8175=CARTESIAN_POINT('',(88.8357476428087,-243.610597485827,296.934801228764));
#8176=CARTESIAN_POINT('Origin',(90.937830205108,-247.610597485827,298.148439161966));
#8177=CARTESIAN_POINT('',(90.937830205108,-241.610597485827,298.148439161966));
#8178=CARTESIAN_POINT('',(90.937830205108,-247.610597485827,298.148439161966));
#8179=CARTESIAN_POINT('',(93.737830205108,-241.610597485827,296.531858408235));
#8180=CARTESIAN_POINT('',(93.737830205108,-241.610597485827,296.531858408235));
#8181=CARTESIAN_POINT('',(93.737830205108,-247.610597485827,296.531858408235));
#8182=CARTESIAN_POINT('Origin',(88.137830205108,-247.610597485827,296.531858408235));
#8183=CARTESIAN_POINT('',(88.137830205108,-241.610597485827,296.531858408235));
#8184=CARTESIAN_POINT('',(88.137830205108,-247.610597485827,296.531858408235));
#8185=CARTESIAN_POINT('',(90.937830205108,-241.610597485827,298.148439161966));
#8186=CARTESIAN_POINT('Origin',(88.137830205108,-247.610597485827,293.298696900773));
#8187=CARTESIAN_POINT('',(88.137830205108,-241.610597485827,293.298696900773));
#8188=CARTESIAN_POINT('',(88.137830205108,-247.610597485827,293.298696900773));
#8189=CARTESIAN_POINT('',(88.137830205108,-241.610597485827,296.531858408235));
#8190=CARTESIAN_POINT('Origin',(102.766652418832,-247.610597485827,219.916280524864));
#8191=CARTESIAN_POINT('',(80.437830205108,-247.610597485827,251.915277654504));
#8192=CARTESIAN_POINT('',(79.2702864761291,-247.610597485827,250.747733925525));
#8193=CARTESIAN_POINT('',(65.4378302051083,-247.610597485827,251.915277654504));
#8194=CARTESIAN_POINT('',(73.4378302051083,-247.610597485827,251.915277654504));
#8195=CARTESIAN_POINT('',(63.4378302051083,-247.610597485827,249.915277654504));
#8196=CARTESIAN_POINT('',(66.2702864761294,-247.610597485827,252.747733925525));
#8197=CARTESIAN_POINT('',(63.4378302051083,-247.610597485827,241.915277654504));
#8198=CARTESIAN_POINT('',(63.4378302051083,-247.610597485827,251.915277654504));
#8199=CARTESIAN_POINT('',(67.637830205108,-247.610597485827,226.944999232754));
#8200=CARTESIAN_POINT('',(63.4378302051083,-247.610597485827,241.915277654504));
#8201=CARTESIAN_POINT('',(83.437830205108,-247.610597485827,176.116280524864));
#8202=CARTESIAN_POINT('',(83.437830205108,-247.610597485827,176.116280524864));
#8203=CARTESIAN_POINT('',(93.437830205108,-247.610597485827,176.116280524864));
#8204=CARTESIAN_POINT('',(98.1022413119702,-247.610597485827,176.116280524864));
#8205=CARTESIAN_POINT('',(93.437830205108,-247.610597485827,185.116280524864));
#8206=CARTESIAN_POINT('',(93.437830205108,-247.610597485827,216.574954968228));
#8207=CARTESIAN_POINT('',(103.437830205108,-247.610597485827,185.116280524864));
#8208=CARTESIAN_POINT('',(98.1022413119702,-247.610597485827,185.116280524864));
#8209=CARTESIAN_POINT('',(103.437830205108,-247.610597485827,176.116280524864));
#8210=CARTESIAN_POINT('',(103.437830205108,-247.610597485827,202.666280524864));
#8211=CARTESIAN_POINT('',(113.437830205108,-247.610597485827,176.116280524864));
#8212=CARTESIAN_POINT('',(98.1022413119702,-247.610597485827,176.116280524864));
#8213=CARTESIAN_POINT('',(137.895474632557,-247.610597485827,195.344999232754));
#8214=CARTESIAN_POINT('',(113.437830205108,-247.610597485827,176.116280524864));
#8215=CARTESIAN_POINT('',(137.895474632557,-247.610597485827,241.616280524864));
#8216=CARTESIAN_POINT('',(137.895474632557,-247.610597485827,195.344999232754));
#8217=CARTESIAN_POINT('',(134.2322566366,-247.610597485827,250.079824946057));
#8218=CARTESIAN_POINT('',(133.437830205108,-247.610597485827,251.915277654504));
#8219=CARTESIAN_POINT('',(131.437830205108,-247.610597485827,251.915277654504));
#8220=CARTESIAN_POINT('',(129.463080428129,-247.610597485827,253.212345197887));
#8221=CARTESIAN_POINT('',(116.437830205108,-247.610597485827,251.915277654504));
#8222=CARTESIAN_POINT('',(112.354919794193,-247.610597485827,251.915277654504));
#8223=CARTESIAN_POINT('',(111.437830205108,-247.610597485827,256.915277654504));
#8224=CARTESIAN_POINT('',(95.6378302051078,-247.610597485827,222.016280524864));
#8225=CARTESIAN_POINT('Origin',(98.4378302051078,-247.610597485827,222.016280524864));
#8226=CARTESIAN_POINT('',(84.5118483746185,-247.610597485827,182.116280524864));
#8227=CARTESIAN_POINT('',(86.4748392898632,-247.610597485827,178.716280524864));
#8228=CARTESIAN_POINT('',(79.5046517316262,-247.610597485827,190.788999514015));
#8229=CARTESIAN_POINT('',(86.4748392898632,-247.610597485827,185.516280524864));
#8230=CARTESIAN_POINT('',(95.0642414862866,-247.610597485827,200.393561535713));
#8231=CARTESIAN_POINT('',(90.4008211203527,-247.610597485827,185.516280524864));
#8232=CARTESIAN_POINT('',(94.7939509351047,-247.610597485827,185.516280524864));
#8233=CARTESIAN_POINT('',(92.3638120355974,-247.610597485827,182.116280524864));
#8234=CARTESIAN_POINT('',(84.5853341004949,-247.610597485827,195.588999514015));
#8235=CARTESIAN_POINT('',(90.4008211203527,-247.610597485827,178.716280524864));
#8236=CARTESIAN_POINT('',(101.761504608886,-247.610597485827,198.393561535713));
#8237=CARTESIAN_POINT('',(96.4105316888357,-247.610597485827,178.716280524864));
#8238=CARTESIAN_POINT('',(76.5911006288619,-247.610597485827,243.484959663755));
#8239=CARTESIAN_POINT('',(79.2784015451392,-247.610597485827,243.484959663755));
#8240=CARTESIAN_POINT('Origin',(77.9347510870005,-247.610597485827,242.616280524864));
#8241=CARTESIAN_POINT('',(79.3588745180867,-247.610597485827,243.345576385973));
#8242=CARTESIAN_POINT('Origin',(79.6668018945693,-247.610597485827,243.616280524864));
#8243=CARTESIAN_POINT('',(78.015224059948,-247.610597485827,241.018305524864));
#8244=CARTESIAN_POINT('Origin',(77.9347510870005,-247.610597485827,242.616280524864));
#8245=CARTESIAN_POINT('',(77.854278114053,-247.610597485827,241.018305524864));
#8246=CARTESIAN_POINT('Origin',(77.9347510870005,-247.610597485827,240.616280524864));
#8247=CARTESIAN_POINT('',(76.5106276559143,-247.610597485827,243.345576385973));
#8248=CARTESIAN_POINT('Origin',(77.9347510870005,-247.610597485827,242.616280524864));
#8249=CARTESIAN_POINT('Origin',(76.2027002794317,-247.610597485827,243.616280524864));
#8250=CARTESIAN_POINT('',(115.591100628862,-247.610597485827,248.884959663754));
#8251=CARTESIAN_POINT('',(118.278401545139,-247.610597485827,248.884959663755));
#8252=CARTESIAN_POINT('Origin',(116.934751087001,-247.610597485827,248.016280524864));
#8253=CARTESIAN_POINT('',(118.358874518087,-247.610597485827,248.745576385973));
#8254=CARTESIAN_POINT('Origin',(118.666801894569,-247.610597485827,249.016280524864));
#8255=CARTESIAN_POINT('',(117.015224059948,-247.610597485827,246.418305524864));
#8256=CARTESIAN_POINT('Origin',(116.934751087001,-247.610597485827,248.016280524864));
#8257=CARTESIAN_POINT('',(116.854278114053,-247.610597485827,246.418305524864));
#8258=CARTESIAN_POINT('Origin',(116.934751087001,-247.610597485827,246.016280524864));
#8259=CARTESIAN_POINT('',(115.510627655914,-247.610597485827,248.745576385973));
#8260=CARTESIAN_POINT('Origin',(116.934751087001,-247.610597485827,248.016280524864));
#8261=CARTESIAN_POINT('Origin',(115.202700279432,-247.610597485827,249.016280524864));
#8262=CARTESIAN_POINT('',(133.895474632557,-247.610597485827,216.616280524864));
#8263=CARTESIAN_POINT('',(133.895474632557,-247.610597485827,220.616280524864));
#8264=CARTESIAN_POINT('',(133.895474632557,-247.610597485827,218.616280524864));
#8265=CARTESIAN_POINT('',(135.895474632557,-247.610597485827,220.616280524864));
#8266=CARTESIAN_POINT('',(120.331063525695,-247.610597485827,220.616280524864));
#8267=CARTESIAN_POINT('',(135.895474632557,-247.610597485827,216.616280524864));
#8268=CARTESIAN_POINT('',(135.895474632557,-247.610597485827,218.616280524864));
#8269=CARTESIAN_POINT('',(120.331063525695,-247.610597485827,216.616280524864));
#8270=CARTESIAN_POINT('',(134.737830205108,-247.610597485827,229.716280524864));
#8271=CARTESIAN_POINT('Origin',(133.037830205108,-247.610597485827,229.716280524864));
#8272=CARTESIAN_POINT('',(134.795474632557,-247.610597485827,198.116280524864));
#8273=CARTESIAN_POINT('Origin',(133.095474632557,-247.610597485827,198.116280524864));
#8274=CARTESIAN_POINT('',(74.137830205108,-247.610597485827,229.716280524864));
#8275=CARTESIAN_POINT('Origin',(72.437830205108,-247.610597485827,229.716280524864));
#8276=CARTESIAN_POINT('',(96.4748392898632,-247.610597485827,196.716280524864));
#8277=CARTESIAN_POINT('',(100.400821120353,-247.610597485827,196.716280524864));
#8278=CARTESIAN_POINT('',(101.410531688836,-247.610597485827,196.716280524864));
#8279=CARTESIAN_POINT('',(94.5118483746185,-247.610597485827,200.116280524864));
#8280=CARTESIAN_POINT('',(92.1517660486562,-247.610597485827,204.204063023476));
#8281=CARTESIAN_POINT('',(96.4748392898632,-247.610597485827,203.516280524864));
#8282=CARTESIAN_POINT('',(99.9171271692566,-247.610597485827,209.478498026252));
#8283=CARTESIAN_POINT('',(100.400821120353,-247.610597485827,203.516280524864));
#8284=CARTESIAN_POINT('',(99.7939509351047,-247.610597485827,203.516280524864));
#8285=CARTESIAN_POINT('',(102.363812035597,-247.610597485827,200.116280524864));
#8286=CARTESIAN_POINT('',(97.2324484175249,-247.610597485827,209.004063023476));
#8287=CARTESIAN_POINT('',(106.614390291856,-247.610597485827,207.478498026252));
#8288=CARTESIAN_POINT('',(104.511848374618,-247.610597485827,182.116280524864));
#8289=CARTESIAN_POINT('',(106.474839289863,-247.610597485827,178.716280524864));
#8290=CARTESIAN_POINT('',(97.0046517316262,-247.610597485827,195.119126532937));
#8291=CARTESIAN_POINT('',(106.474839289863,-247.610597485827,185.516280524864));
#8292=CARTESIAN_POINT('',(112.564241486287,-247.610597485827,196.063434516791));
#8293=CARTESIAN_POINT('',(110.400821120353,-247.610597485827,185.516280524864));
#8294=CARTESIAN_POINT('',(104.793950935105,-247.610597485827,185.516280524864));
#8295=CARTESIAN_POINT('',(112.363812035597,-247.610597485827,182.116280524864));
#8296=CARTESIAN_POINT('',(102.085334100495,-247.610597485827,199.919126532937));
#8297=CARTESIAN_POINT('',(110.400821120353,-247.610597485827,178.716280524864));
#8298=CARTESIAN_POINT('',(119.261504608886,-247.610597485827,194.063434516791));
#8299=CARTESIAN_POINT('',(106.410531688836,-247.610597485827,178.716280524864));
#8300=CARTESIAN_POINT('',(103.137830205108,-247.610597485827,249.816280524864));
#8301=CARTESIAN_POINT('Origin',(105.937830205108,-247.610597485827,249.816280524864));
#8302=CARTESIAN_POINT('',(125.437830205108,-247.610597485827,246.915277654504));
#8303=CARTESIAN_POINT('Origin',(128.437830205108,-247.610597485827,246.915277654504));
#8304=CARTESIAN_POINT('',(65.4378302051083,-247.610597485827,246.915277654504));
#8305=CARTESIAN_POINT('Origin',(68.4378302051083,-247.610597485827,246.915277654504));
#8306=CARTESIAN_POINT('',(88.137830205108,-247.610597485827,249.816280524864));
#8307=CARTESIAN_POINT('Origin',(90.937830205108,-247.610597485827,249.816280524864));
#8308=CARTESIAN_POINT('Origin',(90.937830205108,-247.610597485827,291.682116147042));
#8309=CARTESIAN_POINT('',(90.937830205108,-241.610597485827,291.682116147042));
#8310=CARTESIAN_POINT('',(90.937830205108,-247.610597485827,291.682116147042));
#8311=CARTESIAN_POINT('',(88.137830205108,-241.610597485827,293.298696900773));
#8312=CARTESIAN_POINT('Origin',(93.737830205108,-247.610597485827,293.298696900773));
#8313=CARTESIAN_POINT('',(93.737830205108,-241.610597485827,293.298696900773));
#8314=CARTESIAN_POINT('',(93.737830205108,-247.610597485827,293.298696900773));
#8315=CARTESIAN_POINT('',(90.937830205108,-241.610597485827,291.682116147042));
#8316=CARTESIAN_POINT('Origin',(93.737830205108,-247.610597485827,296.531858408235));
#8317=CARTESIAN_POINT('',(93.737830205108,-241.610597485827,293.298696900773));
#8318=CARTESIAN_POINT('Origin',(90.937830205108,-241.610597485827,294.915277654504));
#8319=CARTESIAN_POINT('',(92.637830205108,-241.610597485827,294.915277654504));
#8320=CARTESIAN_POINT('Origin',(90.937830205108,-241.610597485827,294.915277654504));
#8321=CARTESIAN_POINT('Origin',(105.937830205108,-247.610597485827,298.148439161966));
#8322=CARTESIAN_POINT('',(105.937830205108,-241.610597485827,298.148439161966));
#8323=CARTESIAN_POINT('',(105.937830205108,-247.610597485827,298.148439161966));
#8324=CARTESIAN_POINT('',(108.737830205108,-241.610597485827,296.531858408235));
#8325=CARTESIAN_POINT('Origin',(103.137830205108,-247.610597485827,296.531858408235));
#8326=CARTESIAN_POINT('',(103.137830205108,-241.610597485827,296.531858408235));
#8327=CARTESIAN_POINT('',(103.137830205108,-247.610597485827,296.531858408235));
#8328=CARTESIAN_POINT('',(105.937830205108,-241.610597485827,298.148439161966));
#8329=CARTESIAN_POINT('Origin',(103.137830205108,-247.610597485827,293.298696900773));
#8330=CARTESIAN_POINT('',(103.137830205108,-241.610597485827,296.531858408235));
#8331=CARTESIAN_POINT('Origin',(105.937830205108,-241.610597485827,294.915277654504));
#8332=CARTESIAN_POINT('',(107.637830205108,-241.610597485827,294.915277654504));
#8333=CARTESIAN_POINT('Origin',(105.937830205108,-241.610597485827,294.915277654504));
#8334=CARTESIAN_POINT('Origin',(98.437830205108,-247.610597485827,274.682116147042));
#8335=CARTESIAN_POINT('',(98.437830205108,-241.610597485827,274.682116147042));
#8336=CARTESIAN_POINT('',(98.437830205108,-247.610597485827,274.682116147042));
#8337=CARTESIAN_POINT('',(95.637830205108,-241.610597485827,276.298696900773));
#8338=CARTESIAN_POINT('Origin',(101.237830205108,-247.610597485827,276.298696900773));
#8339=CARTESIAN_POINT('',(101.237830205108,-241.610597485827,276.298696900773));
#8340=CARTESIAN_POINT('',(101.237830205108,-247.610597485827,276.298696900773));
#8341=CARTESIAN_POINT('',(98.437830205108,-241.610597485827,274.682116147042));
#8342=CARTESIAN_POINT('Origin',(101.237830205108,-247.610597485827,279.531858408235));
#8343=CARTESIAN_POINT('',(101.237830205108,-241.610597485827,276.298696900773));
#8344=CARTESIAN_POINT('Origin',(98.437830205108,-241.610597485827,277.915277654504));
#8345=CARTESIAN_POINT('',(100.137830205108,-241.610597485827,277.915277654504));
#8346=CARTESIAN_POINT('Origin',(98.437830205108,-241.610597485827,277.915277654504));
#8347=CARTESIAN_POINT('Origin',(82.937830205108,-247.610597485827,254.415277654504));
#8348=CARTESIAN_POINT('',(80.437830205108,-239.610597485827,251.915277654504));
#8349=CARTESIAN_POINT('',(80.7702864761293,-239.610597485827,252.247733925526));
#8350=CARTESIAN_POINT('',(80.437830205108,-247.610597485827,251.915277654504));
#8351=CARTESIAN_POINT('Origin',(113.937830205108,-247.610597485827,254.415277654504));
#8352=CARTESIAN_POINT('',(116.437830205108,-239.610597485827,251.915277654504));
#8353=CARTESIAN_POINT('',(119.769785040949,-239.610597485827,248.583322818663));
#8354=CARTESIAN_POINT('',(116.437830205108,-247.610597485827,251.915277654504));
#8355=CARTESIAN_POINT('Origin',(105.937830205108,-239.610597485827,294.915277654504));
#8356=CARTESIAN_POINT('',(107.637830205108,-239.610597485827,294.915277654504));
#8357=CARTESIAN_POINT('Origin',(105.937830205108,-239.610597485827,294.915277654504));
#8358=CARTESIAN_POINT('',(107.637830205108,-239.610597485827,294.915277654504));
#8359=CARTESIAN_POINT('Origin',(98.437830205108,-239.610597485827,277.915277654504));
#8360=CARTESIAN_POINT('',(100.137830205108,-239.610597485827,277.915277654504));
#8361=CARTESIAN_POINT('Origin',(98.437830205108,-239.610597485827,277.915277654504));
#8362=CARTESIAN_POINT('',(100.137830205108,-239.610597485827,277.915277654504));
#8363=CARTESIAN_POINT('Origin',(90.937830205108,-239.610597485827,294.915277654504));
#8364=CARTESIAN_POINT('',(92.637830205108,-239.610597485827,294.915277654504));
#8365=CARTESIAN_POINT('Origin',(90.937830205108,-239.610597485827,294.915277654504));
#8366=CARTESIAN_POINT('',(92.637830205108,-239.610597485827,294.915277654504));
#8367=CARTESIAN_POINT('Origin',(121.099470487143,-247.610597485827,251.915277654504));
#8368=CARTESIAN_POINT('',(131.437830205108,-243.086154563215,251.915277654504));
#8369=CARTESIAN_POINT('',(131.437830205108,-247.610597485827,251.915277654504));
#8370=CARTESIAN_POINT('',(130.000040685219,-243.610597485827,251.915277654504));
#8371=CARTESIAN_POINT('Ctrl Pts',(130.000040685219,-243.610597485827,251.915277654504));
#8372=CARTESIAN_POINT('Ctrl Pts',(130.665262965616,-243.495522120398,251.915277654504));
#8373=CARTESIAN_POINT('Ctrl Pts',(131.43783020506,-243.08615456324,251.915277654504));
#8374=CARTESIAN_POINT('',(128.875619724996,-243.610597485827,251.915277654504));
#8375=CARTESIAN_POINT('',(125.083303736659,-243.610597485827,251.915277654504));
#8376=CARTESIAN_POINT('',(125.596791201928,-241.860597485827,251.915277654504));
#8377=CARTESIAN_POINT('Ctrl Pts',(125.596791201928,-241.860597485827,251.915277654504));
#8378=CARTESIAN_POINT('Ctrl Pts',(127.583960003787,-243.387156060595,251.915277654504));
#8379=CARTESIAN_POINT('Ctrl Pts',(128.875619724996,-243.610597485827,251.915277654504));
#8380=CARTESIAN_POINT('',(125.596791201928,-239.610597485827,251.915277654504));
#8381=CARTESIAN_POINT('',(125.596791201928,-239.610597485827,251.915277654504));
#8382=CARTESIAN_POINT('',(123.437830205108,-239.610597485827,251.915277654504));
#8383=CARTESIAN_POINT('Origin',(67.4378302051083,-242.735597485827,255.116280524864));
#8384=CARTESIAN_POINT('',(66.8756197249972,-243.610597485827,251.915277654504));
#8385=CARTESIAN_POINT('',(65.4378302051083,-243.086154563215,251.915277654504));
#8386=CARTESIAN_POINT('Ctrl Pts',(65.4378302050919,-243.086154563206,251.915277654504));
#8387=CARTESIAN_POINT('Ctrl Pts',(66.2103974445734,-243.495522120393,251.915277654504));
#8388=CARTESIAN_POINT('Ctrl Pts',(66.8756197249972,-243.610597485827,251.915277654504));
#8389=CARTESIAN_POINT('',(68.0000406852195,-243.610597485827,251.915277654504));
#8390=CARTESIAN_POINT('Origin',(67.4378302051083,-243.610597485827,255.116280524864));
#8391=CARTESIAN_POINT('',(71.2788692082879,-241.860597485827,251.915277654504));
#8392=CARTESIAN_POINT('Ctrl Pts',(68.0000406852196,-243.610597485827,251.915277654504));
#8393=CARTESIAN_POINT('Ctrl Pts',(69.2917004064283,-243.387156060595,251.915277654504));
#8394=CARTESIAN_POINT('Ctrl Pts',(71.278869208288,-241.860597485827,251.915277654504));
#8395=CARTESIAN_POINT('',(64.554167748284,-241.860597485827,251.03161519768));
#8396=CARTESIAN_POINT('Origin',(67.4378302051083,-241.860597485827,255.116280524864));
#8397=CARTESIAN_POINT('Ctrl Pts',(64.554167748284,-241.860597485827,251.03161519768));
#8398=CARTESIAN_POINT('Ctrl Pts',(65.0577110869421,-242.562368493271,251.535158536338));
#8399=CARTESIAN_POINT('Ctrl Pts',(65.4378302051075,-243.086154563214,251.915277654503));
#8400=CARTESIAN_POINT('Origin',(67.916518478286,-243.610597485827,251.015779089684));
#8401=CARTESIAN_POINT('',(65.6771743416971,-243.610597485827,251.915277654504));
#8402=CARTESIAN_POINT('Origin',(129.437830205107,-242.735597485827,255.116280524864));
#8403=CARTESIAN_POINT('',(132.537482770421,-241.860597485827,251.192996954391));
#8404=CARTESIAN_POINT('Ctrl Pts',(131.437830205108,-243.086154563214,251.915277654504));
#8405=CARTESIAN_POINT('Ctrl Pts',(131.910860331247,-242.572010501342,251.604579037996));
#8406=CARTESIAN_POINT('Ctrl Pts',(132.537482770423,-241.860597485824,251.192996954389));
#8407=CARTESIAN_POINT('Origin',(129.437830205107,-241.860597485827,255.116280524864));
#8408=CARTESIAN_POINT('Origin',(129.437830205107,-243.610597485827,255.116280524864));
#8409=CARTESIAN_POINT('Origin',(129.067136986174,-243.610597485827,251.015779089684));
#8410=CARTESIAN_POINT('Origin',(129.437830205107,-239.610597485827,255.116280524864));
#8411=CARTESIAN_POINT('',(132.537482770421,-239.610597485827,251.192996954391));
#8412=CARTESIAN_POINT('',(132.537482770421,-239.610597485827,251.192996954391));
#8413=CARTESIAN_POINT('Origin',(129.437830205107,-239.610597485827,255.116280524864));
#8414=CARTESIAN_POINT('Origin',(67.4378302051083,-239.610597485827,255.116280524864));
#8415=CARTESIAN_POINT('',(71.2788692082879,-239.610597485827,251.915277654504));
#8416=CARTESIAN_POINT('',(71.2788692082879,-239.610597485827,251.915277654504));
#8417=CARTESIAN_POINT('',(64.554167748284,-239.610597485827,251.03161519768));
#8418=CARTESIAN_POINT('Origin',(67.4378302051083,-239.610597485827,255.116280524864));
#8419=CARTESIAN_POINT('',(64.554167748284,-239.610597485827,251.03161519768));
#8420=CARTESIAN_POINT('Origin',(132.835043420854,-247.610597485827,250.997551300281));
#8421=CARTESIAN_POINT('',(134.2322566366,-239.610597485827,250.079824946057));
#8422=CARTESIAN_POINT('',(134.2322566366,-247.610597485827,250.079824946057));
#8423=CARTESIAN_POINT('',(129.463080428129,-239.610597485827,253.212345197887));
#8424=CARTESIAN_POINT('Origin',(64.4378302051083,-247.610597485827,250.915277654504));
#8425=CARTESIAN_POINT('',(65.4378302051083,-247.610597485827,251.915277654504));
#8426=CARTESIAN_POINT('',(63.4378302051083,-239.610597485827,249.915277654504));
#8427=CARTESIAN_POINT('',(66.2702864761294,-239.610597485827,252.747733925525));
#8428=CARTESIAN_POINT('',(63.4378302051083,-247.610597485827,249.915277654504));
#8429=CARTESIAN_POINT('Origin',(68.4378302051083,-247.610597485827,246.915277654504));
#8430=CARTESIAN_POINT('',(65.4378302051083,-244.610597485827,246.915277654504));
#8431=CARTESIAN_POINT('',(65.4378302051083,-247.610597485827,246.915277654504));
#8432=CARTESIAN_POINT('Origin',(68.4378302051083,-244.610597485827,246.915277654504));
#8433=CARTESIAN_POINT('Origin',(68.4378302051083,-244.610597485827,246.915277654504));
#8434=CARTESIAN_POINT('',(66.7378302051083,-244.610597485827,246.915277654504));
#8435=CARTESIAN_POINT('Origin',(68.4378302051083,-244.610597485827,246.915277654504));
#8436=CARTESIAN_POINT('Origin',(128.437830205108,-247.610597485827,246.915277654504));
#8437=CARTESIAN_POINT('',(125.437830205108,-244.610597485827,246.915277654504));
#8438=CARTESIAN_POINT('',(125.437830205108,-247.610597485827,246.915277654504));
#8439=CARTESIAN_POINT('Origin',(128.437830205108,-244.610597485827,246.915277654504));
#8440=CARTESIAN_POINT('Origin',(128.437830205108,-244.610597485827,246.915277654504));
#8441=CARTESIAN_POINT('',(126.737830205108,-244.610597485827,246.915277654504));
#8442=CARTESIAN_POINT('Origin',(128.437830205108,-244.610597485827,246.915277654504));
#8443=CARTESIAN_POINT('Origin',(102.766652418832,-239.610597485827,219.916280524864));
#8444=CARTESIAN_POINT('',(137.895474632557,-239.610597485827,241.616280524864));
#8445=CARTESIAN_POINT('',(133.437830205108,-239.610597485827,251.915277654504));
#8446=CARTESIAN_POINT('',(137.895474632557,-239.610597485827,195.344999232754));
#8447=CARTESIAN_POINT('',(137.895474632557,-239.610597485827,230.766280524864));
#8448=CARTESIAN_POINT('',(113.437830205108,-239.610597485827,176.116280524864));
#8449=CARTESIAN_POINT('',(133.009934461741,-239.610597485827,191.503963847707));
#8450=CARTESIAN_POINT('',(83.437830205108,-239.610597485827,176.116280524864));
#8451=CARTESIAN_POINT('',(98.1022413119702,-239.610597485827,176.116280524864));
#8452=CARTESIAN_POINT('',(67.637830205108,-239.610597485827,226.944999232754));
#8453=CARTESIAN_POINT('',(78.0816474740573,-239.610597485827,193.347160612499));
#8454=CARTESIAN_POINT('',(63.4378302051083,-239.610597485827,241.915277654504));
#8455=CARTESIAN_POINT('',(63.4378302051083,-239.610597485827,241.915277654504));
#8456=CARTESIAN_POINT('',(63.4378302051083,-239.610597485827,251.915277654504));
#8457=CARTESIAN_POINT('',(73.4378302051083,-239.610597485827,251.915277654504));
#8458=CARTESIAN_POINT('',(88.137830205108,-239.610597485827,249.816280524864));
#8459=CARTESIAN_POINT('Origin',(90.937830205108,-239.610597485827,249.816280524864));
#8460=CARTESIAN_POINT('',(103.137830205108,-239.610597485827,249.816280524864));
#8461=CARTESIAN_POINT('Origin',(105.937830205108,-239.610597485827,249.816280524864));
#8462=CARTESIAN_POINT('',(95.6378302051078,-239.610597485827,222.016280524864));
#8463=CARTESIAN_POINT('Origin',(98.4378302051078,-239.610597485827,222.016280524864));
#8464=CARTESIAN_POINT('',(133.07208802191,-239.610597485827,202.05237265586));
#8465=CARTESIAN_POINT('',(136.474185273906,-239.610597485827,200.093018777333));
#8466=CARTESIAN_POINT('',(110.985424582724,-239.610597485827,214.772640910364));
#8467=CARTESIAN_POINT('',(129.674189162105,-239.610597485827,200.08574694875));
#8468=CARTESIAN_POINT('',(121.780014358088,-239.610597485827,195.516780141161));
#8469=CARTESIAN_POINT('',(129.678387554294,-239.610597485827,196.159767363114));
#8470=CARTESIAN_POINT('',(129.65835382494,-239.610597485827,214.893608537713));
#8471=CARTESIAN_POINT('',(133.08048480629,-239.610597485827,194.200413484586));
#8472=CARTESIAN_POINT('',(106.891292327933,-239.610597485827,209.283432004373));
#8473=CARTESIAN_POINT('',(136.478383666095,-239.610597485827,196.167039191696));
#8474=CARTESIAN_POINT('',(124.48674258996,-239.610597485827,189.226553149063));
#8475=CARTESIAN_POINT('',(136.459214311604,-239.610597485827,214.092590451606));
#8476=CARTESIAN_POINT('',(75.8399274571032,-239.610597485827,227.756926646337));
#8477=CARTESIAN_POINT('',(72.4420285972976,-239.610597485827,225.790300939227));
#8478=CARTESIAN_POINT('',(87.6435117450326,-239.610597485827,234.588569745333));
#8479=CARTESIAN_POINT('',(75.8357290649136,-239.610597485827,231.682906231974));
#8480=CARTESIAN_POINT('',(75.8461464478828,-239.610597485827,221.941454975032));
#8481=CARTESIAN_POINT('',(72.4336318129183,-239.610597485827,233.642260110501));
#8482=CARTESIAN_POINT('',(94.7446178995119,-239.610597485827,220.792798768121));
#8483=CARTESIAN_POINT('',(69.0357329531126,-239.610597485827,231.675634403391));
#8484=CARTESIAN_POINT('',(84.9367835131607,-239.610597485827,240.878796737431));
#8485=CARTESIAN_POINT('',(69.0399313453023,-239.610597485827,227.749654817755));
#8486=CARTESIAN_POINT('',(69.0452859612193,-239.610597485827,222.742473061139));
#8487=CARTESIAN_POINT('',(90.6504856447202,-239.610597485827,215.30358986213));
#8488=CARTESIAN_POINT('',(129.635732953113,-239.610597485827,231.675634403391));
#8489=CARTESIAN_POINT('',(133.033631812918,-239.610597485827,233.642260110501));
#8490=CARTESIAN_POINT('',(111.491401445875,-239.610597485827,221.17411265342));
#8491=CARTESIAN_POINT('',(129.639931345302,-239.610597485827,227.749654817755));
#8492=CARTESIAN_POINT('',(129.645233985162,-239.610597485827,222.791076652329));
#8493=CARTESIAN_POINT('',(133.042028597298,-239.610597485827,225.790300939227));
#8494=CARTESIAN_POINT('',(117.120919688063,-239.610597485827,234.959670354951));
#8495=CARTESIAN_POINT('',(136.439927457103,-239.610597485827,227.756926646337));
#8496=CARTESIAN_POINT('',(114.198129677747,-239.610597485827,214.883885661322));
#8497=CARTESIAN_POINT('',(136.435729064914,-239.610597485827,231.682906231974));
#8498=CARTESIAN_POINT('',(136.446094471826,-239.610597485827,221.990058566222));
#8499=CARTESIAN_POINT('',(121.215051942854,-239.610597485827,240.448879260942));
#8500=CARTESIAN_POINT('',(90.1378302051079,-239.610597485827,182.116280524864));
#8501=CARTESIAN_POINT('Origin',(88.437830205108,-239.610597485827,182.116280524864));
#8502=CARTESIAN_POINT('',(110.137830205108,-239.610597485827,182.116280524864));
#8503=CARTESIAN_POINT('Origin',(108.437830205108,-239.610597485827,182.116280524864));
#8504=CARTESIAN_POINT('',(96.737830205108,-239.610597485827,200.116280524864));
#8505=CARTESIAN_POINT('Origin',(98.437830205108,-239.610597485827,200.116280524864));
#8506=CARTESIAN_POINT('',(115.357025573273,-239.610597485827,248.28232977469));
#8507=CARTESIAN_POINT('',(116.376293739144,-239.610597485827,246.516905524864));
#8508=CARTESIAN_POINT('Origin',(116.934751087001,-239.610597485827,248.016280524864));
#8509=CARTESIAN_POINT('',(117.493208434857,-239.610597485827,246.516905524864));
#8510=CARTESIAN_POINT('Origin',(116.934751087001,-239.610597485827,246.016280524864));
#8511=CARTESIAN_POINT('',(118.512476600728,-239.610597485827,248.28232977469));
#8512=CARTESIAN_POINT('Origin',(116.934751087001,-239.610597485827,248.016280524864));
#8513=CARTESIAN_POINT('',(117.954019252872,-239.610597485827,249.249606275038));
#8514=CARTESIAN_POINT('Origin',(118.666801894569,-239.610597485827,249.016280524864));
#8515=CARTESIAN_POINT('',(115.91548292113,-239.610597485827,249.249606275038));
#8516=CARTESIAN_POINT('Origin',(116.934751087001,-239.610597485827,248.016280524864));
#8517=CARTESIAN_POINT('Origin',(115.202700279432,-239.610597485827,249.016280524864));
#8518=CARTESIAN_POINT('',(76.3570255732729,-239.610597485827,242.88232977469));
#8519=CARTESIAN_POINT('',(77.3762937391439,-239.610597485827,241.116905524864));
#8520=CARTESIAN_POINT('Origin',(77.9347510870005,-239.610597485827,242.616280524864));
#8521=CARTESIAN_POINT('',(78.4932084348571,-239.610597485827,241.116905524864));
#8522=CARTESIAN_POINT('Origin',(77.9347510870005,-239.610597485827,240.616280524864));
#8523=CARTESIAN_POINT('',(79.5124766007281,-239.610597485827,242.88232977469));
#8524=CARTESIAN_POINT('Origin',(77.9347510870005,-239.610597485827,242.616280524864));
#8525=CARTESIAN_POINT('',(78.9540192528715,-239.610597485827,243.849606275038));
#8526=CARTESIAN_POINT('Origin',(79.6668018945693,-239.610597485827,243.616280524864));
#8527=CARTESIAN_POINT('',(76.9154829211296,-239.610597485827,243.849606275038));
#8528=CARTESIAN_POINT('Origin',(77.9347510870005,-239.610597485827,242.616280524864));
#8529=CARTESIAN_POINT('Origin',(76.2027002794317,-239.610597485827,243.616280524864));
#8530=CARTESIAN_POINT('',(118.937830619145,-239.610597485827,215.116280524864));
#8531=CARTESIAN_POINT('Origin',(113.437830619145,-239.610597485827,215.116280524864));
#8532=CARTESIAN_POINT('',(88.9378306191454,-239.610597485827,215.116280524864));
#8533=CARTESIAN_POINT('Origin',(83.4378306191454,-239.610597485827,215.116280524864));
#8534=CARTESIAN_POINT('',(126.737830205108,-239.610597485827,246.915277654504));
#8535=CARTESIAN_POINT('Origin',(128.437830205108,-239.610597485827,246.915277654504));
#8536=CARTESIAN_POINT('',(66.7378302051083,-239.610597485827,246.915277654504));
#8537=CARTESIAN_POINT('Origin',(68.4378302051083,-239.610597485827,246.915277654504));
#8538=CARTESIAN_POINT('Origin',(63.4378302051083,-247.610597485827,251.915277654504));
#8539=CARTESIAN_POINT('Origin',(105.937830205108,-247.610597485827,249.816280524864));
#8540=CARTESIAN_POINT('',(103.137830205108,-247.610597485827,249.816280524864));
#8541=CARTESIAN_POINT('Origin',(90.937830205108,-247.610597485827,249.816280524864));
#8542=CARTESIAN_POINT('',(88.137830205108,-247.610597485827,249.816280524864));
#8543=CARTESIAN_POINT('Origin',(128.437830205108,-247.610597485827,246.915277654504));
#8544=CARTESIAN_POINT('',(126.737830205108,-247.610597485827,246.915277654504));
#8545=CARTESIAN_POINT('Origin',(133.437830205108,-247.610597485827,251.915277654504));
#8546=CARTESIAN_POINT('',(137.895474632557,-247.610597485827,241.616280524864));
#8547=CARTESIAN_POINT('Origin',(67.637830205108,-247.610597485827,226.944999232754));
#8548=CARTESIAN_POINT('',(63.4378302051083,-247.610597485827,241.915277654504));
#8549=CARTESIAN_POINT('',(67.637830205108,-247.610597485827,226.944999232754));
#8550=CARTESIAN_POINT('Origin',(68.4378302051083,-247.610597485827,246.915277654504));
#8551=CARTESIAN_POINT('',(66.7378302051083,-247.610597485827,246.915277654504));
#8552=CARTESIAN_POINT('Origin',(63.4378302051083,-247.610597485827,241.915277654504));
#8553=CARTESIAN_POINT('Origin',(83.4378306191454,-239.610597485827,215.116280524864));
#8554=CARTESIAN_POINT('',(88.9378306191454,-244.610597485827,215.116280524864));
#8555=CARTESIAN_POINT('',(88.9378306191454,-239.610597485827,215.116280524864));
#8556=CARTESIAN_POINT('Origin',(83.4378306191454,-244.610597485827,215.116280524864));
#8557=CARTESIAN_POINT('Origin',(83.4378306191454,-244.610597485827,215.116280524864));
#8558=CARTESIAN_POINT('Origin',(113.437830619145,-239.610597485827,215.116280524864));
#8559=CARTESIAN_POINT('',(118.937830619145,-244.610597485827,215.116280524864));
#8560=CARTESIAN_POINT('',(118.937830619145,-239.610597485827,215.116280524864));
#8561=CARTESIAN_POINT('Origin',(113.437830619145,-244.610597485827,215.116280524864));
#8562=CARTESIAN_POINT('Origin',(113.437830619145,-244.610597485827,215.116280524864));
#8563=CARTESIAN_POINT('Origin',(98.4378302051078,-247.610597485827,222.016280524864));
#8564=CARTESIAN_POINT('',(95.6378302051078,-247.610597485827,222.016280524864));
#8565=CARTESIAN_POINT('Origin',(119.001696987751,-246.110597485827,194.213434516791));
#8566=CARTESIAN_POINT('',(111.67099171257,-244.610597485827,182.116280524864));
#8567=CARTESIAN_POINT('',(112.363812035597,-247.610597485827,182.116280524864));
#8568=CARTESIAN_POINT('',(110.054410958839,-244.610597485827,179.316280524864));
#8569=CARTESIAN_POINT('',(118.741889366616,-244.610597485827,194.363434516791));
#8570=CARTESIAN_POINT('',(110.054410958839,-244.610597485827,179.316280524864));
#8571=CARTESIAN_POINT('Origin',(97.2644593527615,-246.110597485827,195.269126532937));
#8572=CARTESIAN_POINT('',(106.821249451377,-244.610597485827,179.316280524864));
#8573=CARTESIAN_POINT('',(105.204668697646,-244.610597485827,182.116280524864));
#8574=CARTESIAN_POINT('',(97.5242669738969,-244.610597485827,195.419126532937));
#8575=CARTESIAN_POINT('',(105.204668697646,-244.610597485827,182.116280524864));
#8576=CARTESIAN_POINT('',(106.821249451377,-244.610597485827,179.316280524864));
#8577=CARTESIAN_POINT('Origin',(112.824049107422,-246.110597485827,195.913434516791));
#8578=CARTESIAN_POINT('',(106.821249451377,-244.610597485827,184.916280524864));
#8579=CARTESIAN_POINT('',(113.083856728557,-244.610597485827,195.763434516791));
#8580=CARTESIAN_POINT('',(106.821249451377,-244.610597485827,184.916280524864));
#8581=CARTESIAN_POINT('Origin',(104.793950935105,-246.110597485827,185.216280524864));
#8582=CARTESIAN_POINT('',(110.054410958839,-244.610597485827,184.916280524864));
#8583=CARTESIAN_POINT('',(104.793950935105,-244.610597485827,184.916280524864));
#8584=CARTESIAN_POINT('',(110.054410958839,-244.610597485827,184.916280524864));
#8585=CARTESIAN_POINT('Origin',(101.82552647936,-246.110597485827,199.769126532937));
#8586=CARTESIAN_POINT('',(101.565718858224,-244.610597485827,199.619126532937));
#8587=CARTESIAN_POINT('Origin',(106.410531688836,-246.110597485827,179.016280524864));
#8588=CARTESIAN_POINT('',(106.410531688836,-244.610597485827,179.316280524864));
#8589=CARTESIAN_POINT('Origin',(106.821249451377,-247.610597485827,184.916280524864));
#8590=CARTESIAN_POINT('',(106.821249451377,-242.610597485827,184.916280524864));
#8591=CARTESIAN_POINT('',(106.821249451377,-247.610597485827,184.916280524864));
#8592=CARTESIAN_POINT('',(110.054410958839,-242.610597485827,184.916280524864));
#8593=CARTESIAN_POINT('',(107.629539828242,-242.610597485827,184.916280524864));
#8594=CARTESIAN_POINT('',(110.054410958839,-247.610597485827,184.916280524864));
#8595=CARTESIAN_POINT('Origin',(105.204668697646,-247.610597485827,182.116280524864));
#8596=CARTESIAN_POINT('',(105.204668697646,-242.610597485827,182.116280524864));
#8597=CARTESIAN_POINT('',(105.204668697646,-247.610597485827,182.116280524864));
#8598=CARTESIAN_POINT('',(105.608813886079,-242.610597485827,182.816280524864));
#8599=CARTESIAN_POINT('Origin',(106.821249451377,-247.610597485827,179.316280524864));
#8600=CARTESIAN_POINT('',(106.821249451377,-242.610597485827,179.316280524864));
#8601=CARTESIAN_POINT('',(106.821249451377,-247.610597485827,179.316280524864));
#8602=CARTESIAN_POINT('',(106.417104262944,-242.610597485827,180.016280524864));
#8603=CARTESIAN_POINT('Origin',(101.501696987751,-246.110597485827,198.543561535713));
#8604=CARTESIAN_POINT('',(91.6709917125699,-244.610597485827,182.116280524864));
#8605=CARTESIAN_POINT('',(92.3638120355974,-247.610597485827,182.116280524864));
#8606=CARTESIAN_POINT('',(90.0544109588389,-244.610597485827,179.316280524864));
#8607=CARTESIAN_POINT('',(101.241889366616,-244.610597485827,198.693561535713));
#8608=CARTESIAN_POINT('',(90.0544109588389,-244.610597485827,179.316280524864));
#8609=CARTESIAN_POINT('Origin',(79.7644593527615,-246.110597485827,190.938999514015));
#8610=CARTESIAN_POINT('',(86.8212494513769,-244.610597485827,179.316280524864));
#8611=CARTESIAN_POINT('',(85.204668697646,-244.610597485827,182.116280524864));
#8612=CARTESIAN_POINT('',(80.0242669738968,-244.610597485827,191.088999514015));
#8613=CARTESIAN_POINT('',(85.204668697646,-244.610597485827,182.116280524864));
#8614=CARTESIAN_POINT('',(86.8212494513769,-244.610597485827,179.316280524864));
#8615=CARTESIAN_POINT('Origin',(95.3240491074219,-246.110597485827,200.243561535713));
#8616=CARTESIAN_POINT('',(86.8212494513769,-244.610597485827,184.916280524864));
#8617=CARTESIAN_POINT('',(95.5838567285573,-244.610597485827,200.093561535713));
#8618=CARTESIAN_POINT('',(86.8212494513769,-244.610597485827,184.916280524864));
#8619=CARTESIAN_POINT('Origin',(94.7939509351047,-246.110597485827,185.216280524864));
#8620=CARTESIAN_POINT('',(90.0544109588389,-244.610597485827,184.916280524864));
#8621=CARTESIAN_POINT('',(94.7939509351047,-244.610597485827,184.916280524864));
#8622=CARTESIAN_POINT('',(90.0544109588389,-244.610597485827,184.916280524864));
#8623=CARTESIAN_POINT('Origin',(84.3255264793596,-246.110597485827,195.438999514015));
#8624=CARTESIAN_POINT('',(84.0657188582243,-244.610597485827,195.288999514015));
#8625=CARTESIAN_POINT('Origin',(96.4105316888357,-246.110597485827,179.016280524864));
#8626=CARTESIAN_POINT('',(96.4105316888357,-244.610597485827,179.316280524864));
#8627=CARTESIAN_POINT('Origin',(86.8212494513769,-247.610597485827,184.916280524864));
#8628=CARTESIAN_POINT('',(86.8212494513769,-242.610597485827,184.916280524864));
#8629=CARTESIAN_POINT('',(86.8212494513769,-247.610597485827,184.916280524864));
#8630=CARTESIAN_POINT('',(90.0544109588389,-242.610597485827,184.916280524864));
#8631=CARTESIAN_POINT('',(87.6295398282424,-242.610597485827,184.916280524864));
#8632=CARTESIAN_POINT('',(90.0544109588389,-247.610597485827,184.916280524864));
#8633=CARTESIAN_POINT('Origin',(85.204668697646,-247.610597485827,182.116280524864));
#8634=CARTESIAN_POINT('',(85.204668697646,-242.610597485827,182.116280524864));
#8635=CARTESIAN_POINT('',(85.204668697646,-247.610597485827,182.116280524864));
#8636=CARTESIAN_POINT('',(85.6088138860788,-242.610597485827,182.816280524864));
#8637=CARTESIAN_POINT('Origin',(86.8212494513769,-247.610597485827,179.316280524864));
#8638=CARTESIAN_POINT('',(86.8212494513769,-242.610597485827,179.316280524864));
#8639=CARTESIAN_POINT('',(86.8212494513769,-247.610597485827,179.316280524864));
#8640=CARTESIAN_POINT('',(86.4171042629442,-242.610597485827,180.016280524864));
#8641=CARTESIAN_POINT('Origin',(96.9726407963896,-246.110597485827,208.854063023476));
#8642=CARTESIAN_POINT('',(100.054410958839,-244.610597485827,202.916280524864));
#8643=CARTESIAN_POINT('',(101.67099171257,-244.610597485827,200.116280524864));
#8644=CARTESIAN_POINT('',(96.7128331752542,-244.610597485827,208.704063023476));
#8645=CARTESIAN_POINT('',(101.67099171257,-244.610597485827,200.116280524864));
#8646=CARTESIAN_POINT('',(100.054410958839,-244.610597485827,202.916280524864));
#8647=CARTESIAN_POINT('Origin',(101.410531688836,-246.110597485827,197.016280524864));
#8648=CARTESIAN_POINT('',(100.054410958839,-244.610597485827,197.316280524864));
#8649=CARTESIAN_POINT('',(100.400821120353,-247.610597485827,196.716280524864));
#8650=CARTESIAN_POINT('',(96.821249451377,-244.610597485827,197.316280524864));
#8651=CARTESIAN_POINT('',(101.410531688836,-244.610597485827,197.316280524864));
#8652=CARTESIAN_POINT('',(96.821249451377,-244.610597485827,197.316280524864));
#8653=CARTESIAN_POINT('Origin',(106.354582670721,-246.110597485827,207.628498026252));
#8654=CARTESIAN_POINT('',(106.094775049586,-244.610597485827,207.778498026252));
#8655=CARTESIAN_POINT('Origin',(92.4115736697915,-246.110597485827,204.354063023476));
#8656=CARTESIAN_POINT('',(95.204668697646,-244.610597485827,200.116280524864));
#8657=CARTESIAN_POINT('',(92.6713812909268,-244.610597485827,204.504063023476));
#8658=CARTESIAN_POINT('',(95.204668697646,-244.610597485827,200.116280524864));
#8659=CARTESIAN_POINT('Origin',(100.176934790392,-246.110597485827,209.328498026252));
#8660=CARTESIAN_POINT('',(96.821249451377,-244.610597485827,202.916280524864));
#8661=CARTESIAN_POINT('',(100.436742411527,-244.610597485827,209.178498026252));
#8662=CARTESIAN_POINT('',(96.821249451377,-244.610597485827,202.916280524864));
#8663=CARTESIAN_POINT('Origin',(99.7939509351047,-246.110597485827,203.216280524864));
#8664=CARTESIAN_POINT('',(99.7939509351047,-244.610597485827,202.916280524864));
#8665=CARTESIAN_POINT('Origin',(95.204668697646,-247.610597485827,200.116280524864));
#8666=CARTESIAN_POINT('',(95.204668697646,-242.610597485827,200.116280524864));
#8667=CARTESIAN_POINT('',(95.204668697646,-247.610597485827,200.116280524864));
#8668=CARTESIAN_POINT('',(96.821249451377,-242.610597485827,202.916280524864));
#8669=CARTESIAN_POINT('',(95.6088138860788,-242.610597485827,200.816280524864));
#8670=CARTESIAN_POINT('',(96.821249451377,-247.610597485827,202.916280524864));
#8671=CARTESIAN_POINT('Origin',(96.821249451377,-247.610597485827,197.316280524864));
#8672=CARTESIAN_POINT('',(96.821249451377,-242.610597485827,197.316280524864));
#8673=CARTESIAN_POINT('',(96.821249451377,-247.610597485827,197.316280524864));
#8674=CARTESIAN_POINT('',(96.4171042629442,-242.610597485827,198.016280524864));
#8675=CARTESIAN_POINT('Origin',(100.054410958839,-247.610597485827,197.316280524864));
#8676=CARTESIAN_POINT('',(100.054410958839,-242.610597485827,197.316280524864));
#8677=CARTESIAN_POINT('',(100.054410958839,-247.610597485827,197.316280524864));
#8678=CARTESIAN_POINT('',(99.2461205819734,-242.610597485827,197.316280524864));
#8679=CARTESIAN_POINT('Origin',(76.2027002794317,-247.110597485827,243.616280524864));
#8680=CARTESIAN_POINT('',(76.3570255732729,-246.610597485827,242.88232977469));
#8681=CARTESIAN_POINT('Ctrl Pts',(76.5106276559143,-247.610597485826,243.345576385973));
#8682=CARTESIAN_POINT('Ctrl Pts',(76.5043531469454,-247.600664192427,243.333323916547));
#8683=CARTESIAN_POINT('Ctrl Pts',(76.4987516139226,-247.589113931074,243.321992588886));
#8684=CARTESIAN_POINT('Ctrl Pts',(76.4562014147231,-247.4883712765,243.233866258096));
#8685=CARTESIAN_POINT('Ctrl Pts',(76.4344154813827,-247.353026745208,243.174572611961));
#8686=CARTESIAN_POINT('Ctrl Pts',(76.3892950536803,-247.044134290506,243.040125691246));
#8687=CARTESIAN_POINT('Ctrl Pts',(76.3703581274407,-246.830095776655,242.961394500065));
#8688=CARTESIAN_POINT('Ctrl Pts',(76.3570255732729,-246.610597485827,242.88232977469));
#8689=CARTESIAN_POINT('',(76.9154829211296,-246.610597485827,243.849606275038));
#8690=CARTESIAN_POINT('Origin',(76.2027002794317,-246.610597485827,243.616280524864));
#8691=CARTESIAN_POINT('Ctrl Pts',(76.9154829211295,-246.610597485827,243.849606275038));
#8692=CARTESIAN_POINT('Ctrl Pts',(76.853677137496,-246.830095776655,243.798527581744));
#8693=CARTESIAN_POINT('Ctrl Pts',(76.7949623889823,-247.044134290506,243.74276212696));
#8694=CARTESIAN_POINT('Ctrl Pts',(76.701088154034,-247.353026745208,243.636463229983));
#8695=CARTESIAN_POINT('Ctrl Pts',(76.6606313168682,-247.4883712765,243.587949235198));
#8696=CARTESIAN_POINT('Ctrl Pts',(76.6055867752617,-247.589113931074,243.50703651636));
#8697=CARTESIAN_POINT('Ctrl Pts',(76.59857432416,-247.600664192427,243.496519782631));
#8698=CARTESIAN_POINT('Ctrl Pts',(76.591100628862,-247.610597485826,243.484959663755));
#8699=CARTESIAN_POINT('Origin',(76.2027002794317,-241.610597485827,243.616280524864));
#8700=CARTESIAN_POINT('',(76.3570255732729,-241.610597485827,242.88232977469));
#8701=CARTESIAN_POINT('',(76.9154829211296,-241.610597485827,243.849606275038));
#8702=CARTESIAN_POINT('Origin',(79.6668018945693,-247.110597485827,243.616280524864));
#8703=CARTESIAN_POINT('',(78.9540192528715,-246.610597485827,243.849606275038));
#8704=CARTESIAN_POINT('Ctrl Pts',(79.278401545139,-247.610597485827,243.484959663755));
#8705=CARTESIAN_POINT('Ctrl Pts',(79.2709278498411,-247.600664192427,243.496519782632));
#8706=CARTESIAN_POINT('Ctrl Pts',(79.2639153987394,-247.589113931075,243.50703651636));
#8707=CARTESIAN_POINT('Ctrl Pts',(79.2088708571329,-247.4883712765,243.587949235198));
#8708=CARTESIAN_POINT('Ctrl Pts',(79.1684140199671,-247.353026745208,243.636463229983));
#8709=CARTESIAN_POINT('Ctrl Pts',(79.0745397850187,-247.044134290506,243.74276212696));
#8710=CARTESIAN_POINT('Ctrl Pts',(79.015825036505,-246.830095776655,243.798527581744));
#8711=CARTESIAN_POINT('Ctrl Pts',(78.9540192528715,-246.610597485827,243.849606275038));
#8712=CARTESIAN_POINT('',(79.5124766007281,-246.610597485827,242.88232977469));
#8713=CARTESIAN_POINT('Origin',(79.6668018945693,-246.610597485827,243.616280524864));
#8714=CARTESIAN_POINT('Ctrl Pts',(79.5124766007281,-246.610597485827,242.88232977469));
#8715=CARTESIAN_POINT('Ctrl Pts',(79.4991440465604,-246.830095776655,242.961394500065));
#8716=CARTESIAN_POINT('Ctrl Pts',(79.4802071203208,-247.044134290506,243.040125691246));
#8717=CARTESIAN_POINT('Ctrl Pts',(79.4350866926184,-247.353026745208,243.174572611961));
#8718=CARTESIAN_POINT('Ctrl Pts',(79.413300759278,-247.4883712765,243.233866258096));
#8719=CARTESIAN_POINT('Ctrl Pts',(79.3707505600785,-247.589113931075,243.321992588886));
#8720=CARTESIAN_POINT('Ctrl Pts',(79.3651490270557,-247.600664192427,243.333323916547));
#8721=CARTESIAN_POINT('Ctrl Pts',(79.3588745180869,-247.610597485827,243.345576385973));
#8722=CARTESIAN_POINT('Origin',(79.6668018945693,-241.610597485827,243.616280524864));
#8723=CARTESIAN_POINT('',(78.9540192528715,-241.610597485827,243.849606275038));
#8724=CARTESIAN_POINT('',(79.5124766007281,-241.610597485827,242.88232977469));
#8725=CARTESIAN_POINT('Origin',(77.9347510870005,-247.110597485827,240.616280524864));
#8726=CARTESIAN_POINT('',(78.4932084348572,-246.610597485827,241.116905524864));
#8727=CARTESIAN_POINT('Ctrl Pts',(78.015224059948,-247.610597485827,241.018305524864));
#8728=CARTESIAN_POINT('Ctrl Pts',(78.0289722642149,-247.600664192427,241.018997875414));
#8729=CARTESIAN_POINT('Ctrl Pts',(78.0415862483396,-247.589113931074,241.019812469347));
#8730=CARTESIAN_POINT('Ctrl Pts',(78.1391809891456,-247.4883712765,241.027026081299));
#8731=CARTESIAN_POINT('Ctrl Pts',(78.2014237596519,-247.353026745208,241.037805732648));
#8732=CARTESIAN_POINT('Ctrl Pts',(78.3404184223026,-247.044134290506,241.065953756386));
#8733=CARTESIAN_POINT('Ctrl Pts',(78.4180700970559,-246.830095776655,241.088919492784));
#8734=CARTESIAN_POINT('Ctrl Pts',(78.4932084348571,-246.610597485827,241.116905524864));
#8735=CARTESIAN_POINT('',(77.3762937391439,-246.610597485827,241.116905524864));
#8736=CARTESIAN_POINT('Origin',(77.9347510870005,-246.610597485827,240.616280524864));
#8737=CARTESIAN_POINT('Ctrl Pts',(77.376293739144,-246.610597485827,241.116905524864));
#8738=CARTESIAN_POINT('Ctrl Pts',(77.4514320769452,-246.830095776655,241.088919492784));
#8739=CARTESIAN_POINT('Ctrl Pts',(77.5290837516985,-247.044134290506,241.065953756386));
#8740=CARTESIAN_POINT('Ctrl Pts',(77.6680784143492,-247.353026745208,241.037805732649));
#8741=CARTESIAN_POINT('Ctrl Pts',(77.7303211848555,-247.4883712765,241.027026081299));
#8742=CARTESIAN_POINT('Ctrl Pts',(77.8279159256615,-247.589113931074,241.019812469347));
#8743=CARTESIAN_POINT('Ctrl Pts',(77.8405299097861,-247.600664192427,241.018997875414));
#8744=CARTESIAN_POINT('Ctrl Pts',(77.8542781140531,-247.610597485827,241.018305524864));
#8745=CARTESIAN_POINT('Origin',(77.9347510870005,-241.610597485827,240.616280524864));
#8746=CARTESIAN_POINT('',(78.4932084348572,-241.610597485827,241.116905524864));
#8747=CARTESIAN_POINT('',(77.3762937391439,-241.610597485827,241.116905524864));
#8748=CARTESIAN_POINT('Origin',(115.202700279432,-247.110597485827,249.016280524864));
#8749=CARTESIAN_POINT('',(115.357025573273,-246.610597485827,248.28232977469));
#8750=CARTESIAN_POINT('Ctrl Pts',(115.510627655914,-247.610597485827,248.745576385973));
#8751=CARTESIAN_POINT('Ctrl Pts',(115.504353146945,-247.600664192427,248.733323916547));
#8752=CARTESIAN_POINT('Ctrl Pts',(115.498751613923,-247.589113931074,248.721992588886));
#8753=CARTESIAN_POINT('Ctrl Pts',(115.456201414723,-247.4883712765,248.633866258096));
#8754=CARTESIAN_POINT('Ctrl Pts',(115.434415481383,-247.353026745208,248.574572611961));
#8755=CARTESIAN_POINT('Ctrl Pts',(115.38929505368,-247.044134290506,248.440125691246));
#8756=CARTESIAN_POINT('Ctrl Pts',(115.370358127441,-246.830095776655,248.361394500065));
#8757=CARTESIAN_POINT('Ctrl Pts',(115.357025573273,-246.610597485827,248.28232977469));
#8758=CARTESIAN_POINT('',(115.91548292113,-246.610597485827,249.249606275038));
#8759=CARTESIAN_POINT('Origin',(115.202700279432,-246.610597485827,249.016280524864));
#8760=CARTESIAN_POINT('Ctrl Pts',(115.91548292113,-246.610597485827,249.249606275038));
#8761=CARTESIAN_POINT('Ctrl Pts',(115.853677137496,-246.830095776655,249.198527581744));
#8762=CARTESIAN_POINT('Ctrl Pts',(115.794962388982,-247.044134290506,249.14276212696));
#8763=CARTESIAN_POINT('Ctrl Pts',(115.701088154034,-247.353026745208,249.036463229983));
#8764=CARTESIAN_POINT('Ctrl Pts',(115.660631316868,-247.4883712765,248.987949235198));
#8765=CARTESIAN_POINT('Ctrl Pts',(115.605586775262,-247.589113931074,248.90703651636));
#8766=CARTESIAN_POINT('Ctrl Pts',(115.59857432416,-247.600664192427,248.896519782631));
#8767=CARTESIAN_POINT('Ctrl Pts',(115.591100628862,-247.610597485827,248.884959663755));
#8768=CARTESIAN_POINT('Origin',(115.202700279432,-241.610597485827,249.016280524864));
#8769=CARTESIAN_POINT('',(115.357025573273,-241.610597485827,248.28232977469));
#8770=CARTESIAN_POINT('',(115.91548292113,-241.610597485827,249.249606275038));
#8771=CARTESIAN_POINT('Origin',(116.934751087001,-247.110597485827,246.016280524864));
#8772=CARTESIAN_POINT('',(117.493208434857,-246.610597485827,246.516905524864));
#8773=CARTESIAN_POINT('Ctrl Pts',(117.015224059948,-247.610597485827,246.418305524864));
#8774=CARTESIAN_POINT('Ctrl Pts',(117.028972264215,-247.600664192427,246.418997875414));
#8775=CARTESIAN_POINT('Ctrl Pts',(117.04158624834,-247.589113931074,246.419812469347));
#8776=CARTESIAN_POINT('Ctrl Pts',(117.139180989146,-247.4883712765,246.427026081299));
#8777=CARTESIAN_POINT('Ctrl Pts',(117.201423759652,-247.353026745208,246.437805732648));
#8778=CARTESIAN_POINT('Ctrl Pts',(117.340418422303,-247.044134290506,246.465953756386));
#8779=CARTESIAN_POINT('Ctrl Pts',(117.418070097056,-246.830095776655,246.488919492784));
#8780=CARTESIAN_POINT('Ctrl Pts',(117.493208434857,-246.610597485827,246.516905524864));
#8781=CARTESIAN_POINT('',(116.376293739144,-246.610597485827,246.516905524864));
#8782=CARTESIAN_POINT('Origin',(116.934751087001,-246.610597485827,246.016280524864));
#8783=CARTESIAN_POINT('Ctrl Pts',(116.376293739144,-246.610597485827,246.516905524864));
#8784=CARTESIAN_POINT('Ctrl Pts',(116.451432076945,-246.830095776655,246.488919492784));
#8785=CARTESIAN_POINT('Ctrl Pts',(116.529083751699,-247.044134290506,246.465953756386));
#8786=CARTESIAN_POINT('Ctrl Pts',(116.668078414349,-247.353026745208,246.437805732648));
#8787=CARTESIAN_POINT('Ctrl Pts',(116.730321184855,-247.4883712765,246.427026081299));
#8788=CARTESIAN_POINT('Ctrl Pts',(116.827915925662,-247.589113931074,246.419812469347));
#8789=CARTESIAN_POINT('Ctrl Pts',(116.840529909786,-247.600664192427,246.418997875414));
#8790=CARTESIAN_POINT('Ctrl Pts',(116.854278114053,-247.610597485827,246.418305524864));
#8791=CARTESIAN_POINT('Origin',(116.934751087001,-241.610597485827,246.016280524864));
#8792=CARTESIAN_POINT('',(117.493208434857,-241.610597485827,246.516905524864));
#8793=CARTESIAN_POINT('',(116.376293739144,-241.610597485827,246.516905524864));
#8794=CARTESIAN_POINT('Origin',(118.666801894569,-247.110597485827,249.016280524864));
#8795=CARTESIAN_POINT('',(117.954019252872,-246.610597485827,249.249606275038));
#8796=CARTESIAN_POINT('Ctrl Pts',(118.278401545139,-247.610597485827,248.884959663755));
#8797=CARTESIAN_POINT('Ctrl Pts',(118.270927849841,-247.600664192427,248.896519782632));
#8798=CARTESIAN_POINT('Ctrl Pts',(118.263915398739,-247.589113931075,248.90703651636));
#8799=CARTESIAN_POINT('Ctrl Pts',(118.208870857133,-247.4883712765,248.987949235198));
#8800=CARTESIAN_POINT('Ctrl Pts',(118.168414019967,-247.353026745208,249.036463229983));
#8801=CARTESIAN_POINT('Ctrl Pts',(118.074539785019,-247.044134290506,249.14276212696));
#8802=CARTESIAN_POINT('Ctrl Pts',(118.015825036505,-246.830095776655,249.198527581744));
#8803=CARTESIAN_POINT('Ctrl Pts',(117.954019252871,-246.610597485827,249.249606275038));
#8804=CARTESIAN_POINT('',(118.512476600728,-246.610597485827,248.28232977469));
#8805=CARTESIAN_POINT('Origin',(118.666801894569,-246.610597485827,249.016280524864));
#8806=CARTESIAN_POINT('Ctrl Pts',(118.512476600728,-246.610597485827,248.28232977469));
#8807=CARTESIAN_POINT('Ctrl Pts',(118.49914404656,-246.830095776655,248.361394500065));
#8808=CARTESIAN_POINT('Ctrl Pts',(118.480207120321,-247.044134290506,248.440125691246));
#8809=CARTESIAN_POINT('Ctrl Pts',(118.435086692618,-247.353026745208,248.574572611961));
#8810=CARTESIAN_POINT('Ctrl Pts',(118.413300759278,-247.4883712765,248.633866258096));
#8811=CARTESIAN_POINT('Ctrl Pts',(118.370750560078,-247.589113931075,248.721992588886));
#8812=CARTESIAN_POINT('Ctrl Pts',(118.365149027056,-247.600664192427,248.733323916547));
#8813=CARTESIAN_POINT('Ctrl Pts',(118.358874518087,-247.610597485827,248.745576385973));
#8814=CARTESIAN_POINT('Origin',(118.666801894569,-241.610597485827,249.016280524864));
#8815=CARTESIAN_POINT('',(117.954019252872,-241.610597485827,249.249606275038));
#8816=CARTESIAN_POINT('',(118.512476600728,-241.610597485827,248.28232977469));
#8817=CARTESIAN_POINT('Origin',(77.9347510870005,-241.610597485827,242.616280524864));
#8818=CARTESIAN_POINT('Origin',(77.9347510870005,-241.610597485827,242.616280524864));
#8819=CARTESIAN_POINT('Origin',(77.9347510870005,-241.610597485827,242.616280524864));
#8820=CARTESIAN_POINT('Origin',(116.934751087001,-241.610597485827,248.016280524864));
#8821=CARTESIAN_POINT('Origin',(116.934751087001,-241.610597485827,248.016280524864));
#8822=CARTESIAN_POINT('Origin',(116.934751087001,-241.610597485827,248.016280524864));
#8823=CARTESIAN_POINT('Origin',(93.437830205108,-254.310597485827,179.116280524864));
#8824=CARTESIAN_POINT('',(93.437830205108,-254.310597485827,179.116280524864));
#8825=CARTESIAN_POINT('',(93.437830205108,-251.310597485827,176.116280524864));
#8826=CARTESIAN_POINT('',(93.437830205108,-254.310597485827,179.116280524864));
#8827=CARTESIAN_POINT('',(103.437830205108,-251.310597485827,176.116280524864));
#8828=CARTESIAN_POINT('',(93.437830205108,-251.310597485827,176.116280524864));
#8829=CARTESIAN_POINT('',(103.437830205108,-254.310597485827,179.116280524864));
#8830=CARTESIAN_POINT('',(103.437830205108,-254.310597485827,179.116280524864));
#8831=CARTESIAN_POINT('',(93.437830205108,-254.310597485827,179.116280524864));
#8832=CARTESIAN_POINT('Origin',(93.437830205108,-254.310597485827,189.116280524864));
#8833=CARTESIAN_POINT('',(93.437830205108,-254.310597485827,187.616280524864));
#8834=CARTESIAN_POINT('',(93.437830205108,-254.310597485827,179.116280524864));
#8835=CARTESIAN_POINT('',(103.437830205108,-254.310597485827,187.616280524864));
#8836=CARTESIAN_POINT('',(103.437830205108,-254.310597485827,179.116280524864));
#8837=CARTESIAN_POINT('',(93.437830205108,-254.310597485827,187.616280524864));
#8838=CARTESIAN_POINT('Origin',(93.437830205108,-253.876282910776,187.616280524864));
#8839=CARTESIAN_POINT('',(93.437830205108,-252.376282910776,187.616280524864));
#8840=CARTESIAN_POINT('',(93.437830205108,-247.743440198301,187.616280524864));
#8841=CARTESIAN_POINT('',(103.437830205108,-252.376282910776,187.616280524864));
#8842=CARTESIAN_POINT('',(103.437830205108,-247.743440198301,187.616280524864));
#8843=CARTESIAN_POINT('',(93.437830205108,-252.376282910776,187.616280524864));
#8844=CARTESIAN_POINT('Origin',(93.437830205108,-249.876282910776,185.116280524864));
#8845=CARTESIAN_POINT('',(93.437830205108,-249.876282910776,185.116280524864));
#8846=CARTESIAN_POINT('',(93.437830205108,-254.893440198301,190.13343781239));
#8847=CARTESIAN_POINT('',(103.437830205108,-249.876282910776,185.116280524864));
#8848=CARTESIAN_POINT('',(103.437830205108,-254.893440198301,190.13343781239));
#8849=CARTESIAN_POINT('',(93.437830205108,-249.876282910776,185.116280524864));
#8850=CARTESIAN_POINT('Origin',(93.437830205108,-241.610597485827,185.116280524864));
#8851=CARTESIAN_POINT('',(93.437830205108,-249.413373123559,185.116280524864));
#8852=CARTESIAN_POINT('',(103.437830205108,-249.413373123559,185.116280524864));
#8853=CARTESIAN_POINT('Origin',(93.437830205108,-241.610597485827,213.233629411593));
#8854=CARTESIAN_POINT('',(93.437830205108,-241.610597485827,176.116280524864));
#8855=CARTESIAN_POINT('Origin',(103.437830205108,-241.610597485827,185.416280524864));
#8856=CARTESIAN_POINT('',(103.437830205108,-241.610597485827,176.116280524864));
#8857=CARTESIAN_POINT('Origin',(133.095474632557,-247.610597485827,198.116280524864));
#8858=CARTESIAN_POINT('',(134.795474632557,-244.610597485827,198.116280524864));
#8859=CARTESIAN_POINT('',(134.795474632557,-247.610597485827,198.116280524864));
#8860=CARTESIAN_POINT('Origin',(133.095474632557,-244.610597485827,198.116280524864));
#8861=CARTESIAN_POINT('Origin',(72.437830205108,-247.610597485827,229.716280524864));
#8862=CARTESIAN_POINT('',(74.137830205108,-244.610597485827,229.716280524864));
#8863=CARTESIAN_POINT('',(74.137830205108,-247.610597485827,229.716280524864));
#8864=CARTESIAN_POINT('Origin',(72.437830205108,-244.610597485827,229.716280524864));
#8865=CARTESIAN_POINT('Origin',(133.0762864141,-244.610597485827,198.126393070223));
#8866=CARTESIAN_POINT('',(130.274559265398,-244.610597485827,199.739978617246));
#8867=CARTESIAN_POINT('',(130.278016764848,-244.610597485827,196.506818958486));
#8868=CARTESIAN_POINT('',(130.278016764848,-244.610597485827,196.506818958486));
#8869=CARTESIAN_POINT('',(133.07282891465,-244.610597485827,201.359552728983));
#8870=CARTESIAN_POINT('',(130.274559265398,-244.610597485827,199.739978617246));
#8871=CARTESIAN_POINT('',(135.874556063352,-244.610597485827,199.745967181961));
#8872=CARTESIAN_POINT('',(133.07282891465,-244.610597485827,201.359552728983));
#8873=CARTESIAN_POINT('',(135.878013562802,-244.610597485827,196.512807523201));
#8874=CARTESIAN_POINT('',(135.874556063352,-244.610597485827,199.745967181961));
#8875=CARTESIAN_POINT('',(133.07974391355,-244.610597485827,194.893233411464));
#8876=CARTESIAN_POINT('',(135.878013562802,-244.610597485827,196.512807523201));
#8877=CARTESIAN_POINT('',(133.07974391355,-244.610597485827,194.893233411464));
#8878=CARTESIAN_POINT('Origin',(130.278016764848,-241.610597485827,196.506818958486));
#8879=CARTESIAN_POINT('',(130.278016764848,-242.610597485827,196.506818958486));
#8880=CARTESIAN_POINT('',(133.07974391355,-242.610597485827,194.893233411464));
#8881=CARTESIAN_POINT('',(114.886496579509,-242.610597485827,205.371184829827));
#8882=CARTESIAN_POINT('',(130.278016764848,-241.610597485827,196.506818958486));
#8883=CARTESIAN_POINT('',(133.07974391355,-241.610597485827,194.893233411464));
#8884=CARTESIAN_POINT('Origin',(133.07974391355,-241.610597485827,194.893233411464));
#8885=CARTESIAN_POINT('',(135.878013562802,-242.610597485827,196.512807523201));
#8886=CARTESIAN_POINT('',(127.150706032479,-242.610597485827,191.461642655991));
#8887=CARTESIAN_POINT('',(135.878013562802,-241.610597485827,196.512807523201));
#8888=CARTESIAN_POINT('Origin',(135.878013562802,-241.610597485827,196.512807523201));
#8889=CARTESIAN_POINT('',(135.874556063352,-242.610597485827,199.745967181961));
#8890=CARTESIAN_POINT('',(135.865480957387,-242.610597485827,208.232235054182));
#8891=CARTESIAN_POINT('',(135.874556063352,-241.610597485827,199.745967181961));
#8892=CARTESIAN_POINT('Origin',(72.437830205108,-244.610597485827,229.716280524864));
#8893=CARTESIAN_POINT('',(75.23955735381,-244.610597485827,228.102694977842));
#8894=CARTESIAN_POINT('',(75.2360998543598,-244.610597485827,231.335854636602));
#8895=CARTESIAN_POINT('',(75.2360998543598,-244.610597485827,231.335854636602));
#8896=CARTESIAN_POINT('',(72.4412877045583,-244.610597485827,226.483120866104));
#8897=CARTESIAN_POINT('',(75.23955735381,-244.610597485827,228.102694977842));
#8898=CARTESIAN_POINT('',(69.6395605558561,-244.610597485827,228.096706413127));
#8899=CARTESIAN_POINT('',(72.4412877045583,-244.610597485827,226.483120866104));
#8900=CARTESIAN_POINT('',(69.636103056406,-244.610597485827,231.329866071887));
#8901=CARTESIAN_POINT('',(69.6395605558561,-244.610597485827,228.096706413127));
#8902=CARTESIAN_POINT('',(72.4343727056577,-244.610597485827,232.949440183624));
#8903=CARTESIAN_POINT('',(69.636103056406,-244.610597485827,231.329866071887));
#8904=CARTESIAN_POINT('',(72.4343727056577,-244.610597485827,232.949440183624));
#8905=CARTESIAN_POINT('Origin',(72.4343727056577,-241.610597485827,232.949440183624));
#8906=CARTESIAN_POINT('',(72.4343727056577,-242.610597485827,232.949440183624));
#8907=CARTESIAN_POINT('',(69.636103056406,-242.610597485827,231.329866071887));
#8908=CARTESIAN_POINT('',(80.9696835760039,-242.610597485827,237.889481800035));
#8909=CARTESIAN_POINT('',(72.4343727056577,-241.610597485827,232.949440183624));
#8910=CARTESIAN_POINT('',(69.636103056406,-241.610597485827,231.329866071887));
#8911=CARTESIAN_POINT('Origin',(69.636103056406,-241.610597485827,231.329866071887));
#8912=CARTESIAN_POINT('',(69.6395605558561,-242.610597485827,228.096706413127));
#8913=CARTESIAN_POINT('',(69.6422247642306,-242.610597485827,225.605365152677));
#8914=CARTESIAN_POINT('',(69.6395605558561,-241.610597485827,228.096706413127));
#8915=CARTESIAN_POINT('Origin',(69.6395605558561,-241.610597485827,228.096706413127));
#8916=CARTESIAN_POINT('',(72.4412877045583,-242.610597485827,226.483120866104));
#8917=CARTESIAN_POINT('',(83.8464733877038,-242.610597485827,219.914585886545));
#8918=CARTESIAN_POINT('',(72.4412877045583,-241.610597485827,226.483120866104));
#8919=CARTESIAN_POINT('Origin',(72.4412877045583,-241.610597485827,226.483120866104));
#8920=CARTESIAN_POINT('',(75.23955735381,-242.610597485827,228.102694977842));
#8921=CARTESIAN_POINT('',(82.3757333995302,-242.610597485827,232.232949538384));
#8922=CARTESIAN_POINT('',(75.23955735381,-241.610597485827,228.102694977842));
#8923=CARTESIAN_POINT('Origin',(75.23955735381,-241.610597485827,228.102694977842));
#8924=CARTESIAN_POINT('',(75.2360998543598,-242.610597485827,231.335854636602));
#8925=CARTESIAN_POINT('',(75.2439503119095,-242.610597485827,223.994773888012));
#8926=CARTESIAN_POINT('',(75.2360998543598,-241.610597485827,231.335854636602));
#8927=CARTESIAN_POINT('Origin',(75.2360998543598,-241.610597485827,231.335854636602));
#8928=CARTESIAN_POINT('',(88.0421491118562,-242.610597485827,223.960526883531));
#8929=CARTESIAN_POINT('Origin',(75.3439502547301,-242.110597485827,223.994880826668));
#8930=CARTESIAN_POINT('',(75.23955735381,-242.610597485827,228.102694977842));
#8931=CARTESIAN_POINT('',(75.4359762578777,-241.610597485827,231.451538501726));
#8932=CARTESIAN_POINT('Origin',(80.9195909930012,-242.110597485827,237.976030821566));
#8933=CARTESIAN_POINT('',(69.4359796886415,-241.610597485827,231.445122182388));
#8934=CARTESIAN_POINT('',(72.4341257414113,-241.610597485827,233.180380159249));
#8935=CARTESIAN_POINT('Origin',(69.54222482141,-242.110597485827,225.605258214022));
#8936=CARTESIAN_POINT('',(69.4396841523382,-241.610597485827,227.981022548003));
#8937=CARTESIAN_POINT('Origin',(83.7965660278859,-242.110597485827,219.827929926358));
#8938=CARTESIAN_POINT('',(72.4415346688046,-241.610597485827,226.252180890479));
#8939=CARTESIAN_POINT('Origin',(82.4258259825329,-242.110597485827,232.146400516852));
#8940=CARTESIAN_POINT('Origin',(88.0920564716742,-242.110597485827,224.047182843719));
#8941=CARTESIAN_POINT('Origin',(135.874556063352,-241.610597485827,199.745967181961));
#8942=CARTESIAN_POINT('',(133.07282891465,-242.610597485827,201.359552728983));
#8943=CARTESIAN_POINT('',(119.082172303662,-242.610597485827,209.417125826813));
#8944=CARTESIAN_POINT('',(133.07282891465,-241.610597485827,201.359552728983));
#8945=CARTESIAN_POINT('Origin',(133.07282891465,-241.610597485827,201.359552728983));
#8946=CARTESIAN_POINT('',(130.274559265398,-242.610597485827,199.739978617246));
#8947=CARTESIAN_POINT('',(125.744656208953,-242.610597485827,197.118174917641));
#8948=CARTESIAN_POINT('',(130.274559265398,-241.610597485827,199.739978617246));
#8949=CARTESIAN_POINT('Origin',(130.274559265398,-241.610597485827,199.739978617246));
#8950=CARTESIAN_POINT('',(130.263755409708,-242.610597485827,209.842826318847));
#8951=CARTESIAN_POINT('Origin',(130.163755466888,-242.110597485827,209.842719380191));
#8952=CARTESIAN_POINT('',(130.07814036133,-241.610597485827,196.391135093362));
#8953=CARTESIAN_POINT('',(130.274559265398,-242.610597485827,199.739978617246));
#8954=CARTESIAN_POINT('Origin',(114.836589219691,-242.110597485827,205.28452886964));
#8955=CARTESIAN_POINT('',(133.079990877797,-241.610597485827,194.662293435838));
#8956=CARTESIAN_POINT('Origin',(127.200798615482,-242.110597485827,191.375093634459));
#8957=CARTESIAN_POINT('',(136.078136930566,-241.610597485827,196.397551412699));
#8958=CARTESIAN_POINT('Origin',(125.69456362595,-242.110597485827,197.204723939173));
#8959=CARTESIAN_POINT('',(133.072581950403,-241.610597485827,201.590492704609));
#8960=CARTESIAN_POINT('Origin',(135.965480900208,-242.110597485827,208.232341992837));
#8961=CARTESIAN_POINT('',(136.07443246687,-241.610597485827,199.861651047085));
#8962=CARTESIAN_POINT('Origin',(119.13207966348,-242.110597485827,209.503781787001));
#8963=CARTESIAN_POINT('Origin',(133.037830205108,-241.610597485827,229.716280524864));
#8964=CARTESIAN_POINT('',(134.737830205108,-244.610597485827,229.716280524864));
#8965=CARTESIAN_POINT('Origin',(133.037830205108,-244.610597485827,229.716280524864));
#8966=CARTESIAN_POINT('',(134.737830205108,-241.610597485827,229.716280524864));
#8967=CARTESIAN_POINT('Origin',(133.037830205108,-244.610597485827,229.716280524864));
#8968=CARTESIAN_POINT('',(130.236103056406,-244.610597485827,231.329866071887));
#8969=CARTESIAN_POINT('',(130.239560555856,-244.610597485827,228.096706413127));
#8970=CARTESIAN_POINT('',(130.239560555856,-244.610597485827,228.096706413127));
#8971=CARTESIAN_POINT('',(133.034372705658,-244.610597485827,232.949440183624));
#8972=CARTESIAN_POINT('',(130.236103056406,-244.610597485827,231.329866071887));
#8973=CARTESIAN_POINT('',(135.83609985436,-244.610597485827,231.335854636602));
#8974=CARTESIAN_POINT('',(133.034372705658,-244.610597485827,232.949440183624));
#8975=CARTESIAN_POINT('',(135.83955735381,-244.610597485827,228.102694977842));
#8976=CARTESIAN_POINT('',(135.83609985436,-244.610597485827,231.335854636602));
#8977=CARTESIAN_POINT('',(133.041287704558,-244.610597485827,226.483120866104));
#8978=CARTESIAN_POINT('',(135.83955735381,-244.610597485827,228.102694977842));
#8979=CARTESIAN_POINT('',(133.041287704558,-244.610597485827,226.483120866104));
#8980=CARTESIAN_POINT('Origin',(133.041287704558,-241.610597485827,226.483120866104));
#8981=CARTESIAN_POINT('',(133.041287704558,-242.610597485827,226.483120866104));
#8982=CARTESIAN_POINT('',(135.83955735381,-242.610597485827,228.102694977842));
#8983=CARTESIAN_POINT('',(120.27881202134,-242.610597485827,219.096493482377));
#8984=CARTESIAN_POINT('',(133.041287704558,-241.610597485827,226.483120866104));
#8985=CARTESIAN_POINT('',(135.83955735381,-241.610597485827,228.102694977842));
#8986=CARTESIAN_POINT('Origin',(135.83955735381,-241.610597485827,228.102694977842));
#8987=CARTESIAN_POINT('',(135.83609985436,-242.610597485827,231.335854636602));
#8988=CARTESIAN_POINT('',(135.843915661205,-242.610597485827,224.027176282139));
#8989=CARTESIAN_POINT('',(135.83609985436,-241.610597485827,231.335854636602));
#8990=CARTESIAN_POINT('Origin',(135.83609985436,-241.610597485827,231.335854636602));
#8991=CARTESIAN_POINT('',(133.034372705658,-242.610597485827,232.949440183624));
#8992=CARTESIAN_POINT('',(125.889105140751,-242.610597485827,237.064580545411));
#8993=CARTESIAN_POINT('',(133.034372705658,-241.610597485827,232.949440183624));
#8994=CARTESIAN_POINT('Origin',(133.034372705658,-241.610597485827,232.949440183624));
#8995=CARTESIAN_POINT('',(130.236103056406,-242.610597485827,231.329866071887));
#8996=CARTESIAN_POINT('',(118.872762197814,-242.610597485827,224.753025744027));
#8997=CARTESIAN_POINT('',(130.236103056406,-241.610597485827,231.329866071887));
#8998=CARTESIAN_POINT('Origin',(130.236103056406,-241.610597485827,231.329866071887));
#8999=CARTESIAN_POINT('',(130.239560555856,-242.610597485827,228.096706413127));
#9000=CARTESIAN_POINT('',(130.242190113526,-242.610597485827,225.637767546804));
#9001=CARTESIAN_POINT('',(130.239560555856,-241.610597485827,228.096706413127));
#9002=CARTESIAN_POINT('Origin',(130.239560555856,-241.610597485827,228.096706413127));
#9003=CARTESIAN_POINT('',(121.693429416599,-242.610597485827,233.018639548426));
#9004=CARTESIAN_POINT('Origin',(125.939012500569,-242.110597485827,237.151236505599));
#9005=CARTESIAN_POINT('',(133.034125741411,-241.610597485827,233.180380159249));
#9006=CARTESIAN_POINT('',(136.035976257878,-241.610597485827,231.451538501726));
#9007=CARTESIAN_POINT('Origin',(130.142190170705,-242.110597485827,225.637660608149));
#9008=CARTESIAN_POINT('',(130.236103056406,-242.610597485827,231.329866071887));
#9009=CARTESIAN_POINT('',(130.039684152338,-241.610597485827,227.981022548003));
#9010=CARTESIAN_POINT('Origin',(118.822669614811,-242.110597485827,224.839574765559));
#9011=CARTESIAN_POINT('Origin',(121.643522056781,-242.110597485827,232.931983588238));
#9012=CARTESIAN_POINT('',(133.041534668805,-241.610597485827,226.252180890479));
#9013=CARTESIAN_POINT('Origin',(120.328904604343,-242.110597485827,219.009944460845));
#9014=CARTESIAN_POINT('',(136.039680721574,-241.610597485827,227.98743886734));
#9015=CARTESIAN_POINT('Origin',(135.943915604026,-242.110597485827,224.027283220795));
#9016=CARTESIAN_POINT('Origin',(83.437830205108,-247.610597485827,176.116280524864));
#9017=CARTESIAN_POINT('',(83.437830205108,-247.610597485827,176.116280524864));
#9018=CARTESIAN_POINT('Origin',(137.895474632557,-247.610597485827,195.344999232754));
#9019=CARTESIAN_POINT('',(113.437830205108,-247.610597485827,176.116280524864));
#9020=CARTESIAN_POINT('',(137.895474632557,-247.610597485827,195.344999232754));
#9021=CARTESIAN_POINT('Origin',(137.895474632557,-247.610597485827,241.616280524864));
#9022=CARTESIAN_POINT('',(137.895474632557,-243.610597485827,220.616280524864));
#9023=CARTESIAN_POINT('',(137.895474632557,-243.610597485827,216.616280524864));
#9024=CARTESIAN_POINT('',(137.895474632557,-243.610597485827,218.616280524864));
#9025=CARTESIAN_POINT('',(137.895474632557,-245.610597485827,216.616280524864));
#9026=CARTESIAN_POINT('',(137.895474632557,-245.610597485827,216.616280524864));
#9027=CARTESIAN_POINT('',(137.895474632557,-245.610597485827,220.616280524864));
#9028=CARTESIAN_POINT('',(137.895474632557,-245.610597485827,218.616280524864));
#9029=CARTESIAN_POINT('',(137.895474632557,-246.610597485827,220.616280524864));
#9030=CARTESIAN_POINT('Origin',(88.437830205108,-241.610597485827,182.116280524864));
#9031=CARTESIAN_POINT('',(90.1378302051079,-242.610597485827,182.116280524864));
#9032=CARTESIAN_POINT('',(90.1378302051079,-241.610597485827,182.116280524864));
#9033=CARTESIAN_POINT('Origin',(88.437830205108,-242.610597485827,182.116280524864));
#9034=CARTESIAN_POINT('Origin',(108.437830205108,-241.610597485827,182.116280524864));
#9035=CARTESIAN_POINT('',(110.137830205108,-242.610597485827,182.116280524864));
#9036=CARTESIAN_POINT('',(110.137830205108,-241.610597485827,182.116280524864));
#9037=CARTESIAN_POINT('Origin',(108.437830205108,-242.610597485827,182.116280524864));
#9038=CARTESIAN_POINT('Origin',(108.437830205108,-242.610597485827,182.116280524864));
#9039=CARTESIAN_POINT('',(111.67099171257,-242.610597485827,182.116280524864));
#9040=CARTESIAN_POINT('',(110.458556147272,-242.610597485827,184.216280524864));
#9041=CARTESIAN_POINT('',(110.054410958839,-242.610597485827,179.316280524864));
#9042=CARTESIAN_POINT('',(109.246120581973,-242.610597485827,179.316280524864));
#9043=CARTESIAN_POINT('',(111.266846524137,-242.610597485827,181.416280524864));
#9044=CARTESIAN_POINT('Origin',(110.054410958839,-247.610597485827,179.316280524864));
#9045=CARTESIAN_POINT('',(110.054410958839,-247.610597485827,179.316280524864));
#9046=CARTESIAN_POINT('Origin',(88.437830205108,-242.610597485827,182.116280524864));
#9047=CARTESIAN_POINT('',(91.6709917125699,-242.610597485827,182.116280524864));
#9048=CARTESIAN_POINT('',(90.4585561472717,-242.610597485827,184.216280524864));
#9049=CARTESIAN_POINT('',(90.0544109588389,-242.610597485827,179.316280524864));
#9050=CARTESIAN_POINT('',(89.2461205819734,-242.610597485827,179.316280524864));
#9051=CARTESIAN_POINT('',(91.2668465241371,-242.610597485827,181.416280524864));
#9052=CARTESIAN_POINT('Origin',(90.0544109588389,-247.610597485827,179.316280524864));
#9053=CARTESIAN_POINT('',(90.0544109588389,-247.610597485827,179.316280524864));
#9054=CARTESIAN_POINT('Origin',(90.0544109588389,-247.610597485827,184.916280524864));
#9055=CARTESIAN_POINT('',(91.6709917125699,-247.610597485827,182.116280524864));
#9056=CARTESIAN_POINT('Origin',(91.6709917125699,-247.610597485827,182.116280524864));
#9057=CARTESIAN_POINT('Origin',(110.054410958839,-247.610597485827,184.916280524864));
#9058=CARTESIAN_POINT('',(111.67099171257,-247.610597485827,182.116280524864));
#9059=CARTESIAN_POINT('Origin',(111.67099171257,-247.610597485827,182.116280524864));
#9060=CARTESIAN_POINT('Origin',(98.437830205108,-247.610597485827,200.116280524864));
#9061=CARTESIAN_POINT('',(96.737830205108,-242.610597485827,200.116280524864));
#9062=CARTESIAN_POINT('Origin',(98.437830205108,-242.610597485827,200.116280524864));
#9063=CARTESIAN_POINT('',(96.737830205108,-247.610597485827,200.116280524864));
#9064=CARTESIAN_POINT('Origin',(98.437830205108,-242.610597485827,200.116280524864));
#9065=CARTESIAN_POINT('',(101.67099171257,-242.610597485827,200.116280524864));
#9066=CARTESIAN_POINT('',(101.266846524137,-242.610597485827,199.416280524864));
#9067=CARTESIAN_POINT('',(100.054410958839,-242.610597485827,202.916280524864));
#9068=CARTESIAN_POINT('',(100.458556147272,-242.610597485827,202.216280524864));
#9069=CARTESIAN_POINT('',(97.6295398282425,-242.610597485827,202.916280524864));
#9070=CARTESIAN_POINT('Origin',(96.821249451377,-247.610597485827,202.916280524864));
#9071=CARTESIAN_POINT('',(100.054410958839,-247.610597485827,202.916280524864));
#9072=CARTESIAN_POINT('Origin',(100.054410958839,-247.610597485827,202.916280524864));
#9073=CARTESIAN_POINT('',(101.67099171257,-247.610597485827,200.116280524864));
#9074=CARTESIAN_POINT('Origin',(101.67099171257,-247.610597485827,200.116280524864));
#9075=CARTESIAN_POINT('Origin',(137.895474632557,-243.610597485827,216.616280524864));
#9076=CARTESIAN_POINT('Origin',(137.895474632557,-247.610597485827,216.616280524864));
#9077=CARTESIAN_POINT('Origin',(137.895474632557,-247.610597485827,216.616280524864));
#9078=CARTESIAN_POINT('Origin',(137.895474632557,-247.610597485827,218.616280524864));
#9079=CARTESIAN_POINT('Origin',(137.895474632557,-247.610597485827,220.616280524864));
#9080=CARTESIAN_POINT('Origin',(137.895474632557,-245.610597485827,220.616280524864));
#9081=CARTESIAN_POINT('Origin',(137.895474632557,-247.610597485827,220.616280524864));
#9082=CARTESIAN_POINT('Origin',(137.895474632557,-247.610597485827,218.616280524864));
#9083=CARTESIAN_POINT('Origin',(93.437830205108,-251.310597485827,176.116280524864));
#9084=CARTESIAN_POINT('Origin',(105.937830205108,-239.610597485827,294.915277654504));
#9085=CARTESIAN_POINT('',(107.637830205108,-235.610597485827,294.915277654504));
#9086=CARTESIAN_POINT('Origin',(105.937830205108,-235.610597485827,294.915277654504));
#9087=CARTESIAN_POINT('',(107.637830205108,-239.610597485827,294.915277654504));
#9088=CARTESIAN_POINT('',(107.637830205108,-239.610597485827,294.915277654504));
#9089=CARTESIAN_POINT('Origin',(105.937830205108,-239.610597485827,294.915277654504));
#9090=CARTESIAN_POINT('Origin',(105.937830205108,-239.610597485827,294.915277654504));
#9091=CARTESIAN_POINT('',(109.437830205108,-235.610597485827,294.915277654504));
#9092=CARTESIAN_POINT('Origin',(105.937830205108,-235.610597485827,294.915277654504));
#9093=CARTESIAN_POINT('',(109.437830205108,-239.610597485827,294.915277654504));
#9094=CARTESIAN_POINT('',(109.437830205108,-239.610597485827,294.915277654504));
#9095=CARTESIAN_POINT('Origin',(105.937830205108,-239.610597485827,294.915277654504));
#9096=CARTESIAN_POINT('Origin',(105.937830205108,-235.610597485827,294.915277654504));
#9097=CARTESIAN_POINT('Origin',(105.937830205108,-239.610597485827,294.915277654504));
#9098=CARTESIAN_POINT('Origin',(90.937830205108,-239.610597485827,294.915277654504));
#9099=CARTESIAN_POINT('',(92.637830205108,-235.610597485827,294.915277654504));
#9100=CARTESIAN_POINT('Origin',(90.937830205108,-235.610597485827,294.915277654504));
#9101=CARTESIAN_POINT('',(92.637830205108,-239.610597485827,294.915277654504));
#9102=CARTESIAN_POINT('',(92.637830205108,-239.610597485827,294.915277654504));
#9103=CARTESIAN_POINT('Origin',(90.937830205108,-239.610597485827,294.915277654504));
#9104=CARTESIAN_POINT('Origin',(90.937830205108,-239.610597485827,294.915277654504));
#9105=CARTESIAN_POINT('',(94.437830205108,-235.610597485827,294.915277654504));
#9106=CARTESIAN_POINT('Origin',(90.937830205108,-235.610597485827,294.915277654504));
#9107=CARTESIAN_POINT('',(94.437830205108,-239.610597485827,294.915277654504));
#9108=CARTESIAN_POINT('',(94.437830205108,-239.610597485827,294.915277654504));
#9109=CARTESIAN_POINT('Origin',(90.937830205108,-239.610597485827,294.915277654504));
#9110=CARTESIAN_POINT('Origin',(90.937830205108,-235.610597485827,294.915277654504));
#9111=CARTESIAN_POINT('Origin',(90.937830205108,-239.610597485827,294.915277654504));
#9112=CARTESIAN_POINT('Origin',(98.437830205108,-239.610597485827,277.915277654504));
#9113=CARTESIAN_POINT('',(100.137830205108,-235.610597485827,277.915277654504));
#9114=CARTESIAN_POINT('Origin',(98.437830205108,-235.610597485827,277.915277654504));
#9115=CARTESIAN_POINT('',(100.137830205108,-239.610597485827,277.915277654504));
#9116=CARTESIAN_POINT('',(100.137830205108,-239.610597485827,277.915277654504));
#9117=CARTESIAN_POINT('Origin',(98.437830205108,-239.610597485827,277.915277654504));
#9118=CARTESIAN_POINT('Origin',(98.437830205108,-239.610597485827,277.915277654504));
#9119=CARTESIAN_POINT('',(101.937830205108,-235.610597485827,277.915277654504));
#9120=CARTESIAN_POINT('Origin',(98.437830205108,-235.610597485827,277.915277654504));
#9121=CARTESIAN_POINT('',(101.937830205108,-239.610597485827,277.915277654504));
#9122=CARTESIAN_POINT('',(101.937830205108,-239.610597485827,277.915277654504));
#9123=CARTESIAN_POINT('Origin',(98.437830205108,-239.610597485827,277.915277654504));
#9124=CARTESIAN_POINT('Origin',(98.437830205108,-235.610597485827,277.915277654504));
#9125=CARTESIAN_POINT('Origin',(98.437830205108,-239.610597485827,277.915277654504));
#9126=CARTESIAN_POINT('Origin',(105.937830205108,-234.010597485827,294.915277654504));
#9127=CARTESIAN_POINT('',(107.637830205108,-224.610597485827,294.915277654504));
#9128=CARTESIAN_POINT('Origin',(105.937830205108,-224.610597485827,294.915277654504));
#9129=CARTESIAN_POINT('',(107.637830205108,-234.010597485827,294.915277654504));
#9130=CARTESIAN_POINT('',(107.637830205108,-234.010597485827,294.915277654504));
#9131=CARTESIAN_POINT('Origin',(105.937830205108,-234.010597485827,294.915277654504));
#9132=CARTESIAN_POINT('Origin',(105.937830205108,-234.010597485827,294.915277654504));
#9133=CARTESIAN_POINT('',(109.437830205108,-224.610597485827,294.915277654504));
#9134=CARTESIAN_POINT('Origin',(105.937830205108,-224.610597485827,294.915277654504));
#9135=CARTESIAN_POINT('',(109.437830205108,-234.010597485827,294.915277654504));
#9136=CARTESIAN_POINT('',(109.437830205108,-234.010597485827,294.915277654504));
#9137=CARTESIAN_POINT('Origin',(105.937830205108,-234.010597485827,294.915277654504));
#9138=CARTESIAN_POINT('Origin',(105.937830205108,-224.610597485827,294.915277654504));
#9139=CARTESIAN_POINT('Origin',(105.937830205108,-234.010597485827,294.915277654504));
#9140=CARTESIAN_POINT('Origin',(90.937830205108,-234.010597485827,294.915277654504));
#9141=CARTESIAN_POINT('',(92.637830205108,-224.610597485827,294.915277654504));
#9142=CARTESIAN_POINT('Origin',(90.937830205108,-224.610597485827,294.915277654504));
#9143=CARTESIAN_POINT('',(92.637830205108,-234.010597485827,294.915277654504));
#9144=CARTESIAN_POINT('',(92.637830205108,-234.010597485827,294.915277654504));
#9145=CARTESIAN_POINT('Origin',(90.937830205108,-234.010597485827,294.915277654504));
#9146=CARTESIAN_POINT('Origin',(90.937830205108,-234.010597485827,294.915277654504));
#9147=CARTESIAN_POINT('',(94.437830205108,-224.610597485827,294.915277654504));
#9148=CARTESIAN_POINT('Origin',(90.937830205108,-224.610597485827,294.915277654504));
#9149=CARTESIAN_POINT('',(94.437830205108,-234.010597485827,294.915277654504));
#9150=CARTESIAN_POINT('',(94.437830205108,-234.010597485827,294.915277654504));
#9151=CARTESIAN_POINT('Origin',(90.937830205108,-234.010597485827,294.915277654504));
#9152=CARTESIAN_POINT('Origin',(90.937830205108,-224.610597485827,294.915277654504));
#9153=CARTESIAN_POINT('Origin',(90.937830205108,-234.010597485827,294.915277654504));
#9154=CARTESIAN_POINT('',(9.65894031423886E-14,1.52533651595747E-29,-475.));
#9155=UNCERTAINTY_MEASURE_WITH_UNIT(LENGTH_MEASURE(0.01),#9167,
'DISTANCE_ACCURACY_VALUE',
'Maximum model space distance between geometric entities at asserted c
onnectivities');
#9156=UNCERTAINTY_MEASURE_WITH_UNIT(LENGTH_MEASURE(0.01),#9167,
'DISTANCE_ACCURACY_VALUE',
'Maximum model space distance between geometric entities at asserted c
onnectivities');
#9157=UNCERTAINTY_MEASURE_WITH_UNIT(LENGTH_MEASURE(0.01),#9167,
'DISTANCE_ACCURACY_VALUE',
'Maximum model space distance between geometric entities at asserted c
onnectivities');
#9158=UNCERTAINTY_MEASURE_WITH_UNIT(LENGTH_MEASURE(0.01),#9167,
'DISTANCE_ACCURACY_VALUE',
'Maximum model space distance between geometric entities at asserted c
onnectivities');
#9159=UNCERTAINTY_MEASURE_WITH_UNIT(LENGTH_MEASURE(0.01),#9167,
'DISTANCE_ACCURACY_VALUE',
'Maximum model space distance between geometric entities at asserted c
onnectivities');
#9160=UNCERTAINTY_MEASURE_WITH_UNIT(LENGTH_MEASURE(0.01),#9167,
'DISTANCE_ACCURACY_VALUE',
'Maximum model space distance between geometric entities at asserted c
onnectivities');
#9161=(
GEOMETRIC_REPRESENTATION_CONTEXT(3)
GLOBAL_UNCERTAINTY_ASSIGNED_CONTEXT((#9155))
GLOBAL_UNIT_ASSIGNED_CONTEXT((#9167,#9169,#9170))
REPRESENTATION_CONTEXT('','3D')
);
#9162=(
GEOMETRIC_REPRESENTATION_CONTEXT(3)
GLOBAL_UNCERTAINTY_ASSIGNED_CONTEXT((#9156))
GLOBAL_UNIT_ASSIGNED_CONTEXT((#9167,#9169,#9170))
REPRESENTATION_CONTEXT('','3D')
);
#9163=(
GEOMETRIC_REPRESENTATION_CONTEXT(3)
GLOBAL_UNCERTAINTY_ASSIGNED_CONTEXT((#9157))
GLOBAL_UNIT_ASSIGNED_CONTEXT((#9167,#9169,#9170))
REPRESENTATION_CONTEXT('','3D')
);
#9164=(
GEOMETRIC_REPRESENTATION_CONTEXT(3)
GLOBAL_UNCERTAINTY_ASSIGNED_CONTEXT((#9158))
GLOBAL_UNIT_ASSIGNED_CONTEXT((#9167,#9169,#9170))
REPRESENTATION_CONTEXT('','3D')
);
#9165=(
GEOMETRIC_REPRESENTATION_CONTEXT(3)
GLOBAL_UNCERTAINTY_ASSIGNED_CONTEXT((#9159))
GLOBAL_UNIT_ASSIGNED_CONTEXT((#9167,#9169,#9170))
REPRESENTATION_CONTEXT('','3D')
);
#9166=(
GEOMETRIC_REPRESENTATION_CONTEXT(3)
GLOBAL_UNCERTAINTY_ASSIGNED_CONTEXT((#9160))
GLOBAL_UNIT_ASSIGNED_CONTEXT((#9167,#9169,#9170))
REPRESENTATION_CONTEXT('','3D')
);
#9167=(
LENGTH_UNIT()
NAMED_UNIT(*)
SI_UNIT(.MILLI.,.METRE.)
);
#9168=(
LENGTH_UNIT()
NAMED_UNIT(*)
SI_UNIT($,.METRE.)
);
#9169=(
NAMED_UNIT(*)
PLANE_ANGLE_UNIT()
SI_UNIT($,.RADIAN.)
);
#9170=(
NAMED_UNIT(*)
SI_UNIT($,.STERADIAN.)
SOLID_ANGLE_UNIT()
);
#9171=SHAPE_DEFINITION_REPRESENTATION(#9176,#9185);
#9172=SHAPE_DEFINITION_REPRESENTATION(#9177,#9186);
#9173=SHAPE_DEFINITION_REPRESENTATION(#9178,#9187);
#9174=SHAPE_DEFINITION_REPRESENTATION(#9179,#9188);
#9175=SHAPE_DEFINITION_REPRESENTATION(#9180,#9189);
#9176=PRODUCT_DEFINITION_SHAPE('',$,#9191);
#9177=PRODUCT_DEFINITION_SHAPE('',$,#9192);
#9178=PRODUCT_DEFINITION_SHAPE('',$,#9193);
#9179=PRODUCT_DEFINITION_SHAPE('',$,#9194);
#9180=PRODUCT_DEFINITION_SHAPE('',$,#9195);
#9181=PRODUCT_DEFINITION_SHAPE($,$,#49);
#9182=PRODUCT_DEFINITION_SHAPE($,$,#50);
#9183=PRODUCT_DEFINITION_SHAPE($,$,#51);
#9184=PRODUCT_DEFINITION_SHAPE($,$,#52);
#9185=SHAPE_REPRESENTATION('',(#5501,#5982),#9161);
#9186=SHAPE_REPRESENTATION('',(#5502,#5669),#9162);
#9187=SHAPE_REPRESENTATION('',(#5503,#5668),#9163);
#9188=SHAPE_REPRESENTATION('',(#5504,#5667),#9164);
#9189=SHAPE_REPRESENTATION('',(#5505),#9165);
#9190=PRODUCT_DEFINITION_CONTEXT('part definition',#9207,'design');
#9191=PRODUCT_DEFINITION('NEPTUNE_3_PRO_ASM','Neptune 3 Pro v4',#9196,#9190);
#9192=PRODUCT_DEFINITION('ASM0001_ASM','Neptune 3 mount',#9197,#9190);
#9193=PRODUCT_DEFINITION('X-AXIS_KIT_ASM','Neptune 3 ',#9198,#9190);
#9194=PRODUCT_DEFINITION('FIXING_PLATE_EXTRUDER_KIT_ASM',
'FIXING_PLATE_EXTRUDER_KIT_ASM',#9199,#9190);
#9195=PRODUCT_DEFINITION('FIXING_PLATE_EXTRUDER',
'FIXING_PLATE_EXTRUDER',#9200,#9190);
#9196=PRODUCT_DEFINITION_FORMATION('',$,#9209);
#9197=PRODUCT_DEFINITION_FORMATION('',$,#9210);
#9198=PRODUCT_DEFINITION_FORMATION('',$,#9211);
#9199=PRODUCT_DEFINITION_FORMATION('',$,#9212);
#9200=PRODUCT_DEFINITION_FORMATION('',$,#9213);
#9201=PRODUCT_RELATED_PRODUCT_CATEGORY('Neptune 3 Pro v4',
'Neptune 3 Pro v4',(#9209));
#9202=PRODUCT_RELATED_PRODUCT_CATEGORY('Neptune 3 mount',
'Neptune 3 mount',(#9210));
#9203=PRODUCT_RELATED_PRODUCT_CATEGORY('Neptune 3 ','Neptune 3 ',(#9211));
#9204=PRODUCT_RELATED_PRODUCT_CATEGORY('FIXING_PLATE_EXTRUDER_KIT_ASM',
'FIXING_PLATE_EXTRUDER_KIT_ASM',(#9212));
#9205=PRODUCT_RELATED_PRODUCT_CATEGORY('FIXING_PLATE_EXTRUDER',
'FIXING_PLATE_EXTRUDER',(#9213));
#9206=APPLICATION_PROTOCOL_DEFINITION('international standard',
'automotive_design',2009,#9207);
#9207=APPLICATION_CONTEXT(
'Core Data for Automotive Mechanical Design Process');
#9208=PRODUCT_CONTEXT('part definition',#9207,'mechanical');
#9209=PRODUCT('NEPTUNE_3_PRO_ASM','Neptune 3 Pro v4',$,(#9208));
#9210=PRODUCT('ASM0001_ASM','Neptune 3 mount','NOT SPECIFIED',(#9208));
#9211=PRODUCT('X-AXIS_KIT_ASM','Neptune 3 ','NOT SPECIFIED',(#9208));
#9212=PRODUCT('FIXING_PLATE_EXTRUDER_KIT_ASM',
'FIXING_PLATE_EXTRUDER_KIT_ASM','NOT SPECIFIED',(#9208));
#9213=PRODUCT('FIXING_PLATE_EXTRUDER','FIXING_PLATE_EXTRUDER',
'NOT SPECIFIED',(#9208));
#9214=PRESENTATION_STYLE_ASSIGNMENT((#9216));
#9215=PRESENTATION_STYLE_ASSIGNMENT((#9217));
#9216=SURFACE_STYLE_USAGE(.BOTH.,#9218);
#9217=SURFACE_STYLE_USAGE(.BOTH.,#9219);
#9218=SURFACE_SIDE_STYLE('',(#9220));
#9219=SURFACE_SIDE_STYLE('',(#9221));
#9220=SURFACE_STYLE_FILL_AREA(#9222);
#9221=SURFACE_STYLE_FILL_AREA(#9223);
#9222=FILL_AREA_STYLE('Stahl - satiniert',(#9224));
#9223=FILL_AREA_STYLE('Opaque(160,160,160)',(#9225));
#9224=FILL_AREA_STYLE_COLOUR('Stahl - satiniert',#9226);
#9225=FILL_AREA_STYLE_COLOUR('Opaque(160,160,160)',#9227);
#9226=COLOUR_RGB('Stahl - satiniert',0.627450980392157,0.627450980392157,
0.627450980392157);
#9227=COLOUR_RGB('Opaque(160,160,160)',0.627450980392157,0.627450980392157,
0.627450980392157);
ENDSEC;
END-ISO-10303-21;
