ISO-10303-21;
HEADER;
/* Generated by software containing ST-Developer
 * from STEP Tools, Inc. (www.steptools.com) 
 */

FILE_DESCRIPTION(
/* description */ (''),
/* implementation_level */ '2;1');

FILE_NAME(
/* name */ 'Ender3 printer mounting plate.step',
/* time_stamp */ '2025-09-14T16:33:36+02:00',
/* author */ (''),
/* organization */ (''),
/* preprocessor_version */ 'ST-DEVELOPER v20.1',
/* originating_system */ 'Autodesk Translation Framework v14.17.0.0',
/* authorisation */ '');

FILE_SCHEMA (('AUTOMOTIVE_DESIGN { 1 0 10303 214 3 1 1 }'));
ENDSEC;

DATA;
#10=MECHANICAL_DESIGN_GEOMETRIC_PRESENTATION_REPRESENTATION('',(#133,#134,
#135,#136,#137,#138,#139,#140,#141,#142,#143,#144,#145,#146,#147,#148,#149,
#150,#151,#152,#153,#154,#155,#156,#157),#8541);
#11=ITEM_DEFINED_TRANSFORMATION($,$,#5045,#5311);
#12=ITEM_DEFINED_TRANSFORMATION($,$,#5270,#5312);
#13=ITEM_DEFINED_TRANSFORMATION($,$,#5168,#5313);
#14=ITEM_DEFINED_TRANSFORMATION($,$,#5231,#5314);
#15=ITEM_DEFINED_TRANSFORMATION($,$,#5145,#5315);
#16=ITEM_DEFINED_TRANSFORMATION($,$,#5218,#5316);
#17=ITEM_DEFINED_TRANSFORMATION($,$,#5168,#5317);
#18=ITEM_DEFINED_TRANSFORMATION($,$,#5231,#5318);
#19=ITEM_DEFINED_TRANSFORMATION($,$,#5168,#5319);
#20=ITEM_DEFINED_TRANSFORMATION($,$,#5218,#5320);
#21=ITEM_DEFINED_TRANSFORMATION($,$,#5231,#5321);
#22=ITEM_DEFINED_TRANSFORMATION($,$,#5270,#5322);
#23=ITEM_DEFINED_TRANSFORMATION($,$,#5270,#5323);
#24=ITEM_DEFINED_TRANSFORMATION($,$,#5044,#5324);
#25=ITEM_DEFINED_TRANSFORMATION($,$,#5043,#5531);
#26=ITEM_DEFINED_TRANSFORMATION($,$,#5325,#5532);
#27=(
REPRESENTATION_RELATIONSHIP($,$,#8585,#8584)
REPRESENTATION_RELATIONSHIP_WITH_TRANSFORMATION(#11)
SHAPE_REPRESENTATION_RELATIONSHIP()
);
#28=(
REPRESENTATION_RELATIONSHIP($,$,#8590,#8584)
REPRESENTATION_RELATIONSHIP_WITH_TRANSFORMATION(#12)
SHAPE_REPRESENTATION_RELATIONSHIP()
);
#29=(
REPRESENTATION_RELATIONSHIP($,$,#8587,#8584)
REPRESENTATION_RELATIONSHIP_WITH_TRANSFORMATION(#13)
SHAPE_REPRESENTATION_RELATIONSHIP()
);
#30=(
REPRESENTATION_RELATIONSHIP($,$,#8589,#8584)
REPRESENTATION_RELATIONSHIP_WITH_TRANSFORMATION(#14)
SHAPE_REPRESENTATION_RELATIONSHIP()
);
#31=(
REPRESENTATION_RELATIONSHIP($,$,#8586,#8584)
REPRESENTATION_RELATIONSHIP_WITH_TRANSFORMATION(#15)
SHAPE_REPRESENTATION_RELATIONSHIP()
);
#32=(
REPRESENTATION_RELATIONSHIP($,$,#8588,#8584)
REPRESENTATION_RELATIONSHIP_WITH_TRANSFORMATION(#16)
SHAPE_REPRESENTATION_RELATIONSHIP()
);
#33=(
REPRESENTATION_RELATIONSHIP($,$,#8587,#8584)
REPRESENTATION_RELATIONSHIP_WITH_TRANSFORMATION(#17)
SHAPE_REPRESENTATION_RELATIONSHIP()
);
#34=(
REPRESENTATION_RELATIONSHIP($,$,#8589,#8584)
REPRESENTATION_RELATIONSHIP_WITH_TRANSFORMATION(#18)
SHAPE_REPRESENTATION_RELATIONSHIP()
);
#35=(
REPRESENTATION_RELATIONSHIP($,$,#8587,#8584)
REPRESENTATION_RELATIONSHIP_WITH_TRANSFORMATION(#19)
SHAPE_REPRESENTATION_RELATIONSHIP()
);
#36=(
REPRESENTATION_RELATIONSHIP($,$,#8588,#8584)
REPRESENTATION_RELATIONSHIP_WITH_TRANSFORMATION(#20)
SHAPE_REPRESENTATION_RELATIONSHIP()
);
#37=(
REPRESENTATION_RELATIONSHIP($,$,#8589,#8584)
REPRESENTATION_RELATIONSHIP_WITH_TRANSFORMATION(#21)
SHAPE_REPRESENTATION_RELATIONSHIP()
);
#38=(
REPRESENTATION_RELATIONSHIP($,$,#8590,#8584)
REPRESENTATION_RELATIONSHIP_WITH_TRANSFORMATION(#22)
SHAPE_REPRESENTATION_RELATIONSHIP()
);
#39=(
REPRESENTATION_RELATIONSHIP($,$,#8590,#8584)
REPRESENTATION_RELATIONSHIP_WITH_TRANSFORMATION(#23)
SHAPE_REPRESENTATION_RELATIONSHIP()
);
#40=(
REPRESENTATION_RELATIONSHIP($,$,#8584,#8583)
REPRESENTATION_RELATIONSHIP_WITH_TRANSFORMATION(#24)
SHAPE_REPRESENTATION_RELATIONSHIP()
);
#41=(
REPRESENTATION_RELATIONSHIP($,$,#8583,#8582)
REPRESENTATION_RELATIONSHIP_WITH_TRANSFORMATION(#25)
SHAPE_REPRESENTATION_RELATIONSHIP()
);
#42=(
REPRESENTATION_RELATIONSHIP($,$,#8591,#8582)
REPRESENTATION_RELATIONSHIP_WITH_TRANSFORMATION(#26)
SHAPE_REPRESENTATION_RELATIONSHIP()
);
#43=CONTEXT_DEPENDENT_SHAPE_REPRESENTATION(#27,#8565);
#44=CONTEXT_DEPENDENT_SHAPE_REPRESENTATION(#28,#8566);
#45=CONTEXT_DEPENDENT_SHAPE_REPRESENTATION(#29,#8567);
#46=CONTEXT_DEPENDENT_SHAPE_REPRESENTATION(#30,#8568);
#47=CONTEXT_DEPENDENT_SHAPE_REPRESENTATION(#31,#8569);
#48=CONTEXT_DEPENDENT_SHAPE_REPRESENTATION(#32,#8570);
#49=CONTEXT_DEPENDENT_SHAPE_REPRESENTATION(#33,#8571);
#50=CONTEXT_DEPENDENT_SHAPE_REPRESENTATION(#34,#8572);
#51=CONTEXT_DEPENDENT_SHAPE_REPRESENTATION(#35,#8573);
#52=CONTEXT_DEPENDENT_SHAPE_REPRESENTATION(#36,#8574);
#53=CONTEXT_DEPENDENT_SHAPE_REPRESENTATION(#37,#8575);
#54=CONTEXT_DEPENDENT_SHAPE_REPRESENTATION(#38,#8576);
#55=CONTEXT_DEPENDENT_SHAPE_REPRESENTATION(#39,#8577);
#56=CONTEXT_DEPENDENT_SHAPE_REPRESENTATION(#40,#8578);
#57=CONTEXT_DEPENDENT_SHAPE_REPRESENTATION(#41,#8580);
#58=CONTEXT_DEPENDENT_SHAPE_REPRESENTATION(#42,#8581);
#59=NEXT_ASSEMBLY_USAGE_OCCURRENCE('Mounting plate:1',
'Mounting plate:1','Mounting plate:1',#8595,#8596,'Mounting plate:1');
#60=NEXT_ASSEMBLY_USAGE_OCCURRENCE('m5 nut:1','m5 nut:1','m5 nut:1',#8595,
#8601,'m5 nut:1');
#61=NEXT_ASSEMBLY_USAGE_OCCURRENCE('M5x30:1','M5x30:1','M5x30:1',#8595,
#8598,'M5x30:1');
#62=NEXT_ASSEMBLY_USAGE_OCCURRENCE('rubber wheel:1','rubber wheel:1',
'rubber wheel:1',#8595,#8600,'rubber wheel:1');
#63=NEXT_ASSEMBLY_USAGE_OCCURRENCE('wheel tensioner:1',
'wheel tensioner:1','wheel tensioner:1',#8595,#8597,'wheel tensioner:1');
#64=NEXT_ASSEMBLY_USAGE_OCCURRENCE('wheel standoff:1',
'wheel standoff:1','wheel standoff:1',#8595,#8599,'wheel standoff:1');
#65=NEXT_ASSEMBLY_USAGE_OCCURRENCE('M5x30:2','M5x30:2','M5x30:2',#8595,
#8598,'M5x30:2');
#66=NEXT_ASSEMBLY_USAGE_OCCURRENCE('rubber wheel:2','rubber wheel:2',
'rubber wheel:2',#8595,#8600,'rubber wheel:2');
#67=NEXT_ASSEMBLY_USAGE_OCCURRENCE('M5x30:3','M5x30:3','M5x30:3',#8595,
#8598,'M5x30:3');
#68=NEXT_ASSEMBLY_USAGE_OCCURRENCE('wheel standoff:2',
'wheel standoff:2','wheel standoff:2',#8595,#8599,'wheel standoff:2');
#69=NEXT_ASSEMBLY_USAGE_OCCURRENCE('rubber wheel:3','rubber wheel:3',
'rubber wheel:3',#8595,#8600,'rubber wheel:3');
#70=NEXT_ASSEMBLY_USAGE_OCCURRENCE('m5 nut:2','m5 nut:2','m5 nut:2',#8595,
#8601,'m5 nut:2');
#71=NEXT_ASSEMBLY_USAGE_OCCURRENCE('m5 nut:3','m5 nut:3','m5 nut:3',#8595,
#8601,'m5 nut:3');
#72=NEXT_ASSEMBLY_USAGE_OCCURRENCE('Ender 3 x carriage (1):1',
'Ender 3 x carriage (1):1','Ender 3 x carriage (1):1',#8594,#8595,
'Ender 3 x carriage (1):1');
#73=NEXT_ASSEMBLY_USAGE_OCCURRENCE('Ender 3 x carriage:1',
'Ender 3 x carriage:1','Ender 3 x carriage:1',#8593,#8594,
'Ender 3 x carriage:1');
#74=NEXT_ASSEMBLY_USAGE_OCCURRENCE('Mounting plate base v1:1',
'Mounting plate base v1:1','Mounting plate base v1:1',#8593,#8602,
'Mounting plate base v1:1');
#75=(
BOUNDED_CURVE()
B_SPLINE_CURVE(2,(#7577,#7578,#7579),.UNSPECIFIED.,.F.,.F.)
B_SPLINE_CURVE_WITH_KNOTS((3,3),(0.234283887510097,0.468567775020194),
 .UNSPECIFIED.)
CURVE()
GEOMETRIC_REPRESENTATION_ITEM()
RATIONAL_B_SPLINE_CURVE((1.,1.03795484930204,1.))
REPRESENTATION_ITEM('')
);
#76=(
BOUNDED_CURVE()
B_SPLINE_CURVE(2,(#7580,#7581,#7582),.UNSPECIFIED.,.F.,.F.)
B_SPLINE_CURVE_WITH_KNOTS((3,3),(0.,0.234283887510098),.UNSPECIFIED.)
CURVE()
GEOMETRIC_REPRESENTATION_ITEM()
RATIONAL_B_SPLINE_CURVE((1.,1.03795484930204,1.))
REPRESENTATION_ITEM('')
);
#77=(
BOUNDED_CURVE()
B_SPLINE_CURVE(2,(#7585,#7586,#7587),.UNSPECIFIED.,.F.,.F.)
B_SPLINE_CURVE_WITH_KNOTS((3,3),(0.,0.234283887510097),.UNSPECIFIED.)
CURVE()
GEOMETRIC_REPRESENTATION_ITEM()
RATIONAL_B_SPLINE_CURVE((1.,1.03795484930204,1.))
REPRESENTATION_ITEM('')
);
#78=(
BOUNDED_CURVE()
B_SPLINE_CURVE(2,(#7588,#7589,#7590),.UNSPECIFIED.,.F.,.F.)
B_SPLINE_CURVE_WITH_KNOTS((3,3),(0.234283887510098,0.468567775020195),
 .UNSPECIFIED.)
CURVE()
GEOMETRIC_REPRESENTATION_ITEM()
RATIONAL_B_SPLINE_CURVE((1.,1.03795484930206,1.))
REPRESENTATION_ITEM('')
);
#79=(
BOUNDED_CURVE()
B_SPLINE_CURVE(2,(#7593,#7594,#7595),.UNSPECIFIED.,.F.,.F.)
B_SPLINE_CURVE_WITH_KNOTS((3,3),(0.234283887510097,0.468567775020195),
 .UNSPECIFIED.)
CURVE()
GEOMETRIC_REPRESENTATION_ITEM()
RATIONAL_B_SPLINE_CURVE((1.,1.03795484930204,1.))
REPRESENTATION_ITEM('')
);
#80=(
BOUNDED_CURVE()
B_SPLINE_CURVE(2,(#7596,#7597,#7598),.UNSPECIFIED.,.F.,.F.)
B_SPLINE_CURVE_WITH_KNOTS((3,3),(0.,0.234283887510097),.UNSPECIFIED.)
CURVE()
GEOMETRIC_REPRESENTATION_ITEM()
RATIONAL_B_SPLINE_CURVE((1.,1.03795484930204,1.))
REPRESENTATION_ITEM('')
);
#81=(
BOUNDED_CURVE()
B_SPLINE_CURVE(2,(#7601,#7602,#7603),.UNSPECIFIED.,.F.,.F.)
B_SPLINE_CURVE_WITH_KNOTS((3,3),(0.,0.234283887510097),.UNSPECIFIED.)
CURVE()
GEOMETRIC_REPRESENTATION_ITEM()
RATIONAL_B_SPLINE_CURVE((1.,1.03795484930205,1.))
REPRESENTATION_ITEM('')
);
#82=(
BOUNDED_CURVE()
B_SPLINE_CURVE(2,(#7604,#7605,#7606),.UNSPECIFIED.,.F.,.F.)
B_SPLINE_CURVE_WITH_KNOTS((3,3),(0.234283887510097,0.468567775020193),
 .UNSPECIFIED.)
CURVE()
GEOMETRIC_REPRESENTATION_ITEM()
RATIONAL_B_SPLINE_CURVE((1.,1.03795484930205,1.))
REPRESENTATION_ITEM('')
);
#83=(
BOUNDED_CURVE()
B_SPLINE_CURVE(2,(#7609,#7610,#7611),.UNSPECIFIED.,.F.,.F.)
B_SPLINE_CURVE_WITH_KNOTS((3,3),(0.234283887510097,0.468567775020195),
 .UNSPECIFIED.)
CURVE()
GEOMETRIC_REPRESENTATION_ITEM()
RATIONAL_B_SPLINE_CURVE((1.,1.03795484930204,1.))
REPRESENTATION_ITEM('')
);
#84=(
BOUNDED_CURVE()
B_SPLINE_CURVE(2,(#7612,#7613,#7614),.UNSPECIFIED.,.F.,.F.)
B_SPLINE_CURVE_WITH_KNOTS((3,3),(0.,0.234283887510097),.UNSPECIFIED.)
CURVE()
GEOMETRIC_REPRESENTATION_ITEM()
RATIONAL_B_SPLINE_CURVE((1.,1.03795484930204,1.))
REPRESENTATION_ITEM('')
);
#85=(
BOUNDED_CURVE()
B_SPLINE_CURVE(2,(#7617,#7618,#7619),.UNSPECIFIED.,.F.,.F.)
B_SPLINE_CURVE_WITH_KNOTS((3,3),(0.234283887510097,0.468567775020194),
 .UNSPECIFIED.)
CURVE()
GEOMETRIC_REPRESENTATION_ITEM()
RATIONAL_B_SPLINE_CURVE((1.,1.03795484930206,1.))
REPRESENTATION_ITEM('')
);
#86=(
BOUNDED_CURVE()
B_SPLINE_CURVE(2,(#7620,#7621,#7622),.UNSPECIFIED.,.F.,.F.)
B_SPLINE_CURVE_WITH_KNOTS((3,3),(0.,0.234283887510097),.UNSPECIFIED.)
CURVE()
GEOMETRIC_REPRESENTATION_ITEM()
RATIONAL_B_SPLINE_CURVE((1.,1.03795484930205,1.))
REPRESENTATION_ITEM('')
);
#87=(
BOUNDED_CURVE()
B_SPLINE_CURVE(2,(#7625,#7626,#7627),.UNSPECIFIED.,.F.,.F.)
B_SPLINE_CURVE_WITH_KNOTS((3,3),(0.,0.234283887510098),.UNSPECIFIED.)
CURVE()
GEOMETRIC_REPRESENTATION_ITEM()
RATIONAL_B_SPLINE_CURVE((1.,1.03795484930205,1.))
REPRESENTATION_ITEM('')
);
#88=(
BOUNDED_CURVE()
B_SPLINE_CURVE(2,(#7628,#7629,#7630),.UNSPECIFIED.,.F.,.F.)
B_SPLINE_CURVE_WITH_KNOTS((3,3),(0.234283887510097,0.468567775020195),
 .UNSPECIFIED.)
CURVE()
GEOMETRIC_REPRESENTATION_ITEM()
RATIONAL_B_SPLINE_CURVE((1.,1.03795484930205,1.))
REPRESENTATION_ITEM('')
);
#89=(
BOUNDED_CURVE()
B_SPLINE_CURVE(2,(#7633,#7634,#7635),.UNSPECIFIED.,.F.,.F.)
B_SPLINE_CURVE_WITH_KNOTS((3,3),(0.234283887510097,0.468567775020193),
 .UNSPECIFIED.)
CURVE()
GEOMETRIC_REPRESENTATION_ITEM()
RATIONAL_B_SPLINE_CURVE((1.,1.03795484930203,1.))
REPRESENTATION_ITEM('')
);
#90=(
BOUNDED_CURVE()
B_SPLINE_CURVE(2,(#7636,#7637,#7638),.UNSPECIFIED.,.F.,.F.)
B_SPLINE_CURVE_WITH_KNOTS((3,3),(0.,0.234283887510097),.UNSPECIFIED.)
CURVE()
GEOMETRIC_REPRESENTATION_ITEM()
RATIONAL_B_SPLINE_CURVE((1.,1.03795484930203,1.))
REPRESENTATION_ITEM('')
);
#91=(
BOUNDED_CURVE()
B_SPLINE_CURVE(2,(#7641,#7642,#7643),.UNSPECIFIED.,.F.,.F.)
B_SPLINE_CURVE_WITH_KNOTS((3,3),(0.,0.234283887510097),.UNSPECIFIED.)
CURVE()
GEOMETRIC_REPRESENTATION_ITEM()
RATIONAL_B_SPLINE_CURVE((1.,1.03795484930204,1.))
REPRESENTATION_ITEM('')
);
#92=(
BOUNDED_CURVE()
B_SPLINE_CURVE(2,(#7644,#7645,#7646),.UNSPECIFIED.,.F.,.F.)
B_SPLINE_CURVE_WITH_KNOTS((3,3),(0.234283887510098,0.468567775020195),
 .UNSPECIFIED.)
CURVE()
GEOMETRIC_REPRESENTATION_ITEM()
RATIONAL_B_SPLINE_CURVE((1.,1.03795484930203,1.))
REPRESENTATION_ITEM('')
);
#93=(
BOUNDED_CURVE()
B_SPLINE_CURVE(2,(#7649,#7650,#7651),.UNSPECIFIED.,.F.,.F.)
B_SPLINE_CURVE_WITH_KNOTS((3,3),(0.,0.234283887510097),.UNSPECIFIED.)
CURVE()
GEOMETRIC_REPRESENTATION_ITEM()
RATIONAL_B_SPLINE_CURVE((1.,1.03795484930204,1.))
REPRESENTATION_ITEM('')
);
#94=(
BOUNDED_CURVE()
B_SPLINE_CURVE(2,(#7652,#7653,#7654),.UNSPECIFIED.,.F.,.F.)
B_SPLINE_CURVE_WITH_KNOTS((3,3),(0.234283887510097,0.468567775020195),
 .UNSPECIFIED.)
CURVE()
GEOMETRIC_REPRESENTATION_ITEM()
RATIONAL_B_SPLINE_CURVE((1.,1.03795484930204,1.))
REPRESENTATION_ITEM('')
);
#95=(
BOUNDED_CURVE()
B_SPLINE_CURVE(2,(#7657,#7658,#7659),.UNSPECIFIED.,.F.,.F.)
B_SPLINE_CURVE_WITH_KNOTS((3,3),(0.234283887510097,0.468567775020194),
 .UNSPECIFIED.)
CURVE()
GEOMETRIC_REPRESENTATION_ITEM()
RATIONAL_B_SPLINE_CURVE((1.,1.03795484930205,1.))
REPRESENTATION_ITEM('')
);
#96=(
BOUNDED_CURVE()
B_SPLINE_CURVE(2,(#7660,#7661,#7662),.UNSPECIFIED.,.F.,.F.)
B_SPLINE_CURVE_WITH_KNOTS((3,3),(0.,0.234283887510097),.UNSPECIFIED.)
CURVE()
GEOMETRIC_REPRESENTATION_ITEM()
RATIONAL_B_SPLINE_CURVE((1.,1.03795484930204,1.))
REPRESENTATION_ITEM('')
);
#97=(
BOUNDED_CURVE()
B_SPLINE_CURVE(2,(#7665,#7666,#7667),.UNSPECIFIED.,.F.,.F.)
B_SPLINE_CURVE_WITH_KNOTS((3,3),(0.234283887510097,0.468567775020194),
 .UNSPECIFIED.)
CURVE()
GEOMETRIC_REPRESENTATION_ITEM()
RATIONAL_B_SPLINE_CURVE((1.,1.03795484930205,1.))
REPRESENTATION_ITEM('')
);
#98=(
BOUNDED_CURVE()
B_SPLINE_CURVE(2,(#7668,#7669,#7670),.UNSPECIFIED.,.F.,.F.)
B_SPLINE_CURVE_WITH_KNOTS((3,3),(0.,0.234283887510097),.UNSPECIFIED.)
CURVE()
GEOMETRIC_REPRESENTATION_ITEM()
RATIONAL_B_SPLINE_CURVE((1.,1.03795484930204,1.))
REPRESENTATION_ITEM('')
);
#99=TOROIDAL_SURFACE('',#5204,4.28236694675581,0.2);
#100=SPHERICAL_SURFACE('',#5200,5.02666666666667);
#101=B_SPLINE_CURVE_WITH_KNOTS('',3,(#7362,#7363,#7364,#7365),
 .UNSPECIFIED.,.F.,.F.,(4,4),(-0.0249410829509679,0.),.UNSPECIFIED.);
#102=B_SPLINE_CURVE_WITH_KNOTS('',3,(#7366,#7367,#7368,#7369),
 .UNSPECIFIED.,.F.,.F.,(4,4),(-0.0249410829509658,0.),.UNSPECIFIED.);
#103=B_SPLINE_CURVE_WITH_KNOTS('',3,(#7373,#7374,#7375,#7376),
 .UNSPECIFIED.,.F.,.F.,(4,4),(-0.0249410829509859,0.),.UNSPECIFIED.);
#104=B_SPLINE_CURVE_WITH_KNOTS('',3,(#7382,#7383,#7384,#7385),
 .UNSPECIFIED.,.F.,.F.,(4,4),(-0.0249410829509872,0.),.UNSPECIFIED.);
#105=B_SPLINE_CURVE_WITH_KNOTS('',3,(#7388,#7389,#7390,#7391),
 .UNSPECIFIED.,.F.,.F.,(4,4),(-0.0249410030844246,0.),.UNSPECIFIED.);
#106=B_SPLINE_CURVE_WITH_KNOTS('',3,(#7396,#7397,#7398,#7399),
 .UNSPECIFIED.,.F.,.F.,(4,4),(-0.0249410829510224,0.),.UNSPECIFIED.);
#107=B_SPLINE_CURVE_WITH_KNOTS('',3,(#7884,#7885,#7886,#7887,#7888,#7889,
#7890,#7891),.UNSPECIFIED.,.F.,.F.,(4,2,2,4),(1.85190067722807,1.85669522270978,
1.89403530298057,1.95866273638535),.UNSPECIFIED.);
#108=B_SPLINE_CURVE_WITH_KNOTS('',3,(#7894,#7895,#7896,#7897,#7898,#7899,
#7900,#7901),.UNSPECIFIED.,.F.,.F.,(4,2,2,4),(1.72824149540099,1.79286892880578,
1.83020900907657,1.83500355455827),.UNSPECIFIED.);
#109=B_SPLINE_CURVE_WITH_KNOTS('',3,(#7910,#7911,#7912,#7913,#7914,#7915,
#7916,#7917),.UNSPECIFIED.,.F.,.F.,(4,2,2,4),(1.85190067722808,1.85669522270979,
1.89403530298057,1.95866273638536),.UNSPECIFIED.);
#110=B_SPLINE_CURVE_WITH_KNOTS('',3,(#7920,#7921,#7922,#7923,#7924,#7925,
#7926,#7927),.UNSPECIFIED.,.F.,.F.,(4,2,2,4),(1.728241495401,1.79286892880579,
1.83020900907657,1.83500355455828),.UNSPECIFIED.);
#111=B_SPLINE_CURVE_WITH_KNOTS('',3,(#7936,#7937,#7938,#7939,#7940,#7941,
#7942,#7943),.UNSPECIFIED.,.F.,.F.,(4,2,2,4),(1.85190067722808,1.85669522270979,
1.89403530298057,1.95866273638536),.UNSPECIFIED.);
#112=B_SPLINE_CURVE_WITH_KNOTS('',3,(#7946,#7947,#7948,#7949,#7950,#7951,
#7952,#7953),.UNSPECIFIED.,.F.,.F.,(4,2,2,4),(1.728241495401,1.79286892880579,
1.83020900907657,1.83500355455828),.UNSPECIFIED.);
#113=B_SPLINE_CURVE_WITH_KNOTS('',3,(#7962,#7963,#7964,#7965,#7966,#7967,
#7968,#7969),.UNSPECIFIED.,.F.,.F.,(4,2,2,4),(1.85190067722807,1.85669522270978,
1.89403530298057,1.95866273638536),.UNSPECIFIED.);
#114=B_SPLINE_CURVE_WITH_KNOTS('',3,(#7972,#7973,#7974,#7975,#7976,#7977,
#7978,#7979),.UNSPECIFIED.,.F.,.F.,(4,2,2,4),(1.72824149540099,1.79286892880578,
1.83020900907657,1.83500355455828),.UNSPECIFIED.);
#115=B_SPLINE_CURVE_WITH_KNOTS('',3,(#7988,#7989,#7990,#7991,#7992,#7993,
#7994,#7995),.UNSPECIFIED.,.F.,.F.,(4,2,2,4),(1.85190067722808,1.85669522270979,
1.89403530298058,1.95866273638537),.UNSPECIFIED.);
#116=B_SPLINE_CURVE_WITH_KNOTS('',3,(#7998,#7999,#8000,#8001,#8002,#8003,
#8004,#8005),.UNSPECIFIED.,.F.,.F.,(4,2,2,4),(1.728241495401,1.79286892880579,
1.83020900907658,1.83500355455828),.UNSPECIFIED.);
#117=B_SPLINE_CURVE_WITH_KNOTS('',3,(#8014,#8015,#8016,#8017,#8018,#8019,
#8020,#8021),.UNSPECIFIED.,.F.,.F.,(4,2,2,4),(1.85190067722808,1.85669522270979,
1.89403530298057,1.95866273638536),.UNSPECIFIED.);
#118=B_SPLINE_CURVE_WITH_KNOTS('',3,(#8024,#8025,#8026,#8027,#8028,#8029,
#8030,#8031),.UNSPECIFIED.,.F.,.F.,(4,2,2,4),(1.728241495401,1.79286892880578,
1.83020900907657,1.83500355455828),.UNSPECIFIED.);
#119=SHAPE_REPRESENTATION_RELATIONSHIP('SRR','None',#8585,#126);
#120=SHAPE_REPRESENTATION_RELATIONSHIP('SRR','None',#8586,#127);
#121=SHAPE_REPRESENTATION_RELATIONSHIP('SRR','None',#8587,#128);
#122=SHAPE_REPRESENTATION_RELATIONSHIP('SRR','None',#8588,#129);
#123=SHAPE_REPRESENTATION_RELATIONSHIP('SRR','None',#8589,#130);
#124=SHAPE_REPRESENTATION_RELATIONSHIP('SRR','None',#8590,#131);
#125=SHAPE_REPRESENTATION_RELATIONSHIP('SRR','None',#8591,#132);
#126=ADVANCED_BREP_SHAPE_REPRESENTATION('',(#158),#8534);
#127=ADVANCED_BREP_SHAPE_REPRESENTATION('',(#159),#8535);
#128=ADVANCED_BREP_SHAPE_REPRESENTATION('',(#160),#8536);
#129=ADVANCED_BREP_SHAPE_REPRESENTATION('',(#161),#8537);
#130=ADVANCED_BREP_SHAPE_REPRESENTATION('',(#162),#8538);
#131=ADVANCED_BREP_SHAPE_REPRESENTATION('',(#163),#8539);
#132=ADVANCED_BREP_SHAPE_REPRESENTATION('',(#164),#8540);
#133=STYLED_ITEM('',(#8638),#158);
#134=STYLED_ITEM('',(#8638),#159);
#135=STYLED_ITEM('',(#8638),#160);
#136=STYLED_ITEM('',(#8639),#161);
#137=STYLED_ITEM('',(#8641),#4773);
#138=STYLED_ITEM('',(#8641),#4774);
#139=STYLED_ITEM('',(#8641),#4775);
#140=STYLED_ITEM('',(#8642),#4776);
#141=STYLED_ITEM('',(#8641),#4777);
#142=STYLED_ITEM('',(#8642),#4778);
#143=STYLED_ITEM('',(#8641),#4779);
#144=STYLED_ITEM('',(#8641),#4780);
#145=STYLED_ITEM('',(#8641),#4781);
#146=STYLED_ITEM('',(#8642),#4782);
#147=STYLED_ITEM('',(#8641),#4783);
#148=STYLED_ITEM('',(#8642),#4784);
#149=STYLED_ITEM('',(#8641),#4785);
#150=STYLED_ITEM('',(#8642),#4786);
#151=STYLED_ITEM('',(#8642),#4787);
#152=STYLED_ITEM('',(#8641),#4788);
#153=STYLED_ITEM('',(#8642),#4789);
#154=STYLED_ITEM('',(#8641),#4790);
#155=STYLED_ITEM('',(#8640),#162);
#156=STYLED_ITEM('',(#8638),#163);
#157=STYLED_ITEM('',(#8637),#164);
#158=MANIFOLD_SOLID_BREP('K\X\F6rper1',#4957);
#159=MANIFOLD_SOLID_BREP('K\X\F6rper1',#4958);
#160=MANIFOLD_SOLID_BREP('K\X\F6rper1',#4959);
#161=MANIFOLD_SOLID_BREP('K\X\F6rper1',#4960);
#162=MANIFOLD_SOLID_BREP('K\X\F6rper1',#4961);
#163=MANIFOLD_SOLID_BREP('K\X\F6rper1',#4962);
#164=MANIFOLD_SOLID_BREP('K\X\F6rper1',#4963);
#165=CONICAL_SURFACE('',#5116,0.61475,1.02974425867665);
#166=CONICAL_SURFACE('',#5118,1.61475,0.785398163397448);
#167=CONICAL_SURFACE('',#5122,0.61475,1.02974425867665);
#168=CONICAL_SURFACE('',#5124,1.61475,0.785398163397448);
#169=CONICAL_SURFACE('',#5146,2.5,0.785398163397448);
#170=CONICAL_SURFACE('',#5182,4.67504821050254,0.626828350883829);
#171=CONICAL_SURFACE('',#5184,4.67504821050255,0.62682835088383);
#172=CONICAL_SURFACE('',#5186,4.67504821050254,0.626828350883828);
#173=CONICAL_SURFACE('',#5189,4.67504821050254,0.626828350883829);
#174=CONICAL_SURFACE('',#5192,4.67504821050254,0.62682835088383);
#175=CONICAL_SURFACE('',#5196,4.67504821050255,0.626828350883831);
#176=CONICAL_SURFACE('',#5209,2.5,0.785398163397449);
#177=CONICAL_SURFACE('',#5215,2.3,0.785398163397448);
#178=CONICAL_SURFACE('',#5219,2.65,0.785398163397449);
#179=CONICAL_SURFACE('',#5226,2.65,0.785398163397448);
#180=CONICAL_SURFACE('',#5261,11.04,0.785398163397448);
#181=CONICAL_SURFACE('',#5268,11.04,0.785398163397448);
#182=CONICAL_SURFACE('',#5271,2.28350635094611,1.0471975511966);
#183=CONICAL_SURFACE('',#5284,2.28350635094611,1.0471975511966);
#184=CONICAL_SURFACE('',#5293,4.3094010767585,1.0471975511966);
#185=CONICAL_SURFACE('',#5294,4.3094010767585,1.0471975511966);
#186=CONICAL_SURFACE('',#5295,4.3094010767585,1.0471975511966);
#187=CONICAL_SURFACE('',#5296,4.3094010767585,1.0471975511966);
#188=CONICAL_SURFACE('',#5297,4.3094010767585,1.0471975511966);
#189=CONICAL_SURFACE('',#5298,4.3094010767585,1.0471975511966);
#190=CONICAL_SURFACE('',#5299,4.3094010767585,1.0471975511966);
#191=CONICAL_SURFACE('',#5300,4.3094010767585,1.0471975511966);
#192=CONICAL_SURFACE('',#5301,4.3094010767585,1.0471975511966);
#193=CONICAL_SURFACE('',#5302,4.3094010767585,1.0471975511966);
#194=CONICAL_SURFACE('',#5303,4.3094010767585,1.0471975511966);
#195=CONICAL_SURFACE('',#5304,4.3094010767585,1.0471975511966);
#196=CONICAL_SURFACE('',#5372,0.579999999999997,0.327738506780557);
#197=CONICAL_SURFACE('',#5376,0.58,0.327738506780555);
#198=CONICAL_SURFACE('',#5380,0.579999999999997,0.327738506780555);
#199=CONICAL_SURFACE('',#5384,0.580000000000002,0.327738506780556);
#200=CONICAL_SURFACE('',#5388,0.580000000000002,0.327738506780554);
#201=CONICAL_SURFACE('',#5392,0.580000000000002,0.327738506780554);
#202=FACE_BOUND('',#737,.T.);
#203=FACE_BOUND('',#740,.T.);
#204=FACE_BOUND('',#750,.T.);
#205=FACE_BOUND('',#751,.T.);
#206=FACE_BOUND('',#752,.T.);
#207=FACE_BOUND('',#753,.T.);
#208=FACE_BOUND('',#754,.T.);
#209=FACE_BOUND('',#755,.T.);
#210=FACE_BOUND('',#756,.T.);
#211=FACE_BOUND('',#774,.T.);
#212=FACE_BOUND('',#775,.T.);
#213=FACE_BOUND('',#776,.T.);
#214=FACE_BOUND('',#777,.T.);
#215=FACE_BOUND('',#778,.T.);
#216=FACE_BOUND('',#789,.T.);
#217=FACE_BOUND('',#792,.T.);
#218=FACE_BOUND('',#807,.T.);
#219=FACE_BOUND('',#810,.T.);
#220=FACE_BOUND('',#819,.T.);
#221=FACE_BOUND('',#821,.T.);
#222=FACE_BOUND('',#844,.T.);
#223=FACE_BOUND('',#852,.T.);
#224=FACE_BOUND('',#855,.T.);
#225=FACE_BOUND('',#859,.T.);
#226=FACE_BOUND('',#863,.T.);
#227=FACE_BOUND('',#865,.T.);
#228=FACE_BOUND('',#868,.T.);
#229=FACE_BOUND('',#872,.T.);
#230=FACE_BOUND('',#874,.T.);
#231=FACE_BOUND('',#879,.T.);
#232=FACE_BOUND('',#882,.T.);
#233=FACE_BOUND('',#886,.T.);
#234=FACE_BOUND('',#889,.T.);
#235=FACE_BOUND('',#910,.T.);
#236=FACE_BOUND('',#913,.T.);
#237=FACE_BOUND('',#924,.T.);
#238=FACE_BOUND('',#925,.T.);
#239=FACE_BOUND('',#926,.T.);
#240=FACE_BOUND('',#927,.T.);
#241=FACE_BOUND('',#928,.T.);
#242=FACE_BOUND('',#929,.T.);
#243=FACE_BOUND('',#930,.T.);
#244=FACE_BOUND('',#931,.T.);
#245=FACE_BOUND('',#932,.T.);
#246=FACE_BOUND('',#933,.T.);
#247=FACE_BOUND('',#934,.T.);
#248=FACE_BOUND('',#935,.T.);
#249=FACE_BOUND('',#936,.T.);
#250=FACE_BOUND('',#937,.T.);
#251=FACE_BOUND('',#942,.T.);
#252=FACE_BOUND('',#970,.T.);
#253=FACE_BOUND('',#971,.T.);
#254=FACE_BOUND('',#972,.T.);
#255=FACE_BOUND('',#973,.T.);
#256=FACE_BOUND('',#974,.T.);
#257=FACE_BOUND('',#975,.T.);
#258=FACE_BOUND('',#976,.T.);
#259=FACE_BOUND('',#977,.T.);
#260=FACE_BOUND('',#978,.T.);
#261=FACE_BOUND('',#979,.T.);
#262=FACE_BOUND('',#980,.T.);
#263=FACE_BOUND('',#981,.T.);
#264=FACE_BOUND('',#982,.T.);
#265=FACE_BOUND('',#986,.T.);
#266=FACE_BOUND('',#996,.T.);
#267=FACE_BOUND('',#1023,.T.);
#268=FACE_BOUND('',#1028,.T.);
#269=FACE_BOUND('',#1032,.T.);
#270=FACE_BOUND('',#1048,.T.);
#271=FACE_BOUND('',#1080,.T.);
#272=FACE_BOUND('',#1085,.T.);
#273=PLANE('',#5049);
#274=PLANE('',#5054);
#275=PLANE('',#5059);
#276=PLANE('',#5061);
#277=PLANE('',#5065);
#278=PLANE('',#5068);
#279=PLANE('',#5072);
#280=PLANE('',#5083);
#281=PLANE('',#5084);
#282=PLANE('',#5085);
#283=PLANE('',#5086);
#284=PLANE('',#5087);
#285=PLANE('',#5088);
#286=PLANE('',#5089);
#287=PLANE('',#5090);
#288=PLANE('',#5091);
#289=PLANE('',#5094);
#290=PLANE('',#5097);
#291=PLANE('',#5100);
#292=PLANE('',#5101);
#293=PLANE('',#5106);
#294=PLANE('',#5115);
#295=PLANE('',#5130);
#296=PLANE('',#5133);
#297=PLANE('',#5142);
#298=PLANE('',#5143);
#299=PLANE('',#5144);
#300=PLANE('',#5152);
#301=PLANE('',#5157);
#302=PLANE('',#5160);
#303=PLANE('',#5161);
#304=PLANE('',#5162);
#305=PLANE('',#5163);
#306=PLANE('',#5164);
#307=PLANE('',#5165);
#308=PLANE('',#5166);
#309=PLANE('',#5167);
#310=PLANE('',#5169);
#311=PLANE('',#5170);
#312=PLANE('',#5171);
#313=PLANE('',#5172);
#314=PLANE('',#5173);
#315=PLANE('',#5174);
#316=PLANE('',#5175);
#317=PLANE('',#5177);
#318=PLANE('',#5179);
#319=PLANE('',#5181);
#320=PLANE('',#5198);
#321=PLANE('',#5199);
#322=PLANE('',#5203);
#323=PLANE('',#5207);
#324=PLANE('',#5217);
#325=PLANE('',#5224);
#326=PLANE('',#5228);
#327=PLANE('',#5235);
#328=PLANE('',#5243);
#329=PLANE('',#5244);
#330=PLANE('',#5249);
#331=PLANE('',#5257);
#332=PLANE('',#5258);
#333=PLANE('',#5267);
#334=PLANE('',#5269);
#335=PLANE('',#5277);
#336=PLANE('',#5286);
#337=PLANE('',#5305);
#338=PLANE('',#5306);
#339=PLANE('',#5307);
#340=PLANE('',#5308);
#341=PLANE('',#5309);
#342=PLANE('',#5310);
#343=PLANE('',#5329);
#344=PLANE('',#5334);
#345=PLANE('',#5336);
#346=PLANE('',#5337);
#347=PLANE('',#5338);
#348=PLANE('',#5339);
#349=PLANE('',#5340);
#350=PLANE('',#5341);
#351=PLANE('',#5342);
#352=PLANE('',#5343);
#353=PLANE('',#5344);
#354=PLANE('',#5345);
#355=PLANE('',#5365);
#356=PLANE('',#5366);
#357=PLANE('',#5367);
#358=PLANE('',#5368);
#359=PLANE('',#5420);
#360=PLANE('',#5421);
#361=PLANE('',#5424);
#362=PLANE('',#5425);
#363=PLANE('',#5426);
#364=PLANE('',#5427);
#365=PLANE('',#5428);
#366=PLANE('',#5429);
#367=PLANE('',#5430);
#368=PLANE('',#5431);
#369=PLANE('',#5432);
#370=PLANE('',#5433);
#371=PLANE('',#5434);
#372=PLANE('',#5435);
#373=PLANE('',#5439);
#374=PLANE('',#5443);
#375=PLANE('',#5444);
#376=PLANE('',#5445);
#377=PLANE('',#5446);
#378=PLANE('',#5447);
#379=PLANE('',#5448);
#380=PLANE('',#5449);
#381=PLANE('',#5450);
#382=PLANE('',#5451);
#383=PLANE('',#5452);
#384=PLANE('',#5453);
#385=PLANE('',#5454);
#386=PLANE('',#5455);
#387=PLANE('',#5456);
#388=PLANE('',#5457);
#389=PLANE('',#5458);
#390=PLANE('',#5459);
#391=PLANE('',#5460);
#392=PLANE('',#5461);
#393=PLANE('',#5462);
#394=PLANE('',#5463);
#395=PLANE('',#5464);
#396=PLANE('',#5465);
#397=PLANE('',#5467);
#398=PLANE('',#5468);
#399=PLANE('',#5469);
#400=PLANE('',#5470);
#401=PLANE('',#5474);
#402=PLANE('',#5475);
#403=PLANE('',#5476);
#404=PLANE('',#5477);
#405=PLANE('',#5478);
#406=PLANE('',#5479);
#407=PLANE('',#5480);
#408=PLANE('',#5481);
#409=PLANE('',#5482);
#410=PLANE('',#5483);
#411=PLANE('',#5484);
#412=PLANE('',#5485);
#413=PLANE('',#5486);
#414=PLANE('',#5487);
#415=PLANE('',#5488);
#416=PLANE('',#5489);
#417=PLANE('',#5492);
#418=PLANE('',#5493);
#419=PLANE('',#5494);
#420=PLANE('',#5495);
#421=PLANE('',#5496);
#422=PLANE('',#5497);
#423=PLANE('',#5498);
#424=PLANE('',#5499);
#425=PLANE('',#5500);
#426=PLANE('',#5501);
#427=PLANE('',#5502);
#428=PLANE('',#5503);
#429=PLANE('',#5504);
#430=PLANE('',#5505);
#431=PLANE('',#5506);
#432=PLANE('',#5507);
#433=PLANE('',#5508);
#434=PLANE('',#5509);
#435=PLANE('',#5510);
#436=PLANE('',#5511);
#437=PLANE('',#5512);
#438=PLANE('',#5513);
#439=PLANE('',#5514);
#440=PLANE('',#5515);
#441=PLANE('',#5516);
#442=PLANE('',#5517);
#443=PLANE('',#5518);
#444=PLANE('',#5519);
#445=PLANE('',#5520);
#446=PLANE('',#5521);
#447=PLANE('',#5523);
#448=PLANE('',#5524);
#449=PLANE('',#5525);
#450=PLANE('',#5526);
#451=PLANE('',#5530);
#452=FACE_OUTER_BOUND('',#735,.T.);
#453=FACE_OUTER_BOUND('',#736,.T.);
#454=FACE_OUTER_BOUND('',#738,.T.);
#455=FACE_OUTER_BOUND('',#739,.T.);
#456=FACE_OUTER_BOUND('',#741,.T.);
#457=FACE_OUTER_BOUND('',#742,.T.);
#458=FACE_OUTER_BOUND('',#743,.T.);
#459=FACE_OUTER_BOUND('',#744,.T.);
#460=FACE_OUTER_BOUND('',#745,.T.);
#461=FACE_OUTER_BOUND('',#746,.T.);
#462=FACE_OUTER_BOUND('',#747,.T.);
#463=FACE_OUTER_BOUND('',#748,.T.);
#464=FACE_OUTER_BOUND('',#749,.T.);
#465=FACE_OUTER_BOUND('',#757,.T.);
#466=FACE_OUTER_BOUND('',#758,.T.);
#467=FACE_OUTER_BOUND('',#759,.T.);
#468=FACE_OUTER_BOUND('',#760,.T.);
#469=FACE_OUTER_BOUND('',#761,.T.);
#470=FACE_OUTER_BOUND('',#762,.T.);
#471=FACE_OUTER_BOUND('',#763,.T.);
#472=FACE_OUTER_BOUND('',#764,.T.);
#473=FACE_OUTER_BOUND('',#765,.T.);
#474=FACE_OUTER_BOUND('',#766,.T.);
#475=FACE_OUTER_BOUND('',#767,.T.);
#476=FACE_OUTER_BOUND('',#768,.T.);
#477=FACE_OUTER_BOUND('',#769,.T.);
#478=FACE_OUTER_BOUND('',#770,.T.);
#479=FACE_OUTER_BOUND('',#771,.T.);
#480=FACE_OUTER_BOUND('',#772,.T.);
#481=FACE_OUTER_BOUND('',#773,.T.);
#482=FACE_OUTER_BOUND('',#779,.T.);
#483=FACE_OUTER_BOUND('',#780,.T.);
#484=FACE_OUTER_BOUND('',#781,.T.);
#485=FACE_OUTER_BOUND('',#782,.T.);
#486=FACE_OUTER_BOUND('',#783,.T.);
#487=FACE_OUTER_BOUND('',#784,.T.);
#488=FACE_OUTER_BOUND('',#785,.T.);
#489=FACE_OUTER_BOUND('',#786,.T.);
#490=FACE_OUTER_BOUND('',#787,.T.);
#491=FACE_OUTER_BOUND('',#788,.T.);
#492=FACE_OUTER_BOUND('',#790,.T.);
#493=FACE_OUTER_BOUND('',#791,.T.);
#494=FACE_OUTER_BOUND('',#793,.T.);
#495=FACE_OUTER_BOUND('',#794,.T.);
#496=FACE_OUTER_BOUND('',#795,.T.);
#497=FACE_OUTER_BOUND('',#796,.T.);
#498=FACE_OUTER_BOUND('',#797,.T.);
#499=FACE_OUTER_BOUND('',#798,.T.);
#500=FACE_OUTER_BOUND('',#799,.T.);
#501=FACE_OUTER_BOUND('',#800,.T.);
#502=FACE_OUTER_BOUND('',#801,.T.);
#503=FACE_OUTER_BOUND('',#802,.T.);
#504=FACE_OUTER_BOUND('',#803,.T.);
#505=FACE_OUTER_BOUND('',#804,.T.);
#506=FACE_OUTER_BOUND('',#805,.T.);
#507=FACE_OUTER_BOUND('',#806,.T.);
#508=FACE_OUTER_BOUND('',#808,.T.);
#509=FACE_OUTER_BOUND('',#809,.T.);
#510=FACE_OUTER_BOUND('',#811,.T.);
#511=FACE_OUTER_BOUND('',#812,.T.);
#512=FACE_OUTER_BOUND('',#813,.T.);
#513=FACE_OUTER_BOUND('',#814,.T.);
#514=FACE_OUTER_BOUND('',#815,.T.);
#515=FACE_OUTER_BOUND('',#816,.T.);
#516=FACE_OUTER_BOUND('',#817,.T.);
#517=FACE_OUTER_BOUND('',#818,.T.);
#518=FACE_OUTER_BOUND('',#820,.T.);
#519=FACE_OUTER_BOUND('',#822,.T.);
#520=FACE_OUTER_BOUND('',#823,.T.);
#521=FACE_OUTER_BOUND('',#824,.T.);
#522=FACE_OUTER_BOUND('',#825,.T.);
#523=FACE_OUTER_BOUND('',#826,.T.);
#524=FACE_OUTER_BOUND('',#827,.T.);
#525=FACE_OUTER_BOUND('',#828,.T.);
#526=FACE_OUTER_BOUND('',#829,.T.);
#527=FACE_OUTER_BOUND('',#830,.T.);
#528=FACE_OUTER_BOUND('',#831,.T.);
#529=FACE_OUTER_BOUND('',#832,.T.);
#530=FACE_OUTER_BOUND('',#833,.T.);
#531=FACE_OUTER_BOUND('',#834,.T.);
#532=FACE_OUTER_BOUND('',#835,.T.);
#533=FACE_OUTER_BOUND('',#836,.T.);
#534=FACE_OUTER_BOUND('',#837,.T.);
#535=FACE_OUTER_BOUND('',#838,.T.);
#536=FACE_OUTER_BOUND('',#839,.T.);
#537=FACE_OUTER_BOUND('',#840,.T.);
#538=FACE_OUTER_BOUND('',#841,.T.);
#539=FACE_OUTER_BOUND('',#842,.T.);
#540=FACE_OUTER_BOUND('',#843,.T.);
#541=FACE_OUTER_BOUND('',#845,.T.);
#542=FACE_OUTER_BOUND('',#846,.T.);
#543=FACE_OUTER_BOUND('',#847,.T.);
#544=FACE_OUTER_BOUND('',#848,.T.);
#545=FACE_OUTER_BOUND('',#849,.T.);
#546=FACE_OUTER_BOUND('',#850,.T.);
#547=FACE_OUTER_BOUND('',#851,.T.);
#548=FACE_OUTER_BOUND('',#853,.T.);
#549=FACE_OUTER_BOUND('',#854,.T.);
#550=FACE_OUTER_BOUND('',#856,.T.);
#551=FACE_OUTER_BOUND('',#857,.T.);
#552=FACE_OUTER_BOUND('',#858,.T.);
#553=FACE_OUTER_BOUND('',#860,.T.);
#554=FACE_OUTER_BOUND('',#861,.T.);
#555=FACE_OUTER_BOUND('',#862,.T.);
#556=FACE_OUTER_BOUND('',#864,.T.);
#557=FACE_OUTER_BOUND('',#866,.T.);
#558=FACE_OUTER_BOUND('',#867,.T.);
#559=FACE_OUTER_BOUND('',#869,.T.);
#560=FACE_OUTER_BOUND('',#870,.T.);
#561=FACE_OUTER_BOUND('',#871,.T.);
#562=FACE_OUTER_BOUND('',#873,.T.);
#563=FACE_OUTER_BOUND('',#875,.T.);
#564=FACE_OUTER_BOUND('',#876,.T.);
#565=FACE_OUTER_BOUND('',#877,.T.);
#566=FACE_OUTER_BOUND('',#878,.T.);
#567=FACE_OUTER_BOUND('',#880,.T.);
#568=FACE_OUTER_BOUND('',#881,.T.);
#569=FACE_OUTER_BOUND('',#883,.T.);
#570=FACE_OUTER_BOUND('',#884,.T.);
#571=FACE_OUTER_BOUND('',#885,.T.);
#572=FACE_OUTER_BOUND('',#887,.T.);
#573=FACE_OUTER_BOUND('',#888,.T.);
#574=FACE_OUTER_BOUND('',#890,.T.);
#575=FACE_OUTER_BOUND('',#891,.T.);
#576=FACE_OUTER_BOUND('',#892,.T.);
#577=FACE_OUTER_BOUND('',#893,.T.);
#578=FACE_OUTER_BOUND('',#894,.T.);
#579=FACE_OUTER_BOUND('',#895,.T.);
#580=FACE_OUTER_BOUND('',#896,.T.);
#581=FACE_OUTER_BOUND('',#897,.T.);
#582=FACE_OUTER_BOUND('',#898,.T.);
#583=FACE_OUTER_BOUND('',#899,.T.);
#584=FACE_OUTER_BOUND('',#900,.T.);
#585=FACE_OUTER_BOUND('',#901,.T.);
#586=FACE_OUTER_BOUND('',#902,.T.);
#587=FACE_OUTER_BOUND('',#903,.T.);
#588=FACE_OUTER_BOUND('',#904,.T.);
#589=FACE_OUTER_BOUND('',#905,.T.);
#590=FACE_OUTER_BOUND('',#906,.T.);
#591=FACE_OUTER_BOUND('',#907,.T.);
#592=FACE_OUTER_BOUND('',#908,.T.);
#593=FACE_OUTER_BOUND('',#909,.T.);
#594=FACE_OUTER_BOUND('',#911,.T.);
#595=FACE_OUTER_BOUND('',#912,.T.);
#596=FACE_OUTER_BOUND('',#914,.T.);
#597=FACE_OUTER_BOUND('',#915,.T.);
#598=FACE_OUTER_BOUND('',#916,.T.);
#599=FACE_OUTER_BOUND('',#917,.T.);
#600=FACE_OUTER_BOUND('',#918,.T.);
#601=FACE_OUTER_BOUND('',#919,.T.);
#602=FACE_OUTER_BOUND('',#920,.T.);
#603=FACE_OUTER_BOUND('',#921,.T.);
#604=FACE_OUTER_BOUND('',#922,.T.);
#605=FACE_OUTER_BOUND('',#923,.T.);
#606=FACE_OUTER_BOUND('',#938,.T.);
#607=FACE_OUTER_BOUND('',#939,.T.);
#608=FACE_OUTER_BOUND('',#940,.T.);
#609=FACE_OUTER_BOUND('',#941,.T.);
#610=FACE_OUTER_BOUND('',#943,.T.);
#611=FACE_OUTER_BOUND('',#944,.T.);
#612=FACE_OUTER_BOUND('',#945,.T.);
#613=FACE_OUTER_BOUND('',#946,.T.);
#614=FACE_OUTER_BOUND('',#947,.T.);
#615=FACE_OUTER_BOUND('',#948,.T.);
#616=FACE_OUTER_BOUND('',#949,.T.);
#617=FACE_OUTER_BOUND('',#950,.T.);
#618=FACE_OUTER_BOUND('',#951,.T.);
#619=FACE_OUTER_BOUND('',#952,.T.);
#620=FACE_OUTER_BOUND('',#953,.T.);
#621=FACE_OUTER_BOUND('',#954,.T.);
#622=FACE_OUTER_BOUND('',#955,.T.);
#623=FACE_OUTER_BOUND('',#956,.T.);
#624=FACE_OUTER_BOUND('',#957,.T.);
#625=FACE_OUTER_BOUND('',#958,.T.);
#626=FACE_OUTER_BOUND('',#959,.T.);
#627=FACE_OUTER_BOUND('',#960,.T.);
#628=FACE_OUTER_BOUND('',#961,.T.);
#629=FACE_OUTER_BOUND('',#962,.T.);
#630=FACE_OUTER_BOUND('',#963,.T.);
#631=FACE_OUTER_BOUND('',#964,.T.);
#632=FACE_OUTER_BOUND('',#965,.T.);
#633=FACE_OUTER_BOUND('',#966,.T.);
#634=FACE_OUTER_BOUND('',#967,.T.);
#635=FACE_OUTER_BOUND('',#968,.T.);
#636=FACE_OUTER_BOUND('',#969,.T.);
#637=FACE_OUTER_BOUND('',#983,.T.);
#638=FACE_OUTER_BOUND('',#984,.T.);
#639=FACE_OUTER_BOUND('',#985,.T.);
#640=FACE_OUTER_BOUND('',#987,.T.);
#641=FACE_OUTER_BOUND('',#988,.T.);
#642=FACE_OUTER_BOUND('',#989,.T.);
#643=FACE_OUTER_BOUND('',#990,.T.);
#644=FACE_OUTER_BOUND('',#991,.T.);
#645=FACE_OUTER_BOUND('',#992,.T.);
#646=FACE_OUTER_BOUND('',#993,.T.);
#647=FACE_OUTER_BOUND('',#994,.T.);
#648=FACE_OUTER_BOUND('',#995,.T.);
#649=FACE_OUTER_BOUND('',#997,.T.);
#650=FACE_OUTER_BOUND('',#998,.T.);
#651=FACE_OUTER_BOUND('',#999,.T.);
#652=FACE_OUTER_BOUND('',#1000,.T.);
#653=FACE_OUTER_BOUND('',#1001,.T.);
#654=FACE_OUTER_BOUND('',#1002,.T.);
#655=FACE_OUTER_BOUND('',#1003,.T.);
#656=FACE_OUTER_BOUND('',#1004,.T.);
#657=FACE_OUTER_BOUND('',#1005,.T.);
#658=FACE_OUTER_BOUND('',#1006,.T.);
#659=FACE_OUTER_BOUND('',#1007,.T.);
#660=FACE_OUTER_BOUND('',#1008,.T.);
#661=FACE_OUTER_BOUND('',#1009,.T.);
#662=FACE_OUTER_BOUND('',#1010,.T.);
#663=FACE_OUTER_BOUND('',#1011,.T.);
#664=FACE_OUTER_BOUND('',#1012,.T.);
#665=FACE_OUTER_BOUND('',#1013,.T.);
#666=FACE_OUTER_BOUND('',#1014,.T.);
#667=FACE_OUTER_BOUND('',#1015,.T.);
#668=FACE_OUTER_BOUND('',#1016,.T.);
#669=FACE_OUTER_BOUND('',#1017,.T.);
#670=FACE_OUTER_BOUND('',#1018,.T.);
#671=FACE_OUTER_BOUND('',#1019,.T.);
#672=FACE_OUTER_BOUND('',#1020,.T.);
#673=FACE_OUTER_BOUND('',#1021,.T.);
#674=FACE_OUTER_BOUND('',#1022,.T.);
#675=FACE_OUTER_BOUND('',#1024,.T.);
#676=FACE_OUTER_BOUND('',#1025,.T.);
#677=FACE_OUTER_BOUND('',#1026,.T.);
#678=FACE_OUTER_BOUND('',#1027,.T.);
#679=FACE_OUTER_BOUND('',#1029,.T.);
#680=FACE_OUTER_BOUND('',#1030,.T.);
#681=FACE_OUTER_BOUND('',#1031,.T.);
#682=FACE_OUTER_BOUND('',#1033,.T.);
#683=FACE_OUTER_BOUND('',#1034,.T.);
#684=FACE_OUTER_BOUND('',#1035,.T.);
#685=FACE_OUTER_BOUND('',#1036,.T.);
#686=FACE_OUTER_BOUND('',#1037,.T.);
#687=FACE_OUTER_BOUND('',#1038,.T.);
#688=FACE_OUTER_BOUND('',#1039,.T.);
#689=FACE_OUTER_BOUND('',#1040,.T.);
#690=FACE_OUTER_BOUND('',#1041,.T.);
#691=FACE_OUTER_BOUND('',#1042,.T.);
#692=FACE_OUTER_BOUND('',#1043,.T.);
#693=FACE_OUTER_BOUND('',#1044,.T.);
#694=FACE_OUTER_BOUND('',#1045,.T.);
#695=FACE_OUTER_BOUND('',#1046,.T.);
#696=FACE_OUTER_BOUND('',#1047,.T.);
#697=FACE_OUTER_BOUND('',#1049,.T.);
#698=FACE_OUTER_BOUND('',#1050,.T.);
#699=FACE_OUTER_BOUND('',#1051,.T.);
#700=FACE_OUTER_BOUND('',#1052,.T.);
#701=FACE_OUTER_BOUND('',#1053,.T.);
#702=FACE_OUTER_BOUND('',#1054,.T.);
#703=FACE_OUTER_BOUND('',#1055,.T.);
#704=FACE_OUTER_BOUND('',#1056,.T.);
#705=FACE_OUTER_BOUND('',#1057,.T.);
#706=FACE_OUTER_BOUND('',#1058,.T.);
#707=FACE_OUTER_BOUND('',#1059,.T.);
#708=FACE_OUTER_BOUND('',#1060,.T.);
#709=FACE_OUTER_BOUND('',#1061,.T.);
#710=FACE_OUTER_BOUND('',#1062,.T.);
#711=FACE_OUTER_BOUND('',#1063,.T.);
#712=FACE_OUTER_BOUND('',#1064,.T.);
#713=FACE_OUTER_BOUND('',#1065,.T.);
#714=FACE_OUTER_BOUND('',#1066,.T.);
#715=FACE_OUTER_BOUND('',#1067,.T.);
#716=FACE_OUTER_BOUND('',#1068,.T.);
#717=FACE_OUTER_BOUND('',#1069,.T.);
#718=FACE_OUTER_BOUND('',#1070,.T.);
#719=FACE_OUTER_BOUND('',#1071,.T.);
#720=FACE_OUTER_BOUND('',#1072,.T.);
#721=FACE_OUTER_BOUND('',#1073,.T.);
#722=FACE_OUTER_BOUND('',#1074,.T.);
#723=FACE_OUTER_BOUND('',#1075,.T.);
#724=FACE_OUTER_BOUND('',#1076,.T.);
#725=FACE_OUTER_BOUND('',#1077,.T.);
#726=FACE_OUTER_BOUND('',#1078,.T.);
#727=FACE_OUTER_BOUND('',#1079,.T.);
#728=FACE_OUTER_BOUND('',#1081,.T.);
#729=FACE_OUTER_BOUND('',#1082,.T.);
#730=FACE_OUTER_BOUND('',#1083,.T.);
#731=FACE_OUTER_BOUND('',#1084,.T.);
#732=FACE_OUTER_BOUND('',#1086,.T.);
#733=FACE_OUTER_BOUND('',#1087,.T.);
#734=FACE_OUTER_BOUND('',#1088,.T.);
#735=EDGE_LOOP('',(#3265,#3266,#3267,#3268));
#736=EDGE_LOOP('',(#3269));
#737=EDGE_LOOP('',(#3270));
#738=EDGE_LOOP('',(#3271,#3272,#3273,#3274));
#739=EDGE_LOOP('',(#3275));
#740=EDGE_LOOP('',(#3276));
#741=EDGE_LOOP('',(#3277,#3278,#3279,#3280));
#742=EDGE_LOOP('',(#3281,#3282,#3283,#3284,#3285));
#743=EDGE_LOOP('',(#3286,#3287,#3288,#3289,#3290,#3291,#3292,#3293,#3294,
#3295));
#744=EDGE_LOOP('',(#3296,#3297,#3298,#3299));
#745=EDGE_LOOP('',(#3300,#3301,#3302,#3303,#3304,#3305,#3306,#3307));
#746=EDGE_LOOP('',(#3308,#3309,#3310,#3311,#3312,#3313,#3314,#3315,#3316,
#3317));
#747=EDGE_LOOP('',(#3318,#3319,#3320,#3321));
#748=EDGE_LOOP('',(#3322,#3323,#3324,#3325,#3326));
#749=EDGE_LOOP('',(#3327,#3328,#3329,#3330,#3331,#3332,#3333,#3334,#3335,
#3336));
#750=EDGE_LOOP('',(#3337));
#751=EDGE_LOOP('',(#3338));
#752=EDGE_LOOP('',(#3339));
#753=EDGE_LOOP('',(#3340));
#754=EDGE_LOOP('',(#3341));
#755=EDGE_LOOP('',(#3342));
#756=EDGE_LOOP('',(#3343));
#757=EDGE_LOOP('',(#3344,#3345,#3346,#3347));
#758=EDGE_LOOP('',(#3348,#3349,#3350,#3351));
#759=EDGE_LOOP('',(#3352,#3353,#3354,#3355));
#760=EDGE_LOOP('',(#3356,#3357,#3358,#3359));
#761=EDGE_LOOP('',(#3360,#3361,#3362,#3363));
#762=EDGE_LOOP('',(#3364,#3365,#3366,#3367));
#763=EDGE_LOOP('',(#3368,#3369,#3370,#3371));
#764=EDGE_LOOP('',(#3372,#3373,#3374,#3375));
#765=EDGE_LOOP('',(#3376,#3377,#3378,#3379,#3380,#3381,#3382,#3383,#3384,
#3385));
#766=EDGE_LOOP('',(#3386,#3387,#3388,#3389));
#767=EDGE_LOOP('',(#3390,#3391,#3392,#3393));
#768=EDGE_LOOP('',(#3394,#3395,#3396,#3397));
#769=EDGE_LOOP('',(#3398,#3399,#3400,#3401));
#770=EDGE_LOOP('',(#3402,#3403,#3404,#3405,#3406,#3407,#3408,#3409,#3410,
#3411));
#771=EDGE_LOOP('',(#3412,#3413,#3414,#3415,#3416,#3417,#3418,#3419));
#772=EDGE_LOOP('',(#3420,#3421,#3422,#3423));
#773=EDGE_LOOP('',(#3424,#3425,#3426,#3427,#3428,#3429,#3430,#3431,#3432,
#3433,#3434,#3435,#3436,#3437));
#774=EDGE_LOOP('',(#3438));
#775=EDGE_LOOP('',(#3439));
#776=EDGE_LOOP('',(#3440));
#777=EDGE_LOOP('',(#3441));
#778=EDGE_LOOP('',(#3442));
#779=EDGE_LOOP('',(#3443,#3444,#3445,#3446,#3447));
#780=EDGE_LOOP('',(#3448,#3449,#3450,#3451,#3452));
#781=EDGE_LOOP('',(#3453,#3454,#3455));
#782=EDGE_LOOP('',(#3456,#3457,#3458,#3459));
#783=EDGE_LOOP('',(#3460,#3461,#3462,#3463));
#784=EDGE_LOOP('',(#3464,#3465,#3466));
#785=EDGE_LOOP('',(#3467,#3468,#3469,#3470));
#786=EDGE_LOOP('',(#3471,#3472,#3473,#3474));
#787=EDGE_LOOP('',(#3475,#3476,#3477,#3478));
#788=EDGE_LOOP('',(#3479));
#789=EDGE_LOOP('',(#3480));
#790=EDGE_LOOP('',(#3481,#3482,#3483,#3484));
#791=EDGE_LOOP('',(#3485));
#792=EDGE_LOOP('',(#3486));
#793=EDGE_LOOP('',(#3487,#3488,#3489,#3490));
#794=EDGE_LOOP('',(#3491,#3492,#3493,#3494));
#795=EDGE_LOOP('',(#3495,#3496,#3497,#3498));
#796=EDGE_LOOP('',(#3499,#3500,#3501,#3502));
#797=EDGE_LOOP('',(#3503,#3504,#3505,#3506));
#798=EDGE_LOOP('',(#3507,#3508,#3509,#3510));
#799=EDGE_LOOP('',(#3511,#3512,#3513,#3514));
#800=EDGE_LOOP('',(#3515,#3516,#3517,#3518));
#801=EDGE_LOOP('',(#3519,#3520,#3521,#3522));
#802=EDGE_LOOP('',(#3523,#3524,#3525,#3526));
#803=EDGE_LOOP('',(#3527,#3528,#3529,#3530));
#804=EDGE_LOOP('',(#3531,#3532,#3533,#3534,#3535));
#805=EDGE_LOOP('',(#3536,#3537,#3538,#3539,#3540));
#806=EDGE_LOOP('',(#3541));
#807=EDGE_LOOP('',(#3542));
#808=EDGE_LOOP('',(#3543,#3544,#3545,#3546));
#809=EDGE_LOOP('',(#3547));
#810=EDGE_LOOP('',(#3548));
#811=EDGE_LOOP('',(#3549,#3550,#3551,#3552));
#812=EDGE_LOOP('',(#3553,#3554,#3555,#3556));
#813=EDGE_LOOP('',(#3557,#3558,#3559,#3560));
#814=EDGE_LOOP('',(#3561,#3562,#3563,#3564));
#815=EDGE_LOOP('',(#3565,#3566,#3567,#3568));
#816=EDGE_LOOP('',(#3569,#3570,#3571,#3572));
#817=EDGE_LOOP('',(#3573,#3574,#3575,#3576));
#818=EDGE_LOOP('',(#3577,#3578,#3579,#3580,#3581,#3582));
#819=EDGE_LOOP('',(#3583));
#820=EDGE_LOOP('',(#3584,#3585,#3586,#3587,#3588,#3589));
#821=EDGE_LOOP('',(#3590));
#822=EDGE_LOOP('',(#3591,#3592,#3593,#3594));
#823=EDGE_LOOP('',(#3595,#3596,#3597,#3598));
#824=EDGE_LOOP('',(#3599,#3600,#3601,#3602));
#825=EDGE_LOOP('',(#3603,#3604,#3605,#3606));
#826=EDGE_LOOP('',(#3607,#3608,#3609,#3610));
#827=EDGE_LOOP('',(#3611,#3612,#3613,#3614));
#828=EDGE_LOOP('',(#3615,#3616,#3617,#3618));
#829=EDGE_LOOP('',(#3619,#3620,#3621,#3622));
#830=EDGE_LOOP('',(#3623,#3624,#3625,#3626));
#831=EDGE_LOOP('',(#3627,#3628,#3629,#3630,#3631,#3632));
#832=EDGE_LOOP('',(#3633,#3634,#3635,#3636));
#833=EDGE_LOOP('',(#3637,#3638,#3639,#3640));
#834=EDGE_LOOP('',(#3641,#3642,#3643,#3644));
#835=EDGE_LOOP('',(#3645,#3646,#3647,#3648));
#836=EDGE_LOOP('',(#3649,#3650,#3651,#3652,#3653));
#837=EDGE_LOOP('',(#3654,#3655,#3656,#3657));
#838=EDGE_LOOP('',(#3658,#3659,#3660,#3661));
#839=EDGE_LOOP('',(#3662,#3663,#3664,#3665));
#840=EDGE_LOOP('',(#3666,#3667,#3668,#3669,#3670,#3671,#3672,#3673,#3674,
#3675));
#841=EDGE_LOOP('',(#3676,#3677,#3678,#3679));
#842=EDGE_LOOP('',(#3680,#3681,#3682,#3683));
#843=EDGE_LOOP('',(#3684));
#844=EDGE_LOOP('',(#3685));
#845=EDGE_LOOP('',(#3686,#3687,#3688,#3689,#3690));
#846=EDGE_LOOP('',(#3691,#3692,#3693,#3694,#3695,#3696));
#847=EDGE_LOOP('',(#3697,#3698,#3699,#3700,#3701));
#848=EDGE_LOOP('',(#3702));
#849=EDGE_LOOP('',(#3703,#3704,#3705,#3706));
#850=EDGE_LOOP('',(#3707,#3708,#3709,#3710));
#851=EDGE_LOOP('',(#3711));
#852=EDGE_LOOP('',(#3712));
#853=EDGE_LOOP('',(#3713,#3714,#3715,#3716));
#854=EDGE_LOOP('',(#3717));
#855=EDGE_LOOP('',(#3718));
#856=EDGE_LOOP('',(#3719,#3720,#3721,#3722));
#857=EDGE_LOOP('',(#3723,#3724,#3725,#3726));
#858=EDGE_LOOP('',(#3727));
#859=EDGE_LOOP('',(#3728));
#860=EDGE_LOOP('',(#3729,#3730,#3731,#3732));
#861=EDGE_LOOP('',(#3733,#3734,#3735,#3736));
#862=EDGE_LOOP('',(#3737));
#863=EDGE_LOOP('',(#3738));
#864=EDGE_LOOP('',(#3739));
#865=EDGE_LOOP('',(#3740));
#866=EDGE_LOOP('',(#3741,#3742,#3743,#3744));
#867=EDGE_LOOP('',(#3745));
#868=EDGE_LOOP('',(#3746));
#869=EDGE_LOOP('',(#3747,#3748,#3749,#3750));
#870=EDGE_LOOP('',(#3751,#3752,#3753,#3754));
#871=EDGE_LOOP('',(#3755));
#872=EDGE_LOOP('',(#3756));
#873=EDGE_LOOP('',(#3757));
#874=EDGE_LOOP('',(#3758));
#875=EDGE_LOOP('',(#3759,#3760,#3761,#3762));
#876=EDGE_LOOP('',(#3763,#3764,#3765,#3766,#3767));
#877=EDGE_LOOP('',(#3768,#3769,#3770,#3771,#3772,#3773));
#878=EDGE_LOOP('',(#3774));
#879=EDGE_LOOP('',(#3775));
#880=EDGE_LOOP('',(#3776,#3777,#3778,#3779,#3780));
#881=EDGE_LOOP('',(#3781));
#882=EDGE_LOOP('',(#3782));
#883=EDGE_LOOP('',(#3783,#3784,#3785,#3786));
#884=EDGE_LOOP('',(#3787,#3788,#3789,#3790,#3791));
#885=EDGE_LOOP('',(#3792,#3793,#3794,#3795,#3796,#3797));
#886=EDGE_LOOP('',(#3798));
#887=EDGE_LOOP('',(#3799,#3800,#3801,#3802,#3803));
#888=EDGE_LOOP('',(#3804,#3805,#3806,#3807,#3808,#3809));
#889=EDGE_LOOP('',(#3810));
#890=EDGE_LOOP('',(#3811,#3812,#3813));
#891=EDGE_LOOP('',(#3814,#3815,#3816));
#892=EDGE_LOOP('',(#3817,#3818,#3819));
#893=EDGE_LOOP('',(#3820,#3821,#3822));
#894=EDGE_LOOP('',(#3823,#3824,#3825));
#895=EDGE_LOOP('',(#3826,#3827,#3828));
#896=EDGE_LOOP('',(#3829,#3830,#3831));
#897=EDGE_LOOP('',(#3832,#3833,#3834));
#898=EDGE_LOOP('',(#3835,#3836,#3837));
#899=EDGE_LOOP('',(#3838,#3839,#3840));
#900=EDGE_LOOP('',(#3841,#3842,#3843));
#901=EDGE_LOOP('',(#3844,#3845,#3846));
#902=EDGE_LOOP('',(#3847,#3848,#3849,#3850,#3851,#3852));
#903=EDGE_LOOP('',(#3853,#3854,#3855,#3856,#3857,#3858));
#904=EDGE_LOOP('',(#3859,#3860,#3861,#3862,#3863,#3864));
#905=EDGE_LOOP('',(#3865,#3866,#3867,#3868,#3869,#3870));
#906=EDGE_LOOP('',(#3871,#3872,#3873,#3874,#3875,#3876));
#907=EDGE_LOOP('',(#3877,#3878,#3879,#3880,#3881,#3882));
#908=EDGE_LOOP('',(#3883,#3884,#3885,#3886));
#909=EDGE_LOOP('',(#3887));
#910=EDGE_LOOP('',(#3888));
#911=EDGE_LOOP('',(#3889,#3890,#3891,#3892));
#912=EDGE_LOOP('',(#3893));
#913=EDGE_LOOP('',(#3894));
#914=EDGE_LOOP('',(#3895,#3896,#3897,#3898));
#915=EDGE_LOOP('',(#3899,#3900,#3901,#3902));
#916=EDGE_LOOP('',(#3903,#3904,#3905,#3906));
#917=EDGE_LOOP('',(#3907,#3908,#3909,#3910));
#918=EDGE_LOOP('',(#3911,#3912,#3913,#3914));
#919=EDGE_LOOP('',(#3915,#3916,#3917,#3918));
#920=EDGE_LOOP('',(#3919,#3920,#3921,#3922));
#921=EDGE_LOOP('',(#3923,#3924,#3925,#3926));
#922=EDGE_LOOP('',(#3927,#3928,#3929,#3930));
#923=EDGE_LOOP('',(#3931,#3932,#3933,#3934,#3935,#3936,#3937,#3938,#3939,
#3940,#3941,#3942,#3943,#3944,#3945));
#924=EDGE_LOOP('',(#3946));
#925=EDGE_LOOP('',(#3947));
#926=EDGE_LOOP('',(#3948));
#927=EDGE_LOOP('',(#3949));
#928=EDGE_LOOP('',(#3950,#3951,#3952,#3953,#3954,#3955));
#929=EDGE_LOOP('',(#3956));
#930=EDGE_LOOP('',(#3957));
#931=EDGE_LOOP('',(#3958));
#932=EDGE_LOOP('',(#3959,#3960,#3961,#3962,#3963,#3964));
#933=EDGE_LOOP('',(#3965,#3966,#3967,#3968));
#934=EDGE_LOOP('',(#3969));
#935=EDGE_LOOP('',(#3970,#3971,#3972,#3973,#3974,#3975));
#936=EDGE_LOOP('',(#3976,#3977,#3978,#3979,#3980,#3981));
#937=EDGE_LOOP('',(#3982,#3983,#3984,#3985,#3986,#3987));
#938=EDGE_LOOP('',(#3988,#3989,#3990,#3991));
#939=EDGE_LOOP('',(#3992,#3993,#3994,#3995));
#940=EDGE_LOOP('',(#3996,#3997,#3998,#3999));
#941=EDGE_LOOP('',(#4000,#4001,#4002,#4003,#4004,#4005));
#942=EDGE_LOOP('',(#4006));
#943=EDGE_LOOP('',(#4007,#4008,#4009,#4010));
#944=EDGE_LOOP('',(#4011,#4012,#4013,#4014));
#945=EDGE_LOOP('',(#4015,#4016,#4017,#4018));
#946=EDGE_LOOP('',(#4019,#4020,#4021,#4022));
#947=EDGE_LOOP('',(#4023,#4024,#4025,#4026));
#948=EDGE_LOOP('',(#4027,#4028,#4029,#4030));
#949=EDGE_LOOP('',(#4031,#4032,#4033,#4034));
#950=EDGE_LOOP('',(#4035,#4036,#4037,#4038));
#951=EDGE_LOOP('',(#4039,#4040,#4041,#4042));
#952=EDGE_LOOP('',(#4043,#4044,#4045,#4046));
#953=EDGE_LOOP('',(#4047,#4048,#4049,#4050));
#954=EDGE_LOOP('',(#4051,#4052,#4053,#4054));
#955=EDGE_LOOP('',(#4055,#4056,#4057,#4058));
#956=EDGE_LOOP('',(#4059,#4060,#4061,#4062,#4063,#4064));
#957=EDGE_LOOP('',(#4065,#4066,#4067,#4068,#4069,#4070));
#958=EDGE_LOOP('',(#4071,#4072,#4073,#4074,#4075,#4076));
#959=EDGE_LOOP('',(#4077,#4078,#4079,#4080,#4081,#4082));
#960=EDGE_LOOP('',(#4083,#4084,#4085,#4086,#4087,#4088));
#961=EDGE_LOOP('',(#4089,#4090,#4091,#4092,#4093,#4094));
#962=EDGE_LOOP('',(#4095,#4096,#4097,#4098));
#963=EDGE_LOOP('',(#4099,#4100,#4101,#4102));
#964=EDGE_LOOP('',(#4103,#4104,#4105,#4106));
#965=EDGE_LOOP('',(#4107,#4108,#4109,#4110));
#966=EDGE_LOOP('',(#4111,#4112,#4113,#4114));
#967=EDGE_LOOP('',(#4115,#4116,#4117,#4118));
#968=EDGE_LOOP('',(#4119,#4120,#4121,#4122));
#969=EDGE_LOOP('',(#4123,#4124,#4125,#4126,#4127,#4128,#4129,#4130,#4131,
#4132,#4133));
#970=EDGE_LOOP('',(#4134));
#971=EDGE_LOOP('',(#4135,#4136,#4137,#4138,#4139,#4140));
#972=EDGE_LOOP('',(#4141,#4142,#4143,#4144,#4145,#4146));
#973=EDGE_LOOP('',(#4147));
#974=EDGE_LOOP('',(#4148));
#975=EDGE_LOOP('',(#4149,#4150,#4151,#4152,#4153,#4154));
#976=EDGE_LOOP('',(#4155,#4156,#4157,#4158,#4159,#4160));
#977=EDGE_LOOP('',(#4161,#4162,#4163,#4164,#4165,#4166));
#978=EDGE_LOOP('',(#4167));
#979=EDGE_LOOP('',(#4168));
#980=EDGE_LOOP('',(#4169));
#981=EDGE_LOOP('',(#4170));
#982=EDGE_LOOP('',(#4171));
#983=EDGE_LOOP('',(#4172,#4173,#4174,#4175));
#984=EDGE_LOOP('',(#4176,#4177,#4178,#4179));
#985=EDGE_LOOP('',(#4180,#4181,#4182,#4183,#4184,#4185,#4186,#4187));
#986=EDGE_LOOP('',(#4188,#4189,#4190,#4191));
#987=EDGE_LOOP('',(#4192,#4193,#4194,#4195));
#988=EDGE_LOOP('',(#4196,#4197,#4198,#4199));
#989=EDGE_LOOP('',(#4200,#4201,#4202,#4203));
#990=EDGE_LOOP('',(#4204,#4205,#4206,#4207));
#991=EDGE_LOOP('',(#4208,#4209,#4210,#4211));
#992=EDGE_LOOP('',(#4212,#4213,#4214,#4215));
#993=EDGE_LOOP('',(#4216,#4217,#4218,#4219));
#994=EDGE_LOOP('',(#4220,#4221,#4222,#4223));
#995=EDGE_LOOP('',(#4224,#4225,#4226,#4227,#4228,#4229,#4230,#4231));
#996=EDGE_LOOP('',(#4232,#4233,#4234,#4235));
#997=EDGE_LOOP('',(#4236,#4237,#4238,#4239));
#998=EDGE_LOOP('',(#4240,#4241,#4242,#4243));
#999=EDGE_LOOP('',(#4244,#4245,#4246,#4247));
#1000=EDGE_LOOP('',(#4248,#4249,#4250,#4251));
#1001=EDGE_LOOP('',(#4252,#4253,#4254,#4255));
#1002=EDGE_LOOP('',(#4256,#4257,#4258,#4259));
#1003=EDGE_LOOP('',(#4260,#4261,#4262,#4263));
#1004=EDGE_LOOP('',(#4264,#4265,#4266,#4267));
#1005=EDGE_LOOP('',(#4268,#4269,#4270,#4271));
#1006=EDGE_LOOP('',(#4272,#4273,#4274,#4275));
#1007=EDGE_LOOP('',(#4276,#4277,#4278,#4279));
#1008=EDGE_LOOP('',(#4280,#4281,#4282,#4283));
#1009=EDGE_LOOP('',(#4284,#4285,#4286,#4287));
#1010=EDGE_LOOP('',(#4288,#4289,#4290,#4291));
#1011=EDGE_LOOP('',(#4292,#4293,#4294,#4295));
#1012=EDGE_LOOP('',(#4296,#4297,#4298,#4299));
#1013=EDGE_LOOP('',(#4300,#4301,#4302,#4303));
#1014=EDGE_LOOP('',(#4304,#4305,#4306,#4307));
#1015=EDGE_LOOP('',(#4308,#4309,#4310,#4311));
#1016=EDGE_LOOP('',(#4312,#4313,#4314,#4315));
#1017=EDGE_LOOP('',(#4316,#4317,#4318,#4319));
#1018=EDGE_LOOP('',(#4320,#4321,#4322,#4323));
#1019=EDGE_LOOP('',(#4324,#4325,#4326,#4327));
#1020=EDGE_LOOP('',(#4328,#4329,#4330,#4331));
#1021=EDGE_LOOP('',(#4332,#4333,#4334,#4335));
#1022=EDGE_LOOP('',(#4336,#4337,#4338,#4339,#4340,#4341));
#1023=EDGE_LOOP('',(#4342));
#1024=EDGE_LOOP('',(#4343,#4344,#4345,#4346));
#1025=EDGE_LOOP('',(#4347,#4348,#4349,#4350));
#1026=EDGE_LOOP('',(#4351,#4352,#4353,#4354));
#1027=EDGE_LOOP('',(#4355,#4356,#4357,#4358,#4359,#4360));
#1028=EDGE_LOOP('',(#4361));
#1029=EDGE_LOOP('',(#4362,#4363,#4364,#4365));
#1030=EDGE_LOOP('',(#4366,#4367,#4368,#4369));
#1031=EDGE_LOOP('',(#4370,#4371,#4372,#4373));
#1032=EDGE_LOOP('',(#4374,#4375,#4376,#4377));
#1033=EDGE_LOOP('',(#4378,#4379,#4380,#4381));
#1034=EDGE_LOOP('',(#4382,#4383,#4384,#4385));
#1035=EDGE_LOOP('',(#4386,#4387,#4388,#4389));
#1036=EDGE_LOOP('',(#4390,#4391,#4392,#4393));
#1037=EDGE_LOOP('',(#4394,#4395,#4396,#4397));
#1038=EDGE_LOOP('',(#4398,#4399,#4400,#4401));
#1039=EDGE_LOOP('',(#4402,#4403,#4404,#4405));
#1040=EDGE_LOOP('',(#4406,#4407,#4408,#4409));
#1041=EDGE_LOOP('',(#4410,#4411,#4412,#4413));
#1042=EDGE_LOOP('',(#4414,#4415,#4416,#4417));
#1043=EDGE_LOOP('',(#4418,#4419,#4420,#4421));
#1044=EDGE_LOOP('',(#4422,#4423,#4424,#4425));
#1045=EDGE_LOOP('',(#4426,#4427,#4428,#4429));
#1046=EDGE_LOOP('',(#4430,#4431,#4432,#4433));
#1047=EDGE_LOOP('',(#4434,#4435,#4436,#4437,#4438,#4439));
#1048=EDGE_LOOP('',(#4440));
#1049=EDGE_LOOP('',(#4441,#4442,#4443,#4444));
#1050=EDGE_LOOP('',(#4445,#4446,#4447,#4448,#4449,#4450,#4451,#4452));
#1051=EDGE_LOOP('',(#4453,#4454,#4455,#4456));
#1052=EDGE_LOOP('',(#4457,#4458,#4459,#4460));
#1053=EDGE_LOOP('',(#4461,#4462,#4463,#4464));
#1054=EDGE_LOOP('',(#4465,#4466,#4467,#4468));
#1055=EDGE_LOOP('',(#4469,#4470,#4471,#4472));
#1056=EDGE_LOOP('',(#4473,#4474,#4475,#4476,#4477,#4478,#4479));
#1057=EDGE_LOOP('',(#4480,#4481,#4482,#4483,#4484,#4485,#4486));
#1058=EDGE_LOOP('',(#4487,#4488,#4489,#4490));
#1059=EDGE_LOOP('',(#4491,#4492,#4493,#4494));
#1060=EDGE_LOOP('',(#4495,#4496,#4497,#4498));
#1061=EDGE_LOOP('',(#4499,#4500,#4501,#4502));
#1062=EDGE_LOOP('',(#4503,#4504,#4505,#4506));
#1063=EDGE_LOOP('',(#4507,#4508,#4509,#4510));
#1064=EDGE_LOOP('',(#4511,#4512,#4513,#4514));
#1065=EDGE_LOOP('',(#4515,#4516,#4517,#4518));
#1066=EDGE_LOOP('',(#4519,#4520,#4521,#4522));
#1067=EDGE_LOOP('',(#4523,#4524,#4525,#4526));
#1068=EDGE_LOOP('',(#4527,#4528,#4529,#4530));
#1069=EDGE_LOOP('',(#4531,#4532,#4533,#4534));
#1070=EDGE_LOOP('',(#4535,#4536,#4537,#4538));
#1071=EDGE_LOOP('',(#4539,#4540,#4541,#4542));
#1072=EDGE_LOOP('',(#4543,#4544,#4545,#4546));
#1073=EDGE_LOOP('',(#4547,#4548,#4549,#4550));
#1074=EDGE_LOOP('',(#4551,#4552,#4553,#4554));
#1075=EDGE_LOOP('',(#4555,#4556,#4557,#4558));
#1076=EDGE_LOOP('',(#4559,#4560,#4561,#4562));
#1077=EDGE_LOOP('',(#4563,#4564,#4565,#4566));
#1078=EDGE_LOOP('',(#4567,#4568,#4569,#4570));
#1079=EDGE_LOOP('',(#4571,#4572,#4573,#4574,#4575,#4576));
#1080=EDGE_LOOP('',(#4577));
#1081=EDGE_LOOP('',(#4578,#4579,#4580,#4581));
#1082=EDGE_LOOP('',(#4582,#4583,#4584,#4585));
#1083=EDGE_LOOP('',(#4586,#4587,#4588,#4589));
#1084=EDGE_LOOP('',(#4590,#4591,#4592,#4593,#4594,#4595));
#1085=EDGE_LOOP('',(#4596));
#1086=EDGE_LOOP('',(#4597,#4598,#4599,#4600));
#1087=EDGE_LOOP('',(#4601,#4602,#4603,#4604));
#1088=EDGE_LOOP('',(#4605,#4606,#4607,#4608));
#1089=LINE('',#6971,#1537);
#1090=LINE('',#6980,#1538);
#1091=LINE('',#6990,#1539);
#1092=LINE('',#6993,#1540);
#1093=LINE('',#6996,#1541);
#1094=LINE('',#7000,#1542);
#1095=LINE('',#7001,#1543);
#1096=LINE('',#7004,#1544);
#1097=LINE('',#7006,#1545);
#1098=LINE('',#7008,#1546);
#1099=LINE('',#7010,#1547);
#1100=LINE('',#7012,#1548);
#1101=LINE('',#7016,#1549);
#1102=LINE('',#7017,#1550);
#1103=LINE('',#7022,#1551);
#1104=LINE('',#7023,#1552);
#1105=LINE('',#7026,#1553);
#1106=LINE('',#7030,#1554);
#1107=LINE('',#7032,#1555);
#1108=LINE('',#7034,#1556);
#1109=LINE('',#7037,#1557);
#1110=LINE('',#7039,#1558);
#1111=LINE('',#7041,#1559);
#1112=LINE('',#7043,#1560);
#1113=LINE('',#7045,#1561);
#1114=LINE('',#7046,#1562);
#1115=LINE('',#7048,#1563);
#1116=LINE('',#7051,#1564);
#1117=LINE('',#7054,#1565);
#1118=LINE('',#7057,#1566);
#1119=LINE('',#7061,#1567);
#1120=LINE('',#7063,#1568);
#1121=LINE('',#7065,#1569);
#1122=LINE('',#7069,#1570);
#1123=LINE('',#7086,#1571);
#1124=LINE('',#7087,#1572);
#1125=LINE('',#7089,#1573);
#1126=LINE('',#7091,#1574);
#1127=LINE('',#7097,#1575);
#1128=LINE('',#7099,#1576);
#1129=LINE('',#7101,#1577);
#1130=LINE('',#7102,#1578);
#1131=LINE('',#7105,#1579);
#1132=LINE('',#7107,#1580);
#1133=LINE('',#7108,#1581);
#1134=LINE('',#7111,#1582);
#1135=LINE('',#7113,#1583);
#1136=LINE('',#7114,#1584);
#1137=LINE('',#7117,#1585);
#1138=LINE('',#7121,#1586);
#1139=LINE('',#7123,#1587);
#1140=LINE('',#7125,#1588);
#1141=LINE('',#7128,#1589);
#1142=LINE('',#7131,#1590);
#1143=LINE('',#7132,#1591);
#1144=LINE('',#7136,#1592);
#1145=LINE('',#7139,#1593);
#1146=LINE('',#7140,#1594);
#1147=LINE('',#7144,#1595);
#1148=LINE('',#7147,#1596);
#1149=LINE('',#7149,#1597);
#1150=LINE('',#7150,#1598);
#1151=LINE('',#7155,#1599);
#1152=LINE('',#7156,#1600);
#1153=LINE('',#7161,#1601);
#1154=LINE('',#7166,#1602);
#1155=LINE('',#7168,#1603);
#1156=LINE('',#7170,#1604);
#1157=LINE('',#7172,#1605);
#1158=LINE('',#7175,#1606);
#1159=LINE('',#7188,#1607);
#1160=LINE('',#7194,#1608);
#1161=LINE('',#7197,#1609);
#1162=LINE('',#7201,#1610);
#1163=LINE('',#7207,#1611);
#1164=LINE('',#7210,#1612);
#1165=LINE('',#7214,#1613);
#1166=LINE('',#7219,#1614);
#1167=LINE('',#7222,#1615);
#1168=LINE('',#7224,#1616);
#1169=LINE('',#7226,#1617);
#1170=LINE('',#7228,#1618);
#1171=LINE('',#7230,#1619);
#1172=LINE('',#7232,#1620);
#1173=LINE('',#7234,#1621);
#1174=LINE('',#7236,#1622);
#1175=LINE('',#7237,#1623);
#1176=LINE('',#7247,#1624);
#1177=LINE('',#7252,#1625);
#1178=LINE('',#7261,#1626);
#1179=LINE('',#7266,#1627);
#1180=LINE('',#7271,#1628);
#1181=LINE('',#7273,#1629);
#1182=LINE('',#7275,#1630);
#1183=LINE('',#7276,#1631);
#1184=LINE('',#7279,#1632);
#1185=LINE('',#7281,#1633);
#1186=LINE('',#7282,#1634);
#1187=LINE('',#7285,#1635);
#1188=LINE('',#7287,#1636);
#1189=LINE('',#7288,#1637);
#1190=LINE('',#7291,#1638);
#1191=LINE('',#7293,#1639);
#1192=LINE('',#7294,#1640);
#1193=LINE('',#7297,#1641);
#1194=LINE('',#7299,#1642);
#1195=LINE('',#7300,#1643);
#1196=LINE('',#7302,#1644);
#1197=LINE('',#7303,#1645);
#1198=LINE('',#7310,#1646);
#1199=LINE('',#7312,#1647);
#1200=LINE('',#7314,#1648);
#1201=LINE('',#7315,#1649);
#1202=LINE('',#7318,#1650);
#1203=LINE('',#7320,#1651);
#1204=LINE('',#7321,#1652);
#1205=LINE('',#7324,#1653);
#1206=LINE('',#7326,#1654);
#1207=LINE('',#7327,#1655);
#1208=LINE('',#7330,#1656);
#1209=LINE('',#7332,#1657);
#1210=LINE('',#7333,#1658);
#1211=LINE('',#7336,#1659);
#1212=LINE('',#7338,#1660);
#1213=LINE('',#7339,#1661);
#1214=LINE('',#7341,#1662);
#1215=LINE('',#7342,#1663);
#1216=LINE('',#7345,#1664);
#1217=LINE('',#7348,#1665);
#1218=LINE('',#7351,#1666);
#1219=LINE('',#7355,#1667);
#1220=LINE('',#7408,#1668);
#1221=LINE('',#7410,#1669);
#1222=LINE('',#7425,#1670);
#1223=LINE('',#7434,#1671);
#1224=LINE('',#7437,#1672);
#1225=LINE('',#7445,#1673);
#1226=LINE('',#7449,#1674);
#1227=LINE('',#7456,#1675);
#1228=LINE('',#7462,#1676);
#1229=LINE('',#7468,#1677);
#1230=LINE('',#7477,#1678);
#1231=LINE('',#7483,#1679);
#1232=LINE('',#7493,#1680);
#1233=LINE('',#7502,#1681);
#1234=LINE('',#7508,#1682);
#1235=LINE('',#7515,#1683);
#1236=LINE('',#7520,#1684);
#1237=LINE('',#7527,#1685);
#1238=LINE('',#7530,#1686);
#1239=LINE('',#7537,#1687);
#1240=LINE('',#7541,#1688);
#1241=LINE('',#7560,#1689);
#1242=LINE('',#7672,#1690);
#1243=LINE('',#7673,#1691);
#1244=LINE('',#7675,#1692);
#1245=LINE('',#7677,#1693);
#1246=LINE('',#7679,#1694);
#1247=LINE('',#7681,#1695);
#1248=LINE('',#7702,#1696);
#1249=LINE('',#7711,#1697);
#1250=LINE('',#7719,#1698);
#1251=LINE('',#7721,#1699);
#1252=LINE('',#7723,#1700);
#1253=LINE('',#7724,#1701);
#1254=LINE('',#7728,#1702);
#1255=LINE('',#7730,#1703);
#1256=LINE('',#7732,#1704);
#1257=LINE('',#7733,#1705);
#1258=LINE('',#7736,#1706);
#1259=LINE('',#7738,#1707);
#1260=LINE('',#7739,#1708);
#1261=LINE('',#7742,#1709);
#1262=LINE('',#7744,#1710);
#1263=LINE('',#7745,#1711);
#1264=LINE('',#7747,#1712);
#1265=LINE('',#7748,#1713);
#1266=LINE('',#7750,#1714);
#1267=LINE('',#7751,#1715);
#1268=LINE('',#7754,#1716);
#1269=LINE('',#7756,#1717);
#1270=LINE('',#7757,#1718);
#1271=LINE('',#7760,#1719);
#1272=LINE('',#7761,#1720);
#1273=LINE('',#7764,#1721);
#1274=LINE('',#7765,#1722);
#1275=LINE('',#7769,#1723);
#1276=LINE('',#7773,#1724);
#1277=LINE('',#7775,#1725);
#1278=LINE('',#7777,#1726);
#1279=LINE('',#7779,#1727);
#1280=LINE('',#7781,#1728);
#1281=LINE('',#7783,#1729);
#1282=LINE('',#7785,#1730);
#1283=LINE('',#7787,#1731);
#1284=LINE('',#7789,#1732);
#1285=LINE('',#7791,#1733);
#1286=LINE('',#7793,#1734);
#1287=LINE('',#7795,#1735);
#1288=LINE('',#7796,#1736);
#1289=LINE('',#7803,#1737);
#1290=LINE('',#7805,#1738);
#1291=LINE('',#7807,#1739);
#1292=LINE('',#7809,#1740);
#1293=LINE('',#7811,#1741);
#1294=LINE('',#7812,#1742);
#1295=LINE('',#7821,#1743);
#1296=LINE('',#7823,#1744);
#1297=LINE('',#7825,#1745);
#1298=LINE('',#7827,#1746);
#1299=LINE('',#7829,#1747);
#1300=LINE('',#7830,#1748);
#1301=LINE('',#7833,#1749);
#1302=LINE('',#7835,#1750);
#1303=LINE('',#7837,#1751);
#1304=LINE('',#7838,#1752);
#1305=LINE('',#7867,#1753);
#1306=LINE('',#7868,#1754);
#1307=LINE('',#7871,#1755);
#1308=LINE('',#7872,#1756);
#1309=LINE('',#7874,#1757);
#1310=LINE('',#7881,#1758);
#1311=LINE('',#7904,#1759);
#1312=LINE('',#7907,#1760);
#1313=LINE('',#7930,#1761);
#1314=LINE('',#7933,#1762);
#1315=LINE('',#7956,#1763);
#1316=LINE('',#7959,#1764);
#1317=LINE('',#7982,#1765);
#1318=LINE('',#7985,#1766);
#1319=LINE('',#8008,#1767);
#1320=LINE('',#8011,#1768);
#1321=LINE('',#8034,#1769);
#1322=LINE('',#8037,#1770);
#1323=LINE('',#8052,#1771);
#1324=LINE('',#8056,#1772);
#1325=LINE('',#8060,#1773);
#1326=LINE('',#8064,#1774);
#1327=LINE('',#8068,#1775);
#1328=LINE('',#8072,#1776);
#1329=LINE('',#8075,#1777);
#1330=LINE('',#8078,#1778);
#1331=LINE('',#8079,#1779);
#1332=LINE('',#8082,#1780);
#1333=LINE('',#8084,#1781);
#1334=LINE('',#8086,#1782);
#1335=LINE('',#8088,#1783);
#1336=LINE('',#8090,#1784);
#1337=LINE('',#8092,#1785);
#1338=LINE('',#8094,#1786);
#1339=LINE('',#8096,#1787);
#1340=LINE('',#8097,#1788);
#1341=LINE('',#8104,#1789);
#1342=LINE('',#8106,#1790);
#1343=LINE('',#8108,#1791);
#1344=LINE('',#8110,#1792);
#1345=LINE('',#8112,#1793);
#1346=LINE('',#8113,#1794);
#1347=LINE('',#8116,#1795);
#1348=LINE('',#8118,#1796);
#1349=LINE('',#8120,#1797);
#1350=LINE('',#8122,#1798);
#1351=LINE('',#8124,#1799);
#1352=LINE('',#8125,#1800);
#1353=LINE('',#8128,#1801);
#1354=LINE('',#8130,#1802);
#1355=LINE('',#8132,#1803);
#1356=LINE('',#8134,#1804);
#1357=LINE('',#8136,#1805);
#1358=LINE('',#8137,#1806);
#1359=LINE('',#8140,#1807);
#1360=LINE('',#8142,#1808);
#1361=LINE('',#8143,#1809);
#1362=LINE('',#8146,#1810);
#1363=LINE('',#8148,#1811);
#1364=LINE('',#8149,#1812);
#1365=LINE('',#8151,#1813);
#1366=LINE('',#8153,#1814);
#1367=LINE('',#8155,#1815);
#1368=LINE('',#8156,#1816);
#1369=LINE('',#8159,#1817);
#1370=LINE('',#8161,#1818);
#1371=LINE('',#8163,#1819);
#1372=LINE('',#8164,#1820);
#1373=LINE('',#8167,#1821);
#1374=LINE('',#8168,#1822);
#1375=LINE('',#8171,#1823);
#1376=LINE('',#8173,#1824);
#1377=LINE('',#8174,#1825);
#1378=LINE('',#8177,#1826);
#1379=LINE('',#8178,#1827);
#1380=LINE('',#8181,#1828);
#1381=LINE('',#8182,#1829);
#1382=LINE('',#8184,#1830);
#1383=LINE('',#8187,#1831);
#1384=LINE('',#8188,#1832);
#1385=LINE('',#8190,#1833);
#1386=LINE('',#8192,#1834);
#1387=LINE('',#8197,#1835);
#1388=LINE('',#8202,#1836);
#1389=LINE('',#8206,#1837);
#1390=LINE('',#8209,#1838);
#1391=LINE('',#8212,#1839);
#1392=LINE('',#8214,#1840);
#1393=LINE('',#8215,#1841);
#1394=LINE('',#8218,#1842);
#1395=LINE('',#8219,#1843);
#1396=LINE('',#8222,#1844);
#1397=LINE('',#8224,#1845);
#1398=LINE('',#8225,#1846);
#1399=LINE('',#8228,#1847);
#1400=LINE('',#8229,#1848);
#1401=LINE('',#8231,#1849);
#1402=LINE('',#8233,#1850);
#1403=LINE('',#8236,#1851);
#1404=LINE('',#8238,#1852);
#1405=LINE('',#8239,#1853);
#1406=LINE('',#8242,#1854);
#1407=LINE('',#8243,#1855);
#1408=LINE('',#8246,#1856);
#1409=LINE('',#8247,#1857);
#1410=LINE('',#8250,#1858);
#1411=LINE('',#8252,#1859);
#1412=LINE('',#8253,#1860);
#1413=LINE('',#8256,#1861);
#1414=LINE('',#8257,#1862);
#1415=LINE('',#8260,#1863);
#1416=LINE('',#8262,#1864);
#1417=LINE('',#8263,#1865);
#1418=LINE('',#8266,#1866);
#1419=LINE('',#8267,#1867);
#1420=LINE('',#8269,#1868);
#1421=LINE('',#8271,#1869);
#1422=LINE('',#8274,#1870);
#1423=LINE('',#8276,#1871);
#1424=LINE('',#8277,#1872);
#1425=LINE('',#8280,#1873);
#1426=LINE('',#8281,#1874);
#1427=LINE('',#8284,#1875);
#1428=LINE('',#8285,#1876);
#1429=LINE('',#8288,#1877);
#1430=LINE('',#8289,#1878);
#1431=LINE('',#8292,#1879);
#1432=LINE('',#8293,#1880);
#1433=LINE('',#8295,#1881);
#1434=LINE('',#8301,#1882);
#1435=LINE('',#8302,#1883);
#1436=LINE('',#8305,#1884);
#1437=LINE('',#8306,#1885);
#1438=LINE('',#8308,#1886);
#1439=LINE('',#8313,#1887);
#1440=LINE('',#8315,#1888);
#1441=LINE('',#8317,#1889);
#1442=LINE('',#8319,#1890);
#1443=LINE('',#8321,#1891);
#1444=LINE('',#8322,#1892);
#1445=LINE('',#8325,#1893);
#1446=LINE('',#8327,#1894);
#1447=LINE('',#8328,#1895);
#1448=LINE('',#8331,#1896);
#1449=LINE('',#8332,#1897);
#1450=LINE('',#8335,#1898);
#1451=LINE('',#8336,#1899);
#1452=LINE('',#8340,#1900);
#1453=LINE('',#8341,#1901);
#1454=LINE('',#8342,#1902);
#1455=LINE('',#8344,#1903);
#1456=LINE('',#8346,#1904);
#1457=LINE('',#8349,#1905);
#1458=LINE('',#8351,#1906);
#1459=LINE('',#8352,#1907);
#1460=LINE('',#8355,#1908);
#1461=LINE('',#8356,#1909);
#1462=LINE('',#8359,#1910);
#1463=LINE('',#8360,#1911);
#1464=LINE('',#8363,#1912);
#1465=LINE('',#8364,#1913);
#1466=LINE('',#8367,#1914);
#1467=LINE('',#8368,#1915);
#1468=LINE('',#8370,#1916);
#1469=LINE('',#8375,#1917);
#1470=LINE('',#8378,#1918);
#1471=LINE('',#8380,#1919);
#1472=LINE('',#8381,#1920);
#1473=LINE('',#8384,#1921);
#1474=LINE('',#8386,#1922);
#1475=LINE('',#8387,#1923);
#1476=LINE('',#8390,#1924);
#1477=LINE('',#8392,#1925);
#1478=LINE('',#8393,#1926);
#1479=LINE('',#8396,#1927);
#1480=LINE('',#8398,#1928);
#1481=LINE('',#8399,#1929);
#1482=LINE('',#8402,#1930);
#1483=LINE('',#8404,#1931);
#1484=LINE('',#8405,#1932);
#1485=LINE('',#8407,#1933);
#1486=LINE('',#8408,#1934);
#1487=LINE('',#8413,#1935);
#1488=LINE('',#8415,#1936);
#1489=LINE('',#8416,#1937);
#1490=LINE('',#8419,#1938);
#1491=LINE('',#8420,#1939);
#1492=LINE('',#8423,#1940);
#1493=LINE('',#8424,#1941);
#1494=LINE('',#8427,#1942);
#1495=LINE('',#8428,#1943);
#1496=LINE('',#8431,#1944);
#1497=LINE('',#8432,#1945);
#1498=LINE('',#8434,#1946);
#1499=LINE('',#8437,#1947);
#1500=LINE('',#8439,#1948);
#1501=LINE('',#8440,#1949);
#1502=LINE('',#8443,#1950);
#1503=LINE('',#8444,#1951);
#1504=LINE('',#8447,#1952);
#1505=LINE('',#8448,#1953);
#1506=LINE('',#8451,#1954);
#1507=LINE('',#8453,#1955);
#1508=LINE('',#8454,#1956);
#1509=LINE('',#8457,#1957);
#1510=LINE('',#8459,#1958);
#1511=LINE('',#8460,#1959);
#1512=LINE('',#8463,#1960);
#1513=LINE('',#8464,#1961);
#1514=LINE('',#8467,#1962);
#1515=LINE('',#8468,#1963);
#1516=LINE('',#8470,#1964);
#1517=LINE('',#8472,#1965);
#1518=LINE('',#8475,#1966);
#1519=LINE('',#8477,#1967);
#1520=LINE('',#8478,#1968);
#1521=LINE('',#8481,#1969);
#1522=LINE('',#8482,#1970);
#1523=LINE('',#8485,#1971);
#1524=LINE('',#8486,#1972);
#1525=LINE('',#8489,#1973);
#1526=LINE('',#8490,#1974);
#1527=LINE('',#8493,#1975);
#1528=LINE('',#8494,#1976);
#1529=LINE('',#8496,#1977);
#1530=LINE('',#8502,#1978);
#1531=LINE('',#8503,#1979);
#1532=LINE('',#8506,#1980);
#1533=LINE('',#8507,#1981);
#1534=LINE('',#8509,#1982);
#1535=LINE('',#8514,#1983);
#1536=LINE('',#8516,#1984);
#1537=VECTOR('',#5545,2.65);
#1538=VECTOR('',#5556,2.65);
#1539=VECTOR('',#5567,10.);
#1540=VECTOR('',#5570,10.);
#1541=VECTOR('',#5573,10.);
#1542=VECTOR('',#5576,10.);
#1543=VECTOR('',#5577,10.);
#1544=VECTOR('',#5580,10.);
#1545=VECTOR('',#5581,10.);
#1546=VECTOR('',#5582,10.);
#1547=VECTOR('',#5583,10.);
#1548=VECTOR('',#5584,10.);
#1549=VECTOR('',#5587,10.);
#1550=VECTOR('',#5588,10.);
#1551=VECTOR('',#5593,10.);
#1552=VECTOR('',#5594,10.);
#1553=VECTOR('',#5597,10.);
#1554=VECTOR('',#5600,10.);
#1555=VECTOR('',#5601,10.);
#1556=VECTOR('',#5602,10.);
#1557=VECTOR('',#5607,10.);
#1558=VECTOR('',#5608,10.);
#1559=VECTOR('',#5609,10.);
#1560=VECTOR('',#5610,10.);
#1561=VECTOR('',#5611,10.);
#1562=VECTOR('',#5612,10.);
#1563=VECTOR('',#5615,10.);
#1564=VECTOR('',#5618,10.);
#1565=VECTOR('',#5621,10.);
#1566=VECTOR('',#5624,10.);
#1567=VECTOR('',#5627,10.);
#1568=VECTOR('',#5628,10.);
#1569=VECTOR('',#5629,10.);
#1570=VECTOR('',#5632,10.);
#1571=VECTOR('',#5651,10.);
#1572=VECTOR('',#5652,10.);
#1573=VECTOR('',#5655,10.);
#1574=VECTOR('',#5658,10.);
#1575=VECTOR('',#5665,10.);
#1576=VECTOR('',#5666,10.);
#1577=VECTOR('',#5667,10.);
#1578=VECTOR('',#5668,10.);
#1579=VECTOR('',#5671,10.);
#1580=VECTOR('',#5672,10.);
#1581=VECTOR('',#5673,10.);
#1582=VECTOR('',#5676,10.);
#1583=VECTOR('',#5677,10.);
#1584=VECTOR('',#5678,10.);
#1585=VECTOR('',#5681,10.);
#1586=VECTOR('',#5684,10.);
#1587=VECTOR('',#5685,10.);
#1588=VECTOR('',#5686,10.);
#1589=VECTOR('',#5689,10.);
#1590=VECTOR('',#5692,10.);
#1591=VECTOR('',#5693,10.);
#1592=VECTOR('',#5698,10.);
#1593=VECTOR('',#5701,10.);
#1594=VECTOR('',#5702,10.);
#1595=VECTOR('',#5707,10.);
#1596=VECTOR('',#5710,10.);
#1597=VECTOR('',#5711,10.);
#1598=VECTOR('',#5712,10.);
#1599=VECTOR('',#5717,10.);
#1600=VECTOR('',#5718,10.);
#1601=VECTOR('',#5725,10.);
#1602=VECTOR('',#5730,10.);
#1603=VECTOR('',#5733,10.);
#1604=VECTOR('',#5734,10.);
#1605=VECTOR('',#5735,10.);
#1606=VECTOR('',#5738,10.);
#1607=VECTOR('',#5753,0.61475);
#1608=VECTOR('',#5760,1.61475);
#1609=VECTOR('',#5765,1.2295);
#1610=VECTOR('',#5768,0.61475);
#1611=VECTOR('',#5775,1.61475);
#1612=VECTOR('',#5780,1.2295);
#1613=VECTOR('',#5785,2.635);
#1614=VECTOR('',#5792,2.635);
#1615=VECTOR('',#5797,1.2295);
#1616=VECTOR('',#5800,1.2295);
#1617=VECTOR('',#5803,10.);
#1618=VECTOR('',#5806,10.);
#1619=VECTOR('',#5809,2.53);
#1620=VECTOR('',#5812,2.53);
#1621=VECTOR('',#5815,3.6);
#1622=VECTOR('',#5818,10.);
#1623=VECTOR('',#5819,10.);
#1624=VECTOR('',#5832,2.5);
#1625=VECTOR('',#5839,2.45);
#1626=VECTOR('',#5850,3.52);
#1627=VECTOR('',#5857,3.52);
#1628=VECTOR('',#5862,10.);
#1629=VECTOR('',#5863,10.);
#1630=VECTOR('',#5864,10.);
#1631=VECTOR('',#5865,10.);
#1632=VECTOR('',#5868,9.99999999999998);
#1633=VECTOR('',#5869,9.99999999999998);
#1634=VECTOR('',#5870,10.);
#1635=VECTOR('',#5873,10.);
#1636=VECTOR('',#5874,10.);
#1637=VECTOR('',#5875,10.);
#1638=VECTOR('',#5878,10.);
#1639=VECTOR('',#5879,10.);
#1640=VECTOR('',#5880,10.);
#1641=VECTOR('',#5883,9.99999999999998);
#1642=VECTOR('',#5884,9.99999999999998);
#1643=VECTOR('',#5885,10.);
#1644=VECTOR('',#5888,10.);
#1645=VECTOR('',#5889,10.);
#1646=VECTOR('',#5898,10.);
#1647=VECTOR('',#5899,10.);
#1648=VECTOR('',#5900,10.);
#1649=VECTOR('',#5901,10.);
#1650=VECTOR('',#5904,10.);
#1651=VECTOR('',#5905,10.);
#1652=VECTOR('',#5906,10.);
#1653=VECTOR('',#5909,10.);
#1654=VECTOR('',#5910,10.);
#1655=VECTOR('',#5911,10.);
#1656=VECTOR('',#5914,10.);
#1657=VECTOR('',#5915,10.);
#1658=VECTOR('',#5916,10.);
#1659=VECTOR('',#5919,10.);
#1660=VECTOR('',#5920,10.);
#1661=VECTOR('',#5921,10.);
#1662=VECTOR('',#5924,9.99999999999998);
#1663=VECTOR('',#5925,9.99999999999998);
#1664=VECTOR('',#5928,10.);
#1665=VECTOR('',#5931,10.);
#1666=VECTOR('',#5934,10.);
#1667=VECTOR('',#5939,10.);
#1668=VECTOR('',#5978,10.);
#1669=VECTOR('',#5981,10.);
#1670=VECTOR('',#6002,2.5);
#1671=VECTOR('',#6013,2.4);
#1672=VECTOR('',#6016,2.3);
#1673=VECTOR('',#6027,2.65);
#1674=VECTOR('',#6032,2.6);
#1675=VECTOR('',#6041,2.65);
#1676=VECTOR('',#6050,4.);
#1677=VECTOR('',#6057,4.27);
#1678=VECTOR('',#6068,7.8);
#1679=VECTOR('',#6075,8.);
#1680=VECTOR('',#6088,4.27);
#1681=VECTOR('',#6099,7.8);
#1682=VECTOR('',#6106,8.);
#1683=VECTOR('',#6117,2.48);
#1684=VECTOR('',#6122,11.04);
#1685=VECTOR('',#6131,12.04);
#1686=VECTOR('',#6136,11.04);
#1687=VECTOR('',#6145,2.28350635094611);
#1688=VECTOR('',#6150,2.067);
#1689=VECTOR('',#6171,2.28350635094611);
#1690=VECTOR('',#6214,10.);
#1691=VECTOR('',#6215,10.);
#1692=VECTOR('',#6218,10.);
#1693=VECTOR('',#6221,10.);
#1694=VECTOR('',#6224,10.);
#1695=VECTOR('',#6227,10.);
#1696=VECTOR('',#6264,3.);
#1697=VECTOR('',#6275,3.);
#1698=VECTOR('',#6284,10.);
#1699=VECTOR('',#6285,10.);
#1700=VECTOR('',#6286,10.);
#1701=VECTOR('',#6287,10.);
#1702=VECTOR('',#6290,10.);
#1703=VECTOR('',#6291,10.);
#1704=VECTOR('',#6292,10.);
#1705=VECTOR('',#6293,10.);
#1706=VECTOR('',#6296,10.);
#1707=VECTOR('',#6297,10.);
#1708=VECTOR('',#6298,10.);
#1709=VECTOR('',#6301,10.);
#1710=VECTOR('',#6302,10.);
#1711=VECTOR('',#6303,10.);
#1712=VECTOR('',#6306,10.);
#1713=VECTOR('',#6307,10.);
#1714=VECTOR('',#6310,10.);
#1715=VECTOR('',#6311,10.);
#1716=VECTOR('',#6314,10.);
#1717=VECTOR('',#6315,10.);
#1718=VECTOR('',#6316,10.);
#1719=VECTOR('',#6319,10.);
#1720=VECTOR('',#6320,10.);
#1721=VECTOR('',#6323,10.);
#1722=VECTOR('',#6324,10.);
#1723=VECTOR('',#6327,10.);
#1724=VECTOR('',#6330,10.);
#1725=VECTOR('',#6331,10.);
#1726=VECTOR('',#6332,10.);
#1727=VECTOR('',#6333,10.);
#1728=VECTOR('',#6334,10.);
#1729=VECTOR('',#6335,10.);
#1730=VECTOR('',#6336,10.);
#1731=VECTOR('',#6337,10.);
#1732=VECTOR('',#6338,10.);
#1733=VECTOR('',#6339,10.);
#1734=VECTOR('',#6340,10.);
#1735=VECTOR('',#6341,10.);
#1736=VECTOR('',#6342,10.);
#1737=VECTOR('',#6347,10.);
#1738=VECTOR('',#6348,9.99999999999999);
#1739=VECTOR('',#6349,10.);
#1740=VECTOR('',#6350,10.);
#1741=VECTOR('',#6351,10.);
#1742=VECTOR('',#6352,10.);
#1743=VECTOR('',#6359,10.);
#1744=VECTOR('',#6360,10.);
#1745=VECTOR('',#6361,10.);
#1746=VECTOR('',#6362,10.);
#1747=VECTOR('',#6363,10.);
#1748=VECTOR('',#6364,10.);
#1749=VECTOR('',#6365,10.);
#1750=VECTOR('',#6366,10.);
#1751=VECTOR('',#6367,10.);
#1752=VECTOR('',#6368,10.);
#1753=VECTOR('',#6397,10.);
#1754=VECTOR('',#6398,10.);
#1755=VECTOR('',#6401,10.);
#1756=VECTOR('',#6402,10.);
#1757=VECTOR('',#6405,10.);
#1758=VECTOR('',#6414,1.7);
#1759=VECTOR('',#6421,10.);
#1760=VECTOR('',#6424,10.);
#1761=VECTOR('',#6431,10.);
#1762=VECTOR('',#6434,10.);
#1763=VECTOR('',#6441,10.);
#1764=VECTOR('',#6444,10.);
#1765=VECTOR('',#6451,10.);
#1766=VECTOR('',#6454,10.);
#1767=VECTOR('',#6461,10.);
#1768=VECTOR('',#6464,10.);
#1769=VECTOR('',#6471,10.);
#1770=VECTOR('',#6474,10.);
#1771=VECTOR('',#6501,2.785);
#1772=VECTOR('',#6506,1.7);
#1773=VECTOR('',#6511,2.785);
#1774=VECTOR('',#6516,1.7);
#1775=VECTOR('',#6521,5.);
#1776=VECTOR('',#6526,10.);
#1777=VECTOR('',#6529,10.);
#1778=VECTOR('',#6532,10.);
#1779=VECTOR('',#6533,10.);
#1780=VECTOR('',#6536,10.);
#1781=VECTOR('',#6537,10.);
#1782=VECTOR('',#6538,10.);
#1783=VECTOR('',#6539,10.);
#1784=VECTOR('',#6540,10.);
#1785=VECTOR('',#6541,10.);
#1786=VECTOR('',#6542,10.);
#1787=VECTOR('',#6543,10.);
#1788=VECTOR('',#6544,10.);
#1789=VECTOR('',#6549,10.);
#1790=VECTOR('',#6550,10.);
#1791=VECTOR('',#6551,9.99999999999999);
#1792=VECTOR('',#6552,10.);
#1793=VECTOR('',#6553,10.);
#1794=VECTOR('',#6554,10.);
#1795=VECTOR('',#6555,10.);
#1796=VECTOR('',#6556,10.);
#1797=VECTOR('',#6557,10.);
#1798=VECTOR('',#6558,10.);
#1799=VECTOR('',#6559,10.);
#1800=VECTOR('',#6560,10.);
#1801=VECTOR('',#6561,10.);
#1802=VECTOR('',#6562,10.);
#1803=VECTOR('',#6563,10.);
#1804=VECTOR('',#6564,10.);
#1805=VECTOR('',#6565,10.);
#1806=VECTOR('',#6566,10.);
#1807=VECTOR('',#6569,10.);
#1808=VECTOR('',#6570,10.);
#1809=VECTOR('',#6571,10.);
#1810=VECTOR('',#6574,10.);
#1811=VECTOR('',#6575,10.);
#1812=VECTOR('',#6576,10.);
#1813=VECTOR('',#6579,10.);
#1814=VECTOR('',#6580,10.);
#1815=VECTOR('',#6581,10.);
#1816=VECTOR('',#6582,10.);
#1817=VECTOR('',#6583,10.);
#1818=VECTOR('',#6584,10.);
#1819=VECTOR('',#6585,10.);
#1820=VECTOR('',#6586,10.);
#1821=VECTOR('',#6589,10.);
#1822=VECTOR('',#6590,10.);
#1823=VECTOR('',#6593,10.);
#1824=VECTOR('',#6594,10.);
#1825=VECTOR('',#6595,10.);
#1826=VECTOR('',#6598,10.);
#1827=VECTOR('',#6599,10.);
#1828=VECTOR('',#6602,10.);
#1829=VECTOR('',#6603,10.);
#1830=VECTOR('',#6606,10.);
#1831=VECTOR('',#6609,10.);
#1832=VECTOR('',#6610,10.);
#1833=VECTOR('',#6613,10.);
#1834=VECTOR('',#6616,10.);
#1835=VECTOR('',#6621,10.);
#1836=VECTOR('',#6628,10.);
#1837=VECTOR('',#6633,10.);
#1838=VECTOR('',#6638,10.);
#1839=VECTOR('',#6641,10.);
#1840=VECTOR('',#6642,10.);
#1841=VECTOR('',#6643,10.);
#1842=VECTOR('',#6646,10.);
#1843=VECTOR('',#6647,10.);
#1844=VECTOR('',#6650,10.);
#1845=VECTOR('',#6651,10.);
#1846=VECTOR('',#6652,10.);
#1847=VECTOR('',#6655,10.);
#1848=VECTOR('',#6656,10.);
#1849=VECTOR('',#6659,10.);
#1850=VECTOR('',#6662,10.);
#1851=VECTOR('',#6665,10.);
#1852=VECTOR('',#6666,10.);
#1853=VECTOR('',#6667,10.);
#1854=VECTOR('',#6670,10.);
#1855=VECTOR('',#6671,10.);
#1856=VECTOR('',#6674,10.);
#1857=VECTOR('',#6675,10.);
#1858=VECTOR('',#6678,10.);
#1859=VECTOR('',#6679,10.);
#1860=VECTOR('',#6680,10.);
#1861=VECTOR('',#6683,10.);
#1862=VECTOR('',#6684,10.);
#1863=VECTOR('',#6687,10.);
#1864=VECTOR('',#6688,10.);
#1865=VECTOR('',#6689,10.);
#1866=VECTOR('',#6692,10.);
#1867=VECTOR('',#6693,10.);
#1868=VECTOR('',#6696,9.99999999999999);
#1869=VECTOR('',#6699,10.);
#1870=VECTOR('',#6702,10.);
#1871=VECTOR('',#6703,10.);
#1872=VECTOR('',#6704,10.);
#1873=VECTOR('',#6707,10.);
#1874=VECTOR('',#6708,10.);
#1875=VECTOR('',#6711,10.);
#1876=VECTOR('',#6712,10.);
#1877=VECTOR('',#6715,10.);
#1878=VECTOR('',#6716,10.);
#1879=VECTOR('',#6719,10.);
#1880=VECTOR('',#6720,10.);
#1881=VECTOR('',#6723,10.);
#1882=VECTOR('',#6730,10.);
#1883=VECTOR('',#6731,10.);
#1884=VECTOR('',#6734,10.);
#1885=VECTOR('',#6735,10.);
#1886=VECTOR('',#6738,10.);
#1887=VECTOR('',#6745,1.7);
#1888=VECTOR('',#6748,1.7);
#1889=VECTOR('',#6751,10.);
#1890=VECTOR('',#6754,10.);
#1891=VECTOR('',#6757,10.);
#1892=VECTOR('',#6758,10.);
#1893=VECTOR('',#6761,10.);
#1894=VECTOR('',#6762,10.);
#1895=VECTOR('',#6763,10.);
#1896=VECTOR('',#6766,10.);
#1897=VECTOR('',#6767,10.);
#1898=VECTOR('',#6770,10.);
#1899=VECTOR('',#6771,9.99999999999999);
#1900=VECTOR('',#6774,10.);
#1901=VECTOR('',#6775,10.);
#1902=VECTOR('',#6776,10.);
#1903=VECTOR('',#6779,10.);
#1904=VECTOR('',#6782,10.);
#1905=VECTOR('',#6785,10.);
#1906=VECTOR('',#6786,9.99999999999999);
#1907=VECTOR('',#6787,10.);
#1908=VECTOR('',#6790,10.);
#1909=VECTOR('',#6791,10.);
#1910=VECTOR('',#6794,10.);
#1911=VECTOR('',#6795,10.);
#1912=VECTOR('',#6798,10.);
#1913=VECTOR('',#6799,10.);
#1914=VECTOR('',#6802,10.);
#1915=VECTOR('',#6803,10.);
#1916=VECTOR('',#6806,10.);
#1917=VECTOR('',#6813,1.7);
#1918=VECTOR('',#6816,10.);
#1919=VECTOR('',#6817,10.);
#1920=VECTOR('',#6818,10.);
#1921=VECTOR('',#6821,10.);
#1922=VECTOR('',#6822,10.);
#1923=VECTOR('',#6823,10.);
#1924=VECTOR('',#6826,10.);
#1925=VECTOR('',#6827,10.);
#1926=VECTOR('',#6828,10.);
#1927=VECTOR('',#6831,10.);
#1928=VECTOR('',#6832,10.);
#1929=VECTOR('',#6833,10.);
#1930=VECTOR('',#6836,10.);
#1931=VECTOR('',#6837,10.);
#1932=VECTOR('',#6838,10.);
#1933=VECTOR('',#6841,10.);
#1934=VECTOR('',#6842,10.);
#1935=VECTOR('',#6849,10.);
#1936=VECTOR('',#6850,10.);
#1937=VECTOR('',#6851,10.);
#1938=VECTOR('',#6854,10.);
#1939=VECTOR('',#6855,10.);
#1940=VECTOR('',#6858,10.);
#1941=VECTOR('',#6859,10.);
#1942=VECTOR('',#6862,10.);
#1943=VECTOR('',#6863,10.);
#1944=VECTOR('',#6866,10.);
#1945=VECTOR('',#6867,10.);
#1946=VECTOR('',#6870,10.);
#1947=VECTOR('',#6873,10.);
#1948=VECTOR('',#6874,10.);
#1949=VECTOR('',#6875,10.);
#1950=VECTOR('',#6878,10.);
#1951=VECTOR('',#6879,10.);
#1952=VECTOR('',#6882,10.);
#1953=VECTOR('',#6883,10.);
#1954=VECTOR('',#6886,10.);
#1955=VECTOR('',#6887,10.);
#1956=VECTOR('',#6888,10.);
#1957=VECTOR('',#6891,10.);
#1958=VECTOR('',#6892,10.);
#1959=VECTOR('',#6893,10.);
#1960=VECTOR('',#6896,10.);
#1961=VECTOR('',#6897,10.);
#1962=VECTOR('',#6900,10.);
#1963=VECTOR('',#6901,10.);
#1964=VECTOR('',#6904,10.);
#1965=VECTOR('',#6907,10.);
#1966=VECTOR('',#6910,10.);
#1967=VECTOR('',#6911,10.);
#1968=VECTOR('',#6912,10.);
#1969=VECTOR('',#6915,10.);
#1970=VECTOR('',#6916,10.);
#1971=VECTOR('',#6919,10.);
#1972=VECTOR('',#6920,10.);
#1973=VECTOR('',#6923,10.);
#1974=VECTOR('',#6924,10.);
#1975=VECTOR('',#6927,10.);
#1976=VECTOR('',#6928,10.);
#1977=VECTOR('',#6931,10.);
#1978=VECTOR('',#6938,10.);
#1979=VECTOR('',#6939,10.);
#1980=VECTOR('',#6942,10.);
#1981=VECTOR('',#6943,10.);
#1982=VECTOR('',#6946,10.);
#1983=VECTOR('',#6953,1.7);
#1984=VECTOR('',#6956,1.7);
#1985=CIRCLE('',#5047,2.65);
#1986=CIRCLE('',#5048,2.65);
#1987=CIRCLE('',#5050,1.2295);
#1988=CIRCLE('',#5052,2.65);
#1989=CIRCLE('',#5053,2.65);
#1990=CIRCLE('',#5055,1.2295);
#1991=CIRCLE('',#5057,3.);
#1992=CIRCLE('',#5058,3.);
#1993=CIRCLE('',#5060,1.);
#1994=CIRCLE('',#5062,3.);
#1995=CIRCLE('',#5064,3.);
#1996=CIRCLE('',#5066,2.5);
#1997=CIRCLE('',#5067,1.);
#1998=CIRCLE('',#5071,2.5);
#1999=CIRCLE('',#5073,12.);
#2000=CIRCLE('',#5074,10.);
#2001=CIRCLE('',#5075,10.);
#2002=CIRCLE('',#5076,2.635);
#2003=CIRCLE('',#5077,2.635);
#2004=CIRCLE('',#5078,1.2295);
#2005=CIRCLE('',#5079,1.2295);
#2006=CIRCLE('',#5080,3.6);
#2007=CIRCLE('',#5081,2.53);
#2008=CIRCLE('',#5082,2.53);
#2009=CIRCLE('',#5092,3.);
#2010=CIRCLE('',#5093,3.);
#2011=CIRCLE('',#5096,3.);
#2012=CIRCLE('',#5099,3.);
#2013=CIRCLE('',#5102,1.);
#2014=CIRCLE('',#5103,2.5);
#2015=CIRCLE('',#5105,1.);
#2016=CIRCLE('',#5107,10.);
#2017=CIRCLE('',#5108,10.);
#2018=CIRCLE('',#5109,12.);
#2019=CIRCLE('',#5110,3.6);
#2020=CIRCLE('',#5111,2.53);
#2021=CIRCLE('',#5112,2.53);
#2022=CIRCLE('',#5114,2.5);
#2023=CIRCLE('',#5117,1.2295);
#2024=CIRCLE('',#5119,1.2295);
#2025=CIRCLE('',#5120,2.);
#2026=CIRCLE('',#5123,1.2295);
#2027=CIRCLE('',#5125,1.2295);
#2028=CIRCLE('',#5126,2.);
#2029=CIRCLE('',#5129,2.635);
#2030=CIRCLE('',#5132,2.635);
#2031=CIRCLE('',#5147,2.45);
#2032=CIRCLE('',#5148,2.55);
#2033=CIRCLE('',#5149,2.45);
#2034=CIRCLE('',#5151,2.45);
#2035=CIRCLE('',#5153,3.52);
#2036=CIRCLE('',#5155,3.52);
#2037=CIRCLE('',#5156,3.52);
#2038=CIRCLE('',#5159,3.52);
#2039=CIRCLE('',#5176,4.60623322132601);
#2040=CIRCLE('',#5178,4.60623322132601);
#2041=CIRCLE('',#5180,4.60623322132601);
#2042=CIRCLE('',#5183,4.74386319967908);
#2043=CIRCLE('',#5185,4.74386319967908);
#2044=CIRCLE('',#5187,4.74386319967908);
#2045=CIRCLE('',#5188,4.60623322132601);
#2046=CIRCLE('',#5190,4.60623322132601);
#2047=CIRCLE('',#5191,4.74386319967908);
#2048=CIRCLE('',#5193,4.74386319967908);
#2049=CIRCLE('',#5194,4.74386319967908);
#2050=CIRCLE('',#5195,4.60623322132601);
#2051=CIRCLE('',#5197,4.74386319967908);
#2052=CIRCLE('',#5201,5.02666666666667);
#2053=CIRCLE('',#5202,4.4598130909584);
#2054=CIRCLE('',#5205,0.2);
#2055=CIRCLE('',#5206,4.28236694675581);
#2056=CIRCLE('',#5208,2.6);
#2057=CIRCLE('',#5210,2.4);
#2058=CIRCLE('',#5211,2.4);
#2059=CIRCLE('',#5213,2.4);
#2060=CIRCLE('',#5214,2.4);
#2061=CIRCLE('',#5216,2.2);
#2062=CIRCLE('',#5220,2.6);
#2063=CIRCLE('',#5221,2.7);
#2064=CIRCLE('',#5223,2.6);
#2065=CIRCLE('',#5225,4.);
#2066=CIRCLE('',#5227,2.7);
#2067=CIRCLE('',#5229,4.);
#2068=CIRCLE('',#5233,4.27);
#2069=CIRCLE('',#5234,4.27);
#2070=CIRCLE('',#5236,2.48);
#2071=CIRCLE('',#5238,7.8);
#2072=CIRCLE('',#5239,7.8);
#2073=CIRCLE('',#5241,8.);
#2074=CIRCLE('',#5242,8.);
#2075=CIRCLE('',#5245,10.04);
#2076=CIRCLE('',#5247,4.27);
#2077=CIRCLE('',#5248,4.27);
#2078=CIRCLE('',#5250,2.48);
#2079=CIRCLE('',#5252,7.8);
#2080=CIRCLE('',#5253,7.8);
#2081=CIRCLE('',#5255,8.);
#2082=CIRCLE('',#5256,8.);
#2083=CIRCLE('',#5259,10.04);
#2084=CIRCLE('',#5262,12.04);
#2085=CIRCLE('',#5263,12.04);
#2086=CIRCLE('',#5265,12.04);
#2087=CIRCLE('',#5266,12.04);
#2088=CIRCLE('',#5272,2.067);
#2089=CIRCLE('',#5273,2.50001270189222);
#2090=CIRCLE('',#5275,2.067);
#2091=CIRCLE('',#5276,2.067);
#2092=CIRCLE('',#5278,4.);
#2093=CIRCLE('',#5279,4.);
#2094=CIRCLE('',#5280,4.);
#2095=CIRCLE('',#5281,4.);
#2096=CIRCLE('',#5282,4.);
#2097=CIRCLE('',#5283,4.);
#2098=CIRCLE('',#5285,2.50001270189222);
#2099=CIRCLE('',#5287,4.);
#2100=CIRCLE('',#5288,4.);
#2101=CIRCLE('',#5289,4.);
#2102=CIRCLE('',#5290,4.);
#2103=CIRCLE('',#5291,4.);
#2104=CIRCLE('',#5292,4.);
#2105=CIRCLE('',#5327,3.);
#2106=CIRCLE('',#5328,3.);
#2107=CIRCLE('',#5330,1.7);
#2108=CIRCLE('',#5332,3.);
#2109=CIRCLE('',#5333,3.);
#2110=CIRCLE('',#5335,1.7);
#2111=CIRCLE('',#5346,5.);
#2112=CIRCLE('',#5347,2.785);
#2113=CIRCLE('',#5348,2.785);
#2114=CIRCLE('',#5349,1.7);
#2115=CIRCLE('',#5350,1.7);
#2116=CIRCLE('',#5351,1.7);
#2117=CIRCLE('',#5352,5.);
#2118=CIRCLE('',#5353,1.6);
#2119=CIRCLE('',#5354,0.410000000000003);
#2120=CIRCLE('',#5355,1.6);
#2121=CIRCLE('',#5356,0.410000000000003);
#2122=CIRCLE('',#5357,1.6);
#2123=CIRCLE('',#5358,0.410000000000001);
#2124=CIRCLE('',#5359,1.6);
#2125=CIRCLE('',#5360,0.41);
#2126=CIRCLE('',#5361,1.6);
#2127=CIRCLE('',#5362,0.409999999999998);
#2128=CIRCLE('',#5363,1.6);
#2129=CIRCLE('',#5364,0.409999999999996);
#2130=CIRCLE('',#5369,1.7);
#2131=CIRCLE('',#5371,1.7);
#2132=CIRCLE('',#5373,0.749999999999997);
#2133=CIRCLE('',#5375,0.749999999999997);
#2134=CIRCLE('',#5377,0.75);
#2135=CIRCLE('',#5379,0.75);
#2136=CIRCLE('',#5381,0.749999999999997);
#2137=CIRCLE('',#5383,0.749999999999997);
#2138=CIRCLE('',#5385,0.750000000000002);
#2139=CIRCLE('',#5387,0.750000000000002);
#2140=CIRCLE('',#5389,0.750000000000002);
#2141=CIRCLE('',#5391,0.750000000000002);
#2142=CIRCLE('',#5393,0.750000000000002);
#2143=CIRCLE('',#5395,0.750000000000002);
#2144=CIRCLE('',#5397,1.6);
#2145=CIRCLE('',#5399,1.6);
#2146=CIRCLE('',#5401,1.6);
#2147=CIRCLE('',#5403,1.6);
#2148=CIRCLE('',#5405,1.6);
#2149=CIRCLE('',#5407,1.6);
#2150=CIRCLE('',#5409,2.785);
#2151=CIRCLE('',#5411,1.7);
#2152=CIRCLE('',#5413,2.785);
#2153=CIRCLE('',#5415,1.7);
#2154=CIRCLE('',#5417,5.);
#2155=CIRCLE('',#5419,5.);
#2156=CIRCLE('',#5422,1.7);
#2157=CIRCLE('',#5423,1.7);
#2158=CIRCLE('',#5437,4.);
#2159=CIRCLE('',#5438,4.);
#2160=CIRCLE('',#5440,2.);
#2161=CIRCLE('',#5442,2.);
#2162=CIRCLE('',#5466,1.7);
#2163=CIRCLE('',#5471,1.7);
#2164=CIRCLE('',#5490,1.7);
#2165=CIRCLE('',#5522,1.7);
#2166=CIRCLE('',#5527,1.7);
#2167=VERTEX_POINT('',#6968);
#2168=VERTEX_POINT('',#6970);
#2169=VERTEX_POINT('',#6974);
#2170=VERTEX_POINT('',#6977);
#2171=VERTEX_POINT('',#6979);
#2172=VERTEX_POINT('',#6983);
#2173=VERTEX_POINT('',#6986);
#2174=VERTEX_POINT('',#6987);
#2175=VERTEX_POINT('',#6989);
#2176=VERTEX_POINT('',#6991);
#2177=VERTEX_POINT('',#6995);
#2178=VERTEX_POINT('',#6997);
#2179=VERTEX_POINT('',#6999);
#2180=VERTEX_POINT('',#7003);
#2181=VERTEX_POINT('',#7005);
#2182=VERTEX_POINT('',#7007);
#2183=VERTEX_POINT('',#7009);
#2184=VERTEX_POINT('',#7011);
#2185=VERTEX_POINT('',#7013);
#2186=VERTEX_POINT('',#7015);
#2187=VERTEX_POINT('',#7019);
#2188=VERTEX_POINT('',#7020);
#2189=VERTEX_POINT('',#7025);
#2190=VERTEX_POINT('',#7027);
#2191=VERTEX_POINT('',#7029);
#2192=VERTEX_POINT('',#7031);
#2193=VERTEX_POINT('',#7033);
#2194=VERTEX_POINT('',#7038);
#2195=VERTEX_POINT('',#7040);
#2196=VERTEX_POINT('',#7042);
#2197=VERTEX_POINT('',#7044);
#2198=VERTEX_POINT('',#7050);
#2199=VERTEX_POINT('',#7052);
#2200=VERTEX_POINT('',#7056);
#2201=VERTEX_POINT('',#7058);
#2202=VERTEX_POINT('',#7060);
#2203=VERTEX_POINT('',#7062);
#2204=VERTEX_POINT('',#7064);
#2205=VERTEX_POINT('',#7066);
#2206=VERTEX_POINT('',#7068);
#2207=VERTEX_POINT('',#7071);
#2208=VERTEX_POINT('',#7073);
#2209=VERTEX_POINT('',#7075);
#2210=VERTEX_POINT('',#7077);
#2211=VERTEX_POINT('',#7079);
#2212=VERTEX_POINT('',#7081);
#2213=VERTEX_POINT('',#7083);
#2214=VERTEX_POINT('',#7095);
#2215=VERTEX_POINT('',#7096);
#2216=VERTEX_POINT('',#7098);
#2217=VERTEX_POINT('',#7100);
#2218=VERTEX_POINT('',#7104);
#2219=VERTEX_POINT('',#7106);
#2220=VERTEX_POINT('',#7110);
#2221=VERTEX_POINT('',#7112);
#2222=VERTEX_POINT('',#7116);
#2223=VERTEX_POINT('',#7118);
#2224=VERTEX_POINT('',#7120);
#2225=VERTEX_POINT('',#7122);
#2226=VERTEX_POINT('',#7124);
#2227=VERTEX_POINT('',#7126);
#2228=VERTEX_POINT('',#7130);
#2229=VERTEX_POINT('',#7134);
#2230=VERTEX_POINT('',#7138);
#2231=VERTEX_POINT('',#7142);
#2232=VERTEX_POINT('',#7146);
#2233=VERTEX_POINT('',#7148);
#2234=VERTEX_POINT('',#7152);
#2235=VERTEX_POINT('',#7154);
#2236=VERTEX_POINT('',#7159);
#2237=VERTEX_POINT('',#7163);
#2238=VERTEX_POINT('',#7165);
#2239=VERTEX_POINT('',#7169);
#2240=VERTEX_POINT('',#7171);
#2241=VERTEX_POINT('',#7173);
#2242=VERTEX_POINT('',#7176);
#2243=VERTEX_POINT('',#7178);
#2244=VERTEX_POINT('',#7180);
#2245=VERTEX_POINT('',#7186);
#2246=VERTEX_POINT('',#7187);
#2247=VERTEX_POINT('',#7191);
#2248=VERTEX_POINT('',#7193);
#2249=VERTEX_POINT('',#7199);
#2250=VERTEX_POINT('',#7200);
#2251=VERTEX_POINT('',#7204);
#2252=VERTEX_POINT('',#7206);
#2253=VERTEX_POINT('',#7212);
#2254=VERTEX_POINT('',#7217);
#2255=VERTEX_POINT('',#7243);
#2256=VERTEX_POINT('',#7244);
#2257=VERTEX_POINT('',#7246);
#2258=VERTEX_POINT('',#7251);
#2259=VERTEX_POINT('',#7255);
#2260=VERTEX_POINT('',#7258);
#2261=VERTEX_POINT('',#7260);
#2262=VERTEX_POINT('',#7265);
#2263=VERTEX_POINT('',#7269);
#2264=VERTEX_POINT('',#7270);
#2265=VERTEX_POINT('',#7272);
#2266=VERTEX_POINT('',#7274);
#2267=VERTEX_POINT('',#7278);
#2268=VERTEX_POINT('',#7280);
#2269=VERTEX_POINT('',#7284);
#2270=VERTEX_POINT('',#7286);
#2271=VERTEX_POINT('',#7290);
#2272=VERTEX_POINT('',#7292);
#2273=VERTEX_POINT('',#7296);
#2274=VERTEX_POINT('',#7298);
#2275=VERTEX_POINT('',#7308);
#2276=VERTEX_POINT('',#7309);
#2277=VERTEX_POINT('',#7311);
#2278=VERTEX_POINT('',#7313);
#2279=VERTEX_POINT('',#7317);
#2280=VERTEX_POINT('',#7319);
#2281=VERTEX_POINT('',#7323);
#2282=VERTEX_POINT('',#7325);
#2283=VERTEX_POINT('',#7329);
#2284=VERTEX_POINT('',#7331);
#2285=VERTEX_POINT('',#7335);
#2286=VERTEX_POINT('',#7337);
#2287=VERTEX_POINT('',#7344);
#2288=VERTEX_POINT('',#7346);
#2289=VERTEX_POINT('',#7350);
#2290=VERTEX_POINT('',#7354);
#2291=VERTEX_POINT('',#7359);
#2292=VERTEX_POINT('',#7360);
#2293=VERTEX_POINT('',#7371);
#2294=VERTEX_POINT('',#7378);
#2295=VERTEX_POINT('',#7379);
#2296=VERTEX_POINT('',#7381);
#2297=VERTEX_POINT('',#7386);
#2298=VERTEX_POINT('',#7394);
#2299=VERTEX_POINT('',#7401);
#2300=VERTEX_POINT('',#7412);
#2301=VERTEX_POINT('',#7417);
#2302=VERTEX_POINT('',#7421);
#2303=VERTEX_POINT('',#7424);
#2304=VERTEX_POINT('',#7426);
#2305=VERTEX_POINT('',#7430);
#2306=VERTEX_POINT('',#7431);
#2307=VERTEX_POINT('',#7436);
#2308=VERTEX_POINT('',#7442);
#2309=VERTEX_POINT('',#7444);
#2310=VERTEX_POINT('',#7448);
#2311=VERTEX_POINT('',#7452);
#2312=VERTEX_POINT('',#7455);
#2313=VERTEX_POINT('',#7459);
#2314=VERTEX_POINT('',#7465);
#2315=VERTEX_POINT('',#7467);
#2316=VERTEX_POINT('',#7471);
#2317=VERTEX_POINT('',#7474);
#2318=VERTEX_POINT('',#7476);
#2319=VERTEX_POINT('',#7480);
#2320=VERTEX_POINT('',#7482);
#2321=VERTEX_POINT('',#7487);
#2322=VERTEX_POINT('',#7490);
#2323=VERTEX_POINT('',#7492);
#2324=VERTEX_POINT('',#7496);
#2325=VERTEX_POINT('',#7499);
#2326=VERTEX_POINT('',#7501);
#2327=VERTEX_POINT('',#7505);
#2328=VERTEX_POINT('',#7507);
#2329=VERTEX_POINT('',#7512);
#2330=VERTEX_POINT('',#7517);
#2331=VERTEX_POINT('',#7518);
#2332=VERTEX_POINT('',#7523);
#2333=VERTEX_POINT('',#7524);
#2334=VERTEX_POINT('',#7534);
#2335=VERTEX_POINT('',#7536);
#2336=VERTEX_POINT('',#7540);
#2337=VERTEX_POINT('',#7542);
#2338=VERTEX_POINT('',#7546);
#2339=VERTEX_POINT('',#7547);
#2340=VERTEX_POINT('',#7549);
#2341=VERTEX_POINT('',#7551);
#2342=VERTEX_POINT('',#7553);
#2343=VERTEX_POINT('',#7555);
#2344=VERTEX_POINT('',#7559);
#2345=VERTEX_POINT('',#7563);
#2346=VERTEX_POINT('',#7564);
#2347=VERTEX_POINT('',#7566);
#2348=VERTEX_POINT('',#7568);
#2349=VERTEX_POINT('',#7570);
#2350=VERTEX_POINT('',#7572);
#2351=VERTEX_POINT('',#7576);
#2352=VERTEX_POINT('',#7584);
#2353=VERTEX_POINT('',#7592);
#2354=VERTEX_POINT('',#7600);
#2355=VERTEX_POINT('',#7608);
#2356=VERTEX_POINT('',#7616);
#2357=VERTEX_POINT('',#7624);
#2358=VERTEX_POINT('',#7632);
#2359=VERTEX_POINT('',#7640);
#2360=VERTEX_POINT('',#7648);
#2361=VERTEX_POINT('',#7656);
#2362=VERTEX_POINT('',#7664);
#2363=VERTEX_POINT('',#7699);
#2364=VERTEX_POINT('',#7701);
#2365=VERTEX_POINT('',#7705);
#2366=VERTEX_POINT('',#7708);
#2367=VERTEX_POINT('',#7710);
#2368=VERTEX_POINT('',#7714);
#2369=VERTEX_POINT('',#7717);
#2370=VERTEX_POINT('',#7718);
#2371=VERTEX_POINT('',#7720);
#2372=VERTEX_POINT('',#7722);
#2373=VERTEX_POINT('',#7726);
#2374=VERTEX_POINT('',#7727);
#2375=VERTEX_POINT('',#7729);
#2376=VERTEX_POINT('',#7731);
#2377=VERTEX_POINT('',#7735);
#2378=VERTEX_POINT('',#7737);
#2379=VERTEX_POINT('',#7741);
#2380=VERTEX_POINT('',#7743);
#2381=VERTEX_POINT('',#7753);
#2382=VERTEX_POINT('',#7755);
#2383=VERTEX_POINT('',#7759);
#2384=VERTEX_POINT('',#7763);
#2385=VERTEX_POINT('',#7767);
#2386=VERTEX_POINT('',#7768);
#2387=VERTEX_POINT('',#7770);
#2388=VERTEX_POINT('',#7772);
#2389=VERTEX_POINT('',#7774);
#2390=VERTEX_POINT('',#7776);
#2391=VERTEX_POINT('',#7778);
#2392=VERTEX_POINT('',#7780);
#2393=VERTEX_POINT('',#7782);
#2394=VERTEX_POINT('',#7784);
#2395=VERTEX_POINT('',#7786);
#2396=VERTEX_POINT('',#7788);
#2397=VERTEX_POINT('',#7790);
#2398=VERTEX_POINT('',#7792);
#2399=VERTEX_POINT('',#7794);
#2400=VERTEX_POINT('',#7797);
#2401=VERTEX_POINT('',#7799);
#2402=VERTEX_POINT('',#7801);
#2403=VERTEX_POINT('',#7802);
#2404=VERTEX_POINT('',#7804);
#2405=VERTEX_POINT('',#7806);
#2406=VERTEX_POINT('',#7808);
#2407=VERTEX_POINT('',#7810);
#2408=VERTEX_POINT('',#7813);
#2409=VERTEX_POINT('',#7815);
#2410=VERTEX_POINT('',#7817);
#2411=VERTEX_POINT('',#7819);
#2412=VERTEX_POINT('',#7820);
#2413=VERTEX_POINT('',#7822);
#2414=VERTEX_POINT('',#7824);
#2415=VERTEX_POINT('',#7826);
#2416=VERTEX_POINT('',#7828);
#2417=VERTEX_POINT('',#7831);
#2418=VERTEX_POINT('',#7832);
#2419=VERTEX_POINT('',#7834);
#2420=VERTEX_POINT('',#7836);
#2421=VERTEX_POINT('',#7839);
#2422=VERTEX_POINT('',#7841);
#2423=VERTEX_POINT('',#7842);
#2424=VERTEX_POINT('',#7844);
#2425=VERTEX_POINT('',#7846);
#2426=VERTEX_POINT('',#7848);
#2427=VERTEX_POINT('',#7850);
#2428=VERTEX_POINT('',#7853);
#2429=VERTEX_POINT('',#7854);
#2430=VERTEX_POINT('',#7856);
#2431=VERTEX_POINT('',#7858);
#2432=VERTEX_POINT('',#7860);
#2433=VERTEX_POINT('',#7862);
#2434=VERTEX_POINT('',#7866);
#2435=VERTEX_POINT('',#7870);
#2436=VERTEX_POINT('',#7876);
#2437=VERTEX_POINT('',#7879);
#2438=VERTEX_POINT('',#7883);
#2439=VERTEX_POINT('',#7892);
#2440=VERTEX_POINT('',#7903);
#2441=VERTEX_POINT('',#7905);
#2442=VERTEX_POINT('',#7909);
#2443=VERTEX_POINT('',#7918);
#2444=VERTEX_POINT('',#7929);
#2445=VERTEX_POINT('',#7931);
#2446=VERTEX_POINT('',#7935);
#2447=VERTEX_POINT('',#7944);
#2448=VERTEX_POINT('',#7955);
#2449=VERTEX_POINT('',#7957);
#2450=VERTEX_POINT('',#7961);
#2451=VERTEX_POINT('',#7970);
#2452=VERTEX_POINT('',#7981);
#2453=VERTEX_POINT('',#7983);
#2454=VERTEX_POINT('',#7987);
#2455=VERTEX_POINT('',#7996);
#2456=VERTEX_POINT('',#8007);
#2457=VERTEX_POINT('',#8009);
#2458=VERTEX_POINT('',#8013);
#2459=VERTEX_POINT('',#8022);
#2460=VERTEX_POINT('',#8033);
#2461=VERTEX_POINT('',#8035);
#2462=VERTEX_POINT('',#8051);
#2463=VERTEX_POINT('',#8055);
#2464=VERTEX_POINT('',#8059);
#2465=VERTEX_POINT('',#8063);
#2466=VERTEX_POINT('',#8067);
#2467=VERTEX_POINT('',#8071);
#2468=VERTEX_POINT('',#8073);
#2469=VERTEX_POINT('',#8077);
#2470=VERTEX_POINT('',#8081);
#2471=VERTEX_POINT('',#8083);
#2472=VERTEX_POINT('',#8085);
#2473=VERTEX_POINT('',#8087);
#2474=VERTEX_POINT('',#8089);
#2475=VERTEX_POINT('',#8091);
#2476=VERTEX_POINT('',#8093);
#2477=VERTEX_POINT('',#8095);
#2478=VERTEX_POINT('',#8098);
#2479=VERTEX_POINT('',#8100);
#2480=VERTEX_POINT('',#8102);
#2481=VERTEX_POINT('',#8103);
#2482=VERTEX_POINT('',#8105);
#2483=VERTEX_POINT('',#8107);
#2484=VERTEX_POINT('',#8109);
#2485=VERTEX_POINT('',#8111);
#2486=VERTEX_POINT('',#8114);
#2487=VERTEX_POINT('',#8115);
#2488=VERTEX_POINT('',#8117);
#2489=VERTEX_POINT('',#8119);
#2490=VERTEX_POINT('',#8121);
#2491=VERTEX_POINT('',#8123);
#2492=VERTEX_POINT('',#8126);
#2493=VERTEX_POINT('',#8127);
#2494=VERTEX_POINT('',#8129);
#2495=VERTEX_POINT('',#8131);
#2496=VERTEX_POINT('',#8133);
#2497=VERTEX_POINT('',#8135);
#2498=VERTEX_POINT('',#8139);
#2499=VERTEX_POINT('',#8141);
#2500=VERTEX_POINT('',#8145);
#2501=VERTEX_POINT('',#8147);
#2502=VERTEX_POINT('',#8152);
#2503=VERTEX_POINT('',#8154);
#2504=VERTEX_POINT('',#8157);
#2505=VERTEX_POINT('',#8158);
#2506=VERTEX_POINT('',#8160);
#2507=VERTEX_POINT('',#8162);
#2508=VERTEX_POINT('',#8166);
#2509=VERTEX_POINT('',#8170);
#2510=VERTEX_POINT('',#8172);
#2511=VERTEX_POINT('',#8176);
#2512=VERTEX_POINT('',#8180);
#2513=VERTEX_POINT('',#8186);
#2514=VERTEX_POINT('',#8195);
#2515=VERTEX_POINT('',#8196);
#2516=VERTEX_POINT('',#8201);
#2517=VERTEX_POINT('',#8205);
#2518=VERTEX_POINT('',#8211);
#2519=VERTEX_POINT('',#8213);
#2520=VERTEX_POINT('',#8217);
#2521=VERTEX_POINT('',#8221);
#2522=VERTEX_POINT('',#8223);
#2523=VERTEX_POINT('',#8227);
#2524=VERTEX_POINT('',#8235);
#2525=VERTEX_POINT('',#8237);
#2526=VERTEX_POINT('',#8241);
#2527=VERTEX_POINT('',#8245);
#2528=VERTEX_POINT('',#8249);
#2529=VERTEX_POINT('',#8251);
#2530=VERTEX_POINT('',#8255);
#2531=VERTEX_POINT('',#8259);
#2532=VERTEX_POINT('',#8261);
#2533=VERTEX_POINT('',#8265);
#2534=VERTEX_POINT('',#8273);
#2535=VERTEX_POINT('',#8275);
#2536=VERTEX_POINT('',#8279);
#2537=VERTEX_POINT('',#8283);
#2538=VERTEX_POINT('',#8287);
#2539=VERTEX_POINT('',#8291);
#2540=VERTEX_POINT('',#8297);
#2541=VERTEX_POINT('',#8300);
#2542=VERTEX_POINT('',#8304);
#2543=VERTEX_POINT('',#8310);
#2544=VERTEX_POINT('',#8324);
#2545=VERTEX_POINT('',#8326);
#2546=VERTEX_POINT('',#8330);
#2547=VERTEX_POINT('',#8334);
#2548=VERTEX_POINT('',#8338);
#2549=VERTEX_POINT('',#8339);
#2550=VERTEX_POINT('',#8348);
#2551=VERTEX_POINT('',#8350);
#2552=VERTEX_POINT('',#8354);
#2553=VERTEX_POINT('',#8358);
#2554=VERTEX_POINT('',#8362);
#2555=VERTEX_POINT('',#8366);
#2556=VERTEX_POINT('',#8372);
#2557=VERTEX_POINT('',#8377);
#2558=VERTEX_POINT('',#8379);
#2559=VERTEX_POINT('',#8383);
#2560=VERTEX_POINT('',#8385);
#2561=VERTEX_POINT('',#8389);
#2562=VERTEX_POINT('',#8391);
#2563=VERTEX_POINT('',#8395);
#2564=VERTEX_POINT('',#8397);
#2565=VERTEX_POINT('',#8401);
#2566=VERTEX_POINT('',#8403);
#2567=VERTEX_POINT('',#8412);
#2568=VERTEX_POINT('',#8414);
#2569=VERTEX_POINT('',#8418);
#2570=VERTEX_POINT('',#8422);
#2571=VERTEX_POINT('',#8426);
#2572=VERTEX_POINT('',#8430);
#2573=VERTEX_POINT('',#8436);
#2574=VERTEX_POINT('',#8438);
#2575=VERTEX_POINT('',#8442);
#2576=VERTEX_POINT('',#8446);
#2577=VERTEX_POINT('',#8450);
#2578=VERTEX_POINT('',#8452);
#2579=VERTEX_POINT('',#8456);
#2580=VERTEX_POINT('',#8458);
#2581=VERTEX_POINT('',#8462);
#2582=VERTEX_POINT('',#8466);
#2583=VERTEX_POINT('',#8474);
#2584=VERTEX_POINT('',#8476);
#2585=VERTEX_POINT('',#8480);
#2586=VERTEX_POINT('',#8484);
#2587=VERTEX_POINT('',#8488);
#2588=VERTEX_POINT('',#8492);
#2589=VERTEX_POINT('',#8498);
#2590=VERTEX_POINT('',#8501);
#2591=VERTEX_POINT('',#8505);
#2592=VERTEX_POINT('',#8511);
#2593=EDGE_CURVE('',#2167,#2167,#1985,.T.);
#2594=EDGE_CURVE('',#2167,#2168,#1089,.T.);
#2595=EDGE_CURVE('',#2168,#2168,#1986,.T.);
#2596=EDGE_CURVE('',#2169,#2169,#1987,.T.);
#2597=EDGE_CURVE('',#2170,#2170,#1988,.T.);
#2598=EDGE_CURVE('',#2170,#2171,#1090,.T.);
#2599=EDGE_CURVE('',#2171,#2171,#1989,.T.);
#2600=EDGE_CURVE('',#2172,#2172,#1990,.T.);
#2601=EDGE_CURVE('',#2173,#2174,#1991,.T.);
#2602=EDGE_CURVE('',#2174,#2175,#1091,.T.);
#2603=EDGE_CURVE('',#2175,#2176,#1992,.T.);
#2604=EDGE_CURVE('',#2176,#2173,#1092,.T.);
#2605=EDGE_CURVE('',#2177,#2174,#1093,.T.);
#2606=EDGE_CURVE('',#2178,#2177,#1993,.T.);
#2607=EDGE_CURVE('',#2179,#2178,#1094,.T.);
#2608=EDGE_CURVE('',#2179,#2175,#1095,.T.);
#2609=EDGE_CURVE('',#2173,#2180,#1096,.T.);
#2610=EDGE_CURVE('',#2180,#2181,#1097,.T.);
#2611=EDGE_CURVE('',#2181,#2182,#1098,.T.);
#2612=EDGE_CURVE('',#2182,#2183,#1099,.T.);
#2613=EDGE_CURVE('',#2183,#2184,#1100,.T.);
#2614=EDGE_CURVE('',#2185,#2184,#1994,.T.);
#2615=EDGE_CURVE('',#2186,#2185,#1101,.T.);
#2616=EDGE_CURVE('',#2177,#2186,#1102,.T.);
#2617=EDGE_CURVE('',#2187,#2188,#1995,.T.);
#2618=EDGE_CURVE('',#2188,#2185,#1103,.T.);
#2619=EDGE_CURVE('',#2184,#2187,#1104,.T.);
#2620=EDGE_CURVE('',#2188,#2189,#1105,.T.);
#2621=EDGE_CURVE('',#2190,#2189,#1996,.T.);
#2622=EDGE_CURVE('',#2191,#2190,#1106,.T.);
#2623=EDGE_CURVE('',#2192,#2191,#1107,.T.);
#2624=EDGE_CURVE('',#2192,#2193,#1108,.T.);
#2625=EDGE_CURVE('',#2186,#2193,#1997,.T.);
#2626=EDGE_CURVE('',#2189,#2179,#1109,.T.);
#2627=EDGE_CURVE('',#2187,#2194,#1110,.T.);
#2628=EDGE_CURVE('',#2194,#2195,#1111,.T.);
#2629=EDGE_CURVE('',#2195,#2196,#1112,.T.);
#2630=EDGE_CURVE('',#2196,#2197,#1113,.T.);
#2631=EDGE_CURVE('',#2197,#2176,#1114,.T.);
#2632=EDGE_CURVE('',#2193,#2178,#1115,.T.);
#2633=EDGE_CURVE('',#2179,#2198,#1116,.T.);
#2634=EDGE_CURVE('',#2198,#2199,#1998,.F.);
#2635=EDGE_CURVE('',#2199,#2190,#1117,.T.);
#2636=EDGE_CURVE('',#2199,#2200,#1118,.T.);
#2637=EDGE_CURVE('',#2200,#2201,#1999,.T.);
#2638=EDGE_CURVE('',#2201,#2202,#1119,.T.);
#2639=EDGE_CURVE('',#2203,#2202,#1120,.T.);
#2640=EDGE_CURVE('',#2203,#2204,#1121,.T.);
#2641=EDGE_CURVE('',#2205,#2204,#2000,.T.);
#2642=EDGE_CURVE('',#2205,#2206,#1122,.T.);
#2643=EDGE_CURVE('',#2191,#2206,#2001,.T.);
#2644=EDGE_CURVE('',#2207,#2207,#2002,.T.);
#2645=EDGE_CURVE('',#2208,#2208,#2003,.T.);
#2646=EDGE_CURVE('',#2209,#2209,#2004,.T.);
#2647=EDGE_CURVE('',#2210,#2210,#2005,.T.);
#2648=EDGE_CURVE('',#2211,#2211,#2006,.T.);
#2649=EDGE_CURVE('',#2212,#2212,#2007,.T.);
#2650=EDGE_CURVE('',#2213,#2213,#2008,.T.);
#2651=EDGE_CURVE('',#2196,#2181,#1123,.T.);
#2652=EDGE_CURVE('',#2195,#2182,#1124,.T.);
#2653=EDGE_CURVE('',#2197,#2180,#1125,.T.);
#2654=EDGE_CURVE('',#2183,#2194,#1126,.T.);
#2655=EDGE_CURVE('',#2214,#2215,#1127,.T.);
#2656=EDGE_CURVE('',#2216,#2214,#1128,.T.);
#2657=EDGE_CURVE('',#2217,#2216,#1129,.T.);
#2658=EDGE_CURVE('',#2217,#2215,#1130,.T.);
#2659=EDGE_CURVE('',#2215,#2218,#1131,.T.);
#2660=EDGE_CURVE('',#2219,#2217,#1132,.T.);
#2661=EDGE_CURVE('',#2218,#2219,#1133,.T.);
#2662=EDGE_CURVE('',#2220,#2214,#1134,.T.);
#2663=EDGE_CURVE('',#2221,#2220,#1135,.T.);
#2664=EDGE_CURVE('',#2216,#2221,#1136,.T.);
#2665=EDGE_CURVE('',#2222,#2218,#1137,.T.);
#2666=EDGE_CURVE('',#2223,#2222,#2009,.T.);
#2667=EDGE_CURVE('',#2224,#2223,#1138,.T.);
#2668=EDGE_CURVE('',#2225,#2224,#1139,.T.);
#2669=EDGE_CURVE('',#2225,#2226,#1140,.T.);
#2670=EDGE_CURVE('',#2227,#2226,#2010,.T.);
#2671=EDGE_CURVE('',#2220,#2227,#1141,.T.);
#2672=EDGE_CURVE('',#2219,#2228,#1142,.T.);
#2673=EDGE_CURVE('',#2222,#2228,#1143,.T.);
#2674=EDGE_CURVE('',#2228,#2229,#2011,.T.);
#2675=EDGE_CURVE('',#2229,#2223,#1144,.T.);
#2676=EDGE_CURVE('',#2230,#2227,#1145,.T.);
#2677=EDGE_CURVE('',#2230,#2221,#1146,.T.);
#2678=EDGE_CURVE('',#2231,#2230,#2012,.T.);
#2679=EDGE_CURVE('',#2226,#2231,#1147,.T.);
#2680=EDGE_CURVE('',#2231,#2232,#1148,.T.);
#2681=EDGE_CURVE('',#2233,#2232,#1149,.T.);
#2682=EDGE_CURVE('',#2233,#2229,#1150,.T.);
#2683=EDGE_CURVE('',#2234,#2225,#2013,.T.);
#2684=EDGE_CURVE('',#2234,#2235,#1151,.T.);
#2685=EDGE_CURVE('',#2204,#2235,#1152,.T.);
#2686=EDGE_CURVE('',#2232,#2203,#2014,.T.);
#2687=EDGE_CURVE('',#2224,#2236,#2015,.T.);
#2688=EDGE_CURVE('',#2236,#2234,#1153,.T.);
#2689=EDGE_CURVE('',#2237,#2192,#2016,.T.);
#2690=EDGE_CURVE('',#2238,#2237,#1154,.T.);
#2691=EDGE_CURVE('',#2235,#2238,#2017,.T.);
#2692=EDGE_CURVE('',#2236,#2233,#1155,.T.);
#2693=EDGE_CURVE('',#2239,#2233,#1156,.T.);
#2694=EDGE_CURVE('',#2240,#2239,#1157,.T.);
#2695=EDGE_CURVE('',#2241,#2240,#2018,.T.);
#2696=EDGE_CURVE('',#2198,#2241,#1158,.T.);
#2697=EDGE_CURVE('',#2242,#2242,#2019,.T.);
#2698=EDGE_CURVE('',#2243,#2243,#2020,.T.);
#2699=EDGE_CURVE('',#2244,#2244,#2021,.T.);
#2700=EDGE_CURVE('',#2202,#2239,#2022,.F.);
#2701=EDGE_CURVE('',#2245,#2246,#1159,.T.);
#2702=EDGE_CURVE('',#2246,#2246,#2023,.T.);
#2703=EDGE_CURVE('',#2247,#2247,#2024,.T.);
#2704=EDGE_CURVE('',#2247,#2248,#1160,.T.);
#2705=EDGE_CURVE('',#2248,#2248,#2025,.T.);
#2706=EDGE_CURVE('',#2246,#2247,#1161,.T.);
#2707=EDGE_CURVE('',#2249,#2250,#1162,.T.);
#2708=EDGE_CURVE('',#2250,#2250,#2026,.T.);
#2709=EDGE_CURVE('',#2251,#2251,#2027,.T.);
#2710=EDGE_CURVE('',#2251,#2252,#1163,.T.);
#2711=EDGE_CURVE('',#2252,#2252,#2028,.T.);
#2712=EDGE_CURVE('',#2250,#2251,#1164,.T.);
#2713=EDGE_CURVE('',#2253,#2253,#2029,.T.);
#2714=EDGE_CURVE('',#2253,#2207,#1165,.T.);
#2715=EDGE_CURVE('',#2254,#2254,#2030,.T.);
#2716=EDGE_CURVE('',#2254,#2208,#1166,.T.);
#2717=EDGE_CURVE('',#2172,#2209,#1167,.T.);
#2718=EDGE_CURVE('',#2169,#2210,#1168,.T.);
#2719=EDGE_CURVE('',#2206,#2237,#1169,.T.);
#2720=EDGE_CURVE('',#2238,#2205,#1170,.T.);
#2721=EDGE_CURVE('',#2244,#2213,#1171,.T.);
#2722=EDGE_CURVE('',#2243,#2212,#1172,.T.);
#2723=EDGE_CURVE('',#2242,#2211,#1173,.T.);
#2724=EDGE_CURVE('',#2240,#2201,#1174,.T.);
#2725=EDGE_CURVE('',#2241,#2200,#1175,.T.);
#2726=EDGE_CURVE('',#2255,#2256,#2031,.T.);
#2727=EDGE_CURVE('',#2256,#2257,#1176,.T.);
#2728=EDGE_CURVE('',#2257,#2257,#2032,.T.);
#2729=EDGE_CURVE('',#2256,#2255,#2033,.T.);
#2730=EDGE_CURVE('',#2255,#2258,#1177,.T.);
#2731=EDGE_CURVE('',#2258,#2258,#2034,.T.);
#2732=EDGE_CURVE('',#2259,#2259,#2035,.T.);
#2733=EDGE_CURVE('',#2260,#2260,#2036,.T.);
#2734=EDGE_CURVE('',#2260,#2261,#1178,.T.);
#2735=EDGE_CURVE('',#2261,#2261,#2037,.T.);
#2736=EDGE_CURVE('',#2259,#2262,#1179,.T.);
#2737=EDGE_CURVE('',#2262,#2262,#2038,.T.);
#2738=EDGE_CURVE('',#2263,#2264,#1180,.T.);
#2739=EDGE_CURVE('',#2264,#2265,#1181,.T.);
#2740=EDGE_CURVE('',#2266,#2265,#1182,.T.);
#2741=EDGE_CURVE('',#2263,#2266,#1183,.T.);
#2742=EDGE_CURVE('',#2267,#2263,#1184,.T.);
#2743=EDGE_CURVE('',#2268,#2266,#1185,.T.);
#2744=EDGE_CURVE('',#2267,#2268,#1186,.T.);
#2745=EDGE_CURVE('',#2269,#2267,#1187,.T.);
#2746=EDGE_CURVE('',#2270,#2268,#1188,.T.);
#2747=EDGE_CURVE('',#2269,#2270,#1189,.T.);
#2748=EDGE_CURVE('',#2271,#2269,#1190,.T.);
#2749=EDGE_CURVE('',#2272,#2270,#1191,.T.);
#2750=EDGE_CURVE('',#2271,#2272,#1192,.T.);
#2751=EDGE_CURVE('',#2273,#2271,#1193,.T.);
#2752=EDGE_CURVE('',#2274,#2272,#1194,.T.);
#2753=EDGE_CURVE('',#2273,#2274,#1195,.T.);
#2754=EDGE_CURVE('',#2264,#2273,#1196,.T.);
#2755=EDGE_CURVE('',#2265,#2274,#1197,.T.);
#2756=EDGE_CURVE('',#2275,#2276,#1198,.T.);
#2757=EDGE_CURVE('',#2276,#2277,#1199,.T.);
#2758=EDGE_CURVE('',#2277,#2278,#1200,.T.);
#2759=EDGE_CURVE('',#2275,#2278,#1201,.T.);
#2760=EDGE_CURVE('',#2276,#2279,#1202,.T.);
#2761=EDGE_CURVE('',#2279,#2280,#1203,.T.);
#2762=EDGE_CURVE('',#2280,#2277,#1204,.T.);
#2763=EDGE_CURVE('',#2281,#2280,#1205,.T.);
#2764=EDGE_CURVE('',#2279,#2282,#1206,.T.);
#2765=EDGE_CURVE('',#2282,#2281,#1207,.T.);
#2766=EDGE_CURVE('',#2283,#2281,#1208,.T.);
#2767=EDGE_CURVE('',#2282,#2284,#1209,.T.);
#2768=EDGE_CURVE('',#2284,#2283,#1210,.T.);
#2769=EDGE_CURVE('',#2285,#2283,#1211,.T.);
#2770=EDGE_CURVE('',#2284,#2286,#1212,.T.);
#2771=EDGE_CURVE('',#2286,#2285,#1213,.T.);
#2772=EDGE_CURVE('',#2278,#2285,#1214,.T.);
#2773=EDGE_CURVE('',#2286,#2275,#1215,.T.);
#2774=EDGE_CURVE('',#2287,#2285,#1216,.T.);
#2775=EDGE_CURVE('',#2288,#2287,#2039,.T.);
#2776=EDGE_CURVE('',#2288,#2283,#1217,.T.);
#2777=EDGE_CURVE('',#2289,#2278,#1218,.T.);
#2778=EDGE_CURVE('',#2287,#2289,#2040,.T.);
#2779=EDGE_CURVE('',#2290,#2277,#1219,.T.);
#2780=EDGE_CURVE('',#2289,#2290,#2041,.T.);
#2781=EDGE_CURVE('',#2291,#2292,#2042,.T.);
#2782=EDGE_CURVE('',#2292,#2287,#101,.T.);
#2783=EDGE_CURVE('',#2291,#2289,#102,.T.);
#2784=EDGE_CURVE('',#2292,#2293,#2043,.T.);
#2785=EDGE_CURVE('',#2293,#2288,#103,.T.);
#2786=EDGE_CURVE('',#2294,#2295,#2044,.T.);
#2787=EDGE_CURVE('',#2295,#2296,#104,.T.);
#2788=EDGE_CURVE('',#2296,#2297,#2045,.T.);
#2789=EDGE_CURVE('',#2297,#2294,#105,.T.);
#2790=EDGE_CURVE('',#2290,#2296,#2046,.T.);
#2791=EDGE_CURVE('',#2295,#2298,#2047,.T.);
#2792=EDGE_CURVE('',#2298,#2290,#106,.T.);
#2793=EDGE_CURVE('',#2293,#2299,#2048,.T.);
#2794=EDGE_CURVE('',#2299,#2294,#2049,.T.);
#2795=EDGE_CURVE('',#2297,#2288,#2050,.T.);
#2796=EDGE_CURVE('',#2298,#2291,#2051,.T.);
#2797=EDGE_CURVE('',#2297,#2281,#1220,.T.);
#2798=EDGE_CURVE('',#2296,#2280,#1221,.T.);
#2799=EDGE_CURVE('',#2299,#2300,#2052,.T.);
#2800=EDGE_CURVE('',#2300,#2300,#2053,.T.);
#2801=EDGE_CURVE('',#2300,#2301,#2054,.T.);
#2802=EDGE_CURVE('',#2301,#2301,#2055,.T.);
#2803=EDGE_CURVE('',#2302,#2302,#2056,.T.);
#2804=EDGE_CURVE('',#2302,#2303,#1222,.T.);
#2805=EDGE_CURVE('',#2303,#2304,#2057,.T.);
#2806=EDGE_CURVE('',#2304,#2303,#2058,.T.);
#2807=EDGE_CURVE('',#2305,#2306,#2059,.T.);
#2808=EDGE_CURVE('',#2306,#2305,#2060,.T.);
#2809=EDGE_CURVE('',#2306,#2304,#1223,.T.);
#2810=EDGE_CURVE('',#2305,#2307,#1224,.T.);
#2811=EDGE_CURVE('',#2307,#2307,#2061,.T.);
#2812=EDGE_CURVE('',#2308,#2308,#2062,.T.);
#2813=EDGE_CURVE('',#2308,#2309,#1225,.T.);
#2814=EDGE_CURVE('',#2309,#2309,#2063,.T.);
#2815=EDGE_CURVE('',#2308,#2310,#1226,.T.);
#2816=EDGE_CURVE('',#2310,#2310,#2064,.T.);
#2817=EDGE_CURVE('',#2311,#2311,#2065,.T.);
#2818=EDGE_CURVE('',#2310,#2312,#1227,.T.);
#2819=EDGE_CURVE('',#2312,#2312,#2066,.T.);
#2820=EDGE_CURVE('',#2313,#2313,#2067,.T.);
#2821=EDGE_CURVE('',#2313,#2311,#1228,.T.);
#2822=EDGE_CURVE('',#2314,#2314,#2068,.T.);
#2823=EDGE_CURVE('',#2314,#2315,#1229,.T.);
#2824=EDGE_CURVE('',#2315,#2315,#2069,.T.);
#2825=EDGE_CURVE('',#2316,#2316,#2070,.T.);
#2826=EDGE_CURVE('',#2317,#2317,#2071,.T.);
#2827=EDGE_CURVE('',#2317,#2318,#1230,.T.);
#2828=EDGE_CURVE('',#2318,#2318,#2072,.T.);
#2829=EDGE_CURVE('',#2319,#2319,#2073,.T.);
#2830=EDGE_CURVE('',#2319,#2320,#1231,.T.);
#2831=EDGE_CURVE('',#2320,#2320,#2074,.T.);
#2832=EDGE_CURVE('',#2321,#2321,#2075,.T.);
#2833=EDGE_CURVE('',#2322,#2322,#2076,.T.);
#2834=EDGE_CURVE('',#2322,#2323,#1232,.T.);
#2835=EDGE_CURVE('',#2323,#2323,#2077,.T.);
#2836=EDGE_CURVE('',#2324,#2324,#2078,.T.);
#2837=EDGE_CURVE('',#2325,#2325,#2079,.T.);
#2838=EDGE_CURVE('',#2325,#2326,#1233,.T.);
#2839=EDGE_CURVE('',#2326,#2326,#2080,.T.);
#2840=EDGE_CURVE('',#2327,#2327,#2081,.T.);
#2841=EDGE_CURVE('',#2327,#2328,#1234,.T.);
#2842=EDGE_CURVE('',#2328,#2328,#2082,.T.);
#2843=EDGE_CURVE('',#2329,#2329,#2083,.T.);
#2844=EDGE_CURVE('',#2316,#2324,#1235,.T.);
#2845=EDGE_CURVE('',#2330,#2331,#2084,.T.);
#2846=EDGE_CURVE('',#2331,#2321,#1236,.T.);
#2847=EDGE_CURVE('',#2331,#2330,#2085,.T.);
#2848=EDGE_CURVE('',#2332,#2333,#2086,.T.);
#2849=EDGE_CURVE('',#2333,#2332,#2087,.T.);
#2850=EDGE_CURVE('',#2333,#2330,#1237,.T.);
#2851=EDGE_CURVE('',#2332,#2329,#1238,.T.);
#2852=EDGE_CURVE('',#2334,#2334,#2088,.T.);
#2853=EDGE_CURVE('',#2334,#2335,#1239,.T.);
#2854=EDGE_CURVE('',#2335,#2335,#2089,.T.);
#2855=EDGE_CURVE('',#2334,#2336,#1240,.T.);
#2856=EDGE_CURVE('',#2337,#2336,#2090,.T.);
#2857=EDGE_CURVE('',#2336,#2337,#2091,.T.);
#2858=EDGE_CURVE('',#2338,#2339,#2092,.T.);
#2859=EDGE_CURVE('',#2339,#2340,#2093,.T.);
#2860=EDGE_CURVE('',#2340,#2341,#2094,.T.);
#2861=EDGE_CURVE('',#2341,#2342,#2095,.T.);
#2862=EDGE_CURVE('',#2342,#2343,#2096,.T.);
#2863=EDGE_CURVE('',#2343,#2338,#2097,.T.);
#2864=EDGE_CURVE('',#2337,#2344,#1241,.T.);
#2865=EDGE_CURVE('',#2344,#2344,#2098,.T.);
#2866=EDGE_CURVE('',#2345,#2346,#2099,.T.);
#2867=EDGE_CURVE('',#2346,#2347,#2100,.T.);
#2868=EDGE_CURVE('',#2347,#2348,#2101,.T.);
#2869=EDGE_CURVE('',#2348,#2349,#2102,.T.);
#2870=EDGE_CURVE('',#2349,#2350,#2103,.T.);
#2871=EDGE_CURVE('',#2350,#2345,#2104,.T.);
#2872=EDGE_CURVE('',#2339,#2351,#75,.T.);
#2873=EDGE_CURVE('',#2351,#2338,#76,.T.);
#2874=EDGE_CURVE('',#2352,#2343,#77,.T.);
#2875=EDGE_CURVE('',#2338,#2352,#78,.T.);
#2876=EDGE_CURVE('',#2340,#2353,#79,.T.);
#2877=EDGE_CURVE('',#2353,#2339,#80,.T.);
#2878=EDGE_CURVE('',#2354,#2342,#81,.T.);
#2879=EDGE_CURVE('',#2343,#2354,#82,.T.);
#2880=EDGE_CURVE('',#2341,#2355,#83,.T.);
#2881=EDGE_CURVE('',#2355,#2340,#84,.T.);
#2882=EDGE_CURVE('',#2342,#2356,#85,.T.);
#2883=EDGE_CURVE('',#2356,#2341,#86,.T.);
#2884=EDGE_CURVE('',#2357,#2350,#87,.T.);
#2885=EDGE_CURVE('',#2345,#2357,#88,.T.);
#2886=EDGE_CURVE('',#2346,#2358,#89,.T.);
#2887=EDGE_CURVE('',#2358,#2345,#90,.T.);
#2888=EDGE_CURVE('',#2359,#2349,#91,.T.);
#2889=EDGE_CURVE('',#2350,#2359,#92,.T.);
#2890=EDGE_CURVE('',#2360,#2348,#93,.T.);
#2891=EDGE_CURVE('',#2349,#2360,#94,.T.);
#2892=EDGE_CURVE('',#2347,#2361,#95,.T.);
#2893=EDGE_CURVE('',#2361,#2346,#96,.T.);
#2894=EDGE_CURVE('',#2348,#2362,#97,.T.);
#2895=EDGE_CURVE('',#2362,#2347,#98,.T.);
#2896=EDGE_CURVE('',#2355,#2360,#1242,.T.);
#2897=EDGE_CURVE('',#2356,#2362,#1243,.T.);
#2898=EDGE_CURVE('',#2353,#2359,#1244,.T.);
#2899=EDGE_CURVE('',#2351,#2357,#1245,.T.);
#2900=EDGE_CURVE('',#2354,#2361,#1246,.T.);
#2901=EDGE_CURVE('',#2352,#2358,#1247,.T.);
#2902=EDGE_CURVE('',#2363,#2363,#2105,.T.);
#2903=EDGE_CURVE('',#2363,#2364,#1248,.T.);
#2904=EDGE_CURVE('',#2364,#2364,#2106,.T.);
#2905=EDGE_CURVE('',#2365,#2365,#2107,.T.);
#2906=EDGE_CURVE('',#2366,#2366,#2108,.T.);
#2907=EDGE_CURVE('',#2366,#2367,#1249,.T.);
#2908=EDGE_CURVE('',#2367,#2367,#2109,.T.);
#2909=EDGE_CURVE('',#2368,#2368,#2110,.T.);
#2910=EDGE_CURVE('',#2369,#2370,#1250,.T.);
#2911=EDGE_CURVE('',#2370,#2371,#1251,.T.);
#2912=EDGE_CURVE('',#2371,#2372,#1252,.T.);
#2913=EDGE_CURVE('',#2369,#2372,#1253,.T.);
#2914=EDGE_CURVE('',#2373,#2374,#1254,.T.);
#2915=EDGE_CURVE('',#2374,#2375,#1255,.T.);
#2916=EDGE_CURVE('',#2375,#2376,#1256,.T.);
#2917=EDGE_CURVE('',#2376,#2373,#1257,.T.);
#2918=EDGE_CURVE('',#2374,#2377,#1258,.T.);
#2919=EDGE_CURVE('',#2377,#2378,#1259,.T.);
#2920=EDGE_CURVE('',#2378,#2375,#1260,.T.);
#2921=EDGE_CURVE('',#2379,#2378,#1261,.T.);
#2922=EDGE_CURVE('',#2377,#2380,#1262,.T.);
#2923=EDGE_CURVE('',#2380,#2379,#1263,.T.);
#2924=EDGE_CURVE('',#2372,#2379,#1264,.T.);
#2925=EDGE_CURVE('',#2380,#2369,#1265,.T.);
#2926=EDGE_CURVE('',#2370,#2373,#1266,.T.);
#2927=EDGE_CURVE('',#2376,#2371,#1267,.T.);
#2928=EDGE_CURVE('',#2371,#2381,#1268,.T.);
#2929=EDGE_CURVE('',#2381,#2382,#1269,.T.);
#2930=EDGE_CURVE('',#2372,#2382,#1270,.T.);
#2931=EDGE_CURVE('',#2376,#2383,#1271,.T.);
#2932=EDGE_CURVE('',#2383,#2381,#1272,.T.);
#2933=EDGE_CURVE('',#2375,#2384,#1273,.T.);
#2934=EDGE_CURVE('',#2384,#2383,#1274,.T.);
#2935=EDGE_CURVE('',#2385,#2386,#1275,.T.);
#2936=EDGE_CURVE('',#2386,#2387,#2111,.T.);
#2937=EDGE_CURVE('',#2387,#2388,#1276,.T.);
#2938=EDGE_CURVE('',#2388,#2389,#1277,.T.);
#2939=EDGE_CURVE('',#2389,#2390,#1278,.T.);
#2940=EDGE_CURVE('',#2390,#2391,#1279,.T.);
#2941=EDGE_CURVE('',#2392,#2391,#1280,.T.);
#2942=EDGE_CURVE('',#2393,#2392,#1281,.T.);
#2943=EDGE_CURVE('',#2394,#2393,#1282,.T.);
#2944=EDGE_CURVE('',#2395,#2394,#1283,.T.);
#2945=EDGE_CURVE('',#2395,#2396,#1284,.T.);
#2946=EDGE_CURVE('',#2397,#2396,#1285,.T.);
#2947=EDGE_CURVE('',#2397,#2398,#1286,.T.);
#2948=EDGE_CURVE('',#2398,#2399,#1287,.T.);
#2949=EDGE_CURVE('',#2399,#2385,#1288,.T.);
#2950=EDGE_CURVE('',#2400,#2400,#2112,.T.);
#2951=EDGE_CURVE('',#2401,#2401,#2113,.T.);
#2952=EDGE_CURVE('',#2402,#2403,#1289,.T.);
#2953=EDGE_CURVE('',#2404,#2402,#1290,.T.);
#2954=EDGE_CURVE('',#2405,#2404,#1291,.T.);
#2955=EDGE_CURVE('',#2406,#2405,#1292,.T.);
#2956=EDGE_CURVE('',#2407,#2406,#1293,.T.);
#2957=EDGE_CURVE('',#2403,#2407,#1294,.T.);
#2958=EDGE_CURVE('',#2408,#2408,#2114,.T.);
#2959=EDGE_CURVE('',#2409,#2409,#2115,.T.);
#2960=EDGE_CURVE('',#2410,#2410,#2116,.T.);
#2961=EDGE_CURVE('',#2411,#2412,#1295,.T.);
#2962=EDGE_CURVE('',#2413,#2411,#1296,.T.);
#2963=EDGE_CURVE('',#2414,#2413,#1297,.T.);
#2964=EDGE_CURVE('',#2415,#2414,#1298,.T.);
#2965=EDGE_CURVE('',#2416,#2415,#1299,.T.);
#2966=EDGE_CURVE('',#2412,#2416,#1300,.T.);
#2967=EDGE_CURVE('',#2417,#2418,#1301,.T.);
#2968=EDGE_CURVE('',#2418,#2419,#1302,.T.);
#2969=EDGE_CURVE('',#2419,#2420,#1303,.T.);
#2970=EDGE_CURVE('',#2420,#2417,#1304,.T.);
#2971=EDGE_CURVE('',#2421,#2421,#2117,.T.);
#2972=EDGE_CURVE('',#2422,#2423,#2118,.T.);
#2973=EDGE_CURVE('',#2424,#2423,#2119,.T.);
#2974=EDGE_CURVE('',#2424,#2425,#2120,.T.);
#2975=EDGE_CURVE('',#2426,#2425,#2121,.T.);
#2976=EDGE_CURVE('',#2426,#2427,#2122,.T.);
#2977=EDGE_CURVE('',#2422,#2427,#2123,.T.);
#2978=EDGE_CURVE('',#2428,#2429,#2124,.T.);
#2979=EDGE_CURVE('',#2430,#2429,#2125,.T.);
#2980=EDGE_CURVE('',#2430,#2431,#2126,.T.);
#2981=EDGE_CURVE('',#2432,#2431,#2127,.T.);
#2982=EDGE_CURVE('',#2432,#2433,#2128,.T.);
#2983=EDGE_CURVE('',#2428,#2433,#2129,.T.);
#2984=EDGE_CURVE('',#2378,#2434,#1305,.T.);
#2985=EDGE_CURVE('',#2434,#2384,#1306,.T.);
#2986=EDGE_CURVE('',#2379,#2435,#1307,.T.);
#2987=EDGE_CURVE('',#2435,#2434,#1308,.T.);
#2988=EDGE_CURVE('',#2382,#2435,#1309,.T.);
#2989=EDGE_CURVE('',#2436,#2436,#2130,.T.);
#2990=EDGE_CURVE('',#2437,#2437,#2131,.T.);
#2991=EDGE_CURVE('',#2437,#2436,#1310,.T.);
#2992=EDGE_CURVE('',#2433,#2438,#107,.T.);
#2993=EDGE_CURVE('',#2438,#2439,#2132,.T.);
#2994=EDGE_CURVE('',#2439,#2428,#108,.T.);
#2995=EDGE_CURVE('',#2440,#2438,#1311,.T.);
#2996=EDGE_CURVE('',#2441,#2440,#2133,.T.);
#2997=EDGE_CURVE('',#2441,#2439,#1312,.T.);
#2998=EDGE_CURVE('',#2429,#2442,#109,.T.);
#2999=EDGE_CURVE('',#2442,#2443,#2134,.T.);
#3000=EDGE_CURVE('',#2443,#2430,#110,.T.);
#3001=EDGE_CURVE('',#2444,#2442,#1313,.T.);
#3002=EDGE_CURVE('',#2445,#2444,#2135,.T.);
#3003=EDGE_CURVE('',#2445,#2443,#1314,.T.);
#3004=EDGE_CURVE('',#2431,#2446,#111,.T.);
#3005=EDGE_CURVE('',#2446,#2447,#2136,.T.);
#3006=EDGE_CURVE('',#2447,#2432,#112,.T.);
#3007=EDGE_CURVE('',#2448,#2446,#1315,.T.);
#3008=EDGE_CURVE('',#2449,#2448,#2137,.T.);
#3009=EDGE_CURVE('',#2449,#2447,#1316,.T.);
#3010=EDGE_CURVE('',#2427,#2450,#113,.T.);
#3011=EDGE_CURVE('',#2450,#2451,#2138,.T.);
#3012=EDGE_CURVE('',#2451,#2422,#114,.T.);
#3013=EDGE_CURVE('',#2452,#2450,#1317,.T.);
#3014=EDGE_CURVE('',#2453,#2452,#2139,.T.);
#3015=EDGE_CURVE('',#2453,#2451,#1318,.T.);
#3016=EDGE_CURVE('',#2423,#2454,#115,.T.);
#3017=EDGE_CURVE('',#2454,#2455,#2140,.T.);
#3018=EDGE_CURVE('',#2455,#2424,#116,.T.);
#3019=EDGE_CURVE('',#2456,#2454,#1319,.T.);
#3020=EDGE_CURVE('',#2457,#2456,#2141,.T.);
#3021=EDGE_CURVE('',#2457,#2455,#1320,.T.);
#3022=EDGE_CURVE('',#2425,#2458,#117,.T.);
#3023=EDGE_CURVE('',#2458,#2459,#2142,.T.);
#3024=EDGE_CURVE('',#2459,#2426,#118,.T.);
#3025=EDGE_CURVE('',#2460,#2458,#1321,.T.);
#3026=EDGE_CURVE('',#2461,#2460,#2143,.T.);
#3027=EDGE_CURVE('',#2461,#2459,#1322,.T.);
#3028=EDGE_CURVE('',#2448,#2445,#2144,.T.);
#3029=EDGE_CURVE('',#2444,#2441,#2145,.T.);
#3030=EDGE_CURVE('',#2440,#2449,#2146,.T.);
#3031=EDGE_CURVE('',#2460,#2457,#2147,.T.);
#3032=EDGE_CURVE('',#2452,#2461,#2148,.T.);
#3033=EDGE_CURVE('',#2456,#2453,#2149,.T.);
#3034=EDGE_CURVE('',#2400,#2462,#1323,.T.);
#3035=EDGE_CURVE('',#2462,#2462,#2150,.T.);
#3036=EDGE_CURVE('',#2368,#2463,#1324,.T.);
#3037=EDGE_CURVE('',#2463,#2463,#2151,.T.);
#3038=EDGE_CURVE('',#2401,#2464,#1325,.T.);
#3039=EDGE_CURVE('',#2464,#2464,#2152,.T.);
#3040=EDGE_CURVE('',#2365,#2465,#1326,.T.);
#3041=EDGE_CURVE('',#2465,#2465,#2153,.T.);
#3042=EDGE_CURVE('',#2421,#2466,#1327,.T.);
#3043=EDGE_CURVE('',#2466,#2466,#2154,.T.);
#3044=EDGE_CURVE('',#2386,#2467,#1328,.T.);
#3045=EDGE_CURVE('',#2468,#2467,#2155,.T.);
#3046=EDGE_CURVE('',#2387,#2468,#1329,.T.);
#3047=EDGE_CURVE('',#2385,#2469,#1330,.T.);
#3048=EDGE_CURVE('',#2467,#2469,#1331,.T.);
#3049=EDGE_CURVE('',#2469,#2470,#1332,.T.);
#3050=EDGE_CURVE('',#2470,#2471,#1333,.T.);
#3051=EDGE_CURVE('',#2471,#2472,#1334,.T.);
#3052=EDGE_CURVE('',#2472,#2473,#1335,.T.);
#3053=EDGE_CURVE('',#2473,#2474,#1336,.T.);
#3054=EDGE_CURVE('',#2474,#2475,#1337,.T.);
#3055=EDGE_CURVE('',#2475,#2476,#1338,.T.);
#3056=EDGE_CURVE('',#2477,#2476,#1339,.T.);
#3057=EDGE_CURVE('',#2477,#2468,#1340,.T.);
#3058=EDGE_CURVE('',#2478,#2478,#2156,.T.);
#3059=EDGE_CURVE('',#2479,#2479,#2157,.T.);
#3060=EDGE_CURVE('',#2480,#2481,#1341,.T.);
#3061=EDGE_CURVE('',#2482,#2480,#1342,.T.);
#3062=EDGE_CURVE('',#2483,#2482,#1343,.T.);
#3063=EDGE_CURVE('',#2484,#2483,#1344,.T.);
#3064=EDGE_CURVE('',#2485,#2484,#1345,.T.);
#3065=EDGE_CURVE('',#2481,#2485,#1346,.T.);
#3066=EDGE_CURVE('',#2486,#2487,#1347,.T.);
#3067=EDGE_CURVE('',#2488,#2486,#1348,.T.);
#3068=EDGE_CURVE('',#2489,#2488,#1349,.T.);
#3069=EDGE_CURVE('',#2490,#2489,#1350,.T.);
#3070=EDGE_CURVE('',#2491,#2490,#1351,.T.);
#3071=EDGE_CURVE('',#2487,#2491,#1352,.T.);
#3072=EDGE_CURVE('',#2492,#2493,#1353,.T.);
#3073=EDGE_CURVE('',#2494,#2492,#1354,.T.);
#3074=EDGE_CURVE('',#2495,#2494,#1355,.T.);
#3075=EDGE_CURVE('',#2496,#2495,#1356,.T.);
#3076=EDGE_CURVE('',#2497,#2496,#1357,.T.);
#3077=EDGE_CURVE('',#2493,#2497,#1358,.T.);
#3078=EDGE_CURVE('',#2498,#2477,#1359,.T.);
#3079=EDGE_CURVE('',#2476,#2499,#1360,.T.);
#3080=EDGE_CURVE('',#2499,#2498,#1361,.T.);
#3081=EDGE_CURVE('',#2499,#2500,#1362,.T.);
#3082=EDGE_CURVE('',#2501,#2500,#1363,.T.);
#3083=EDGE_CURVE('',#2498,#2501,#1364,.T.);
#3084=EDGE_CURVE('',#2390,#2475,#1365,.T.);
#3085=EDGE_CURVE('',#2389,#2502,#1366,.T.);
#3086=EDGE_CURVE('',#2503,#2502,#1367,.T.);
#3087=EDGE_CURVE('',#2500,#2503,#1368,.T.);
#3088=EDGE_CURVE('',#2504,#2505,#1369,.T.);
#3089=EDGE_CURVE('',#2505,#2506,#1370,.T.);
#3090=EDGE_CURVE('',#2506,#2507,#1371,.T.);
#3091=EDGE_CURVE('',#2507,#2504,#1372,.T.);
#3092=EDGE_CURVE('',#2508,#2501,#1373,.T.);
#3093=EDGE_CURVE('',#2503,#2508,#1374,.T.);
#3094=EDGE_CURVE('',#2504,#2509,#1375,.T.);
#3095=EDGE_CURVE('',#2510,#2509,#1376,.T.);
#3096=EDGE_CURVE('',#2505,#2510,#1377,.T.);
#3097=EDGE_CURVE('',#2507,#2511,#1378,.T.);
#3098=EDGE_CURVE('',#2509,#2511,#1379,.T.);
#3099=EDGE_CURVE('',#2506,#2512,#1380,.T.);
#3100=EDGE_CURVE('',#2511,#2512,#1381,.T.);
#3101=EDGE_CURVE('',#2512,#2510,#1382,.T.);
#3102=EDGE_CURVE('',#2513,#2388,#1383,.T.);
#3103=EDGE_CURVE('',#2502,#2513,#1384,.T.);
#3104=EDGE_CURVE('',#2508,#2513,#1385,.T.);
#3105=EDGE_CURVE('',#2474,#2391,#1386,.T.);
#3106=EDGE_CURVE('',#2514,#2515,#1387,.T.);
#3107=EDGE_CURVE('',#2514,#2418,#2158,.T.);
#3108=EDGE_CURVE('',#2515,#2417,#2159,.T.);
#3109=EDGE_CURVE('',#2516,#2514,#1388,.T.);
#3110=EDGE_CURVE('',#2516,#2419,#2160,.T.);
#3111=EDGE_CURVE('',#2517,#2516,#1389,.T.);
#3112=EDGE_CURVE('',#2517,#2420,#2161,.T.);
#3113=EDGE_CURVE('',#2515,#2517,#1390,.T.);
#3114=EDGE_CURVE('',#2414,#2518,#1391,.T.);
#3115=EDGE_CURVE('',#2518,#2519,#1392,.T.);
#3116=EDGE_CURVE('',#2415,#2519,#1393,.T.);
#3117=EDGE_CURVE('',#2413,#2520,#1394,.T.);
#3118=EDGE_CURVE('',#2520,#2518,#1395,.T.);
#3119=EDGE_CURVE('',#2412,#2521,#1396,.T.);
#3120=EDGE_CURVE('',#2521,#2522,#1397,.T.);
#3121=EDGE_CURVE('',#2522,#2411,#1398,.T.);
#3122=EDGE_CURVE('',#2523,#2521,#1399,.T.);
#3123=EDGE_CURVE('',#2416,#2523,#1400,.T.);
#3124=EDGE_CURVE('',#2522,#2520,#1401,.T.);
#3125=EDGE_CURVE('',#2519,#2523,#1402,.T.);
#3126=EDGE_CURVE('',#2520,#2524,#1403,.T.);
#3127=EDGE_CURVE('',#2524,#2525,#1404,.T.);
#3128=EDGE_CURVE('',#2518,#2525,#1405,.T.);
#3129=EDGE_CURVE('',#2522,#2526,#1406,.T.);
#3130=EDGE_CURVE('',#2526,#2524,#1407,.T.);
#3131=EDGE_CURVE('',#2521,#2527,#1408,.T.);
#3132=EDGE_CURVE('',#2527,#2526,#1409,.T.);
#3133=EDGE_CURVE('',#2405,#2528,#1410,.T.);
#3134=EDGE_CURVE('',#2528,#2529,#1411,.T.);
#3135=EDGE_CURVE('',#2406,#2529,#1412,.T.);
#3136=EDGE_CURVE('',#2404,#2530,#1413,.T.);
#3137=EDGE_CURVE('',#2530,#2528,#1414,.T.);
#3138=EDGE_CURVE('',#2403,#2531,#1415,.T.);
#3139=EDGE_CURVE('',#2531,#2532,#1416,.T.);
#3140=EDGE_CURVE('',#2532,#2402,#1417,.T.);
#3141=EDGE_CURVE('',#2533,#2531,#1418,.T.);
#3142=EDGE_CURVE('',#2407,#2533,#1419,.T.);
#3143=EDGE_CURVE('',#2532,#2530,#1420,.T.);
#3144=EDGE_CURVE('',#2529,#2533,#1421,.T.);
#3145=EDGE_CURVE('',#2530,#2534,#1422,.T.);
#3146=EDGE_CURVE('',#2534,#2535,#1423,.T.);
#3147=EDGE_CURVE('',#2528,#2535,#1424,.T.);
#3148=EDGE_CURVE('',#2532,#2536,#1425,.T.);
#3149=EDGE_CURVE('',#2536,#2534,#1426,.T.);
#3150=EDGE_CURVE('',#2531,#2537,#1427,.T.);
#3151=EDGE_CURVE('',#2537,#2536,#1428,.T.);
#3152=EDGE_CURVE('',#2533,#2538,#1429,.T.);
#3153=EDGE_CURVE('',#2538,#2537,#1430,.T.);
#3154=EDGE_CURVE('',#2529,#2539,#1431,.T.);
#3155=EDGE_CURVE('',#2539,#2538,#1432,.T.);
#3156=EDGE_CURVE('',#2535,#2539,#1433,.T.);
#3157=EDGE_CURVE('',#2540,#2540,#2162,.T.);
#3158=EDGE_CURVE('',#2523,#2541,#1434,.T.);
#3159=EDGE_CURVE('',#2541,#2527,#1435,.T.);
#3160=EDGE_CURVE('',#2519,#2542,#1436,.T.);
#3161=EDGE_CURVE('',#2542,#2541,#1437,.T.);
#3162=EDGE_CURVE('',#2525,#2542,#1438,.T.);
#3163=EDGE_CURVE('',#2543,#2543,#2163,.T.);
#3164=EDGE_CURVE('',#2478,#2543,#1439,.T.);
#3165=EDGE_CURVE('',#2479,#2540,#1440,.T.);
#3166=EDGE_CURVE('',#2399,#2470,#1441,.T.);
#3167=EDGE_CURVE('',#2398,#2471,#1442,.T.);
#3168=EDGE_CURVE('',#2392,#2473,#1443,.T.);
#3169=EDGE_CURVE('',#2393,#2472,#1444,.T.);
#3170=EDGE_CURVE('',#2484,#2544,#1445,.T.);
#3171=EDGE_CURVE('',#2544,#2545,#1446,.T.);
#3172=EDGE_CURVE('',#2485,#2545,#1447,.T.);
#3173=EDGE_CURVE('',#2483,#2546,#1448,.T.);
#3174=EDGE_CURVE('',#2546,#2544,#1449,.T.);
#3175=EDGE_CURVE('',#2482,#2547,#1450,.T.);
#3176=EDGE_CURVE('',#2547,#2546,#1451,.T.);
#3177=EDGE_CURVE('',#2548,#2549,#1452,.T.);
#3178=EDGE_CURVE('',#2549,#2480,#1453,.T.);
#3179=EDGE_CURVE('',#2481,#2548,#1454,.T.);
#3180=EDGE_CURVE('',#2549,#2547,#1455,.T.);
#3181=EDGE_CURVE('',#2545,#2548,#1456,.T.);
#3182=EDGE_CURVE('',#2547,#2550,#1457,.T.);
#3183=EDGE_CURVE('',#2550,#2551,#1458,.T.);
#3184=EDGE_CURVE('',#2546,#2551,#1459,.T.);
#3185=EDGE_CURVE('',#2549,#2552,#1460,.T.);
#3186=EDGE_CURVE('',#2552,#2550,#1461,.T.);
#3187=EDGE_CURVE('',#2548,#2553,#1462,.T.);
#3188=EDGE_CURVE('',#2553,#2552,#1463,.T.);
#3189=EDGE_CURVE('',#2545,#2554,#1464,.T.);
#3190=EDGE_CURVE('',#2554,#2553,#1465,.T.);
#3191=EDGE_CURVE('',#2544,#2555,#1466,.T.);
#3192=EDGE_CURVE('',#2555,#2554,#1467,.T.);
#3193=EDGE_CURVE('',#2551,#2555,#1468,.T.);
#3194=EDGE_CURVE('',#2556,#2556,#2164,.T.);
#3195=EDGE_CURVE('',#2556,#2410,#1469,.T.);
#3196=EDGE_CURVE('',#2557,#2397,#1470,.T.);
#3197=EDGE_CURVE('',#2558,#2557,#1471,.T.);
#3198=EDGE_CURVE('',#2394,#2558,#1472,.T.);
#3199=EDGE_CURVE('',#2559,#2558,#1473,.T.);
#3200=EDGE_CURVE('',#2560,#2557,#1474,.T.);
#3201=EDGE_CURVE('',#2559,#2560,#1475,.T.);
#3202=EDGE_CURVE('',#2559,#2561,#1476,.T.);
#3203=EDGE_CURVE('',#2562,#2560,#1477,.T.);
#3204=EDGE_CURVE('',#2561,#2562,#1478,.T.);
#3205=EDGE_CURVE('',#2561,#2563,#1479,.F.);
#3206=EDGE_CURVE('',#2564,#2562,#1480,.F.);
#3207=EDGE_CURVE('',#2563,#2564,#1481,.F.);
#3208=EDGE_CURVE('',#2563,#2565,#1482,.T.);
#3209=EDGE_CURVE('',#2566,#2564,#1483,.T.);
#3210=EDGE_CURVE('',#2565,#2566,#1484,.T.);
#3211=EDGE_CURVE('',#2395,#2565,#1485,.T.);
#3212=EDGE_CURVE('',#2396,#2566,#1486,.T.);
#3213=EDGE_CURVE('',#2493,#2567,#1487,.T.);
#3214=EDGE_CURVE('',#2567,#2568,#1488,.T.);
#3215=EDGE_CURVE('',#2492,#2568,#1489,.T.);
#3216=EDGE_CURVE('',#2497,#2569,#1490,.T.);
#3217=EDGE_CURVE('',#2569,#2567,#1491,.T.);
#3218=EDGE_CURVE('',#2568,#2570,#1492,.T.);
#3219=EDGE_CURVE('',#2570,#2494,#1493,.T.);
#3220=EDGE_CURVE('',#2496,#2571,#1494,.T.);
#3221=EDGE_CURVE('',#2571,#2569,#1495,.T.);
#3222=EDGE_CURVE('',#2495,#2572,#1496,.T.);
#3223=EDGE_CURVE('',#2572,#2571,#1497,.T.);
#3224=EDGE_CURVE('',#2570,#2572,#1498,.T.);
#3225=EDGE_CURVE('',#2570,#2573,#1499,.T.);
#3226=EDGE_CURVE('',#2573,#2574,#1500,.T.);
#3227=EDGE_CURVE('',#2572,#2574,#1501,.T.);
#3228=EDGE_CURVE('',#2568,#2575,#1502,.T.);
#3229=EDGE_CURVE('',#2575,#2573,#1503,.T.);
#3230=EDGE_CURVE('',#2567,#2576,#1504,.T.);
#3231=EDGE_CURVE('',#2576,#2575,#1505,.T.);
#3232=EDGE_CURVE('',#2488,#2577,#1506,.T.);
#3233=EDGE_CURVE('',#2577,#2578,#1507,.T.);
#3234=EDGE_CURVE('',#2489,#2578,#1508,.T.);
#3235=EDGE_CURVE('',#2487,#2579,#1509,.T.);
#3236=EDGE_CURVE('',#2579,#2580,#1510,.T.);
#3237=EDGE_CURVE('',#2580,#2486,#1511,.T.);
#3238=EDGE_CURVE('',#2491,#2581,#1512,.T.);
#3239=EDGE_CURVE('',#2581,#2579,#1513,.T.);
#3240=EDGE_CURVE('',#2582,#2581,#1514,.T.);
#3241=EDGE_CURVE('',#2490,#2582,#1515,.T.);
#3242=EDGE_CURVE('',#2578,#2582,#1516,.T.);
#3243=EDGE_CURVE('',#2580,#2577,#1517,.T.);
#3244=EDGE_CURVE('',#2577,#2583,#1518,.T.);
#3245=EDGE_CURVE('',#2583,#2584,#1519,.T.);
#3246=EDGE_CURVE('',#2578,#2584,#1520,.T.);
#3247=EDGE_CURVE('',#2580,#2585,#1521,.T.);
#3248=EDGE_CURVE('',#2585,#2583,#1522,.T.);
#3249=EDGE_CURVE('',#2579,#2586,#1523,.T.);
#3250=EDGE_CURVE('',#2586,#2585,#1524,.T.);
#3251=EDGE_CURVE('',#2581,#2587,#1525,.T.);
#3252=EDGE_CURVE('',#2587,#2586,#1526,.T.);
#3253=EDGE_CURVE('',#2582,#2588,#1527,.T.);
#3254=EDGE_CURVE('',#2588,#2587,#1528,.T.);
#3255=EDGE_CURVE('',#2584,#2588,#1529,.T.);
#3256=EDGE_CURVE('',#2589,#2589,#2165,.T.);
#3257=EDGE_CURVE('',#2569,#2590,#1530,.T.);
#3258=EDGE_CURVE('',#2590,#2576,#1531,.T.);
#3259=EDGE_CURVE('',#2571,#2591,#1532,.T.);
#3260=EDGE_CURVE('',#2591,#2590,#1533,.T.);
#3261=EDGE_CURVE('',#2574,#2591,#1534,.T.);
#3262=EDGE_CURVE('',#2592,#2592,#2166,.T.);
#3263=EDGE_CURVE('',#2408,#2589,#1535,.T.);
#3264=EDGE_CURVE('',#2409,#2592,#1536,.T.);
#3265=ORIENTED_EDGE('',*,*,#2593,.F.);
#3266=ORIENTED_EDGE('',*,*,#2594,.T.);
#3267=ORIENTED_EDGE('',*,*,#2595,.F.);
#3268=ORIENTED_EDGE('',*,*,#2594,.F.);
#3269=ORIENTED_EDGE('',*,*,#2593,.T.);
#3270=ORIENTED_EDGE('',*,*,#2596,.T.);
#3271=ORIENTED_EDGE('',*,*,#2597,.F.);
#3272=ORIENTED_EDGE('',*,*,#2598,.T.);
#3273=ORIENTED_EDGE('',*,*,#2599,.F.);
#3274=ORIENTED_EDGE('',*,*,#2598,.F.);
#3275=ORIENTED_EDGE('',*,*,#2597,.T.);
#3276=ORIENTED_EDGE('',*,*,#2600,.T.);
#3277=ORIENTED_EDGE('',*,*,#2601,.T.);
#3278=ORIENTED_EDGE('',*,*,#2602,.T.);
#3279=ORIENTED_EDGE('',*,*,#2603,.T.);
#3280=ORIENTED_EDGE('',*,*,#2604,.T.);
#3281=ORIENTED_EDGE('',*,*,#2602,.F.);
#3282=ORIENTED_EDGE('',*,*,#2605,.F.);
#3283=ORIENTED_EDGE('',*,*,#2606,.F.);
#3284=ORIENTED_EDGE('',*,*,#2607,.F.);
#3285=ORIENTED_EDGE('',*,*,#2608,.T.);
#3286=ORIENTED_EDGE('',*,*,#2601,.F.);
#3287=ORIENTED_EDGE('',*,*,#2609,.T.);
#3288=ORIENTED_EDGE('',*,*,#2610,.T.);
#3289=ORIENTED_EDGE('',*,*,#2611,.T.);
#3290=ORIENTED_EDGE('',*,*,#2612,.T.);
#3291=ORIENTED_EDGE('',*,*,#2613,.T.);
#3292=ORIENTED_EDGE('',*,*,#2614,.F.);
#3293=ORIENTED_EDGE('',*,*,#2615,.F.);
#3294=ORIENTED_EDGE('',*,*,#2616,.F.);
#3295=ORIENTED_EDGE('',*,*,#2605,.T.);
#3296=ORIENTED_EDGE('',*,*,#2617,.T.);
#3297=ORIENTED_EDGE('',*,*,#2618,.T.);
#3298=ORIENTED_EDGE('',*,*,#2614,.T.);
#3299=ORIENTED_EDGE('',*,*,#2619,.T.);
#3300=ORIENTED_EDGE('',*,*,#2618,.F.);
#3301=ORIENTED_EDGE('',*,*,#2620,.T.);
#3302=ORIENTED_EDGE('',*,*,#2621,.F.);
#3303=ORIENTED_EDGE('',*,*,#2622,.F.);
#3304=ORIENTED_EDGE('',*,*,#2623,.F.);
#3305=ORIENTED_EDGE('',*,*,#2624,.T.);
#3306=ORIENTED_EDGE('',*,*,#2625,.F.);
#3307=ORIENTED_EDGE('',*,*,#2615,.T.);
#3308=ORIENTED_EDGE('',*,*,#2603,.F.);
#3309=ORIENTED_EDGE('',*,*,#2608,.F.);
#3310=ORIENTED_EDGE('',*,*,#2626,.F.);
#3311=ORIENTED_EDGE('',*,*,#2620,.F.);
#3312=ORIENTED_EDGE('',*,*,#2617,.F.);
#3313=ORIENTED_EDGE('',*,*,#2627,.T.);
#3314=ORIENTED_EDGE('',*,*,#2628,.T.);
#3315=ORIENTED_EDGE('',*,*,#2629,.T.);
#3316=ORIENTED_EDGE('',*,*,#2630,.T.);
#3317=ORIENTED_EDGE('',*,*,#2631,.T.);
#3318=ORIENTED_EDGE('',*,*,#2606,.T.);
#3319=ORIENTED_EDGE('',*,*,#2616,.T.);
#3320=ORIENTED_EDGE('',*,*,#2625,.T.);
#3321=ORIENTED_EDGE('',*,*,#2632,.T.);
#3322=ORIENTED_EDGE('',*,*,#2621,.T.);
#3323=ORIENTED_EDGE('',*,*,#2626,.T.);
#3324=ORIENTED_EDGE('',*,*,#2633,.T.);
#3325=ORIENTED_EDGE('',*,*,#2634,.T.);
#3326=ORIENTED_EDGE('',*,*,#2635,.T.);
#3327=ORIENTED_EDGE('',*,*,#2635,.F.);
#3328=ORIENTED_EDGE('',*,*,#2636,.T.);
#3329=ORIENTED_EDGE('',*,*,#2637,.T.);
#3330=ORIENTED_EDGE('',*,*,#2638,.T.);
#3331=ORIENTED_EDGE('',*,*,#2639,.F.);
#3332=ORIENTED_EDGE('',*,*,#2640,.T.);
#3333=ORIENTED_EDGE('',*,*,#2641,.F.);
#3334=ORIENTED_EDGE('',*,*,#2642,.T.);
#3335=ORIENTED_EDGE('',*,*,#2643,.F.);
#3336=ORIENTED_EDGE('',*,*,#2622,.T.);
#3337=ORIENTED_EDGE('',*,*,#2644,.T.);
#3338=ORIENTED_EDGE('',*,*,#2645,.T.);
#3339=ORIENTED_EDGE('',*,*,#2646,.T.);
#3340=ORIENTED_EDGE('',*,*,#2647,.T.);
#3341=ORIENTED_EDGE('',*,*,#2648,.T.);
#3342=ORIENTED_EDGE('',*,*,#2649,.T.);
#3343=ORIENTED_EDGE('',*,*,#2650,.T.);
#3344=ORIENTED_EDGE('',*,*,#2611,.F.);
#3345=ORIENTED_EDGE('',*,*,#2651,.F.);
#3346=ORIENTED_EDGE('',*,*,#2629,.F.);
#3347=ORIENTED_EDGE('',*,*,#2652,.T.);
#3348=ORIENTED_EDGE('',*,*,#2610,.F.);
#3349=ORIENTED_EDGE('',*,*,#2653,.F.);
#3350=ORIENTED_EDGE('',*,*,#2630,.F.);
#3351=ORIENTED_EDGE('',*,*,#2651,.T.);
#3352=ORIENTED_EDGE('',*,*,#2612,.F.);
#3353=ORIENTED_EDGE('',*,*,#2652,.F.);
#3354=ORIENTED_EDGE('',*,*,#2628,.F.);
#3355=ORIENTED_EDGE('',*,*,#2654,.F.);
#3356=ORIENTED_EDGE('',*,*,#2619,.F.);
#3357=ORIENTED_EDGE('',*,*,#2613,.F.);
#3358=ORIENTED_EDGE('',*,*,#2654,.T.);
#3359=ORIENTED_EDGE('',*,*,#2627,.F.);
#3360=ORIENTED_EDGE('',*,*,#2604,.F.);
#3361=ORIENTED_EDGE('',*,*,#2631,.F.);
#3362=ORIENTED_EDGE('',*,*,#2653,.T.);
#3363=ORIENTED_EDGE('',*,*,#2609,.F.);
#3364=ORIENTED_EDGE('',*,*,#2655,.F.);
#3365=ORIENTED_EDGE('',*,*,#2656,.F.);
#3366=ORIENTED_EDGE('',*,*,#2657,.F.);
#3367=ORIENTED_EDGE('',*,*,#2658,.T.);
#3368=ORIENTED_EDGE('',*,*,#2659,.F.);
#3369=ORIENTED_EDGE('',*,*,#2658,.F.);
#3370=ORIENTED_EDGE('',*,*,#2660,.F.);
#3371=ORIENTED_EDGE('',*,*,#2661,.F.);
#3372=ORIENTED_EDGE('',*,*,#2662,.F.);
#3373=ORIENTED_EDGE('',*,*,#2663,.F.);
#3374=ORIENTED_EDGE('',*,*,#2664,.F.);
#3375=ORIENTED_EDGE('',*,*,#2656,.T.);
#3376=ORIENTED_EDGE('',*,*,#2662,.T.);
#3377=ORIENTED_EDGE('',*,*,#2655,.T.);
#3378=ORIENTED_EDGE('',*,*,#2659,.T.);
#3379=ORIENTED_EDGE('',*,*,#2665,.F.);
#3380=ORIENTED_EDGE('',*,*,#2666,.F.);
#3381=ORIENTED_EDGE('',*,*,#2667,.F.);
#3382=ORIENTED_EDGE('',*,*,#2668,.F.);
#3383=ORIENTED_EDGE('',*,*,#2669,.T.);
#3384=ORIENTED_EDGE('',*,*,#2670,.F.);
#3385=ORIENTED_EDGE('',*,*,#2671,.F.);
#3386=ORIENTED_EDGE('',*,*,#2661,.T.);
#3387=ORIENTED_EDGE('',*,*,#2672,.T.);
#3388=ORIENTED_EDGE('',*,*,#2673,.F.);
#3389=ORIENTED_EDGE('',*,*,#2665,.T.);
#3390=ORIENTED_EDGE('',*,*,#2666,.T.);
#3391=ORIENTED_EDGE('',*,*,#2673,.T.);
#3392=ORIENTED_EDGE('',*,*,#2674,.T.);
#3393=ORIENTED_EDGE('',*,*,#2675,.T.);
#3394=ORIENTED_EDGE('',*,*,#2663,.T.);
#3395=ORIENTED_EDGE('',*,*,#2671,.T.);
#3396=ORIENTED_EDGE('',*,*,#2676,.F.);
#3397=ORIENTED_EDGE('',*,*,#2677,.T.);
#3398=ORIENTED_EDGE('',*,*,#2678,.T.);
#3399=ORIENTED_EDGE('',*,*,#2676,.T.);
#3400=ORIENTED_EDGE('',*,*,#2670,.T.);
#3401=ORIENTED_EDGE('',*,*,#2679,.T.);
#3402=ORIENTED_EDGE('',*,*,#2664,.T.);
#3403=ORIENTED_EDGE('',*,*,#2677,.F.);
#3404=ORIENTED_EDGE('',*,*,#2678,.F.);
#3405=ORIENTED_EDGE('',*,*,#2680,.T.);
#3406=ORIENTED_EDGE('',*,*,#2681,.F.);
#3407=ORIENTED_EDGE('',*,*,#2682,.T.);
#3408=ORIENTED_EDGE('',*,*,#2674,.F.);
#3409=ORIENTED_EDGE('',*,*,#2672,.F.);
#3410=ORIENTED_EDGE('',*,*,#2660,.T.);
#3411=ORIENTED_EDGE('',*,*,#2657,.T.);
#3412=ORIENTED_EDGE('',*,*,#2679,.F.);
#3413=ORIENTED_EDGE('',*,*,#2669,.F.);
#3414=ORIENTED_EDGE('',*,*,#2683,.F.);
#3415=ORIENTED_EDGE('',*,*,#2684,.T.);
#3416=ORIENTED_EDGE('',*,*,#2685,.F.);
#3417=ORIENTED_EDGE('',*,*,#2640,.F.);
#3418=ORIENTED_EDGE('',*,*,#2686,.F.);
#3419=ORIENTED_EDGE('',*,*,#2680,.F.);
#3420=ORIENTED_EDGE('',*,*,#2687,.T.);
#3421=ORIENTED_EDGE('',*,*,#2688,.T.);
#3422=ORIENTED_EDGE('',*,*,#2683,.T.);
#3423=ORIENTED_EDGE('',*,*,#2668,.T.);
#3424=ORIENTED_EDGE('',*,*,#2632,.F.);
#3425=ORIENTED_EDGE('',*,*,#2624,.F.);
#3426=ORIENTED_EDGE('',*,*,#2689,.F.);
#3427=ORIENTED_EDGE('',*,*,#2690,.F.);
#3428=ORIENTED_EDGE('',*,*,#2691,.F.);
#3429=ORIENTED_EDGE('',*,*,#2684,.F.);
#3430=ORIENTED_EDGE('',*,*,#2688,.F.);
#3431=ORIENTED_EDGE('',*,*,#2692,.T.);
#3432=ORIENTED_EDGE('',*,*,#2693,.F.);
#3433=ORIENTED_EDGE('',*,*,#2694,.F.);
#3434=ORIENTED_EDGE('',*,*,#2695,.F.);
#3435=ORIENTED_EDGE('',*,*,#2696,.F.);
#3436=ORIENTED_EDGE('',*,*,#2633,.F.);
#3437=ORIENTED_EDGE('',*,*,#2607,.T.);
#3438=ORIENTED_EDGE('',*,*,#2595,.T.);
#3439=ORIENTED_EDGE('',*,*,#2599,.T.);
#3440=ORIENTED_EDGE('',*,*,#2697,.F.);
#3441=ORIENTED_EDGE('',*,*,#2698,.F.);
#3442=ORIENTED_EDGE('',*,*,#2699,.F.);
#3443=ORIENTED_EDGE('',*,*,#2686,.T.);
#3444=ORIENTED_EDGE('',*,*,#2639,.T.);
#3445=ORIENTED_EDGE('',*,*,#2700,.T.);
#3446=ORIENTED_EDGE('',*,*,#2693,.T.);
#3447=ORIENTED_EDGE('',*,*,#2681,.T.);
#3448=ORIENTED_EDGE('',*,*,#2675,.F.);
#3449=ORIENTED_EDGE('',*,*,#2682,.F.);
#3450=ORIENTED_EDGE('',*,*,#2692,.F.);
#3451=ORIENTED_EDGE('',*,*,#2687,.F.);
#3452=ORIENTED_EDGE('',*,*,#2667,.T.);
#3453=ORIENTED_EDGE('',*,*,#2701,.T.);
#3454=ORIENTED_EDGE('',*,*,#2702,.T.);
#3455=ORIENTED_EDGE('',*,*,#2701,.F.);
#3456=ORIENTED_EDGE('',*,*,#2703,.F.);
#3457=ORIENTED_EDGE('',*,*,#2704,.T.);
#3458=ORIENTED_EDGE('',*,*,#2705,.F.);
#3459=ORIENTED_EDGE('',*,*,#2704,.F.);
#3460=ORIENTED_EDGE('',*,*,#2702,.F.);
#3461=ORIENTED_EDGE('',*,*,#2706,.T.);
#3462=ORIENTED_EDGE('',*,*,#2703,.T.);
#3463=ORIENTED_EDGE('',*,*,#2706,.F.);
#3464=ORIENTED_EDGE('',*,*,#2707,.T.);
#3465=ORIENTED_EDGE('',*,*,#2708,.T.);
#3466=ORIENTED_EDGE('',*,*,#2707,.F.);
#3467=ORIENTED_EDGE('',*,*,#2709,.F.);
#3468=ORIENTED_EDGE('',*,*,#2710,.T.);
#3469=ORIENTED_EDGE('',*,*,#2711,.F.);
#3470=ORIENTED_EDGE('',*,*,#2710,.F.);
#3471=ORIENTED_EDGE('',*,*,#2708,.F.);
#3472=ORIENTED_EDGE('',*,*,#2712,.T.);
#3473=ORIENTED_EDGE('',*,*,#2709,.T.);
#3474=ORIENTED_EDGE('',*,*,#2712,.F.);
#3475=ORIENTED_EDGE('',*,*,#2713,.F.);
#3476=ORIENTED_EDGE('',*,*,#2714,.T.);
#3477=ORIENTED_EDGE('',*,*,#2644,.F.);
#3478=ORIENTED_EDGE('',*,*,#2714,.F.);
#3479=ORIENTED_EDGE('',*,*,#2713,.T.);
#3480=ORIENTED_EDGE('',*,*,#2711,.T.);
#3481=ORIENTED_EDGE('',*,*,#2715,.F.);
#3482=ORIENTED_EDGE('',*,*,#2716,.T.);
#3483=ORIENTED_EDGE('',*,*,#2645,.F.);
#3484=ORIENTED_EDGE('',*,*,#2716,.F.);
#3485=ORIENTED_EDGE('',*,*,#2715,.T.);
#3486=ORIENTED_EDGE('',*,*,#2705,.T.);
#3487=ORIENTED_EDGE('',*,*,#2600,.F.);
#3488=ORIENTED_EDGE('',*,*,#2717,.T.);
#3489=ORIENTED_EDGE('',*,*,#2646,.F.);
#3490=ORIENTED_EDGE('',*,*,#2717,.F.);
#3491=ORIENTED_EDGE('',*,*,#2596,.F.);
#3492=ORIENTED_EDGE('',*,*,#2718,.T.);
#3493=ORIENTED_EDGE('',*,*,#2647,.F.);
#3494=ORIENTED_EDGE('',*,*,#2718,.F.);
#3495=ORIENTED_EDGE('',*,*,#2643,.T.);
#3496=ORIENTED_EDGE('',*,*,#2719,.T.);
#3497=ORIENTED_EDGE('',*,*,#2689,.T.);
#3498=ORIENTED_EDGE('',*,*,#2623,.T.);
#3499=ORIENTED_EDGE('',*,*,#2641,.T.);
#3500=ORIENTED_EDGE('',*,*,#2685,.T.);
#3501=ORIENTED_EDGE('',*,*,#2691,.T.);
#3502=ORIENTED_EDGE('',*,*,#2720,.T.);
#3503=ORIENTED_EDGE('',*,*,#2699,.T.);
#3504=ORIENTED_EDGE('',*,*,#2721,.T.);
#3505=ORIENTED_EDGE('',*,*,#2650,.F.);
#3506=ORIENTED_EDGE('',*,*,#2721,.F.);
#3507=ORIENTED_EDGE('',*,*,#2698,.T.);
#3508=ORIENTED_EDGE('',*,*,#2722,.T.);
#3509=ORIENTED_EDGE('',*,*,#2649,.F.);
#3510=ORIENTED_EDGE('',*,*,#2722,.F.);
#3511=ORIENTED_EDGE('',*,*,#2697,.T.);
#3512=ORIENTED_EDGE('',*,*,#2723,.T.);
#3513=ORIENTED_EDGE('',*,*,#2648,.F.);
#3514=ORIENTED_EDGE('',*,*,#2723,.F.);
#3515=ORIENTED_EDGE('',*,*,#2695,.T.);
#3516=ORIENTED_EDGE('',*,*,#2724,.T.);
#3517=ORIENTED_EDGE('',*,*,#2637,.F.);
#3518=ORIENTED_EDGE('',*,*,#2725,.F.);
#3519=ORIENTED_EDGE('',*,*,#2696,.T.);
#3520=ORIENTED_EDGE('',*,*,#2725,.T.);
#3521=ORIENTED_EDGE('',*,*,#2636,.F.);
#3522=ORIENTED_EDGE('',*,*,#2634,.F.);
#3523=ORIENTED_EDGE('',*,*,#2719,.F.);
#3524=ORIENTED_EDGE('',*,*,#2642,.F.);
#3525=ORIENTED_EDGE('',*,*,#2720,.F.);
#3526=ORIENTED_EDGE('',*,*,#2690,.T.);
#3527=ORIENTED_EDGE('',*,*,#2694,.T.);
#3528=ORIENTED_EDGE('',*,*,#2700,.F.);
#3529=ORIENTED_EDGE('',*,*,#2638,.F.);
#3530=ORIENTED_EDGE('',*,*,#2724,.F.);
#3531=ORIENTED_EDGE('',*,*,#2726,.T.);
#3532=ORIENTED_EDGE('',*,*,#2727,.T.);
#3533=ORIENTED_EDGE('',*,*,#2728,.T.);
#3534=ORIENTED_EDGE('',*,*,#2727,.F.);
#3535=ORIENTED_EDGE('',*,*,#2729,.T.);
#3536=ORIENTED_EDGE('',*,*,#2726,.F.);
#3537=ORIENTED_EDGE('',*,*,#2730,.T.);
#3538=ORIENTED_EDGE('',*,*,#2731,.F.);
#3539=ORIENTED_EDGE('',*,*,#2730,.F.);
#3540=ORIENTED_EDGE('',*,*,#2729,.F.);
#3541=ORIENTED_EDGE('',*,*,#2732,.T.);
#3542=ORIENTED_EDGE('',*,*,#2728,.F.);
#3543=ORIENTED_EDGE('',*,*,#2733,.F.);
#3544=ORIENTED_EDGE('',*,*,#2734,.T.);
#3545=ORIENTED_EDGE('',*,*,#2735,.F.);
#3546=ORIENTED_EDGE('',*,*,#2734,.F.);
#3547=ORIENTED_EDGE('',*,*,#2733,.T.);
#3548=ORIENTED_EDGE('',*,*,#2731,.T.);
#3549=ORIENTED_EDGE('',*,*,#2732,.F.);
#3550=ORIENTED_EDGE('',*,*,#2736,.T.);
#3551=ORIENTED_EDGE('',*,*,#2737,.F.);
#3552=ORIENTED_EDGE('',*,*,#2736,.F.);
#3553=ORIENTED_EDGE('',*,*,#2738,.T.);
#3554=ORIENTED_EDGE('',*,*,#2739,.T.);
#3555=ORIENTED_EDGE('',*,*,#2740,.F.);
#3556=ORIENTED_EDGE('',*,*,#2741,.F.);
#3557=ORIENTED_EDGE('',*,*,#2742,.T.);
#3558=ORIENTED_EDGE('',*,*,#2741,.T.);
#3559=ORIENTED_EDGE('',*,*,#2743,.F.);
#3560=ORIENTED_EDGE('',*,*,#2744,.F.);
#3561=ORIENTED_EDGE('',*,*,#2745,.T.);
#3562=ORIENTED_EDGE('',*,*,#2744,.T.);
#3563=ORIENTED_EDGE('',*,*,#2746,.F.);
#3564=ORIENTED_EDGE('',*,*,#2747,.F.);
#3565=ORIENTED_EDGE('',*,*,#2748,.T.);
#3566=ORIENTED_EDGE('',*,*,#2747,.T.);
#3567=ORIENTED_EDGE('',*,*,#2749,.F.);
#3568=ORIENTED_EDGE('',*,*,#2750,.F.);
#3569=ORIENTED_EDGE('',*,*,#2751,.T.);
#3570=ORIENTED_EDGE('',*,*,#2750,.T.);
#3571=ORIENTED_EDGE('',*,*,#2752,.F.);
#3572=ORIENTED_EDGE('',*,*,#2753,.F.);
#3573=ORIENTED_EDGE('',*,*,#2754,.T.);
#3574=ORIENTED_EDGE('',*,*,#2753,.T.);
#3575=ORIENTED_EDGE('',*,*,#2755,.F.);
#3576=ORIENTED_EDGE('',*,*,#2739,.F.);
#3577=ORIENTED_EDGE('',*,*,#2755,.T.);
#3578=ORIENTED_EDGE('',*,*,#2752,.T.);
#3579=ORIENTED_EDGE('',*,*,#2749,.T.);
#3580=ORIENTED_EDGE('',*,*,#2746,.T.);
#3581=ORIENTED_EDGE('',*,*,#2743,.T.);
#3582=ORIENTED_EDGE('',*,*,#2740,.T.);
#3583=ORIENTED_EDGE('',*,*,#2737,.T.);
#3584=ORIENTED_EDGE('',*,*,#2754,.F.);
#3585=ORIENTED_EDGE('',*,*,#2738,.F.);
#3586=ORIENTED_EDGE('',*,*,#2742,.F.);
#3587=ORIENTED_EDGE('',*,*,#2745,.F.);
#3588=ORIENTED_EDGE('',*,*,#2748,.F.);
#3589=ORIENTED_EDGE('',*,*,#2751,.F.);
#3590=ORIENTED_EDGE('',*,*,#2735,.T.);
#3591=ORIENTED_EDGE('',*,*,#2756,.T.);
#3592=ORIENTED_EDGE('',*,*,#2757,.T.);
#3593=ORIENTED_EDGE('',*,*,#2758,.T.);
#3594=ORIENTED_EDGE('',*,*,#2759,.F.);
#3595=ORIENTED_EDGE('',*,*,#2760,.T.);
#3596=ORIENTED_EDGE('',*,*,#2761,.T.);
#3597=ORIENTED_EDGE('',*,*,#2762,.T.);
#3598=ORIENTED_EDGE('',*,*,#2757,.F.);
#3599=ORIENTED_EDGE('',*,*,#2763,.T.);
#3600=ORIENTED_EDGE('',*,*,#2761,.F.);
#3601=ORIENTED_EDGE('',*,*,#2764,.T.);
#3602=ORIENTED_EDGE('',*,*,#2765,.T.);
#3603=ORIENTED_EDGE('',*,*,#2766,.T.);
#3604=ORIENTED_EDGE('',*,*,#2765,.F.);
#3605=ORIENTED_EDGE('',*,*,#2767,.T.);
#3606=ORIENTED_EDGE('',*,*,#2768,.T.);
#3607=ORIENTED_EDGE('',*,*,#2769,.T.);
#3608=ORIENTED_EDGE('',*,*,#2768,.F.);
#3609=ORIENTED_EDGE('',*,*,#2770,.T.);
#3610=ORIENTED_EDGE('',*,*,#2771,.T.);
#3611=ORIENTED_EDGE('',*,*,#2772,.T.);
#3612=ORIENTED_EDGE('',*,*,#2771,.F.);
#3613=ORIENTED_EDGE('',*,*,#2773,.T.);
#3614=ORIENTED_EDGE('',*,*,#2759,.T.);
#3615=ORIENTED_EDGE('',*,*,#2769,.F.);
#3616=ORIENTED_EDGE('',*,*,#2774,.F.);
#3617=ORIENTED_EDGE('',*,*,#2775,.F.);
#3618=ORIENTED_EDGE('',*,*,#2776,.T.);
#3619=ORIENTED_EDGE('',*,*,#2772,.F.);
#3620=ORIENTED_EDGE('',*,*,#2777,.F.);
#3621=ORIENTED_EDGE('',*,*,#2778,.F.);
#3622=ORIENTED_EDGE('',*,*,#2774,.T.);
#3623=ORIENTED_EDGE('',*,*,#2758,.F.);
#3624=ORIENTED_EDGE('',*,*,#2779,.F.);
#3625=ORIENTED_EDGE('',*,*,#2780,.F.);
#3626=ORIENTED_EDGE('',*,*,#2777,.T.);
#3627=ORIENTED_EDGE('',*,*,#2756,.F.);
#3628=ORIENTED_EDGE('',*,*,#2773,.F.);
#3629=ORIENTED_EDGE('',*,*,#2770,.F.);
#3630=ORIENTED_EDGE('',*,*,#2767,.F.);
#3631=ORIENTED_EDGE('',*,*,#2764,.F.);
#3632=ORIENTED_EDGE('',*,*,#2760,.F.);
#3633=ORIENTED_EDGE('',*,*,#2781,.T.);
#3634=ORIENTED_EDGE('',*,*,#2782,.T.);
#3635=ORIENTED_EDGE('',*,*,#2778,.T.);
#3636=ORIENTED_EDGE('',*,*,#2783,.F.);
#3637=ORIENTED_EDGE('',*,*,#2784,.T.);
#3638=ORIENTED_EDGE('',*,*,#2785,.T.);
#3639=ORIENTED_EDGE('',*,*,#2775,.T.);
#3640=ORIENTED_EDGE('',*,*,#2782,.F.);
#3641=ORIENTED_EDGE('',*,*,#2786,.T.);
#3642=ORIENTED_EDGE('',*,*,#2787,.T.);
#3643=ORIENTED_EDGE('',*,*,#2788,.T.);
#3644=ORIENTED_EDGE('',*,*,#2789,.T.);
#3645=ORIENTED_EDGE('',*,*,#2790,.T.);
#3646=ORIENTED_EDGE('',*,*,#2787,.F.);
#3647=ORIENTED_EDGE('',*,*,#2791,.T.);
#3648=ORIENTED_EDGE('',*,*,#2792,.T.);
#3649=ORIENTED_EDGE('',*,*,#2793,.T.);
#3650=ORIENTED_EDGE('',*,*,#2794,.T.);
#3651=ORIENTED_EDGE('',*,*,#2789,.F.);
#3652=ORIENTED_EDGE('',*,*,#2795,.T.);
#3653=ORIENTED_EDGE('',*,*,#2785,.F.);
#3654=ORIENTED_EDGE('',*,*,#2780,.T.);
#3655=ORIENTED_EDGE('',*,*,#2792,.F.);
#3656=ORIENTED_EDGE('',*,*,#2796,.T.);
#3657=ORIENTED_EDGE('',*,*,#2783,.T.);
#3658=ORIENTED_EDGE('',*,*,#2766,.F.);
#3659=ORIENTED_EDGE('',*,*,#2776,.F.);
#3660=ORIENTED_EDGE('',*,*,#2795,.F.);
#3661=ORIENTED_EDGE('',*,*,#2797,.T.);
#3662=ORIENTED_EDGE('',*,*,#2763,.F.);
#3663=ORIENTED_EDGE('',*,*,#2797,.F.);
#3664=ORIENTED_EDGE('',*,*,#2788,.F.);
#3665=ORIENTED_EDGE('',*,*,#2798,.T.);
#3666=ORIENTED_EDGE('',*,*,#2793,.F.);
#3667=ORIENTED_EDGE('',*,*,#2784,.F.);
#3668=ORIENTED_EDGE('',*,*,#2781,.F.);
#3669=ORIENTED_EDGE('',*,*,#2796,.F.);
#3670=ORIENTED_EDGE('',*,*,#2791,.F.);
#3671=ORIENTED_EDGE('',*,*,#2786,.F.);
#3672=ORIENTED_EDGE('',*,*,#2794,.F.);
#3673=ORIENTED_EDGE('',*,*,#2799,.T.);
#3674=ORIENTED_EDGE('',*,*,#2800,.F.);
#3675=ORIENTED_EDGE('',*,*,#2799,.F.);
#3676=ORIENTED_EDGE('',*,*,#2762,.F.);
#3677=ORIENTED_EDGE('',*,*,#2798,.F.);
#3678=ORIENTED_EDGE('',*,*,#2790,.F.);
#3679=ORIENTED_EDGE('',*,*,#2779,.T.);
#3680=ORIENTED_EDGE('',*,*,#2800,.T.);
#3681=ORIENTED_EDGE('',*,*,#2801,.T.);
#3682=ORIENTED_EDGE('',*,*,#2802,.T.);
#3683=ORIENTED_EDGE('',*,*,#2801,.F.);
#3684=ORIENTED_EDGE('',*,*,#2802,.F.);
#3685=ORIENTED_EDGE('',*,*,#2803,.F.);
#3686=ORIENTED_EDGE('',*,*,#2803,.T.);
#3687=ORIENTED_EDGE('',*,*,#2804,.T.);
#3688=ORIENTED_EDGE('',*,*,#2805,.T.);
#3689=ORIENTED_EDGE('',*,*,#2806,.T.);
#3690=ORIENTED_EDGE('',*,*,#2804,.F.);
#3691=ORIENTED_EDGE('',*,*,#2807,.F.);
#3692=ORIENTED_EDGE('',*,*,#2808,.F.);
#3693=ORIENTED_EDGE('',*,*,#2809,.T.);
#3694=ORIENTED_EDGE('',*,*,#2805,.F.);
#3695=ORIENTED_EDGE('',*,*,#2806,.F.);
#3696=ORIENTED_EDGE('',*,*,#2809,.F.);
#3697=ORIENTED_EDGE('',*,*,#2807,.T.);
#3698=ORIENTED_EDGE('',*,*,#2808,.T.);
#3699=ORIENTED_EDGE('',*,*,#2810,.T.);
#3700=ORIENTED_EDGE('',*,*,#2811,.T.);
#3701=ORIENTED_EDGE('',*,*,#2810,.F.);
#3702=ORIENTED_EDGE('',*,*,#2811,.F.);
#3703=ORIENTED_EDGE('',*,*,#2812,.T.);
#3704=ORIENTED_EDGE('',*,*,#2813,.T.);
#3705=ORIENTED_EDGE('',*,*,#2814,.T.);
#3706=ORIENTED_EDGE('',*,*,#2813,.F.);
#3707=ORIENTED_EDGE('',*,*,#2812,.F.);
#3708=ORIENTED_EDGE('',*,*,#2815,.T.);
#3709=ORIENTED_EDGE('',*,*,#2816,.F.);
#3710=ORIENTED_EDGE('',*,*,#2815,.F.);
#3711=ORIENTED_EDGE('',*,*,#2817,.F.);
#3712=ORIENTED_EDGE('',*,*,#2814,.F.);
#3713=ORIENTED_EDGE('',*,*,#2816,.T.);
#3714=ORIENTED_EDGE('',*,*,#2818,.T.);
#3715=ORIENTED_EDGE('',*,*,#2819,.T.);
#3716=ORIENTED_EDGE('',*,*,#2818,.F.);
#3717=ORIENTED_EDGE('',*,*,#2820,.T.);
#3718=ORIENTED_EDGE('',*,*,#2819,.F.);
#3719=ORIENTED_EDGE('',*,*,#2820,.F.);
#3720=ORIENTED_EDGE('',*,*,#2821,.T.);
#3721=ORIENTED_EDGE('',*,*,#2817,.T.);
#3722=ORIENTED_EDGE('',*,*,#2821,.F.);
#3723=ORIENTED_EDGE('',*,*,#2822,.F.);
#3724=ORIENTED_EDGE('',*,*,#2823,.T.);
#3725=ORIENTED_EDGE('',*,*,#2824,.T.);
#3726=ORIENTED_EDGE('',*,*,#2823,.F.);
#3727=ORIENTED_EDGE('',*,*,#2824,.F.);
#3728=ORIENTED_EDGE('',*,*,#2825,.F.);
#3729=ORIENTED_EDGE('',*,*,#2826,.F.);
#3730=ORIENTED_EDGE('',*,*,#2827,.T.);
#3731=ORIENTED_EDGE('',*,*,#2828,.F.);
#3732=ORIENTED_EDGE('',*,*,#2827,.F.);
#3733=ORIENTED_EDGE('',*,*,#2829,.F.);
#3734=ORIENTED_EDGE('',*,*,#2830,.T.);
#3735=ORIENTED_EDGE('',*,*,#2831,.F.);
#3736=ORIENTED_EDGE('',*,*,#2830,.F.);
#3737=ORIENTED_EDGE('',*,*,#2829,.T.);
#3738=ORIENTED_EDGE('',*,*,#2828,.T.);
#3739=ORIENTED_EDGE('',*,*,#2832,.F.);
#3740=ORIENTED_EDGE('',*,*,#2831,.T.);
#3741=ORIENTED_EDGE('',*,*,#2833,.F.);
#3742=ORIENTED_EDGE('',*,*,#2834,.T.);
#3743=ORIENTED_EDGE('',*,*,#2835,.F.);
#3744=ORIENTED_EDGE('',*,*,#2834,.F.);
#3745=ORIENTED_EDGE('',*,*,#2833,.T.);
#3746=ORIENTED_EDGE('',*,*,#2836,.T.);
#3747=ORIENTED_EDGE('',*,*,#2837,.T.);
#3748=ORIENTED_EDGE('',*,*,#2838,.T.);
#3749=ORIENTED_EDGE('',*,*,#2839,.F.);
#3750=ORIENTED_EDGE('',*,*,#2838,.F.);
#3751=ORIENTED_EDGE('',*,*,#2840,.F.);
#3752=ORIENTED_EDGE('',*,*,#2841,.T.);
#3753=ORIENTED_EDGE('',*,*,#2842,.T.);
#3754=ORIENTED_EDGE('',*,*,#2841,.F.);
#3755=ORIENTED_EDGE('',*,*,#2842,.F.);
#3756=ORIENTED_EDGE('',*,*,#2837,.F.);
#3757=ORIENTED_EDGE('',*,*,#2843,.F.);
#3758=ORIENTED_EDGE('',*,*,#2840,.T.);
#3759=ORIENTED_EDGE('',*,*,#2825,.T.);
#3760=ORIENTED_EDGE('',*,*,#2844,.T.);
#3761=ORIENTED_EDGE('',*,*,#2836,.F.);
#3762=ORIENTED_EDGE('',*,*,#2844,.F.);
#3763=ORIENTED_EDGE('',*,*,#2845,.T.);
#3764=ORIENTED_EDGE('',*,*,#2846,.T.);
#3765=ORIENTED_EDGE('',*,*,#2832,.T.);
#3766=ORIENTED_EDGE('',*,*,#2846,.F.);
#3767=ORIENTED_EDGE('',*,*,#2847,.T.);
#3768=ORIENTED_EDGE('',*,*,#2848,.F.);
#3769=ORIENTED_EDGE('',*,*,#2849,.F.);
#3770=ORIENTED_EDGE('',*,*,#2850,.T.);
#3771=ORIENTED_EDGE('',*,*,#2847,.F.);
#3772=ORIENTED_EDGE('',*,*,#2845,.F.);
#3773=ORIENTED_EDGE('',*,*,#2850,.F.);
#3774=ORIENTED_EDGE('',*,*,#2826,.T.);
#3775=ORIENTED_EDGE('',*,*,#2822,.T.);
#3776=ORIENTED_EDGE('',*,*,#2848,.T.);
#3777=ORIENTED_EDGE('',*,*,#2849,.T.);
#3778=ORIENTED_EDGE('',*,*,#2851,.T.);
#3779=ORIENTED_EDGE('',*,*,#2843,.T.);
#3780=ORIENTED_EDGE('',*,*,#2851,.F.);
#3781=ORIENTED_EDGE('',*,*,#2839,.T.);
#3782=ORIENTED_EDGE('',*,*,#2835,.T.);
#3783=ORIENTED_EDGE('',*,*,#2852,.T.);
#3784=ORIENTED_EDGE('',*,*,#2853,.T.);
#3785=ORIENTED_EDGE('',*,*,#2854,.T.);
#3786=ORIENTED_EDGE('',*,*,#2853,.F.);
#3787=ORIENTED_EDGE('',*,*,#2852,.F.);
#3788=ORIENTED_EDGE('',*,*,#2855,.T.);
#3789=ORIENTED_EDGE('',*,*,#2856,.F.);
#3790=ORIENTED_EDGE('',*,*,#2857,.F.);
#3791=ORIENTED_EDGE('',*,*,#2855,.F.);
#3792=ORIENTED_EDGE('',*,*,#2858,.T.);
#3793=ORIENTED_EDGE('',*,*,#2859,.T.);
#3794=ORIENTED_EDGE('',*,*,#2860,.T.);
#3795=ORIENTED_EDGE('',*,*,#2861,.T.);
#3796=ORIENTED_EDGE('',*,*,#2862,.T.);
#3797=ORIENTED_EDGE('',*,*,#2863,.T.);
#3798=ORIENTED_EDGE('',*,*,#2854,.F.);
#3799=ORIENTED_EDGE('',*,*,#2856,.T.);
#3800=ORIENTED_EDGE('',*,*,#2857,.T.);
#3801=ORIENTED_EDGE('',*,*,#2864,.T.);
#3802=ORIENTED_EDGE('',*,*,#2865,.T.);
#3803=ORIENTED_EDGE('',*,*,#2864,.F.);
#3804=ORIENTED_EDGE('',*,*,#2866,.T.);
#3805=ORIENTED_EDGE('',*,*,#2867,.T.);
#3806=ORIENTED_EDGE('',*,*,#2868,.T.);
#3807=ORIENTED_EDGE('',*,*,#2869,.T.);
#3808=ORIENTED_EDGE('',*,*,#2870,.T.);
#3809=ORIENTED_EDGE('',*,*,#2871,.T.);
#3810=ORIENTED_EDGE('',*,*,#2865,.F.);
#3811=ORIENTED_EDGE('',*,*,#2872,.F.);
#3812=ORIENTED_EDGE('',*,*,#2858,.F.);
#3813=ORIENTED_EDGE('',*,*,#2873,.F.);
#3814=ORIENTED_EDGE('',*,*,#2874,.F.);
#3815=ORIENTED_EDGE('',*,*,#2875,.F.);
#3816=ORIENTED_EDGE('',*,*,#2863,.F.);
#3817=ORIENTED_EDGE('',*,*,#2876,.F.);
#3818=ORIENTED_EDGE('',*,*,#2859,.F.);
#3819=ORIENTED_EDGE('',*,*,#2877,.F.);
#3820=ORIENTED_EDGE('',*,*,#2878,.F.);
#3821=ORIENTED_EDGE('',*,*,#2879,.F.);
#3822=ORIENTED_EDGE('',*,*,#2862,.F.);
#3823=ORIENTED_EDGE('',*,*,#2880,.F.);
#3824=ORIENTED_EDGE('',*,*,#2860,.F.);
#3825=ORIENTED_EDGE('',*,*,#2881,.F.);
#3826=ORIENTED_EDGE('',*,*,#2882,.F.);
#3827=ORIENTED_EDGE('',*,*,#2861,.F.);
#3828=ORIENTED_EDGE('',*,*,#2883,.F.);
#3829=ORIENTED_EDGE('',*,*,#2884,.F.);
#3830=ORIENTED_EDGE('',*,*,#2885,.F.);
#3831=ORIENTED_EDGE('',*,*,#2871,.F.);
#3832=ORIENTED_EDGE('',*,*,#2886,.F.);
#3833=ORIENTED_EDGE('',*,*,#2866,.F.);
#3834=ORIENTED_EDGE('',*,*,#2887,.F.);
#3835=ORIENTED_EDGE('',*,*,#2888,.F.);
#3836=ORIENTED_EDGE('',*,*,#2889,.F.);
#3837=ORIENTED_EDGE('',*,*,#2870,.F.);
#3838=ORIENTED_EDGE('',*,*,#2890,.F.);
#3839=ORIENTED_EDGE('',*,*,#2891,.F.);
#3840=ORIENTED_EDGE('',*,*,#2869,.F.);
#3841=ORIENTED_EDGE('',*,*,#2892,.F.);
#3842=ORIENTED_EDGE('',*,*,#2867,.F.);
#3843=ORIENTED_EDGE('',*,*,#2893,.F.);
#3844=ORIENTED_EDGE('',*,*,#2894,.F.);
#3845=ORIENTED_EDGE('',*,*,#2868,.F.);
#3846=ORIENTED_EDGE('',*,*,#2895,.F.);
#3847=ORIENTED_EDGE('',*,*,#2883,.T.);
#3848=ORIENTED_EDGE('',*,*,#2880,.T.);
#3849=ORIENTED_EDGE('',*,*,#2896,.T.);
#3850=ORIENTED_EDGE('',*,*,#2890,.T.);
#3851=ORIENTED_EDGE('',*,*,#2894,.T.);
#3852=ORIENTED_EDGE('',*,*,#2897,.F.);
#3853=ORIENTED_EDGE('',*,*,#2881,.T.);
#3854=ORIENTED_EDGE('',*,*,#2876,.T.);
#3855=ORIENTED_EDGE('',*,*,#2898,.T.);
#3856=ORIENTED_EDGE('',*,*,#2888,.T.);
#3857=ORIENTED_EDGE('',*,*,#2891,.T.);
#3858=ORIENTED_EDGE('',*,*,#2896,.F.);
#3859=ORIENTED_EDGE('',*,*,#2877,.T.);
#3860=ORIENTED_EDGE('',*,*,#2872,.T.);
#3861=ORIENTED_EDGE('',*,*,#2899,.T.);
#3862=ORIENTED_EDGE('',*,*,#2884,.T.);
#3863=ORIENTED_EDGE('',*,*,#2889,.T.);
#3864=ORIENTED_EDGE('',*,*,#2898,.F.);
#3865=ORIENTED_EDGE('',*,*,#2882,.T.);
#3866=ORIENTED_EDGE('',*,*,#2897,.T.);
#3867=ORIENTED_EDGE('',*,*,#2895,.T.);
#3868=ORIENTED_EDGE('',*,*,#2892,.T.);
#3869=ORIENTED_EDGE('',*,*,#2900,.F.);
#3870=ORIENTED_EDGE('',*,*,#2878,.T.);
#3871=ORIENTED_EDGE('',*,*,#2879,.T.);
#3872=ORIENTED_EDGE('',*,*,#2900,.T.);
#3873=ORIENTED_EDGE('',*,*,#2893,.T.);
#3874=ORIENTED_EDGE('',*,*,#2886,.T.);
#3875=ORIENTED_EDGE('',*,*,#2901,.F.);
#3876=ORIENTED_EDGE('',*,*,#2874,.T.);
#3877=ORIENTED_EDGE('',*,*,#2875,.T.);
#3878=ORIENTED_EDGE('',*,*,#2901,.T.);
#3879=ORIENTED_EDGE('',*,*,#2887,.T.);
#3880=ORIENTED_EDGE('',*,*,#2885,.T.);
#3881=ORIENTED_EDGE('',*,*,#2899,.F.);
#3882=ORIENTED_EDGE('',*,*,#2873,.T.);
#3883=ORIENTED_EDGE('',*,*,#2902,.F.);
#3884=ORIENTED_EDGE('',*,*,#2903,.T.);
#3885=ORIENTED_EDGE('',*,*,#2904,.T.);
#3886=ORIENTED_EDGE('',*,*,#2903,.F.);
#3887=ORIENTED_EDGE('',*,*,#2904,.F.);
#3888=ORIENTED_EDGE('',*,*,#2905,.F.);
#3889=ORIENTED_EDGE('',*,*,#2906,.F.);
#3890=ORIENTED_EDGE('',*,*,#2907,.T.);
#3891=ORIENTED_EDGE('',*,*,#2908,.T.);
#3892=ORIENTED_EDGE('',*,*,#2907,.F.);
#3893=ORIENTED_EDGE('',*,*,#2908,.F.);
#3894=ORIENTED_EDGE('',*,*,#2909,.F.);
#3895=ORIENTED_EDGE('',*,*,#2910,.T.);
#3896=ORIENTED_EDGE('',*,*,#2911,.T.);
#3897=ORIENTED_EDGE('',*,*,#2912,.T.);
#3898=ORIENTED_EDGE('',*,*,#2913,.F.);
#3899=ORIENTED_EDGE('',*,*,#2914,.T.);
#3900=ORIENTED_EDGE('',*,*,#2915,.T.);
#3901=ORIENTED_EDGE('',*,*,#2916,.T.);
#3902=ORIENTED_EDGE('',*,*,#2917,.T.);
#3903=ORIENTED_EDGE('',*,*,#2918,.T.);
#3904=ORIENTED_EDGE('',*,*,#2919,.T.);
#3905=ORIENTED_EDGE('',*,*,#2920,.T.);
#3906=ORIENTED_EDGE('',*,*,#2915,.F.);
#3907=ORIENTED_EDGE('',*,*,#2921,.T.);
#3908=ORIENTED_EDGE('',*,*,#2919,.F.);
#3909=ORIENTED_EDGE('',*,*,#2922,.T.);
#3910=ORIENTED_EDGE('',*,*,#2923,.T.);
#3911=ORIENTED_EDGE('',*,*,#2924,.T.);
#3912=ORIENTED_EDGE('',*,*,#2923,.F.);
#3913=ORIENTED_EDGE('',*,*,#2925,.T.);
#3914=ORIENTED_EDGE('',*,*,#2913,.T.);
#3915=ORIENTED_EDGE('',*,*,#2926,.T.);
#3916=ORIENTED_EDGE('',*,*,#2917,.F.);
#3917=ORIENTED_EDGE('',*,*,#2927,.T.);
#3918=ORIENTED_EDGE('',*,*,#2911,.F.);
#3919=ORIENTED_EDGE('',*,*,#2912,.F.);
#3920=ORIENTED_EDGE('',*,*,#2928,.T.);
#3921=ORIENTED_EDGE('',*,*,#2929,.T.);
#3922=ORIENTED_EDGE('',*,*,#2930,.F.);
#3923=ORIENTED_EDGE('',*,*,#2927,.F.);
#3924=ORIENTED_EDGE('',*,*,#2931,.T.);
#3925=ORIENTED_EDGE('',*,*,#2932,.T.);
#3926=ORIENTED_EDGE('',*,*,#2928,.F.);
#3927=ORIENTED_EDGE('',*,*,#2916,.F.);
#3928=ORIENTED_EDGE('',*,*,#2933,.T.);
#3929=ORIENTED_EDGE('',*,*,#2934,.T.);
#3930=ORIENTED_EDGE('',*,*,#2931,.F.);
#3931=ORIENTED_EDGE('',*,*,#2935,.T.);
#3932=ORIENTED_EDGE('',*,*,#2936,.T.);
#3933=ORIENTED_EDGE('',*,*,#2937,.T.);
#3934=ORIENTED_EDGE('',*,*,#2938,.T.);
#3935=ORIENTED_EDGE('',*,*,#2939,.T.);
#3936=ORIENTED_EDGE('',*,*,#2940,.T.);
#3937=ORIENTED_EDGE('',*,*,#2941,.F.);
#3938=ORIENTED_EDGE('',*,*,#2942,.F.);
#3939=ORIENTED_EDGE('',*,*,#2943,.F.);
#3940=ORIENTED_EDGE('',*,*,#2944,.F.);
#3941=ORIENTED_EDGE('',*,*,#2945,.T.);
#3942=ORIENTED_EDGE('',*,*,#2946,.F.);
#3943=ORIENTED_EDGE('',*,*,#2947,.T.);
#3944=ORIENTED_EDGE('',*,*,#2948,.T.);
#3945=ORIENTED_EDGE('',*,*,#2949,.T.);
#3946=ORIENTED_EDGE('',*,*,#2902,.T.);
#3947=ORIENTED_EDGE('',*,*,#2906,.T.);
#3948=ORIENTED_EDGE('',*,*,#2950,.F.);
#3949=ORIENTED_EDGE('',*,*,#2951,.T.);
#3950=ORIENTED_EDGE('',*,*,#2952,.F.);
#3951=ORIENTED_EDGE('',*,*,#2953,.F.);
#3952=ORIENTED_EDGE('',*,*,#2954,.F.);
#3953=ORIENTED_EDGE('',*,*,#2955,.F.);
#3954=ORIENTED_EDGE('',*,*,#2956,.F.);
#3955=ORIENTED_EDGE('',*,*,#2957,.F.);
#3956=ORIENTED_EDGE('',*,*,#2958,.F.);
#3957=ORIENTED_EDGE('',*,*,#2959,.F.);
#3958=ORIENTED_EDGE('',*,*,#2960,.T.);
#3959=ORIENTED_EDGE('',*,*,#2961,.F.);
#3960=ORIENTED_EDGE('',*,*,#2962,.F.);
#3961=ORIENTED_EDGE('',*,*,#2963,.F.);
#3962=ORIENTED_EDGE('',*,*,#2964,.F.);
#3963=ORIENTED_EDGE('',*,*,#2965,.F.);
#3964=ORIENTED_EDGE('',*,*,#2966,.F.);
#3965=ORIENTED_EDGE('',*,*,#2967,.T.);
#3966=ORIENTED_EDGE('',*,*,#2968,.T.);
#3967=ORIENTED_EDGE('',*,*,#2969,.T.);
#3968=ORIENTED_EDGE('',*,*,#2970,.T.);
#3969=ORIENTED_EDGE('',*,*,#2971,.F.);
#3970=ORIENTED_EDGE('',*,*,#2972,.T.);
#3971=ORIENTED_EDGE('',*,*,#2973,.F.);
#3972=ORIENTED_EDGE('',*,*,#2974,.T.);
#3973=ORIENTED_EDGE('',*,*,#2975,.F.);
#3974=ORIENTED_EDGE('',*,*,#2976,.T.);
#3975=ORIENTED_EDGE('',*,*,#2977,.F.);
#3976=ORIENTED_EDGE('',*,*,#2978,.T.);
#3977=ORIENTED_EDGE('',*,*,#2979,.F.);
#3978=ORIENTED_EDGE('',*,*,#2980,.T.);
#3979=ORIENTED_EDGE('',*,*,#2981,.F.);
#3980=ORIENTED_EDGE('',*,*,#2982,.T.);
#3981=ORIENTED_EDGE('',*,*,#2983,.F.);
#3982=ORIENTED_EDGE('',*,*,#2914,.F.);
#3983=ORIENTED_EDGE('',*,*,#2926,.F.);
#3984=ORIENTED_EDGE('',*,*,#2910,.F.);
#3985=ORIENTED_EDGE('',*,*,#2925,.F.);
#3986=ORIENTED_EDGE('',*,*,#2922,.F.);
#3987=ORIENTED_EDGE('',*,*,#2918,.F.);
#3988=ORIENTED_EDGE('',*,*,#2920,.F.);
#3989=ORIENTED_EDGE('',*,*,#2984,.T.);
#3990=ORIENTED_EDGE('',*,*,#2985,.T.);
#3991=ORIENTED_EDGE('',*,*,#2933,.F.);
#3992=ORIENTED_EDGE('',*,*,#2921,.F.);
#3993=ORIENTED_EDGE('',*,*,#2986,.T.);
#3994=ORIENTED_EDGE('',*,*,#2987,.T.);
#3995=ORIENTED_EDGE('',*,*,#2984,.F.);
#3996=ORIENTED_EDGE('',*,*,#2924,.F.);
#3997=ORIENTED_EDGE('',*,*,#2930,.T.);
#3998=ORIENTED_EDGE('',*,*,#2988,.T.);
#3999=ORIENTED_EDGE('',*,*,#2986,.F.);
#4000=ORIENTED_EDGE('',*,*,#2932,.F.);
#4001=ORIENTED_EDGE('',*,*,#2934,.F.);
#4002=ORIENTED_EDGE('',*,*,#2985,.F.);
#4003=ORIENTED_EDGE('',*,*,#2987,.F.);
#4004=ORIENTED_EDGE('',*,*,#2988,.F.);
#4005=ORIENTED_EDGE('',*,*,#2929,.F.);
#4006=ORIENTED_EDGE('',*,*,#2989,.F.);
#4007=ORIENTED_EDGE('',*,*,#2990,.F.);
#4008=ORIENTED_EDGE('',*,*,#2991,.T.);
#4009=ORIENTED_EDGE('',*,*,#2989,.T.);
#4010=ORIENTED_EDGE('',*,*,#2991,.F.);
#4011=ORIENTED_EDGE('',*,*,#2992,.T.);
#4012=ORIENTED_EDGE('',*,*,#2993,.T.);
#4013=ORIENTED_EDGE('',*,*,#2994,.T.);
#4014=ORIENTED_EDGE('',*,*,#2983,.T.);
#4015=ORIENTED_EDGE('',*,*,#2993,.F.);
#4016=ORIENTED_EDGE('',*,*,#2995,.F.);
#4017=ORIENTED_EDGE('',*,*,#2996,.F.);
#4018=ORIENTED_EDGE('',*,*,#2997,.T.);
#4019=ORIENTED_EDGE('',*,*,#2998,.T.);
#4020=ORIENTED_EDGE('',*,*,#2999,.T.);
#4021=ORIENTED_EDGE('',*,*,#3000,.T.);
#4022=ORIENTED_EDGE('',*,*,#2979,.T.);
#4023=ORIENTED_EDGE('',*,*,#2999,.F.);
#4024=ORIENTED_EDGE('',*,*,#3001,.F.);
#4025=ORIENTED_EDGE('',*,*,#3002,.F.);
#4026=ORIENTED_EDGE('',*,*,#3003,.T.);
#4027=ORIENTED_EDGE('',*,*,#3004,.T.);
#4028=ORIENTED_EDGE('',*,*,#3005,.T.);
#4029=ORIENTED_EDGE('',*,*,#3006,.T.);
#4030=ORIENTED_EDGE('',*,*,#2981,.T.);
#4031=ORIENTED_EDGE('',*,*,#3005,.F.);
#4032=ORIENTED_EDGE('',*,*,#3007,.F.);
#4033=ORIENTED_EDGE('',*,*,#3008,.F.);
#4034=ORIENTED_EDGE('',*,*,#3009,.T.);
#4035=ORIENTED_EDGE('',*,*,#3010,.T.);
#4036=ORIENTED_EDGE('',*,*,#3011,.T.);
#4037=ORIENTED_EDGE('',*,*,#3012,.T.);
#4038=ORIENTED_EDGE('',*,*,#2977,.T.);
#4039=ORIENTED_EDGE('',*,*,#3011,.F.);
#4040=ORIENTED_EDGE('',*,*,#3013,.F.);
#4041=ORIENTED_EDGE('',*,*,#3014,.F.);
#4042=ORIENTED_EDGE('',*,*,#3015,.T.);
#4043=ORIENTED_EDGE('',*,*,#3016,.T.);
#4044=ORIENTED_EDGE('',*,*,#3017,.T.);
#4045=ORIENTED_EDGE('',*,*,#3018,.T.);
#4046=ORIENTED_EDGE('',*,*,#2973,.T.);
#4047=ORIENTED_EDGE('',*,*,#3017,.F.);
#4048=ORIENTED_EDGE('',*,*,#3019,.F.);
#4049=ORIENTED_EDGE('',*,*,#3020,.F.);
#4050=ORIENTED_EDGE('',*,*,#3021,.T.);
#4051=ORIENTED_EDGE('',*,*,#3022,.T.);
#4052=ORIENTED_EDGE('',*,*,#3023,.T.);
#4053=ORIENTED_EDGE('',*,*,#3024,.T.);
#4054=ORIENTED_EDGE('',*,*,#2975,.T.);
#4055=ORIENTED_EDGE('',*,*,#3023,.F.);
#4056=ORIENTED_EDGE('',*,*,#3025,.F.);
#4057=ORIENTED_EDGE('',*,*,#3026,.F.);
#4058=ORIENTED_EDGE('',*,*,#3027,.T.);
#4059=ORIENTED_EDGE('',*,*,#3028,.F.);
#4060=ORIENTED_EDGE('',*,*,#3007,.T.);
#4061=ORIENTED_EDGE('',*,*,#3004,.F.);
#4062=ORIENTED_EDGE('',*,*,#2980,.F.);
#4063=ORIENTED_EDGE('',*,*,#3000,.F.);
#4064=ORIENTED_EDGE('',*,*,#3003,.F.);
#4065=ORIENTED_EDGE('',*,*,#3029,.F.);
#4066=ORIENTED_EDGE('',*,*,#3001,.T.);
#4067=ORIENTED_EDGE('',*,*,#2998,.F.);
#4068=ORIENTED_EDGE('',*,*,#2978,.F.);
#4069=ORIENTED_EDGE('',*,*,#2994,.F.);
#4070=ORIENTED_EDGE('',*,*,#2997,.F.);
#4071=ORIENTED_EDGE('',*,*,#3030,.F.);
#4072=ORIENTED_EDGE('',*,*,#2995,.T.);
#4073=ORIENTED_EDGE('',*,*,#2992,.F.);
#4074=ORIENTED_EDGE('',*,*,#2982,.F.);
#4075=ORIENTED_EDGE('',*,*,#3006,.F.);
#4076=ORIENTED_EDGE('',*,*,#3009,.F.);
#4077=ORIENTED_EDGE('',*,*,#3031,.F.);
#4078=ORIENTED_EDGE('',*,*,#3025,.T.);
#4079=ORIENTED_EDGE('',*,*,#3022,.F.);
#4080=ORIENTED_EDGE('',*,*,#2974,.F.);
#4081=ORIENTED_EDGE('',*,*,#3018,.F.);
#4082=ORIENTED_EDGE('',*,*,#3021,.F.);
#4083=ORIENTED_EDGE('',*,*,#3032,.F.);
#4084=ORIENTED_EDGE('',*,*,#3013,.T.);
#4085=ORIENTED_EDGE('',*,*,#3010,.F.);
#4086=ORIENTED_EDGE('',*,*,#2976,.F.);
#4087=ORIENTED_EDGE('',*,*,#3024,.F.);
#4088=ORIENTED_EDGE('',*,*,#3027,.F.);
#4089=ORIENTED_EDGE('',*,*,#3033,.F.);
#4090=ORIENTED_EDGE('',*,*,#3019,.T.);
#4091=ORIENTED_EDGE('',*,*,#3016,.F.);
#4092=ORIENTED_EDGE('',*,*,#2972,.F.);
#4093=ORIENTED_EDGE('',*,*,#3012,.F.);
#4094=ORIENTED_EDGE('',*,*,#3015,.F.);
#4095=ORIENTED_EDGE('',*,*,#2950,.T.);
#4096=ORIENTED_EDGE('',*,*,#3034,.T.);
#4097=ORIENTED_EDGE('',*,*,#3035,.F.);
#4098=ORIENTED_EDGE('',*,*,#3034,.F.);
#4099=ORIENTED_EDGE('',*,*,#2909,.T.);
#4100=ORIENTED_EDGE('',*,*,#3036,.T.);
#4101=ORIENTED_EDGE('',*,*,#3037,.F.);
#4102=ORIENTED_EDGE('',*,*,#3036,.F.);
#4103=ORIENTED_EDGE('',*,*,#2951,.F.);
#4104=ORIENTED_EDGE('',*,*,#3038,.T.);
#4105=ORIENTED_EDGE('',*,*,#3039,.F.);
#4106=ORIENTED_EDGE('',*,*,#3038,.F.);
#4107=ORIENTED_EDGE('',*,*,#2905,.T.);
#4108=ORIENTED_EDGE('',*,*,#3040,.T.);
#4109=ORIENTED_EDGE('',*,*,#3041,.F.);
#4110=ORIENTED_EDGE('',*,*,#3040,.F.);
#4111=ORIENTED_EDGE('',*,*,#2971,.T.);
#4112=ORIENTED_EDGE('',*,*,#3042,.T.);
#4113=ORIENTED_EDGE('',*,*,#3043,.F.);
#4114=ORIENTED_EDGE('',*,*,#3042,.F.);
#4115=ORIENTED_EDGE('',*,*,#2936,.F.);
#4116=ORIENTED_EDGE('',*,*,#3044,.T.);
#4117=ORIENTED_EDGE('',*,*,#3045,.F.);
#4118=ORIENTED_EDGE('',*,*,#3046,.F.);
#4119=ORIENTED_EDGE('',*,*,#2935,.F.);
#4120=ORIENTED_EDGE('',*,*,#3047,.T.);
#4121=ORIENTED_EDGE('',*,*,#3048,.F.);
#4122=ORIENTED_EDGE('',*,*,#3044,.F.);
#4123=ORIENTED_EDGE('',*,*,#3048,.T.);
#4124=ORIENTED_EDGE('',*,*,#3049,.T.);
#4125=ORIENTED_EDGE('',*,*,#3050,.T.);
#4126=ORIENTED_EDGE('',*,*,#3051,.T.);
#4127=ORIENTED_EDGE('',*,*,#3052,.T.);
#4128=ORIENTED_EDGE('',*,*,#3053,.T.);
#4129=ORIENTED_EDGE('',*,*,#3054,.T.);
#4130=ORIENTED_EDGE('',*,*,#3055,.T.);
#4131=ORIENTED_EDGE('',*,*,#3056,.F.);
#4132=ORIENTED_EDGE('',*,*,#3057,.T.);
#4133=ORIENTED_EDGE('',*,*,#3045,.T.);
#4134=ORIENTED_EDGE('',*,*,#2990,.T.);
#4135=ORIENTED_EDGE('',*,*,#3030,.T.);
#4136=ORIENTED_EDGE('',*,*,#3008,.T.);
#4137=ORIENTED_EDGE('',*,*,#3028,.T.);
#4138=ORIENTED_EDGE('',*,*,#3002,.T.);
#4139=ORIENTED_EDGE('',*,*,#3029,.T.);
#4140=ORIENTED_EDGE('',*,*,#2996,.T.);
#4141=ORIENTED_EDGE('',*,*,#3020,.T.);
#4142=ORIENTED_EDGE('',*,*,#3033,.T.);
#4143=ORIENTED_EDGE('',*,*,#3014,.T.);
#4144=ORIENTED_EDGE('',*,*,#3032,.T.);
#4145=ORIENTED_EDGE('',*,*,#3026,.T.);
#4146=ORIENTED_EDGE('',*,*,#3031,.T.);
#4147=ORIENTED_EDGE('',*,*,#3058,.T.);
#4148=ORIENTED_EDGE('',*,*,#3059,.T.);
#4149=ORIENTED_EDGE('',*,*,#3060,.F.);
#4150=ORIENTED_EDGE('',*,*,#3061,.F.);
#4151=ORIENTED_EDGE('',*,*,#3062,.F.);
#4152=ORIENTED_EDGE('',*,*,#3063,.F.);
#4153=ORIENTED_EDGE('',*,*,#3064,.F.);
#4154=ORIENTED_EDGE('',*,*,#3065,.F.);
#4155=ORIENTED_EDGE('',*,*,#3066,.F.);
#4156=ORIENTED_EDGE('',*,*,#3067,.F.);
#4157=ORIENTED_EDGE('',*,*,#3068,.F.);
#4158=ORIENTED_EDGE('',*,*,#3069,.F.);
#4159=ORIENTED_EDGE('',*,*,#3070,.F.);
#4160=ORIENTED_EDGE('',*,*,#3071,.F.);
#4161=ORIENTED_EDGE('',*,*,#3072,.F.);
#4162=ORIENTED_EDGE('',*,*,#3073,.F.);
#4163=ORIENTED_EDGE('',*,*,#3074,.F.);
#4164=ORIENTED_EDGE('',*,*,#3075,.F.);
#4165=ORIENTED_EDGE('',*,*,#3076,.F.);
#4166=ORIENTED_EDGE('',*,*,#3077,.F.);
#4167=ORIENTED_EDGE('',*,*,#3035,.T.);
#4168=ORIENTED_EDGE('',*,*,#3041,.T.);
#4169=ORIENTED_EDGE('',*,*,#3039,.T.);
#4170=ORIENTED_EDGE('',*,*,#3037,.T.);
#4171=ORIENTED_EDGE('',*,*,#3043,.T.);
#4172=ORIENTED_EDGE('',*,*,#3078,.T.);
#4173=ORIENTED_EDGE('',*,*,#3056,.T.);
#4174=ORIENTED_EDGE('',*,*,#3079,.T.);
#4175=ORIENTED_EDGE('',*,*,#3080,.T.);
#4176=ORIENTED_EDGE('',*,*,#3080,.F.);
#4177=ORIENTED_EDGE('',*,*,#3081,.T.);
#4178=ORIENTED_EDGE('',*,*,#3082,.F.);
#4179=ORIENTED_EDGE('',*,*,#3083,.F.);
#4180=ORIENTED_EDGE('',*,*,#3079,.F.);
#4181=ORIENTED_EDGE('',*,*,#3055,.F.);
#4182=ORIENTED_EDGE('',*,*,#3084,.F.);
#4183=ORIENTED_EDGE('',*,*,#2939,.F.);
#4184=ORIENTED_EDGE('',*,*,#3085,.T.);
#4185=ORIENTED_EDGE('',*,*,#3086,.F.);
#4186=ORIENTED_EDGE('',*,*,#3087,.F.);
#4187=ORIENTED_EDGE('',*,*,#3081,.F.);
#4188=ORIENTED_EDGE('',*,*,#3088,.T.);
#4189=ORIENTED_EDGE('',*,*,#3089,.T.);
#4190=ORIENTED_EDGE('',*,*,#3090,.T.);
#4191=ORIENTED_EDGE('',*,*,#3091,.T.);
#4192=ORIENTED_EDGE('',*,*,#3092,.T.);
#4193=ORIENTED_EDGE('',*,*,#3082,.T.);
#4194=ORIENTED_EDGE('',*,*,#3087,.T.);
#4195=ORIENTED_EDGE('',*,*,#3093,.T.);
#4196=ORIENTED_EDGE('',*,*,#3088,.F.);
#4197=ORIENTED_EDGE('',*,*,#3094,.T.);
#4198=ORIENTED_EDGE('',*,*,#3095,.F.);
#4199=ORIENTED_EDGE('',*,*,#3096,.F.);
#4200=ORIENTED_EDGE('',*,*,#3091,.F.);
#4201=ORIENTED_EDGE('',*,*,#3097,.T.);
#4202=ORIENTED_EDGE('',*,*,#3098,.F.);
#4203=ORIENTED_EDGE('',*,*,#3094,.F.);
#4204=ORIENTED_EDGE('',*,*,#3090,.F.);
#4205=ORIENTED_EDGE('',*,*,#3099,.T.);
#4206=ORIENTED_EDGE('',*,*,#3100,.F.);
#4207=ORIENTED_EDGE('',*,*,#3097,.F.);
#4208=ORIENTED_EDGE('',*,*,#3089,.F.);
#4209=ORIENTED_EDGE('',*,*,#3096,.T.);
#4210=ORIENTED_EDGE('',*,*,#3101,.F.);
#4211=ORIENTED_EDGE('',*,*,#3099,.F.);
#4212=ORIENTED_EDGE('',*,*,#3085,.F.);
#4213=ORIENTED_EDGE('',*,*,#2938,.F.);
#4214=ORIENTED_EDGE('',*,*,#3102,.F.);
#4215=ORIENTED_EDGE('',*,*,#3103,.F.);
#4216=ORIENTED_EDGE('',*,*,#3093,.F.);
#4217=ORIENTED_EDGE('',*,*,#3086,.T.);
#4218=ORIENTED_EDGE('',*,*,#3103,.T.);
#4219=ORIENTED_EDGE('',*,*,#3104,.F.);
#4220=ORIENTED_EDGE('',*,*,#2940,.F.);
#4221=ORIENTED_EDGE('',*,*,#3084,.T.);
#4222=ORIENTED_EDGE('',*,*,#3054,.F.);
#4223=ORIENTED_EDGE('',*,*,#3105,.T.);
#4224=ORIENTED_EDGE('',*,*,#3078,.F.);
#4225=ORIENTED_EDGE('',*,*,#3083,.T.);
#4226=ORIENTED_EDGE('',*,*,#3092,.F.);
#4227=ORIENTED_EDGE('',*,*,#3104,.T.);
#4228=ORIENTED_EDGE('',*,*,#3102,.T.);
#4229=ORIENTED_EDGE('',*,*,#2937,.F.);
#4230=ORIENTED_EDGE('',*,*,#3046,.T.);
#4231=ORIENTED_EDGE('',*,*,#3057,.F.);
#4232=ORIENTED_EDGE('',*,*,#3095,.T.);
#4233=ORIENTED_EDGE('',*,*,#3098,.T.);
#4234=ORIENTED_EDGE('',*,*,#3100,.T.);
#4235=ORIENTED_EDGE('',*,*,#3101,.T.);
#4236=ORIENTED_EDGE('',*,*,#3106,.F.);
#4237=ORIENTED_EDGE('',*,*,#3107,.T.);
#4238=ORIENTED_EDGE('',*,*,#2967,.F.);
#4239=ORIENTED_EDGE('',*,*,#3108,.F.);
#4240=ORIENTED_EDGE('',*,*,#3109,.F.);
#4241=ORIENTED_EDGE('',*,*,#3110,.T.);
#4242=ORIENTED_EDGE('',*,*,#2968,.F.);
#4243=ORIENTED_EDGE('',*,*,#3107,.F.);
#4244=ORIENTED_EDGE('',*,*,#3111,.F.);
#4245=ORIENTED_EDGE('',*,*,#3112,.T.);
#4246=ORIENTED_EDGE('',*,*,#2969,.F.);
#4247=ORIENTED_EDGE('',*,*,#3110,.F.);
#4248=ORIENTED_EDGE('',*,*,#3113,.F.);
#4249=ORIENTED_EDGE('',*,*,#3108,.T.);
#4250=ORIENTED_EDGE('',*,*,#2970,.F.);
#4251=ORIENTED_EDGE('',*,*,#3112,.F.);
#4252=ORIENTED_EDGE('',*,*,#2964,.T.);
#4253=ORIENTED_EDGE('',*,*,#3114,.T.);
#4254=ORIENTED_EDGE('',*,*,#3115,.T.);
#4255=ORIENTED_EDGE('',*,*,#3116,.F.);
#4256=ORIENTED_EDGE('',*,*,#2963,.T.);
#4257=ORIENTED_EDGE('',*,*,#3117,.T.);
#4258=ORIENTED_EDGE('',*,*,#3118,.T.);
#4259=ORIENTED_EDGE('',*,*,#3114,.F.);
#4260=ORIENTED_EDGE('',*,*,#2961,.T.);
#4261=ORIENTED_EDGE('',*,*,#3119,.T.);
#4262=ORIENTED_EDGE('',*,*,#3120,.T.);
#4263=ORIENTED_EDGE('',*,*,#3121,.T.);
#4264=ORIENTED_EDGE('',*,*,#3122,.T.);
#4265=ORIENTED_EDGE('',*,*,#3119,.F.);
#4266=ORIENTED_EDGE('',*,*,#2966,.T.);
#4267=ORIENTED_EDGE('',*,*,#3123,.T.);
#4268=ORIENTED_EDGE('',*,*,#2962,.T.);
#4269=ORIENTED_EDGE('',*,*,#3121,.F.);
#4270=ORIENTED_EDGE('',*,*,#3124,.T.);
#4271=ORIENTED_EDGE('',*,*,#3117,.F.);
#4272=ORIENTED_EDGE('',*,*,#3125,.T.);
#4273=ORIENTED_EDGE('',*,*,#3123,.F.);
#4274=ORIENTED_EDGE('',*,*,#2965,.T.);
#4275=ORIENTED_EDGE('',*,*,#3116,.T.);
#4276=ORIENTED_EDGE('',*,*,#3118,.F.);
#4277=ORIENTED_EDGE('',*,*,#3126,.T.);
#4278=ORIENTED_EDGE('',*,*,#3127,.T.);
#4279=ORIENTED_EDGE('',*,*,#3128,.F.);
#4280=ORIENTED_EDGE('',*,*,#3124,.F.);
#4281=ORIENTED_EDGE('',*,*,#3129,.T.);
#4282=ORIENTED_EDGE('',*,*,#3130,.T.);
#4283=ORIENTED_EDGE('',*,*,#3126,.F.);
#4284=ORIENTED_EDGE('',*,*,#3120,.F.);
#4285=ORIENTED_EDGE('',*,*,#3131,.T.);
#4286=ORIENTED_EDGE('',*,*,#3132,.T.);
#4287=ORIENTED_EDGE('',*,*,#3129,.F.);
#4288=ORIENTED_EDGE('',*,*,#2955,.T.);
#4289=ORIENTED_EDGE('',*,*,#3133,.T.);
#4290=ORIENTED_EDGE('',*,*,#3134,.T.);
#4291=ORIENTED_EDGE('',*,*,#3135,.F.);
#4292=ORIENTED_EDGE('',*,*,#2954,.T.);
#4293=ORIENTED_EDGE('',*,*,#3136,.T.);
#4294=ORIENTED_EDGE('',*,*,#3137,.T.);
#4295=ORIENTED_EDGE('',*,*,#3133,.F.);
#4296=ORIENTED_EDGE('',*,*,#2952,.T.);
#4297=ORIENTED_EDGE('',*,*,#3138,.T.);
#4298=ORIENTED_EDGE('',*,*,#3139,.T.);
#4299=ORIENTED_EDGE('',*,*,#3140,.T.);
#4300=ORIENTED_EDGE('',*,*,#3141,.T.);
#4301=ORIENTED_EDGE('',*,*,#3138,.F.);
#4302=ORIENTED_EDGE('',*,*,#2957,.T.);
#4303=ORIENTED_EDGE('',*,*,#3142,.T.);
#4304=ORIENTED_EDGE('',*,*,#2953,.T.);
#4305=ORIENTED_EDGE('',*,*,#3140,.F.);
#4306=ORIENTED_EDGE('',*,*,#3143,.T.);
#4307=ORIENTED_EDGE('',*,*,#3136,.F.);
#4308=ORIENTED_EDGE('',*,*,#3144,.T.);
#4309=ORIENTED_EDGE('',*,*,#3142,.F.);
#4310=ORIENTED_EDGE('',*,*,#2956,.T.);
#4311=ORIENTED_EDGE('',*,*,#3135,.T.);
#4312=ORIENTED_EDGE('',*,*,#3137,.F.);
#4313=ORIENTED_EDGE('',*,*,#3145,.T.);
#4314=ORIENTED_EDGE('',*,*,#3146,.T.);
#4315=ORIENTED_EDGE('',*,*,#3147,.F.);
#4316=ORIENTED_EDGE('',*,*,#3143,.F.);
#4317=ORIENTED_EDGE('',*,*,#3148,.T.);
#4318=ORIENTED_EDGE('',*,*,#3149,.T.);
#4319=ORIENTED_EDGE('',*,*,#3145,.F.);
#4320=ORIENTED_EDGE('',*,*,#3139,.F.);
#4321=ORIENTED_EDGE('',*,*,#3150,.T.);
#4322=ORIENTED_EDGE('',*,*,#3151,.T.);
#4323=ORIENTED_EDGE('',*,*,#3148,.F.);
#4324=ORIENTED_EDGE('',*,*,#3141,.F.);
#4325=ORIENTED_EDGE('',*,*,#3152,.T.);
#4326=ORIENTED_EDGE('',*,*,#3153,.T.);
#4327=ORIENTED_EDGE('',*,*,#3150,.F.);
#4328=ORIENTED_EDGE('',*,*,#3144,.F.);
#4329=ORIENTED_EDGE('',*,*,#3154,.T.);
#4330=ORIENTED_EDGE('',*,*,#3155,.T.);
#4331=ORIENTED_EDGE('',*,*,#3152,.F.);
#4332=ORIENTED_EDGE('',*,*,#3134,.F.);
#4333=ORIENTED_EDGE('',*,*,#3147,.T.);
#4334=ORIENTED_EDGE('',*,*,#3156,.T.);
#4335=ORIENTED_EDGE('',*,*,#3154,.F.);
#4336=ORIENTED_EDGE('',*,*,#3149,.F.);
#4337=ORIENTED_EDGE('',*,*,#3151,.F.);
#4338=ORIENTED_EDGE('',*,*,#3153,.F.);
#4339=ORIENTED_EDGE('',*,*,#3155,.F.);
#4340=ORIENTED_EDGE('',*,*,#3156,.F.);
#4341=ORIENTED_EDGE('',*,*,#3146,.F.);
#4342=ORIENTED_EDGE('',*,*,#3157,.F.);
#4343=ORIENTED_EDGE('',*,*,#3122,.F.);
#4344=ORIENTED_EDGE('',*,*,#3158,.T.);
#4345=ORIENTED_EDGE('',*,*,#3159,.T.);
#4346=ORIENTED_EDGE('',*,*,#3131,.F.);
#4347=ORIENTED_EDGE('',*,*,#3125,.F.);
#4348=ORIENTED_EDGE('',*,*,#3160,.T.);
#4349=ORIENTED_EDGE('',*,*,#3161,.T.);
#4350=ORIENTED_EDGE('',*,*,#3158,.F.);
#4351=ORIENTED_EDGE('',*,*,#3115,.F.);
#4352=ORIENTED_EDGE('',*,*,#3128,.T.);
#4353=ORIENTED_EDGE('',*,*,#3162,.T.);
#4354=ORIENTED_EDGE('',*,*,#3160,.F.);
#4355=ORIENTED_EDGE('',*,*,#3130,.F.);
#4356=ORIENTED_EDGE('',*,*,#3132,.F.);
#4357=ORIENTED_EDGE('',*,*,#3159,.F.);
#4358=ORIENTED_EDGE('',*,*,#3161,.F.);
#4359=ORIENTED_EDGE('',*,*,#3162,.F.);
#4360=ORIENTED_EDGE('',*,*,#3127,.F.);
#4361=ORIENTED_EDGE('',*,*,#3163,.F.);
#4362=ORIENTED_EDGE('',*,*,#3058,.F.);
#4363=ORIENTED_EDGE('',*,*,#3164,.T.);
#4364=ORIENTED_EDGE('',*,*,#3163,.T.);
#4365=ORIENTED_EDGE('',*,*,#3164,.F.);
#4366=ORIENTED_EDGE('',*,*,#3059,.F.);
#4367=ORIENTED_EDGE('',*,*,#3165,.T.);
#4368=ORIENTED_EDGE('',*,*,#3157,.T.);
#4369=ORIENTED_EDGE('',*,*,#3165,.F.);
#4370=ORIENTED_EDGE('',*,*,#2949,.F.);
#4371=ORIENTED_EDGE('',*,*,#3166,.T.);
#4372=ORIENTED_EDGE('',*,*,#3049,.F.);
#4373=ORIENTED_EDGE('',*,*,#3047,.F.);
#4374=ORIENTED_EDGE('',*,*,#3106,.T.);
#4375=ORIENTED_EDGE('',*,*,#3113,.T.);
#4376=ORIENTED_EDGE('',*,*,#3111,.T.);
#4377=ORIENTED_EDGE('',*,*,#3109,.T.);
#4378=ORIENTED_EDGE('',*,*,#2948,.F.);
#4379=ORIENTED_EDGE('',*,*,#3167,.T.);
#4380=ORIENTED_EDGE('',*,*,#3050,.F.);
#4381=ORIENTED_EDGE('',*,*,#3166,.F.);
#4382=ORIENTED_EDGE('',*,*,#2942,.T.);
#4383=ORIENTED_EDGE('',*,*,#3168,.T.);
#4384=ORIENTED_EDGE('',*,*,#3052,.F.);
#4385=ORIENTED_EDGE('',*,*,#3169,.F.);
#4386=ORIENTED_EDGE('',*,*,#3064,.T.);
#4387=ORIENTED_EDGE('',*,*,#3170,.T.);
#4388=ORIENTED_EDGE('',*,*,#3171,.T.);
#4389=ORIENTED_EDGE('',*,*,#3172,.F.);
#4390=ORIENTED_EDGE('',*,*,#3063,.T.);
#4391=ORIENTED_EDGE('',*,*,#3173,.T.);
#4392=ORIENTED_EDGE('',*,*,#3174,.T.);
#4393=ORIENTED_EDGE('',*,*,#3170,.F.);
#4394=ORIENTED_EDGE('',*,*,#3062,.T.);
#4395=ORIENTED_EDGE('',*,*,#3175,.T.);
#4396=ORIENTED_EDGE('',*,*,#3176,.T.);
#4397=ORIENTED_EDGE('',*,*,#3173,.F.);
#4398=ORIENTED_EDGE('',*,*,#3177,.T.);
#4399=ORIENTED_EDGE('',*,*,#3178,.T.);
#4400=ORIENTED_EDGE('',*,*,#3060,.T.);
#4401=ORIENTED_EDGE('',*,*,#3179,.T.);
#4402=ORIENTED_EDGE('',*,*,#3061,.T.);
#4403=ORIENTED_EDGE('',*,*,#3178,.F.);
#4404=ORIENTED_EDGE('',*,*,#3180,.T.);
#4405=ORIENTED_EDGE('',*,*,#3175,.F.);
#4406=ORIENTED_EDGE('',*,*,#3181,.T.);
#4407=ORIENTED_EDGE('',*,*,#3179,.F.);
#4408=ORIENTED_EDGE('',*,*,#3065,.T.);
#4409=ORIENTED_EDGE('',*,*,#3172,.T.);
#4410=ORIENTED_EDGE('',*,*,#3176,.F.);
#4411=ORIENTED_EDGE('',*,*,#3182,.T.);
#4412=ORIENTED_EDGE('',*,*,#3183,.T.);
#4413=ORIENTED_EDGE('',*,*,#3184,.F.);
#4414=ORIENTED_EDGE('',*,*,#3180,.F.);
#4415=ORIENTED_EDGE('',*,*,#3185,.T.);
#4416=ORIENTED_EDGE('',*,*,#3186,.T.);
#4417=ORIENTED_EDGE('',*,*,#3182,.F.);
#4418=ORIENTED_EDGE('',*,*,#3177,.F.);
#4419=ORIENTED_EDGE('',*,*,#3187,.T.);
#4420=ORIENTED_EDGE('',*,*,#3188,.T.);
#4421=ORIENTED_EDGE('',*,*,#3185,.F.);
#4422=ORIENTED_EDGE('',*,*,#3181,.F.);
#4423=ORIENTED_EDGE('',*,*,#3189,.T.);
#4424=ORIENTED_EDGE('',*,*,#3190,.T.);
#4425=ORIENTED_EDGE('',*,*,#3187,.F.);
#4426=ORIENTED_EDGE('',*,*,#3171,.F.);
#4427=ORIENTED_EDGE('',*,*,#3191,.T.);
#4428=ORIENTED_EDGE('',*,*,#3192,.T.);
#4429=ORIENTED_EDGE('',*,*,#3189,.F.);
#4430=ORIENTED_EDGE('',*,*,#3174,.F.);
#4431=ORIENTED_EDGE('',*,*,#3184,.T.);
#4432=ORIENTED_EDGE('',*,*,#3193,.T.);
#4433=ORIENTED_EDGE('',*,*,#3191,.F.);
#4434=ORIENTED_EDGE('',*,*,#3186,.F.);
#4435=ORIENTED_EDGE('',*,*,#3188,.F.);
#4436=ORIENTED_EDGE('',*,*,#3190,.F.);
#4437=ORIENTED_EDGE('',*,*,#3192,.F.);
#4438=ORIENTED_EDGE('',*,*,#3193,.F.);
#4439=ORIENTED_EDGE('',*,*,#3183,.F.);
#4440=ORIENTED_EDGE('',*,*,#3194,.F.);
#4441=ORIENTED_EDGE('',*,*,#3194,.T.);
#4442=ORIENTED_EDGE('',*,*,#3195,.T.);
#4443=ORIENTED_EDGE('',*,*,#2960,.F.);
#4444=ORIENTED_EDGE('',*,*,#3195,.F.);
#4445=ORIENTED_EDGE('',*,*,#3196,.F.);
#4446=ORIENTED_EDGE('',*,*,#3197,.F.);
#4447=ORIENTED_EDGE('',*,*,#3198,.F.);
#4448=ORIENTED_EDGE('',*,*,#2943,.T.);
#4449=ORIENTED_EDGE('',*,*,#3169,.T.);
#4450=ORIENTED_EDGE('',*,*,#3051,.F.);
#4451=ORIENTED_EDGE('',*,*,#3167,.F.);
#4452=ORIENTED_EDGE('',*,*,#2947,.F.);
#4453=ORIENTED_EDGE('',*,*,#3199,.T.);
#4454=ORIENTED_EDGE('',*,*,#3197,.T.);
#4455=ORIENTED_EDGE('',*,*,#3200,.F.);
#4456=ORIENTED_EDGE('',*,*,#3201,.F.);
#4457=ORIENTED_EDGE('',*,*,#3202,.F.);
#4458=ORIENTED_EDGE('',*,*,#3201,.T.);
#4459=ORIENTED_EDGE('',*,*,#3203,.F.);
#4460=ORIENTED_EDGE('',*,*,#3204,.F.);
#4461=ORIENTED_EDGE('',*,*,#3205,.F.);
#4462=ORIENTED_EDGE('',*,*,#3204,.T.);
#4463=ORIENTED_EDGE('',*,*,#3206,.F.);
#4464=ORIENTED_EDGE('',*,*,#3207,.F.);
#4465=ORIENTED_EDGE('',*,*,#3208,.F.);
#4466=ORIENTED_EDGE('',*,*,#3207,.T.);
#4467=ORIENTED_EDGE('',*,*,#3209,.F.);
#4468=ORIENTED_EDGE('',*,*,#3210,.F.);
#4469=ORIENTED_EDGE('',*,*,#2945,.F.);
#4470=ORIENTED_EDGE('',*,*,#3211,.T.);
#4471=ORIENTED_EDGE('',*,*,#3210,.T.);
#4472=ORIENTED_EDGE('',*,*,#3212,.F.);
#4473=ORIENTED_EDGE('',*,*,#2944,.T.);
#4474=ORIENTED_EDGE('',*,*,#3198,.T.);
#4475=ORIENTED_EDGE('',*,*,#3199,.F.);
#4476=ORIENTED_EDGE('',*,*,#3202,.T.);
#4477=ORIENTED_EDGE('',*,*,#3205,.T.);
#4478=ORIENTED_EDGE('',*,*,#3208,.T.);
#4479=ORIENTED_EDGE('',*,*,#3211,.F.);
#4480=ORIENTED_EDGE('',*,*,#2946,.T.);
#4481=ORIENTED_EDGE('',*,*,#3212,.T.);
#4482=ORIENTED_EDGE('',*,*,#3209,.T.);
#4483=ORIENTED_EDGE('',*,*,#3206,.T.);
#4484=ORIENTED_EDGE('',*,*,#3203,.T.);
#4485=ORIENTED_EDGE('',*,*,#3200,.T.);
#4486=ORIENTED_EDGE('',*,*,#3196,.T.);
#4487=ORIENTED_EDGE('',*,*,#3072,.T.);
#4488=ORIENTED_EDGE('',*,*,#3213,.T.);
#4489=ORIENTED_EDGE('',*,*,#3214,.T.);
#4490=ORIENTED_EDGE('',*,*,#3215,.F.);
#4491=ORIENTED_EDGE('',*,*,#3077,.T.);
#4492=ORIENTED_EDGE('',*,*,#3216,.T.);
#4493=ORIENTED_EDGE('',*,*,#3217,.T.);
#4494=ORIENTED_EDGE('',*,*,#3213,.F.);
#4495=ORIENTED_EDGE('',*,*,#3218,.T.);
#4496=ORIENTED_EDGE('',*,*,#3219,.T.);
#4497=ORIENTED_EDGE('',*,*,#3073,.T.);
#4498=ORIENTED_EDGE('',*,*,#3215,.T.);
#4499=ORIENTED_EDGE('',*,*,#3076,.T.);
#4500=ORIENTED_EDGE('',*,*,#3220,.T.);
#4501=ORIENTED_EDGE('',*,*,#3221,.T.);
#4502=ORIENTED_EDGE('',*,*,#3216,.F.);
#4503=ORIENTED_EDGE('',*,*,#3075,.T.);
#4504=ORIENTED_EDGE('',*,*,#3222,.T.);
#4505=ORIENTED_EDGE('',*,*,#3223,.T.);
#4506=ORIENTED_EDGE('',*,*,#3220,.F.);
#4507=ORIENTED_EDGE('',*,*,#3224,.T.);
#4508=ORIENTED_EDGE('',*,*,#3222,.F.);
#4509=ORIENTED_EDGE('',*,*,#3074,.T.);
#4510=ORIENTED_EDGE('',*,*,#3219,.F.);
#4511=ORIENTED_EDGE('',*,*,#3224,.F.);
#4512=ORIENTED_EDGE('',*,*,#3225,.T.);
#4513=ORIENTED_EDGE('',*,*,#3226,.T.);
#4514=ORIENTED_EDGE('',*,*,#3227,.F.);
#4515=ORIENTED_EDGE('',*,*,#3218,.F.);
#4516=ORIENTED_EDGE('',*,*,#3228,.T.);
#4517=ORIENTED_EDGE('',*,*,#3229,.T.);
#4518=ORIENTED_EDGE('',*,*,#3225,.F.);
#4519=ORIENTED_EDGE('',*,*,#3214,.F.);
#4520=ORIENTED_EDGE('',*,*,#3230,.T.);
#4521=ORIENTED_EDGE('',*,*,#3231,.T.);
#4522=ORIENTED_EDGE('',*,*,#3228,.F.);
#4523=ORIENTED_EDGE('',*,*,#3068,.T.);
#4524=ORIENTED_EDGE('',*,*,#3232,.T.);
#4525=ORIENTED_EDGE('',*,*,#3233,.T.);
#4526=ORIENTED_EDGE('',*,*,#3234,.F.);
#4527=ORIENTED_EDGE('',*,*,#3066,.T.);
#4528=ORIENTED_EDGE('',*,*,#3235,.T.);
#4529=ORIENTED_EDGE('',*,*,#3236,.T.);
#4530=ORIENTED_EDGE('',*,*,#3237,.T.);
#4531=ORIENTED_EDGE('',*,*,#3071,.T.);
#4532=ORIENTED_EDGE('',*,*,#3238,.T.);
#4533=ORIENTED_EDGE('',*,*,#3239,.T.);
#4534=ORIENTED_EDGE('',*,*,#3235,.F.);
#4535=ORIENTED_EDGE('',*,*,#3240,.T.);
#4536=ORIENTED_EDGE('',*,*,#3238,.F.);
#4537=ORIENTED_EDGE('',*,*,#3070,.T.);
#4538=ORIENTED_EDGE('',*,*,#3241,.T.);
#4539=ORIENTED_EDGE('',*,*,#3242,.T.);
#4540=ORIENTED_EDGE('',*,*,#3241,.F.);
#4541=ORIENTED_EDGE('',*,*,#3069,.T.);
#4542=ORIENTED_EDGE('',*,*,#3234,.T.);
#4543=ORIENTED_EDGE('',*,*,#3067,.T.);
#4544=ORIENTED_EDGE('',*,*,#3237,.F.);
#4545=ORIENTED_EDGE('',*,*,#3243,.T.);
#4546=ORIENTED_EDGE('',*,*,#3232,.F.);
#4547=ORIENTED_EDGE('',*,*,#3233,.F.);
#4548=ORIENTED_EDGE('',*,*,#3244,.T.);
#4549=ORIENTED_EDGE('',*,*,#3245,.T.);
#4550=ORIENTED_EDGE('',*,*,#3246,.F.);
#4551=ORIENTED_EDGE('',*,*,#3243,.F.);
#4552=ORIENTED_EDGE('',*,*,#3247,.T.);
#4553=ORIENTED_EDGE('',*,*,#3248,.T.);
#4554=ORIENTED_EDGE('',*,*,#3244,.F.);
#4555=ORIENTED_EDGE('',*,*,#3236,.F.);
#4556=ORIENTED_EDGE('',*,*,#3249,.T.);
#4557=ORIENTED_EDGE('',*,*,#3250,.T.);
#4558=ORIENTED_EDGE('',*,*,#3247,.F.);
#4559=ORIENTED_EDGE('',*,*,#3239,.F.);
#4560=ORIENTED_EDGE('',*,*,#3251,.T.);
#4561=ORIENTED_EDGE('',*,*,#3252,.T.);
#4562=ORIENTED_EDGE('',*,*,#3249,.F.);
#4563=ORIENTED_EDGE('',*,*,#3240,.F.);
#4564=ORIENTED_EDGE('',*,*,#3253,.T.);
#4565=ORIENTED_EDGE('',*,*,#3254,.T.);
#4566=ORIENTED_EDGE('',*,*,#3251,.F.);
#4567=ORIENTED_EDGE('',*,*,#3242,.F.);
#4568=ORIENTED_EDGE('',*,*,#3246,.T.);
#4569=ORIENTED_EDGE('',*,*,#3255,.T.);
#4570=ORIENTED_EDGE('',*,*,#3253,.F.);
#4571=ORIENTED_EDGE('',*,*,#3248,.F.);
#4572=ORIENTED_EDGE('',*,*,#3250,.F.);
#4573=ORIENTED_EDGE('',*,*,#3252,.F.);
#4574=ORIENTED_EDGE('',*,*,#3254,.F.);
#4575=ORIENTED_EDGE('',*,*,#3255,.F.);
#4576=ORIENTED_EDGE('',*,*,#3245,.F.);
#4577=ORIENTED_EDGE('',*,*,#3256,.F.);
#4578=ORIENTED_EDGE('',*,*,#3217,.F.);
#4579=ORIENTED_EDGE('',*,*,#3257,.T.);
#4580=ORIENTED_EDGE('',*,*,#3258,.T.);
#4581=ORIENTED_EDGE('',*,*,#3230,.F.);
#4582=ORIENTED_EDGE('',*,*,#3221,.F.);
#4583=ORIENTED_EDGE('',*,*,#3259,.T.);
#4584=ORIENTED_EDGE('',*,*,#3260,.T.);
#4585=ORIENTED_EDGE('',*,*,#3257,.F.);
#4586=ORIENTED_EDGE('',*,*,#3223,.F.);
#4587=ORIENTED_EDGE('',*,*,#3227,.T.);
#4588=ORIENTED_EDGE('',*,*,#3261,.T.);
#4589=ORIENTED_EDGE('',*,*,#3259,.F.);
#4590=ORIENTED_EDGE('',*,*,#3226,.F.);
#4591=ORIENTED_EDGE('',*,*,#3229,.F.);
#4592=ORIENTED_EDGE('',*,*,#3231,.F.);
#4593=ORIENTED_EDGE('',*,*,#3258,.F.);
#4594=ORIENTED_EDGE('',*,*,#3260,.F.);
#4595=ORIENTED_EDGE('',*,*,#3261,.F.);
#4596=ORIENTED_EDGE('',*,*,#3262,.F.);
#4597=ORIENTED_EDGE('',*,*,#2958,.T.);
#4598=ORIENTED_EDGE('',*,*,#3263,.T.);
#4599=ORIENTED_EDGE('',*,*,#3256,.T.);
#4600=ORIENTED_EDGE('',*,*,#3263,.F.);
#4601=ORIENTED_EDGE('',*,*,#2959,.T.);
#4602=ORIENTED_EDGE('',*,*,#3264,.T.);
#4603=ORIENTED_EDGE('',*,*,#3262,.T.);
#4604=ORIENTED_EDGE('',*,*,#3264,.F.);
#4605=ORIENTED_EDGE('',*,*,#2941,.T.);
#4606=ORIENTED_EDGE('',*,*,#3105,.F.);
#4607=ORIENTED_EDGE('',*,*,#3053,.F.);
#4608=ORIENTED_EDGE('',*,*,#3168,.F.);
#4609=CYLINDRICAL_SURFACE('',#5046,2.65);
#4610=CYLINDRICAL_SURFACE('',#5051,2.65);
#4611=CYLINDRICAL_SURFACE('',#5056,3.);
#4612=CYLINDRICAL_SURFACE('',#5063,3.);
#4613=CYLINDRICAL_SURFACE('',#5069,1.);
#4614=CYLINDRICAL_SURFACE('',#5070,2.5);
#4615=CYLINDRICAL_SURFACE('',#5095,3.);
#4616=CYLINDRICAL_SURFACE('',#5098,3.);
#4617=CYLINDRICAL_SURFACE('',#5104,1.);
#4618=CYLINDRICAL_SURFACE('',#5113,2.5);
#4619=CYLINDRICAL_SURFACE('',#5121,1.2295);
#4620=CYLINDRICAL_SURFACE('',#5127,1.2295);
#4621=CYLINDRICAL_SURFACE('',#5128,2.635);
#4622=CYLINDRICAL_SURFACE('',#5131,2.635);
#4623=CYLINDRICAL_SURFACE('',#5134,1.2295);
#4624=CYLINDRICAL_SURFACE('',#5135,1.2295);
#4625=CYLINDRICAL_SURFACE('',#5136,10.);
#4626=CYLINDRICAL_SURFACE('',#5137,10.);
#4627=CYLINDRICAL_SURFACE('',#5138,2.53);
#4628=CYLINDRICAL_SURFACE('',#5139,2.53);
#4629=CYLINDRICAL_SURFACE('',#5140,3.6);
#4630=CYLINDRICAL_SURFACE('',#5141,12.);
#4631=CYLINDRICAL_SURFACE('',#5150,2.45);
#4632=CYLINDRICAL_SURFACE('',#5154,3.52);
#4633=CYLINDRICAL_SURFACE('',#5158,3.52);
#4634=CYLINDRICAL_SURFACE('',#5212,2.4);
#4635=CYLINDRICAL_SURFACE('',#5222,2.6);
#4636=CYLINDRICAL_SURFACE('',#5230,4.);
#4637=CYLINDRICAL_SURFACE('',#5232,4.27);
#4638=CYLINDRICAL_SURFACE('',#5237,7.8);
#4639=CYLINDRICAL_SURFACE('',#5240,8.);
#4640=CYLINDRICAL_SURFACE('',#5246,4.27);
#4641=CYLINDRICAL_SURFACE('',#5251,7.8);
#4642=CYLINDRICAL_SURFACE('',#5254,8.);
#4643=CYLINDRICAL_SURFACE('',#5260,2.48);
#4644=CYLINDRICAL_SURFACE('',#5264,12.04);
#4645=CYLINDRICAL_SURFACE('',#5274,2.067);
#4646=CYLINDRICAL_SURFACE('',#5326,3.);
#4647=CYLINDRICAL_SURFACE('',#5331,3.);
#4648=CYLINDRICAL_SURFACE('',#5370,1.7);
#4649=CYLINDRICAL_SURFACE('',#5374,0.749999999999997);
#4650=CYLINDRICAL_SURFACE('',#5378,0.75);
#4651=CYLINDRICAL_SURFACE('',#5382,0.749999999999997);
#4652=CYLINDRICAL_SURFACE('',#5386,0.750000000000002);
#4653=CYLINDRICAL_SURFACE('',#5390,0.750000000000002);
#4654=CYLINDRICAL_SURFACE('',#5394,0.750000000000002);
#4655=CYLINDRICAL_SURFACE('',#5396,1.6);
#4656=CYLINDRICAL_SURFACE('',#5398,1.6);
#4657=CYLINDRICAL_SURFACE('',#5400,1.6);
#4658=CYLINDRICAL_SURFACE('',#5402,1.6);
#4659=CYLINDRICAL_SURFACE('',#5404,1.6);
#4660=CYLINDRICAL_SURFACE('',#5406,1.6);
#4661=CYLINDRICAL_SURFACE('',#5408,2.785);
#4662=CYLINDRICAL_SURFACE('',#5410,1.7);
#4663=CYLINDRICAL_SURFACE('',#5412,2.785);
#4664=CYLINDRICAL_SURFACE('',#5414,1.7);
#4665=CYLINDRICAL_SURFACE('',#5416,5.);
#4666=CYLINDRICAL_SURFACE('',#5418,5.);
#4667=CYLINDRICAL_SURFACE('',#5436,4.);
#4668=CYLINDRICAL_SURFACE('',#5441,2.);
#4669=CYLINDRICAL_SURFACE('',#5472,1.7);
#4670=CYLINDRICAL_SURFACE('',#5473,1.7);
#4671=CYLINDRICAL_SURFACE('',#5491,1.7);
#4672=CYLINDRICAL_SURFACE('',#5528,1.7);
#4673=CYLINDRICAL_SURFACE('',#5529,1.7);
#4674=ADVANCED_FACE('',(#452),#4609,.T.);
#4675=ADVANCED_FACE('',(#453,#202),#273,.T.);
#4676=ADVANCED_FACE('',(#454),#4610,.T.);
#4677=ADVANCED_FACE('',(#455,#203),#274,.T.);
#4678=ADVANCED_FACE('',(#456),#4611,.T.);
#4679=ADVANCED_FACE('',(#457),#275,.F.);
#4680=ADVANCED_FACE('',(#458),#276,.F.);
#4681=ADVANCED_FACE('',(#459),#4612,.T.);
#4682=ADVANCED_FACE('',(#460),#277,.T.);
#4683=ADVANCED_FACE('',(#461),#278,.T.);
#4684=ADVANCED_FACE('',(#462),#4613,.F.);
#4685=ADVANCED_FACE('',(#463),#4614,.T.);
#4686=ADVANCED_FACE('',(#464,#204,#205,#206,#207,#208,#209,#210),#279,.T.);
#4687=ADVANCED_FACE('',(#465),#280,.T.);
#4688=ADVANCED_FACE('',(#466),#281,.T.);
#4689=ADVANCED_FACE('',(#467),#282,.T.);
#4690=ADVANCED_FACE('',(#468),#283,.F.);
#4691=ADVANCED_FACE('',(#469),#284,.F.);
#4692=ADVANCED_FACE('',(#470),#285,.F.);
#4693=ADVANCED_FACE('',(#471),#286,.F.);
#4694=ADVANCED_FACE('',(#472),#287,.F.);
#4695=ADVANCED_FACE('',(#473),#288,.T.);
#4696=ADVANCED_FACE('',(#474),#289,.T.);
#4697=ADVANCED_FACE('',(#475),#4615,.T.);
#4698=ADVANCED_FACE('',(#476),#290,.T.);
#4699=ADVANCED_FACE('',(#477),#4616,.T.);
#4700=ADVANCED_FACE('',(#478),#291,.T.);
#4701=ADVANCED_FACE('',(#479),#292,.T.);
#4702=ADVANCED_FACE('',(#480),#4617,.F.);
#4703=ADVANCED_FACE('',(#481,#211,#212,#213,#214,#215),#293,.F.);
#4704=ADVANCED_FACE('',(#482),#4618,.T.);
#4705=ADVANCED_FACE('',(#483),#294,.T.);
#4706=ADVANCED_FACE('',(#484),#165,.F.);
#4707=ADVANCED_FACE('',(#485),#166,.F.);
#4708=ADVANCED_FACE('',(#486),#4619,.F.);
#4709=ADVANCED_FACE('',(#487),#167,.F.);
#4710=ADVANCED_FACE('',(#488),#168,.F.);
#4711=ADVANCED_FACE('',(#489),#4620,.F.);
#4712=ADVANCED_FACE('',(#490),#4621,.T.);
#4713=ADVANCED_FACE('',(#491,#216),#295,.T.);
#4714=ADVANCED_FACE('',(#492),#4622,.T.);
#4715=ADVANCED_FACE('',(#493,#217),#296,.T.);
#4716=ADVANCED_FACE('',(#494),#4623,.F.);
#4717=ADVANCED_FACE('',(#495),#4624,.F.);
#4718=ADVANCED_FACE('',(#496),#4625,.T.);
#4719=ADVANCED_FACE('',(#497),#4626,.T.);
#4720=ADVANCED_FACE('',(#498),#4627,.F.);
#4721=ADVANCED_FACE('',(#499),#4628,.F.);
#4722=ADVANCED_FACE('',(#500),#4629,.F.);
#4723=ADVANCED_FACE('',(#501),#4630,.T.);
#4724=ADVANCED_FACE('',(#502),#297,.T.);
#4725=ADVANCED_FACE('',(#503),#298,.T.);
#4726=ADVANCED_FACE('',(#504),#299,.T.);
#4727=ADVANCED_FACE('',(#505),#169,.F.);
#4728=ADVANCED_FACE('',(#506),#4631,.F.);
#4729=ADVANCED_FACE('',(#507,#218),#300,.T.);
#4730=ADVANCED_FACE('',(#508),#4632,.T.);
#4731=ADVANCED_FACE('',(#509,#219),#301,.T.);
#4732=ADVANCED_FACE('',(#510),#4633,.T.);
#4733=ADVANCED_FACE('',(#511),#302,.T.);
#4734=ADVANCED_FACE('',(#512),#303,.T.);
#4735=ADVANCED_FACE('',(#513),#304,.T.);
#4736=ADVANCED_FACE('',(#514),#305,.T.);
#4737=ADVANCED_FACE('',(#515),#306,.T.);
#4738=ADVANCED_FACE('',(#516),#307,.T.);
#4739=ADVANCED_FACE('',(#517,#220),#308,.T.);
#4740=ADVANCED_FACE('',(#518,#221),#309,.F.);
#4741=ADVANCED_FACE('',(#519),#310,.T.);
#4742=ADVANCED_FACE('',(#520),#311,.T.);
#4743=ADVANCED_FACE('',(#521),#312,.T.);
#4744=ADVANCED_FACE('',(#522),#313,.T.);
#4745=ADVANCED_FACE('',(#523),#314,.T.);
#4746=ADVANCED_FACE('',(#524),#315,.T.);
#4747=ADVANCED_FACE('',(#525),#316,.F.);
#4748=ADVANCED_FACE('',(#526),#317,.F.);
#4749=ADVANCED_FACE('',(#527),#318,.F.);
#4750=ADVANCED_FACE('',(#528),#319,.F.);
#4751=ADVANCED_FACE('',(#529),#170,.T.);
#4752=ADVANCED_FACE('',(#530),#171,.T.);
#4753=ADVANCED_FACE('',(#531),#172,.T.);
#4754=ADVANCED_FACE('',(#532),#173,.T.);
#4755=ADVANCED_FACE('',(#533),#174,.T.);
#4756=ADVANCED_FACE('',(#534),#175,.T.);
#4757=ADVANCED_FACE('',(#535),#320,.F.);
#4758=ADVANCED_FACE('',(#536),#321,.F.);
#4759=ADVANCED_FACE('',(#537),#100,.T.);
#4760=ADVANCED_FACE('',(#538),#322,.F.);
#4761=ADVANCED_FACE('',(#539),#99,.T.);
#4762=ADVANCED_FACE('',(#540,#222),#323,.T.);
#4763=ADVANCED_FACE('',(#541),#176,.T.);
#4764=ADVANCED_FACE('',(#542),#4634,.T.);
#4765=ADVANCED_FACE('',(#543),#177,.T.);
#4766=ADVANCED_FACE('',(#544),#324,.T.);
#4767=ADVANCED_FACE('',(#545),#178,.F.);
#4768=ADVANCED_FACE('',(#546),#4635,.F.);
#4769=ADVANCED_FACE('',(#547,#223),#325,.F.);
#4770=ADVANCED_FACE('',(#548),#179,.F.);
#4771=ADVANCED_FACE('',(#549,#224),#326,.T.);
#4772=ADVANCED_FACE('',(#550),#4636,.T.);
#4773=ADVANCED_FACE('',(#551),#4637,.T.);
#4774=ADVANCED_FACE('',(#552,#225),#327,.F.);
#4775=ADVANCED_FACE('',(#553),#4638,.T.);
#4776=ADVANCED_FACE('',(#554),#4639,.F.);
#4777=ADVANCED_FACE('',(#555,#226),#328,.F.);
#4778=ADVANCED_FACE('',(#556,#227),#329,.F.);
#4779=ADVANCED_FACE('',(#557),#4640,.T.);
#4780=ADVANCED_FACE('',(#558,#228),#330,.T.);
#4781=ADVANCED_FACE('',(#559),#4641,.T.);
#4782=ADVANCED_FACE('',(#560),#4642,.F.);
#4783=ADVANCED_FACE('',(#561,#229),#331,.T.);
#4784=ADVANCED_FACE('',(#562,#230),#332,.T.);
#4785=ADVANCED_FACE('',(#563),#4643,.F.);
#4786=ADVANCED_FACE('',(#564),#180,.T.);
#4787=ADVANCED_FACE('',(#565),#4644,.T.);
#4788=ADVANCED_FACE('',(#566,#231),#333,.F.);
#4789=ADVANCED_FACE('',(#567),#181,.T.);
#4790=ADVANCED_FACE('',(#568,#232),#334,.T.);
#4791=ADVANCED_FACE('',(#569),#182,.F.);
#4792=ADVANCED_FACE('',(#570),#4645,.F.);
#4793=ADVANCED_FACE('',(#571,#233),#335,.F.);
#4794=ADVANCED_FACE('',(#572),#183,.F.);
#4795=ADVANCED_FACE('',(#573,#234),#336,.T.);
#4796=ADVANCED_FACE('',(#574),#184,.T.);
#4797=ADVANCED_FACE('',(#575),#185,.T.);
#4798=ADVANCED_FACE('',(#576),#186,.T.);
#4799=ADVANCED_FACE('',(#577),#187,.T.);
#4800=ADVANCED_FACE('',(#578),#188,.T.);
#4801=ADVANCED_FACE('',(#579),#189,.T.);
#4802=ADVANCED_FACE('',(#580),#190,.T.);
#4803=ADVANCED_FACE('',(#581),#191,.T.);
#4804=ADVANCED_FACE('',(#582),#192,.T.);
#4805=ADVANCED_FACE('',(#583),#193,.T.);
#4806=ADVANCED_FACE('',(#584),#194,.T.);
#4807=ADVANCED_FACE('',(#585),#195,.T.);
#4808=ADVANCED_FACE('',(#586),#337,.T.);
#4809=ADVANCED_FACE('',(#587),#338,.T.);
#4810=ADVANCED_FACE('',(#588),#339,.T.);
#4811=ADVANCED_FACE('',(#589),#340,.T.);
#4812=ADVANCED_FACE('',(#590),#341,.T.);
#4813=ADVANCED_FACE('',(#591),#342,.T.);
#4814=ADVANCED_FACE('',(#592),#4646,.F.);
#4815=ADVANCED_FACE('',(#593,#235),#343,.T.);
#4816=ADVANCED_FACE('',(#594),#4647,.F.);
#4817=ADVANCED_FACE('',(#595,#236),#344,.T.);
#4818=ADVANCED_FACE('',(#596),#345,.T.);
#4819=ADVANCED_FACE('',(#597),#346,.T.);
#4820=ADVANCED_FACE('',(#598),#347,.T.);
#4821=ADVANCED_FACE('',(#599),#348,.T.);
#4822=ADVANCED_FACE('',(#600),#349,.T.);
#4823=ADVANCED_FACE('',(#601),#350,.T.);
#4824=ADVANCED_FACE('',(#602),#351,.F.);
#4825=ADVANCED_FACE('',(#603),#352,.F.);
#4826=ADVANCED_FACE('',(#604),#353,.F.);
#4827=ADVANCED_FACE('',(#605,#237,#238,#239,#240,#241,#242,#243,#244,#245,
#246,#247,#248,#249,#250),#354,.F.);
#4828=ADVANCED_FACE('',(#606),#355,.F.);
#4829=ADVANCED_FACE('',(#607),#356,.F.);
#4830=ADVANCED_FACE('',(#608),#357,.F.);
#4831=ADVANCED_FACE('',(#609,#251),#358,.T.);
#4832=ADVANCED_FACE('',(#610),#4648,.F.);
#4833=ADVANCED_FACE('',(#611),#196,.T.);
#4834=ADVANCED_FACE('',(#612),#4649,.T.);
#4835=ADVANCED_FACE('',(#613),#197,.T.);
#4836=ADVANCED_FACE('',(#614),#4650,.T.);
#4837=ADVANCED_FACE('',(#615),#198,.T.);
#4838=ADVANCED_FACE('',(#616),#4651,.T.);
#4839=ADVANCED_FACE('',(#617),#199,.T.);
#4840=ADVANCED_FACE('',(#618),#4652,.T.);
#4841=ADVANCED_FACE('',(#619),#200,.T.);
#4842=ADVANCED_FACE('',(#620),#4653,.T.);
#4843=ADVANCED_FACE('',(#621),#201,.T.);
#4844=ADVANCED_FACE('',(#622),#4654,.T.);
#4845=ADVANCED_FACE('',(#623),#4655,.F.);
#4846=ADVANCED_FACE('',(#624),#4656,.F.);
#4847=ADVANCED_FACE('',(#625),#4657,.F.);
#4848=ADVANCED_FACE('',(#626),#4658,.F.);
#4849=ADVANCED_FACE('',(#627),#4659,.F.);
#4850=ADVANCED_FACE('',(#628),#4660,.F.);
#4851=ADVANCED_FACE('',(#629),#4661,.F.);
#4852=ADVANCED_FACE('',(#630),#4662,.F.);
#4853=ADVANCED_FACE('',(#631),#4663,.F.);
#4854=ADVANCED_FACE('',(#632),#4664,.F.);
#4855=ADVANCED_FACE('',(#633),#4665,.F.);
#4856=ADVANCED_FACE('',(#634),#4666,.F.);
#4857=ADVANCED_FACE('',(#635),#359,.F.);
#4858=ADVANCED_FACE('',(#636,#252,#253,#254,#255,#256,#257,#258,#259,#260,
#261,#262,#263,#264),#360,.T.);
#4859=ADVANCED_FACE('',(#637),#361,.T.);
#4860=ADVANCED_FACE('',(#638),#362,.T.);
#4861=ADVANCED_FACE('',(#639,#265),#363,.T.);
#4862=ADVANCED_FACE('',(#640),#364,.T.);
#4863=ADVANCED_FACE('',(#641),#365,.F.);
#4864=ADVANCED_FACE('',(#642),#366,.F.);
#4865=ADVANCED_FACE('',(#643),#367,.F.);
#4866=ADVANCED_FACE('',(#644),#368,.F.);
#4867=ADVANCED_FACE('',(#645),#369,.T.);
#4868=ADVANCED_FACE('',(#646),#370,.T.);
#4869=ADVANCED_FACE('',(#647),#371,.T.);
#4870=ADVANCED_FACE('',(#648,#266),#372,.T.);
#4871=ADVANCED_FACE('',(#649),#4667,.F.);
#4872=ADVANCED_FACE('',(#650),#373,.F.);
#4873=ADVANCED_FACE('',(#651),#4668,.T.);
#4874=ADVANCED_FACE('',(#652),#374,.F.);
#4875=ADVANCED_FACE('',(#653),#375,.T.);
#4876=ADVANCED_FACE('',(#654),#376,.T.);
#4877=ADVANCED_FACE('',(#655),#377,.T.);
#4878=ADVANCED_FACE('',(#656),#378,.T.);
#4879=ADVANCED_FACE('',(#657),#379,.T.);
#4880=ADVANCED_FACE('',(#658),#380,.T.);
#4881=ADVANCED_FACE('',(#659),#381,.F.);
#4882=ADVANCED_FACE('',(#660),#382,.F.);
#4883=ADVANCED_FACE('',(#661),#383,.F.);
#4884=ADVANCED_FACE('',(#662),#384,.T.);
#4885=ADVANCED_FACE('',(#663),#385,.T.);
#4886=ADVANCED_FACE('',(#664),#386,.T.);
#4887=ADVANCED_FACE('',(#665),#387,.T.);
#4888=ADVANCED_FACE('',(#666),#388,.T.);
#4889=ADVANCED_FACE('',(#667),#389,.T.);
#4890=ADVANCED_FACE('',(#668),#390,.F.);
#4891=ADVANCED_FACE('',(#669),#391,.F.);
#4892=ADVANCED_FACE('',(#670),#392,.F.);
#4893=ADVANCED_FACE('',(#671),#393,.F.);
#4894=ADVANCED_FACE('',(#672),#394,.F.);
#4895=ADVANCED_FACE('',(#673),#395,.F.);
#4896=ADVANCED_FACE('',(#674,#267),#396,.T.);
#4897=ADVANCED_FACE('',(#675),#397,.F.);
#4898=ADVANCED_FACE('',(#676),#398,.F.);
#4899=ADVANCED_FACE('',(#677),#399,.F.);
#4900=ADVANCED_FACE('',(#678,#268),#400,.T.);
#4901=ADVANCED_FACE('',(#679),#4669,.F.);
#4902=ADVANCED_FACE('',(#680),#4670,.F.);
#4903=ADVANCED_FACE('',(#681,#269),#401,.T.);
#4904=ADVANCED_FACE('',(#682),#402,.T.);
#4905=ADVANCED_FACE('',(#683),#403,.T.);
#4906=ADVANCED_FACE('',(#684),#404,.T.);
#4907=ADVANCED_FACE('',(#685),#405,.T.);
#4908=ADVANCED_FACE('',(#686),#406,.T.);
#4909=ADVANCED_FACE('',(#687),#407,.T.);
#4910=ADVANCED_FACE('',(#688),#408,.T.);
#4911=ADVANCED_FACE('',(#689),#409,.T.);
#4912=ADVANCED_FACE('',(#690),#410,.F.);
#4913=ADVANCED_FACE('',(#691),#411,.F.);
#4914=ADVANCED_FACE('',(#692),#412,.F.);
#4915=ADVANCED_FACE('',(#693),#413,.F.);
#4916=ADVANCED_FACE('',(#694),#414,.F.);
#4917=ADVANCED_FACE('',(#695),#415,.F.);
#4918=ADVANCED_FACE('',(#696,#270),#416,.T.);
#4919=ADVANCED_FACE('',(#697),#4671,.F.);
#4920=ADVANCED_FACE('',(#698),#417,.T.);
#4921=ADVANCED_FACE('',(#699),#418,.T.);
#4922=ADVANCED_FACE('',(#700),#419,.T.);
#4923=ADVANCED_FACE('',(#701),#420,.T.);
#4924=ADVANCED_FACE('',(#702),#421,.T.);
#4925=ADVANCED_FACE('',(#703),#422,.T.);
#4926=ADVANCED_FACE('',(#704),#423,.T.);
#4927=ADVANCED_FACE('',(#705),#424,.T.);
#4928=ADVANCED_FACE('',(#706),#425,.T.);
#4929=ADVANCED_FACE('',(#707),#426,.T.);
#4930=ADVANCED_FACE('',(#708),#427,.T.);
#4931=ADVANCED_FACE('',(#709),#428,.T.);
#4932=ADVANCED_FACE('',(#710),#429,.T.);
#4933=ADVANCED_FACE('',(#711),#430,.T.);
#4934=ADVANCED_FACE('',(#712),#431,.F.);
#4935=ADVANCED_FACE('',(#713),#432,.F.);
#4936=ADVANCED_FACE('',(#714),#433,.F.);
#4937=ADVANCED_FACE('',(#715),#434,.T.);
#4938=ADVANCED_FACE('',(#716),#435,.T.);
#4939=ADVANCED_FACE('',(#717),#436,.T.);
#4940=ADVANCED_FACE('',(#718),#437,.T.);
#4941=ADVANCED_FACE('',(#719),#438,.T.);
#4942=ADVANCED_FACE('',(#720),#439,.T.);
#4943=ADVANCED_FACE('',(#721),#440,.F.);
#4944=ADVANCED_FACE('',(#722),#441,.F.);
#4945=ADVANCED_FACE('',(#723),#442,.F.);
#4946=ADVANCED_FACE('',(#724),#443,.F.);
#4947=ADVANCED_FACE('',(#725),#444,.F.);
#4948=ADVANCED_FACE('',(#726),#445,.F.);
#4949=ADVANCED_FACE('',(#727,#271),#446,.T.);
#4950=ADVANCED_FACE('',(#728),#447,.F.);
#4951=ADVANCED_FACE('',(#729),#448,.F.);
#4952=ADVANCED_FACE('',(#730),#449,.F.);
#4953=ADVANCED_FACE('',(#731,#272),#450,.F.);
#4954=ADVANCED_FACE('',(#732),#4672,.F.);
#4955=ADVANCED_FACE('',(#733),#4673,.F.);
#4956=ADVANCED_FACE('',(#734),#451,.T.);
#4957=CLOSED_SHELL('',(#4674,#4675,#4676,#4677,#4678,#4679,#4680,#4681,
#4682,#4683,#4684,#4685,#4686,#4687,#4688,#4689,#4690,#4691,#4692,#4693,
#4694,#4695,#4696,#4697,#4698,#4699,#4700,#4701,#4702,#4703,#4704,#4705,
#4706,#4707,#4708,#4709,#4710,#4711,#4712,#4713,#4714,#4715,#4716,#4717,
#4718,#4719,#4720,#4721,#4722,#4723,#4724,#4725,#4726));
#4958=CLOSED_SHELL('',(#4727,#4728,#4729,#4730,#4731,#4732,#4733,#4734,
#4735,#4736,#4737,#4738,#4739,#4740));
#4959=CLOSED_SHELL('',(#4741,#4742,#4743,#4744,#4745,#4746,#4747,#4748,
#4749,#4750,#4751,#4752,#4753,#4754,#4755,#4756,#4757,#4758,#4759,#4760,
#4761,#4762,#4763,#4764,#4765,#4766));
#4960=CLOSED_SHELL('',(#4767,#4768,#4769,#4770,#4771,#4772));
#4961=CLOSED_SHELL('',(#4773,#4774,#4775,#4776,#4777,#4778,#4779,#4780,
#4781,#4782,#4783,#4784,#4785,#4786,#4787,#4788,#4789,#4790));
#4962=CLOSED_SHELL('',(#4791,#4792,#4793,#4794,#4795,#4796,#4797,#4798,
#4799,#4800,#4801,#4802,#4803,#4804,#4805,#4806,#4807,#4808,#4809,#4810,
#4811,#4812,#4813));
#4963=CLOSED_SHELL('',(#4814,#4815,#4816,#4817,#4818,#4819,#4820,#4821,
#4822,#4823,#4824,#4825,#4826,#4827,#4828,#4829,#4830,#4831,#4832,#4833,
#4834,#4835,#4836,#4837,#4838,#4839,#4840,#4841,#4842,#4843,#4844,#4845,
#4846,#4847,#4848,#4849,#4850,#4851,#4852,#4853,#4854,#4855,#4856,#4857,
#4858,#4859,#4860,#4861,#4862,#4863,#4864,#4865,#4866,#4867,#4868,#4869,
#4870,#4871,#4872,#4873,#4874,#4875,#4876,#4877,#4878,#4879,#4880,#4881,
#4882,#4883,#4884,#4885,#4886,#4887,#4888,#4889,#4890,#4891,#4892,#4893,
#4894,#4895,#4896,#4897,#4898,#4899,#4900,#4901,#4902,#4903,#4904,#4905,
#4906,#4907,#4908,#4909,#4910,#4911,#4912,#4913,#4914,#4915,#4916,#4917,
#4918,#4919,#4920,#4921,#4922,#4923,#4924,#4925,#4926,#4927,#4928,#4929,
#4930,#4931,#4932,#4933,#4934,#4935,#4936,#4937,#4938,#4939,#4940,#4941,
#4942,#4943,#4944,#4945,#4946,#4947,#4948,#4949,#4950,#4951,#4952,#4953,
#4954,#4955,#4956));
#4964=DERIVED_UNIT_ELEMENT(#4978,1.);
#4965=DERIVED_UNIT_ELEMENT(#8543,-3.);
#4966=DERIVED_UNIT_ELEMENT(#4978,1.);
#4967=DERIVED_UNIT_ELEMENT(#8543,-3.);
#4968=DERIVED_UNIT_ELEMENT(#4978,1.);
#4969=DERIVED_UNIT_ELEMENT(#8543,-3.);
#4970=DERIVED_UNIT_ELEMENT(#4978,1.);
#4971=DERIVED_UNIT_ELEMENT(#8543,-3.);
#4972=DERIVED_UNIT_ELEMENT(#4978,1.);
#4973=DERIVED_UNIT_ELEMENT(#8543,-3.);
#4974=DERIVED_UNIT_ELEMENT(#4978,1.);
#4975=DERIVED_UNIT_ELEMENT(#8543,-3.);
#4976=DERIVED_UNIT_ELEMENT(#4978,1.);
#4977=DERIVED_UNIT_ELEMENT(#8543,-3.);
#4978=(
MASS_UNIT()
NAMED_UNIT(*)
SI_UNIT(.KILO.,.GRAM.)
);
#4979=DERIVED_UNIT((#4964,#4965));
#4980=DERIVED_UNIT((#4966,#4967));
#4981=DERIVED_UNIT((#4968,#4969));
#4982=DERIVED_UNIT((#4970,#4971));
#4983=DERIVED_UNIT((#4972,#4973));
#4984=DERIVED_UNIT((#4974,#4975));
#4985=DERIVED_UNIT((#4976,#4977));
#4986=MEASURE_REPRESENTATION_ITEM('density measure',
POSITIVE_RATIO_MEASURE(7850.),#4979);
#4987=MEASURE_REPRESENTATION_ITEM('density measure',
POSITIVE_RATIO_MEASURE(7850.),#4980);
#4988=MEASURE_REPRESENTATION_ITEM('density measure',
POSITIVE_RATIO_MEASURE(7850.),#4981);
#4989=MEASURE_REPRESENTATION_ITEM('density measure',
POSITIVE_RATIO_MEASURE(2700.),#4982);
#4990=MEASURE_REPRESENTATION_ITEM('density measure',
POSITIVE_RATIO_MEASURE(1000.),#4983);
#4991=MEASURE_REPRESENTATION_ITEM('density measure',
POSITIVE_RATIO_MEASURE(7850.),#4984);
#4992=MEASURE_REPRESENTATION_ITEM('density measure',
POSITIVE_RATIO_MEASURE(7850.),#4985);
#4993=PROPERTY_DEFINITION_REPRESENTATION(#5028,#5007);
#4994=PROPERTY_DEFINITION_REPRESENTATION(#5029,#5008);
#4995=PROPERTY_DEFINITION_REPRESENTATION(#5030,#5009);
#4996=PROPERTY_DEFINITION_REPRESENTATION(#5031,#5010);
#4997=PROPERTY_DEFINITION_REPRESENTATION(#5032,#5011);
#4998=PROPERTY_DEFINITION_REPRESENTATION(#5033,#5012);
#4999=PROPERTY_DEFINITION_REPRESENTATION(#5034,#5013);
#5000=PROPERTY_DEFINITION_REPRESENTATION(#5035,#5014);
#5001=PROPERTY_DEFINITION_REPRESENTATION(#5036,#5015);
#5002=PROPERTY_DEFINITION_REPRESENTATION(#5037,#5016);
#5003=PROPERTY_DEFINITION_REPRESENTATION(#5038,#5017);
#5004=PROPERTY_DEFINITION_REPRESENTATION(#5039,#5018);
#5005=PROPERTY_DEFINITION_REPRESENTATION(#5040,#5019);
#5006=PROPERTY_DEFINITION_REPRESENTATION(#5041,#5020);
#5007=REPRESENTATION('material name',(#5021),#8534);
#5008=REPRESENTATION('density',(#4986),#8534);
#5009=REPRESENTATION('material name',(#5022),#8535);
#5010=REPRESENTATION('density',(#4987),#8535);
#5011=REPRESENTATION('material name',(#5023),#8536);
#5012=REPRESENTATION('density',(#4988),#8536);
#5013=REPRESENTATION('material name',(#5024),#8537);
#5014=REPRESENTATION('density',(#4989),#8537);
#5015=REPRESENTATION('material name',(#5025),#8538);
#5016=REPRESENTATION('density',(#4990),#8538);
#5017=REPRESENTATION('material name',(#5026),#8539);
#5018=REPRESENTATION('density',(#4991),#8539);
#5019=REPRESENTATION('material name',(#5027),#8540);
#5020=REPRESENTATION('density',(#4992),#8540);
#5021=DESCRIPTIVE_REPRESENTATION_ITEM('\X2\042104420430043B044C\X0\, \X2\043C044F0433043A0430044F\X0\',
'\X2\042104420430043B044C\X0\, \X2\043C044F0433043A0430044F\X0\');
#5022=DESCRIPTIVE_REPRESENTATION_ITEM('\X2\042104420430043B044C\X0\, \X2\043C044F0433043A0430044F\X0\',
'\X2\042104420430043B044C\X0\, \X2\043C044F0433043A0430044F\X0\');
#5023=DESCRIPTIVE_REPRESENTATION_ITEM('\X2\042104420430043B044C\X0\, \X2\043C044F0433043A0430044F\X0\',
'\X2\042104420430043B044C\X0\, \X2\043C044F0433043A0430044F\X0\');
#5024=DESCRIPTIVE_REPRESENTATION_ITEM('\X2\0410043B044E043C0438043D04380439\X0\ 
6061','\X2\0410043B044E043C0438043D04380439\X0\ 6061');
#5025=DESCRIPTIVE_REPRESENTATION_ITEM('\X2\04220438043F043E0432044B0435\X0\',
'\X2\04220438043F043E0432044B0435\X0\');
#5026=DESCRIPTIVE_REPRESENTATION_ITEM('\X2\042104420430043B044C\X0\, \X2\043C044F0433043A0430044F\X0\',
'\X2\042104420430043B044C\X0\, \X2\043C044F0433043A0430044F\X0\');
#5027=DESCRIPTIVE_REPRESENTATION_ITEM('Stahl','Stahl');
#5028=PROPERTY_DEFINITION('material property','material name',#8596);
#5029=PROPERTY_DEFINITION('material property','density of part',#8596);
#5030=PROPERTY_DEFINITION('material property','material name',#8597);
#5031=PROPERTY_DEFINITION('material property','density of part',#8597);
#5032=PROPERTY_DEFINITION('material property','material name',#8598);
#5033=PROPERTY_DEFINITION('material property','density of part',#8598);
#5034=PROPERTY_DEFINITION('material property','material name',#8599);
#5035=PROPERTY_DEFINITION('material property','density of part',#8599);
#5036=PROPERTY_DEFINITION('material property','material name',#8600);
#5037=PROPERTY_DEFINITION('material property','density of part',#8600);
#5038=PROPERTY_DEFINITION('material property','material name',#8601);
#5039=PROPERTY_DEFINITION('material property','density of part',#8601);
#5040=PROPERTY_DEFINITION('material property','material name',#8602);
#5041=PROPERTY_DEFINITION('material property','density of part',#8602);
#5042=AXIS2_PLACEMENT_3D('',#6963,#5533,#5534);
#5043=AXIS2_PLACEMENT_3D('',#6964,#5535,#5536);
#5044=AXIS2_PLACEMENT_3D('',#6965,#5537,#5538);
#5045=AXIS2_PLACEMENT_3D('',#6966,#5539,#5540);
#5046=AXIS2_PLACEMENT_3D('',#6967,#5541,#5542);
#5047=AXIS2_PLACEMENT_3D('',#6969,#5543,#5544);
#5048=AXIS2_PLACEMENT_3D('',#6972,#5546,#5547);
#5049=AXIS2_PLACEMENT_3D('',#6973,#5548,#5549);
#5050=AXIS2_PLACEMENT_3D('',#6975,#5550,#5551);
#5051=AXIS2_PLACEMENT_3D('',#6976,#5552,#5553);
#5052=AXIS2_PLACEMENT_3D('',#6978,#5554,#5555);
#5053=AXIS2_PLACEMENT_3D('',#6981,#5557,#5558);
#5054=AXIS2_PLACEMENT_3D('',#6982,#5559,#5560);
#5055=AXIS2_PLACEMENT_3D('',#6984,#5561,#5562);
#5056=AXIS2_PLACEMENT_3D('',#6985,#5563,#5564);
#5057=AXIS2_PLACEMENT_3D('',#6988,#5565,#5566);
#5058=AXIS2_PLACEMENT_3D('',#6992,#5568,#5569);
#5059=AXIS2_PLACEMENT_3D('',#6994,#5571,#5572);
#5060=AXIS2_PLACEMENT_3D('',#6998,#5574,#5575);
#5061=AXIS2_PLACEMENT_3D('',#7002,#5578,#5579);
#5062=AXIS2_PLACEMENT_3D('',#7014,#5585,#5586);
#5063=AXIS2_PLACEMENT_3D('',#7018,#5589,#5590);
#5064=AXIS2_PLACEMENT_3D('',#7021,#5591,#5592);
#5065=AXIS2_PLACEMENT_3D('',#7024,#5595,#5596);
#5066=AXIS2_PLACEMENT_3D('',#7028,#5598,#5599);
#5067=AXIS2_PLACEMENT_3D('',#7035,#5603,#5604);
#5068=AXIS2_PLACEMENT_3D('',#7036,#5605,#5606);
#5069=AXIS2_PLACEMENT_3D('',#7047,#5613,#5614);
#5070=AXIS2_PLACEMENT_3D('',#7049,#5616,#5617);
#5071=AXIS2_PLACEMENT_3D('',#7053,#5619,#5620);
#5072=AXIS2_PLACEMENT_3D('',#7055,#5622,#5623);
#5073=AXIS2_PLACEMENT_3D('',#7059,#5625,#5626);
#5074=AXIS2_PLACEMENT_3D('',#7067,#5630,#5631);
#5075=AXIS2_PLACEMENT_3D('',#7070,#5633,#5634);
#5076=AXIS2_PLACEMENT_3D('',#7072,#5635,#5636);
#5077=AXIS2_PLACEMENT_3D('',#7074,#5637,#5638);
#5078=AXIS2_PLACEMENT_3D('',#7076,#5639,#5640);
#5079=AXIS2_PLACEMENT_3D('',#7078,#5641,#5642);
#5080=AXIS2_PLACEMENT_3D('',#7080,#5643,#5644);
#5081=AXIS2_PLACEMENT_3D('',#7082,#5645,#5646);
#5082=AXIS2_PLACEMENT_3D('',#7084,#5647,#5648);
#5083=AXIS2_PLACEMENT_3D('',#7085,#5649,#5650);
#5084=AXIS2_PLACEMENT_3D('',#7088,#5653,#5654);
#5085=AXIS2_PLACEMENT_3D('',#7090,#5656,#5657);
#5086=AXIS2_PLACEMENT_3D('',#7092,#5659,#5660);
#5087=AXIS2_PLACEMENT_3D('',#7093,#5661,#5662);
#5088=AXIS2_PLACEMENT_3D('',#7094,#5663,#5664);
#5089=AXIS2_PLACEMENT_3D('',#7103,#5669,#5670);
#5090=AXIS2_PLACEMENT_3D('',#7109,#5674,#5675);
#5091=AXIS2_PLACEMENT_3D('',#7115,#5679,#5680);
#5092=AXIS2_PLACEMENT_3D('',#7119,#5682,#5683);
#5093=AXIS2_PLACEMENT_3D('',#7127,#5687,#5688);
#5094=AXIS2_PLACEMENT_3D('',#7129,#5690,#5691);
#5095=AXIS2_PLACEMENT_3D('',#7133,#5694,#5695);
#5096=AXIS2_PLACEMENT_3D('',#7135,#5696,#5697);
#5097=AXIS2_PLACEMENT_3D('',#7137,#5699,#5700);
#5098=AXIS2_PLACEMENT_3D('',#7141,#5703,#5704);
#5099=AXIS2_PLACEMENT_3D('',#7143,#5705,#5706);
#5100=AXIS2_PLACEMENT_3D('',#7145,#5708,#5709);
#5101=AXIS2_PLACEMENT_3D('',#7151,#5713,#5714);
#5102=AXIS2_PLACEMENT_3D('',#7153,#5715,#5716);
#5103=AXIS2_PLACEMENT_3D('',#7157,#5719,#5720);
#5104=AXIS2_PLACEMENT_3D('',#7158,#5721,#5722);
#5105=AXIS2_PLACEMENT_3D('',#7160,#5723,#5724);
#5106=AXIS2_PLACEMENT_3D('',#7162,#5726,#5727);
#5107=AXIS2_PLACEMENT_3D('',#7164,#5728,#5729);
#5108=AXIS2_PLACEMENT_3D('',#7167,#5731,#5732);
#5109=AXIS2_PLACEMENT_3D('',#7174,#5736,#5737);
#5110=AXIS2_PLACEMENT_3D('',#7177,#5739,#5740);
#5111=AXIS2_PLACEMENT_3D('',#7179,#5741,#5742);
#5112=AXIS2_PLACEMENT_3D('',#7181,#5743,#5744);
#5113=AXIS2_PLACEMENT_3D('',#7182,#5745,#5746);
#5114=AXIS2_PLACEMENT_3D('',#7183,#5747,#5748);
#5115=AXIS2_PLACEMENT_3D('',#7184,#5749,#5750);
#5116=AXIS2_PLACEMENT_3D('',#7185,#5751,#5752);
#5117=AXIS2_PLACEMENT_3D('',#7189,#5754,#5755);
#5118=AXIS2_PLACEMENT_3D('',#7190,#5756,#5757);
#5119=AXIS2_PLACEMENT_3D('',#7192,#5758,#5759);
#5120=AXIS2_PLACEMENT_3D('',#7195,#5761,#5762);
#5121=AXIS2_PLACEMENT_3D('',#7196,#5763,#5764);
#5122=AXIS2_PLACEMENT_3D('',#7198,#5766,#5767);
#5123=AXIS2_PLACEMENT_3D('',#7202,#5769,#5770);
#5124=AXIS2_PLACEMENT_3D('',#7203,#5771,#5772);
#5125=AXIS2_PLACEMENT_3D('',#7205,#5773,#5774);
#5126=AXIS2_PLACEMENT_3D('',#7208,#5776,#5777);
#5127=AXIS2_PLACEMENT_3D('',#7209,#5778,#5779);
#5128=AXIS2_PLACEMENT_3D('',#7211,#5781,#5782);
#5129=AXIS2_PLACEMENT_3D('',#7213,#5783,#5784);
#5130=AXIS2_PLACEMENT_3D('',#7215,#5786,#5787);
#5131=AXIS2_PLACEMENT_3D('',#7216,#5788,#5789);
#5132=AXIS2_PLACEMENT_3D('',#7218,#5790,#5791);
#5133=AXIS2_PLACEMENT_3D('',#7220,#5793,#5794);
#5134=AXIS2_PLACEMENT_3D('',#7221,#5795,#5796);
#5135=AXIS2_PLACEMENT_3D('',#7223,#5798,#5799);
#5136=AXIS2_PLACEMENT_3D('',#7225,#5801,#5802);
#5137=AXIS2_PLACEMENT_3D('',#7227,#5804,#5805);
#5138=AXIS2_PLACEMENT_3D('',#7229,#5807,#5808);
#5139=AXIS2_PLACEMENT_3D('',#7231,#5810,#5811);
#5140=AXIS2_PLACEMENT_3D('',#7233,#5813,#5814);
#5141=AXIS2_PLACEMENT_3D('',#7235,#5816,#5817);
#5142=AXIS2_PLACEMENT_3D('',#7238,#5820,#5821);
#5143=AXIS2_PLACEMENT_3D('',#7239,#5822,#5823);
#5144=AXIS2_PLACEMENT_3D('',#7240,#5824,#5825);
#5145=AXIS2_PLACEMENT_3D('',#7241,#5826,#5827);
#5146=AXIS2_PLACEMENT_3D('',#7242,#5828,#5829);
#5147=AXIS2_PLACEMENT_3D('',#7245,#5830,#5831);
#5148=AXIS2_PLACEMENT_3D('',#7248,#5833,#5834);
#5149=AXIS2_PLACEMENT_3D('',#7249,#5835,#5836);
#5150=AXIS2_PLACEMENT_3D('',#7250,#5837,#5838);
#5151=AXIS2_PLACEMENT_3D('',#7253,#5840,#5841);
#5152=AXIS2_PLACEMENT_3D('',#7254,#5842,#5843);
#5153=AXIS2_PLACEMENT_3D('',#7256,#5844,#5845);
#5154=AXIS2_PLACEMENT_3D('',#7257,#5846,#5847);
#5155=AXIS2_PLACEMENT_3D('',#7259,#5848,#5849);
#5156=AXIS2_PLACEMENT_3D('',#7262,#5851,#5852);
#5157=AXIS2_PLACEMENT_3D('',#7263,#5853,#5854);
#5158=AXIS2_PLACEMENT_3D('',#7264,#5855,#5856);
#5159=AXIS2_PLACEMENT_3D('',#7267,#5858,#5859);
#5160=AXIS2_PLACEMENT_3D('',#7268,#5860,#5861);
#5161=AXIS2_PLACEMENT_3D('',#7277,#5866,#5867);
#5162=AXIS2_PLACEMENT_3D('',#7283,#5871,#5872);
#5163=AXIS2_PLACEMENT_3D('',#7289,#5876,#5877);
#5164=AXIS2_PLACEMENT_3D('',#7295,#5881,#5882);
#5165=AXIS2_PLACEMENT_3D('',#7301,#5886,#5887);
#5166=AXIS2_PLACEMENT_3D('',#7304,#5890,#5891);
#5167=AXIS2_PLACEMENT_3D('',#7305,#5892,#5893);
#5168=AXIS2_PLACEMENT_3D('',#7306,#5894,#5895);
#5169=AXIS2_PLACEMENT_3D('',#7307,#5896,#5897);
#5170=AXIS2_PLACEMENT_3D('',#7316,#5902,#5903);
#5171=AXIS2_PLACEMENT_3D('',#7322,#5907,#5908);
#5172=AXIS2_PLACEMENT_3D('',#7328,#5912,#5913);
#5173=AXIS2_PLACEMENT_3D('',#7334,#5917,#5918);
#5174=AXIS2_PLACEMENT_3D('',#7340,#5922,#5923);
#5175=AXIS2_PLACEMENT_3D('',#7343,#5926,#5927);
#5176=AXIS2_PLACEMENT_3D('',#7347,#5929,#5930);
#5177=AXIS2_PLACEMENT_3D('',#7349,#5932,#5933);
#5178=AXIS2_PLACEMENT_3D('',#7352,#5935,#5936);
#5179=AXIS2_PLACEMENT_3D('',#7353,#5937,#5938);
#5180=AXIS2_PLACEMENT_3D('',#7356,#5940,#5941);
#5181=AXIS2_PLACEMENT_3D('',#7357,#5942,#5943);
#5182=AXIS2_PLACEMENT_3D('',#7358,#5944,#5945);
#5183=AXIS2_PLACEMENT_3D('',#7361,#5946,#5947);
#5184=AXIS2_PLACEMENT_3D('',#7370,#5948,#5949);
#5185=AXIS2_PLACEMENT_3D('',#7372,#5950,#5951);
#5186=AXIS2_PLACEMENT_3D('',#7377,#5952,#5953);
#5187=AXIS2_PLACEMENT_3D('',#7380,#5954,#5955);
#5188=AXIS2_PLACEMENT_3D('',#7387,#5956,#5957);
#5189=AXIS2_PLACEMENT_3D('',#7392,#5958,#5959);
#5190=AXIS2_PLACEMENT_3D('',#7393,#5960,#5961);
#5191=AXIS2_PLACEMENT_3D('',#7395,#5962,#5963);
#5192=AXIS2_PLACEMENT_3D('',#7400,#5964,#5965);
#5193=AXIS2_PLACEMENT_3D('',#7402,#5966,#5967);
#5194=AXIS2_PLACEMENT_3D('',#7403,#5968,#5969);
#5195=AXIS2_PLACEMENT_3D('',#7404,#5970,#5971);
#5196=AXIS2_PLACEMENT_3D('',#7405,#5972,#5973);
#5197=AXIS2_PLACEMENT_3D('',#7406,#5974,#5975);
#5198=AXIS2_PLACEMENT_3D('',#7407,#5976,#5977);
#5199=AXIS2_PLACEMENT_3D('',#7409,#5979,#5980);
#5200=AXIS2_PLACEMENT_3D('',#7411,#5982,#5983);
#5201=AXIS2_PLACEMENT_3D('',#7413,#5984,#5985);
#5202=AXIS2_PLACEMENT_3D('',#7414,#5986,#5987);
#5203=AXIS2_PLACEMENT_3D('',#7415,#5988,#5989);
#5204=AXIS2_PLACEMENT_3D('',#7416,#5990,#5991);
#5205=AXIS2_PLACEMENT_3D('',#7418,#5992,#5993);
#5206=AXIS2_PLACEMENT_3D('',#7419,#5994,#5995);
#5207=AXIS2_PLACEMENT_3D('',#7420,#5996,#5997);
#5208=AXIS2_PLACEMENT_3D('',#7422,#5998,#5999);
#5209=AXIS2_PLACEMENT_3D('',#7423,#6000,#6001);
#5210=AXIS2_PLACEMENT_3D('',#7427,#6003,#6004);
#5211=AXIS2_PLACEMENT_3D('',#7428,#6005,#6006);
#5212=AXIS2_PLACEMENT_3D('',#7429,#6007,#6008);
#5213=AXIS2_PLACEMENT_3D('',#7432,#6009,#6010);
#5214=AXIS2_PLACEMENT_3D('',#7433,#6011,#6012);
#5215=AXIS2_PLACEMENT_3D('',#7435,#6014,#6015);
#5216=AXIS2_PLACEMENT_3D('',#7438,#6017,#6018);
#5217=AXIS2_PLACEMENT_3D('',#7439,#6019,#6020);
#5218=AXIS2_PLACEMENT_3D('',#7440,#6021,#6022);
#5219=AXIS2_PLACEMENT_3D('',#7441,#6023,#6024);
#5220=AXIS2_PLACEMENT_3D('',#7443,#6025,#6026);
#5221=AXIS2_PLACEMENT_3D('',#7446,#6028,#6029);
#5222=AXIS2_PLACEMENT_3D('',#7447,#6030,#6031);
#5223=AXIS2_PLACEMENT_3D('',#7450,#6033,#6034);
#5224=AXIS2_PLACEMENT_3D('',#7451,#6035,#6036);
#5225=AXIS2_PLACEMENT_3D('',#7453,#6037,#6038);
#5226=AXIS2_PLACEMENT_3D('',#7454,#6039,#6040);
#5227=AXIS2_PLACEMENT_3D('',#7457,#6042,#6043);
#5228=AXIS2_PLACEMENT_3D('',#7458,#6044,#6045);
#5229=AXIS2_PLACEMENT_3D('',#7460,#6046,#6047);
#5230=AXIS2_PLACEMENT_3D('',#7461,#6048,#6049);
#5231=AXIS2_PLACEMENT_3D('',#7463,#6051,#6052);
#5232=AXIS2_PLACEMENT_3D('',#7464,#6053,#6054);
#5233=AXIS2_PLACEMENT_3D('',#7466,#6055,#6056);
#5234=AXIS2_PLACEMENT_3D('',#7469,#6058,#6059);
#5235=AXIS2_PLACEMENT_3D('',#7470,#6060,#6061);
#5236=AXIS2_PLACEMENT_3D('',#7472,#6062,#6063);
#5237=AXIS2_PLACEMENT_3D('',#7473,#6064,#6065);
#5238=AXIS2_PLACEMENT_3D('',#7475,#6066,#6067);
#5239=AXIS2_PLACEMENT_3D('',#7478,#6069,#6070);
#5240=AXIS2_PLACEMENT_3D('',#7479,#6071,#6072);
#5241=AXIS2_PLACEMENT_3D('',#7481,#6073,#6074);
#5242=AXIS2_PLACEMENT_3D('',#7484,#6076,#6077);
#5243=AXIS2_PLACEMENT_3D('',#7485,#6078,#6079);
#5244=AXIS2_PLACEMENT_3D('',#7486,#6080,#6081);
#5245=AXIS2_PLACEMENT_3D('',#7488,#6082,#6083);
#5246=AXIS2_PLACEMENT_3D('',#7489,#6084,#6085);
#5247=AXIS2_PLACEMENT_3D('',#7491,#6086,#6087);
#5248=AXIS2_PLACEMENT_3D('',#7494,#6089,#6090);
#5249=AXIS2_PLACEMENT_3D('',#7495,#6091,#6092);
#5250=AXIS2_PLACEMENT_3D('',#7497,#6093,#6094);
#5251=AXIS2_PLACEMENT_3D('',#7498,#6095,#6096);
#5252=AXIS2_PLACEMENT_3D('',#7500,#6097,#6098);
#5253=AXIS2_PLACEMENT_3D('',#7503,#6100,#6101);
#5254=AXIS2_PLACEMENT_3D('',#7504,#6102,#6103);
#5255=AXIS2_PLACEMENT_3D('',#7506,#6104,#6105);
#5256=AXIS2_PLACEMENT_3D('',#7509,#6107,#6108);
#5257=AXIS2_PLACEMENT_3D('',#7510,#6109,#6110);
#5258=AXIS2_PLACEMENT_3D('',#7511,#6111,#6112);
#5259=AXIS2_PLACEMENT_3D('',#7513,#6113,#6114);
#5260=AXIS2_PLACEMENT_3D('',#7514,#6115,#6116);
#5261=AXIS2_PLACEMENT_3D('',#7516,#6118,#6119);
#5262=AXIS2_PLACEMENT_3D('',#7519,#6120,#6121);
#5263=AXIS2_PLACEMENT_3D('',#7521,#6123,#6124);
#5264=AXIS2_PLACEMENT_3D('',#7522,#6125,#6126);
#5265=AXIS2_PLACEMENT_3D('',#7525,#6127,#6128);
#5266=AXIS2_PLACEMENT_3D('',#7526,#6129,#6130);
#5267=AXIS2_PLACEMENT_3D('',#7528,#6132,#6133);
#5268=AXIS2_PLACEMENT_3D('',#7529,#6134,#6135);
#5269=AXIS2_PLACEMENT_3D('',#7531,#6137,#6138);
#5270=AXIS2_PLACEMENT_3D('',#7532,#6139,#6140);
#5271=AXIS2_PLACEMENT_3D('',#7533,#6141,#6142);
#5272=AXIS2_PLACEMENT_3D('',#7535,#6143,#6144);
#5273=AXIS2_PLACEMENT_3D('',#7538,#6146,#6147);
#5274=AXIS2_PLACEMENT_3D('',#7539,#6148,#6149);
#5275=AXIS2_PLACEMENT_3D('',#7543,#6151,#6152);
#5276=AXIS2_PLACEMENT_3D('',#7544,#6153,#6154);
#5277=AXIS2_PLACEMENT_3D('',#7545,#6155,#6156);
#5278=AXIS2_PLACEMENT_3D('',#7548,#6157,#6158);
#5279=AXIS2_PLACEMENT_3D('',#7550,#6159,#6160);
#5280=AXIS2_PLACEMENT_3D('',#7552,#6161,#6162);
#5281=AXIS2_PLACEMENT_3D('',#7554,#6163,#6164);
#5282=AXIS2_PLACEMENT_3D('',#7556,#6165,#6166);
#5283=AXIS2_PLACEMENT_3D('',#7557,#6167,#6168);
#5284=AXIS2_PLACEMENT_3D('',#7558,#6169,#6170);
#5285=AXIS2_PLACEMENT_3D('',#7561,#6172,#6173);
#5286=AXIS2_PLACEMENT_3D('',#7562,#6174,#6175);
#5287=AXIS2_PLACEMENT_3D('',#7565,#6176,#6177);
#5288=AXIS2_PLACEMENT_3D('',#7567,#6178,#6179);
#5289=AXIS2_PLACEMENT_3D('',#7569,#6180,#6181);
#5290=AXIS2_PLACEMENT_3D('',#7571,#6182,#6183);
#5291=AXIS2_PLACEMENT_3D('',#7573,#6184,#6185);
#5292=AXIS2_PLACEMENT_3D('',#7574,#6186,#6187);
#5293=AXIS2_PLACEMENT_3D('',#7575,#6188,#6189);
#5294=AXIS2_PLACEMENT_3D('',#7583,#6190,#6191);
#5295=AXIS2_PLACEMENT_3D('',#7591,#6192,#6193);
#5296=AXIS2_PLACEMENT_3D('',#7599,#6194,#6195);
#5297=AXIS2_PLACEMENT_3D('',#7607,#6196,#6197);
#5298=AXIS2_PLACEMENT_3D('',#7615,#6198,#6199);
#5299=AXIS2_PLACEMENT_3D('',#7623,#6200,#6201);
#5300=AXIS2_PLACEMENT_3D('',#7631,#6202,#6203);
#5301=AXIS2_PLACEMENT_3D('',#7639,#6204,#6205);
#5302=AXIS2_PLACEMENT_3D('',#7647,#6206,#6207);
#5303=AXIS2_PLACEMENT_3D('',#7655,#6208,#6209);
#5304=AXIS2_PLACEMENT_3D('',#7663,#6210,#6211);
#5305=AXIS2_PLACEMENT_3D('',#7671,#6212,#6213);
#5306=AXIS2_PLACEMENT_3D('',#7674,#6216,#6217);
#5307=AXIS2_PLACEMENT_3D('',#7676,#6219,#6220);
#5308=AXIS2_PLACEMENT_3D('',#7678,#6222,#6223);
#5309=AXIS2_PLACEMENT_3D('',#7680,#6225,#6226);
#5310=AXIS2_PLACEMENT_3D('',#7682,#6228,#6229);
#5311=AXIS2_PLACEMENT_3D('',#7683,#6230,#6231);
#5312=AXIS2_PLACEMENT_3D('',#7684,#6232,#6233);
#5313=AXIS2_PLACEMENT_3D('',#7685,#6234,#6235);
#5314=AXIS2_PLACEMENT_3D('',#7686,#6236,#6237);
#5315=AXIS2_PLACEMENT_3D('',#7687,#6238,#6239);
#5316=AXIS2_PLACEMENT_3D('',#7688,#6240,#6241);
#5317=AXIS2_PLACEMENT_3D('',#7689,#6242,#6243);
#5318=AXIS2_PLACEMENT_3D('',#7690,#6244,#6245);
#5319=AXIS2_PLACEMENT_3D('',#7691,#6246,#6247);
#5320=AXIS2_PLACEMENT_3D('',#7692,#6248,#6249);
#5321=AXIS2_PLACEMENT_3D('',#7693,#6250,#6251);
#5322=AXIS2_PLACEMENT_3D('',#7694,#6252,#6253);
#5323=AXIS2_PLACEMENT_3D('',#7695,#6254,#6255);
#5324=AXIS2_PLACEMENT_3D('',#7696,#6256,#6257);
#5325=AXIS2_PLACEMENT_3D('',#7697,#6258,#6259);
#5326=AXIS2_PLACEMENT_3D('',#7698,#6260,#6261);
#5327=AXIS2_PLACEMENT_3D('',#7700,#6262,#6263);
#5328=AXIS2_PLACEMENT_3D('',#7703,#6265,#6266);
#5329=AXIS2_PLACEMENT_3D('',#7704,#6267,#6268);
#5330=AXIS2_PLACEMENT_3D('',#7706,#6269,#6270);
#5331=AXIS2_PLACEMENT_3D('',#7707,#6271,#6272);
#5332=AXIS2_PLACEMENT_3D('',#7709,#6273,#6274);
#5333=AXIS2_PLACEMENT_3D('',#7712,#6276,#6277);
#5334=AXIS2_PLACEMENT_3D('',#7713,#6278,#6279);
#5335=AXIS2_PLACEMENT_3D('',#7715,#6280,#6281);
#5336=AXIS2_PLACEMENT_3D('',#7716,#6282,#6283);
#5337=AXIS2_PLACEMENT_3D('',#7725,#6288,#6289);
#5338=AXIS2_PLACEMENT_3D('',#7734,#6294,#6295);
#5339=AXIS2_PLACEMENT_3D('',#7740,#6299,#6300);
#5340=AXIS2_PLACEMENT_3D('',#7746,#6304,#6305);
#5341=AXIS2_PLACEMENT_3D('',#7749,#6308,#6309);
#5342=AXIS2_PLACEMENT_3D('',#7752,#6312,#6313);
#5343=AXIS2_PLACEMENT_3D('',#7758,#6317,#6318);
#5344=AXIS2_PLACEMENT_3D('',#7762,#6321,#6322);
#5345=AXIS2_PLACEMENT_3D('',#7766,#6325,#6326);
#5346=AXIS2_PLACEMENT_3D('',#7771,#6328,#6329);
#5347=AXIS2_PLACEMENT_3D('',#7798,#6343,#6344);
#5348=AXIS2_PLACEMENT_3D('',#7800,#6345,#6346);
#5349=AXIS2_PLACEMENT_3D('',#7814,#6353,#6354);
#5350=AXIS2_PLACEMENT_3D('',#7816,#6355,#6356);
#5351=AXIS2_PLACEMENT_3D('',#7818,#6357,#6358);
#5352=AXIS2_PLACEMENT_3D('',#7840,#6369,#6370);
#5353=AXIS2_PLACEMENT_3D('',#7843,#6371,#6372);
#5354=AXIS2_PLACEMENT_3D('',#7845,#6373,#6374);
#5355=AXIS2_PLACEMENT_3D('',#7847,#6375,#6376);
#5356=AXIS2_PLACEMENT_3D('',#7849,#6377,#6378);
#5357=AXIS2_PLACEMENT_3D('',#7851,#6379,#6380);
#5358=AXIS2_PLACEMENT_3D('',#7852,#6381,#6382);
#5359=AXIS2_PLACEMENT_3D('',#7855,#6383,#6384);
#5360=AXIS2_PLACEMENT_3D('',#7857,#6385,#6386);
#5361=AXIS2_PLACEMENT_3D('',#7859,#6387,#6388);
#5362=AXIS2_PLACEMENT_3D('',#7861,#6389,#6390);
#5363=AXIS2_PLACEMENT_3D('',#7863,#6391,#6392);
#5364=AXIS2_PLACEMENT_3D('',#7864,#6393,#6394);
#5365=AXIS2_PLACEMENT_3D('',#7865,#6395,#6396);
#5366=AXIS2_PLACEMENT_3D('',#7869,#6399,#6400);
#5367=AXIS2_PLACEMENT_3D('',#7873,#6403,#6404);
#5368=AXIS2_PLACEMENT_3D('',#7875,#6406,#6407);
#5369=AXIS2_PLACEMENT_3D('',#7877,#6408,#6409);
#5370=AXIS2_PLACEMENT_3D('',#7878,#6410,#6411);
#5371=AXIS2_PLACEMENT_3D('',#7880,#6412,#6413);
#5372=AXIS2_PLACEMENT_3D('',#7882,#6415,#6416);
#5373=AXIS2_PLACEMENT_3D('',#7893,#6417,#6418);
#5374=AXIS2_PLACEMENT_3D('',#7902,#6419,#6420);
#5375=AXIS2_PLACEMENT_3D('',#7906,#6422,#6423);
#5376=AXIS2_PLACEMENT_3D('',#7908,#6425,#6426);
#5377=AXIS2_PLACEMENT_3D('',#7919,#6427,#6428);
#5378=AXIS2_PLACEMENT_3D('',#7928,#6429,#6430);
#5379=AXIS2_PLACEMENT_3D('',#7932,#6432,#6433);
#5380=AXIS2_PLACEMENT_3D('',#7934,#6435,#6436);
#5381=AXIS2_PLACEMENT_3D('',#7945,#6437,#6438);
#5382=AXIS2_PLACEMENT_3D('',#7954,#6439,#6440);
#5383=AXIS2_PLACEMENT_3D('',#7958,#6442,#6443);
#5384=AXIS2_PLACEMENT_3D('',#7960,#6445,#6446);
#5385=AXIS2_PLACEMENT_3D('',#7971,#6447,#6448);
#5386=AXIS2_PLACEMENT_3D('',#7980,#6449,#6450);
#5387=AXIS2_PLACEMENT_3D('',#7984,#6452,#6453);
#5388=AXIS2_PLACEMENT_3D('',#7986,#6455,#6456);
#5389=AXIS2_PLACEMENT_3D('',#7997,#6457,#6458);
#5390=AXIS2_PLACEMENT_3D('',#8006,#6459,#6460);
#5391=AXIS2_PLACEMENT_3D('',#8010,#6462,#6463);
#5392=AXIS2_PLACEMENT_3D('',#8012,#6465,#6466);
#5393=AXIS2_PLACEMENT_3D('',#8023,#6467,#6468);
#5394=AXIS2_PLACEMENT_3D('',#8032,#6469,#6470);
#5395=AXIS2_PLACEMENT_3D('',#8036,#6472,#6473);
#5396=AXIS2_PLACEMENT_3D('',#8038,#6475,#6476);
#5397=AXIS2_PLACEMENT_3D('',#8039,#6477,#6478);
#5398=AXIS2_PLACEMENT_3D('',#8040,#6479,#6480);
#5399=AXIS2_PLACEMENT_3D('',#8041,#6481,#6482);
#5400=AXIS2_PLACEMENT_3D('',#8042,#6483,#6484);
#5401=AXIS2_PLACEMENT_3D('',#8043,#6485,#6486);
#5402=AXIS2_PLACEMENT_3D('',#8044,#6487,#6488);
#5403=AXIS2_PLACEMENT_3D('',#8045,#6489,#6490);
#5404=AXIS2_PLACEMENT_3D('',#8046,#6491,#6492);
#5405=AXIS2_PLACEMENT_3D('',#8047,#6493,#6494);
#5406=AXIS2_PLACEMENT_3D('',#8048,#6495,#6496);
#5407=AXIS2_PLACEMENT_3D('',#8049,#6497,#6498);
#5408=AXIS2_PLACEMENT_3D('',#8050,#6499,#6500);
#5409=AXIS2_PLACEMENT_3D('',#8053,#6502,#6503);
#5410=AXIS2_PLACEMENT_3D('',#8054,#6504,#6505);
#5411=AXIS2_PLACEMENT_3D('',#8057,#6507,#6508);
#5412=AXIS2_PLACEMENT_3D('',#8058,#6509,#6510);
#5413=AXIS2_PLACEMENT_3D('',#8061,#6512,#6513);
#5414=AXIS2_PLACEMENT_3D('',#8062,#6514,#6515);
#5415=AXIS2_PLACEMENT_3D('',#8065,#6517,#6518);
#5416=AXIS2_PLACEMENT_3D('',#8066,#6519,#6520);
#5417=AXIS2_PLACEMENT_3D('',#8069,#6522,#6523);
#5418=AXIS2_PLACEMENT_3D('',#8070,#6524,#6525);
#5419=AXIS2_PLACEMENT_3D('',#8074,#6527,#6528);
#5420=AXIS2_PLACEMENT_3D('',#8076,#6530,#6531);
#5421=AXIS2_PLACEMENT_3D('',#8080,#6534,#6535);
#5422=AXIS2_PLACEMENT_3D('',#8099,#6545,#6546);
#5423=AXIS2_PLACEMENT_3D('',#8101,#6547,#6548);
#5424=AXIS2_PLACEMENT_3D('',#8138,#6567,#6568);
#5425=AXIS2_PLACEMENT_3D('',#8144,#6572,#6573);
#5426=AXIS2_PLACEMENT_3D('',#8150,#6577,#6578);
#5427=AXIS2_PLACEMENT_3D('',#8165,#6587,#6588);
#5428=AXIS2_PLACEMENT_3D('',#8169,#6591,#6592);
#5429=AXIS2_PLACEMENT_3D('',#8175,#6596,#6597);
#5430=AXIS2_PLACEMENT_3D('',#8179,#6600,#6601);
#5431=AXIS2_PLACEMENT_3D('',#8183,#6604,#6605);
#5432=AXIS2_PLACEMENT_3D('',#8185,#6607,#6608);
#5433=AXIS2_PLACEMENT_3D('',#8189,#6611,#6612);
#5434=AXIS2_PLACEMENT_3D('',#8191,#6614,#6615);
#5435=AXIS2_PLACEMENT_3D('',#8193,#6617,#6618);
#5436=AXIS2_PLACEMENT_3D('',#8194,#6619,#6620);
#5437=AXIS2_PLACEMENT_3D('',#8198,#6622,#6623);
#5438=AXIS2_PLACEMENT_3D('',#8199,#6624,#6625);
#5439=AXIS2_PLACEMENT_3D('',#8200,#6626,#6627);
#5440=AXIS2_PLACEMENT_3D('',#8203,#6629,#6630);
#5441=AXIS2_PLACEMENT_3D('',#8204,#6631,#6632);
#5442=AXIS2_PLACEMENT_3D('',#8207,#6634,#6635);
#5443=AXIS2_PLACEMENT_3D('',#8208,#6636,#6637);
#5444=AXIS2_PLACEMENT_3D('',#8210,#6639,#6640);
#5445=AXIS2_PLACEMENT_3D('',#8216,#6644,#6645);
#5446=AXIS2_PLACEMENT_3D('',#8220,#6648,#6649);
#5447=AXIS2_PLACEMENT_3D('',#8226,#6653,#6654);
#5448=AXIS2_PLACEMENT_3D('',#8230,#6657,#6658);
#5449=AXIS2_PLACEMENT_3D('',#8232,#6660,#6661);
#5450=AXIS2_PLACEMENT_3D('',#8234,#6663,#6664);
#5451=AXIS2_PLACEMENT_3D('',#8240,#6668,#6669);
#5452=AXIS2_PLACEMENT_3D('',#8244,#6672,#6673);
#5453=AXIS2_PLACEMENT_3D('',#8248,#6676,#6677);
#5454=AXIS2_PLACEMENT_3D('',#8254,#6681,#6682);
#5455=AXIS2_PLACEMENT_3D('',#8258,#6685,#6686);
#5456=AXIS2_PLACEMENT_3D('',#8264,#6690,#6691);
#5457=AXIS2_PLACEMENT_3D('',#8268,#6694,#6695);
#5458=AXIS2_PLACEMENT_3D('',#8270,#6697,#6698);
#5459=AXIS2_PLACEMENT_3D('',#8272,#6700,#6701);
#5460=AXIS2_PLACEMENT_3D('',#8278,#6705,#6706);
#5461=AXIS2_PLACEMENT_3D('',#8282,#6709,#6710);
#5462=AXIS2_PLACEMENT_3D('',#8286,#6713,#6714);
#5463=AXIS2_PLACEMENT_3D('',#8290,#6717,#6718);
#5464=AXIS2_PLACEMENT_3D('',#8294,#6721,#6722);
#5465=AXIS2_PLACEMENT_3D('',#8296,#6724,#6725);
#5466=AXIS2_PLACEMENT_3D('',#8298,#6726,#6727);
#5467=AXIS2_PLACEMENT_3D('',#8299,#6728,#6729);
#5468=AXIS2_PLACEMENT_3D('',#8303,#6732,#6733);
#5469=AXIS2_PLACEMENT_3D('',#8307,#6736,#6737);
#5470=AXIS2_PLACEMENT_3D('',#8309,#6739,#6740);
#5471=AXIS2_PLACEMENT_3D('',#8311,#6741,#6742);
#5472=AXIS2_PLACEMENT_3D('',#8312,#6743,#6744);
#5473=AXIS2_PLACEMENT_3D('',#8314,#6746,#6747);
#5474=AXIS2_PLACEMENT_3D('',#8316,#6749,#6750);
#5475=AXIS2_PLACEMENT_3D('',#8318,#6752,#6753);
#5476=AXIS2_PLACEMENT_3D('',#8320,#6755,#6756);
#5477=AXIS2_PLACEMENT_3D('',#8323,#6759,#6760);
#5478=AXIS2_PLACEMENT_3D('',#8329,#6764,#6765);
#5479=AXIS2_PLACEMENT_3D('',#8333,#6768,#6769);
#5480=AXIS2_PLACEMENT_3D('',#8337,#6772,#6773);
#5481=AXIS2_PLACEMENT_3D('',#8343,#6777,#6778);
#5482=AXIS2_PLACEMENT_3D('',#8345,#6780,#6781);
#5483=AXIS2_PLACEMENT_3D('',#8347,#6783,#6784);
#5484=AXIS2_PLACEMENT_3D('',#8353,#6788,#6789);
#5485=AXIS2_PLACEMENT_3D('',#8357,#6792,#6793);
#5486=AXIS2_PLACEMENT_3D('',#8361,#6796,#6797);
#5487=AXIS2_PLACEMENT_3D('',#8365,#6800,#6801);
#5488=AXIS2_PLACEMENT_3D('',#8369,#6804,#6805);
#5489=AXIS2_PLACEMENT_3D('',#8371,#6807,#6808);
#5490=AXIS2_PLACEMENT_3D('',#8373,#6809,#6810);
#5491=AXIS2_PLACEMENT_3D('',#8374,#6811,#6812);
#5492=AXIS2_PLACEMENT_3D('',#8376,#6814,#6815);
#5493=AXIS2_PLACEMENT_3D('',#8382,#6819,#6820);
#5494=AXIS2_PLACEMENT_3D('',#8388,#6824,#6825);
#5495=AXIS2_PLACEMENT_3D('',#8394,#6829,#6830);
#5496=AXIS2_PLACEMENT_3D('',#8400,#6834,#6835);
#5497=AXIS2_PLACEMENT_3D('',#8406,#6839,#6840);
#5498=AXIS2_PLACEMENT_3D('',#8409,#6843,#6844);
#5499=AXIS2_PLACEMENT_3D('',#8410,#6845,#6846);
#5500=AXIS2_PLACEMENT_3D('',#8411,#6847,#6848);
#5501=AXIS2_PLACEMENT_3D('',#8417,#6852,#6853);
#5502=AXIS2_PLACEMENT_3D('',#8421,#6856,#6857);
#5503=AXIS2_PLACEMENT_3D('',#8425,#6860,#6861);
#5504=AXIS2_PLACEMENT_3D('',#8429,#6864,#6865);
#5505=AXIS2_PLACEMENT_3D('',#8433,#6868,#6869);
#5506=AXIS2_PLACEMENT_3D('',#8435,#6871,#6872);
#5507=AXIS2_PLACEMENT_3D('',#8441,#6876,#6877);
#5508=AXIS2_PLACEMENT_3D('',#8445,#6880,#6881);
#5509=AXIS2_PLACEMENT_3D('',#8449,#6884,#6885);
#5510=AXIS2_PLACEMENT_3D('',#8455,#6889,#6890);
#5511=AXIS2_PLACEMENT_3D('',#8461,#6894,#6895);
#5512=AXIS2_PLACEMENT_3D('',#8465,#6898,#6899);
#5513=AXIS2_PLACEMENT_3D('',#8469,#6902,#6903);
#5514=AXIS2_PLACEMENT_3D('',#8471,#6905,#6906);
#5515=AXIS2_PLACEMENT_3D('',#8473,#6908,#6909);
#5516=AXIS2_PLACEMENT_3D('',#8479,#6913,#6914);
#5517=AXIS2_PLACEMENT_3D('',#8483,#6917,#6918);
#5518=AXIS2_PLACEMENT_3D('',#8487,#6921,#6922);
#5519=AXIS2_PLACEMENT_3D('',#8491,#6925,#6926);
#5520=AXIS2_PLACEMENT_3D('',#8495,#6929,#6930);
#5521=AXIS2_PLACEMENT_3D('',#8497,#6932,#6933);
#5522=AXIS2_PLACEMENT_3D('',#8499,#6934,#6935);
#5523=AXIS2_PLACEMENT_3D('',#8500,#6936,#6937);
#5524=AXIS2_PLACEMENT_3D('',#8504,#6940,#6941);
#5525=AXIS2_PLACEMENT_3D('',#8508,#6944,#6945);
#5526=AXIS2_PLACEMENT_3D('',#8510,#6947,#6948);
#5527=AXIS2_PLACEMENT_3D('',#8512,#6949,#6950);
#5528=AXIS2_PLACEMENT_3D('',#8513,#6951,#6952);
#5529=AXIS2_PLACEMENT_3D('',#8515,#6954,#6955);
#5530=AXIS2_PLACEMENT_3D('',#8517,#6957,#6958);
#5531=AXIS2_PLACEMENT_3D('',#8518,#6959,#6960);
#5532=AXIS2_PLACEMENT_3D('',#8519,#6961,#6962);
#5533=DIRECTION('axis',(0.,0.,1.));
#5534=DIRECTION('refdir',(1.,0.,0.));
#5535=DIRECTION('axis',(0.,0.,1.));
#5536=DIRECTION('refdir',(1.,0.,0.));
#5537=DIRECTION('axis',(0.,0.,1.));
#5538=DIRECTION('refdir',(1.,0.,0.));
#5539=DIRECTION('axis',(0.,0.,1.));
#5540=DIRECTION('refdir',(1.,0.,0.));
#5541=DIRECTION('center_axis',(0.,0.,-1.));
#5542=DIRECTION('ref_axis',(-1.,0.,0.));
#5543=DIRECTION('center_axis',(0.,0.,-1.));
#5544=DIRECTION('ref_axis',(-1.,0.,0.));
#5545=DIRECTION('',(0.,0.,1.));
#5546=DIRECTION('center_axis',(0.,0.,1.));
#5547=DIRECTION('ref_axis',(-1.,0.,0.));
#5548=DIRECTION('center_axis',(0.,0.,-1.));
#5549=DIRECTION('ref_axis',(-1.,0.,0.));
#5550=DIRECTION('center_axis',(0.,0.,1.));
#5551=DIRECTION('ref_axis',(1.,0.,0.));
#5552=DIRECTION('center_axis',(0.,0.,-1.));
#5553=DIRECTION('ref_axis',(-1.,0.,0.));
#5554=DIRECTION('center_axis',(0.,0.,-1.));
#5555=DIRECTION('ref_axis',(-1.,0.,0.));
#5556=DIRECTION('',(0.,0.,1.));
#5557=DIRECTION('center_axis',(0.,0.,1.));
#5558=DIRECTION('ref_axis',(-1.,0.,0.));
#5559=DIRECTION('center_axis',(0.,0.,-1.));
#5560=DIRECTION('ref_axis',(-1.,0.,0.));
#5561=DIRECTION('center_axis',(0.,0.,1.));
#5562=DIRECTION('ref_axis',(1.,0.,0.));
#5563=DIRECTION('center_axis',(0.,1.,0.));
#5564=DIRECTION('ref_axis',(0.707106781186547,0.,-0.707106781186548));
#5565=DIRECTION('center_axis',(0.,-1.,0.));
#5566=DIRECTION('ref_axis',(0.707106781186547,0.,-0.707106781186548));
#5567=DIRECTION('',(0.,-1.,0.));
#5568=DIRECTION('center_axis',(0.,1.,0.));
#5569=DIRECTION('ref_axis',(0.707106781186547,0.,-0.707106781186548));
#5570=DIRECTION('',(0.,1.,0.));
#5571=DIRECTION('center_axis',(-1.,0.,0.));
#5572=DIRECTION('ref_axis',(0.,1.,0.));
#5573=DIRECTION('',(0.,0.,-1.));
#5574=DIRECTION('center_axis',(1.,0.,0.));
#5575=DIRECTION('ref_axis',(0.,-0.707106781186549,0.707106781186546));
#5576=DIRECTION('',(0.,1.,0.));
#5577=DIRECTION('',(0.,0.,-1.));
#5578=DIRECTION('center_axis',(0.,-1.,0.));
#5579=DIRECTION('ref_axis',(-1.,0.,0.));
#5580=DIRECTION('',(-1.,0.,0.));
#5581=DIRECTION('',(1.506829998202E-16,0.,1.));
#5582=DIRECTION('',(-1.,0.,0.));
#5583=DIRECTION('',(0.,0.,-1.));
#5584=DIRECTION('',(-1.,0.,0.));
#5585=DIRECTION('center_axis',(0.,-1.,0.));
#5586=DIRECTION('ref_axis',(-0.707106781186547,0.,-0.707106781186548));
#5587=DIRECTION('',(0.,0.,-1.));
#5588=DIRECTION('',(-1.,0.,0.));
#5589=DIRECTION('center_axis',(0.,-1.,0.));
#5590=DIRECTION('ref_axis',(-0.707106781186547,0.,-0.707106781186548));
#5591=DIRECTION('center_axis',(0.,1.,0.));
#5592=DIRECTION('ref_axis',(-0.707106781186547,0.,-0.707106781186548));
#5593=DIRECTION('',(0.,1.,0.));
#5594=DIRECTION('',(0.,-1.,0.));
#5595=DIRECTION('center_axis',(-1.,0.,0.));
#5596=DIRECTION('ref_axis',(0.,-1.,0.));
#5597=DIRECTION('',(0.,0.,1.));
#5598=DIRECTION('center_axis',(1.,0.,0.));
#5599=DIRECTION('ref_axis',(0.,-0.707106781186548,0.707106781186548));
#5600=DIRECTION('',(0.,-1.,0.));
#5601=DIRECTION('',(0.,0.,1.));
#5602=DIRECTION('',(0.,-1.,0.));
#5603=DIRECTION('center_axis',(-1.,0.,0.));
#5604=DIRECTION('ref_axis',(0.,-0.707106781186549,0.707106781186546));
#5605=DIRECTION('center_axis',(0.,-1.,0.));
#5606=DIRECTION('ref_axis',(1.,0.,0.));
#5607=DIRECTION('',(1.,0.,0.));
#5608=DIRECTION('',(1.,0.,0.));
#5609=DIRECTION('',(0.,0.,1.));
#5610=DIRECTION('',(1.,0.,0.));
#5611=DIRECTION('',(-1.506829998202E-16,0.,-1.));
#5612=DIRECTION('',(1.,0.,0.));
#5613=DIRECTION('center_axis',(-1.,0.,0.));
#5614=DIRECTION('ref_axis',(0.,-0.707106781186549,0.707106781186546));
#5615=DIRECTION('',(1.,0.,0.));
#5616=DIRECTION('center_axis',(1.,0.,0.));
#5617=DIRECTION('ref_axis',(0.,-0.707106781186548,0.707106781186548));
#5618=DIRECTION('',(1.,0.,0.));
#5619=DIRECTION('center_axis',(1.,0.,0.));
#5620=DIRECTION('ref_axis',(0.,-0.707106781186548,0.707106781186548));
#5621=DIRECTION('',(-1.,0.,0.));
#5622=DIRECTION('center_axis',(0.,0.,1.));
#5623=DIRECTION('ref_axis',(1.,0.,0.));
#5624=DIRECTION('',(0.,-1.,0.));
#5625=DIRECTION('center_axis',(0.,0.,1.));
#5626=DIRECTION('ref_axis',(-1.,0.,0.));
#5627=DIRECTION('',(0.,1.,0.));
#5628=DIRECTION('',(-1.,0.,0.));
#5629=DIRECTION('',(0.,1.,0.));
#5630=DIRECTION('center_axis',(0.,0.,-1.));
#5631=DIRECTION('ref_axis',(0.707106781186548,0.707106781186548,0.));
#5632=DIRECTION('',(-1.,0.,0.));
#5633=DIRECTION('center_axis',(0.,0.,-1.));
#5634=DIRECTION('ref_axis',(-0.707106781186548,0.707106781186548,0.));
#5635=DIRECTION('center_axis',(0.,0.,-1.));
#5636=DIRECTION('ref_axis',(1.,0.,0.));
#5637=DIRECTION('center_axis',(0.,0.,-1.));
#5638=DIRECTION('ref_axis',(1.,0.,0.));
#5639=DIRECTION('center_axis',(0.,0.,-1.));
#5640=DIRECTION('ref_axis',(1.,0.,0.));
#5641=DIRECTION('center_axis',(0.,0.,-1.));
#5642=DIRECTION('ref_axis',(1.,0.,0.));
#5643=DIRECTION('center_axis',(0.,0.,-1.));
#5644=DIRECTION('ref_axis',(-1.,0.,0.));
#5645=DIRECTION('center_axis',(0.,0.,-1.));
#5646=DIRECTION('ref_axis',(-1.,0.,0.));
#5647=DIRECTION('center_axis',(0.,0.,-1.));
#5648=DIRECTION('ref_axis',(-1.,0.,0.));
#5649=DIRECTION('center_axis',(0.,0.,-1.));
#5650=DIRECTION('ref_axis',(-1.,0.,0.));
#5651=DIRECTION('',(0.,1.,0.));
#5652=DIRECTION('',(0.,1.,0.));
#5653=DIRECTION('center_axis',(-1.,0.,1.506829998202E-16));
#5654=DIRECTION('ref_axis',(1.506829998202E-16,0.,1.));
#5655=DIRECTION('',(0.,1.,0.));
#5656=DIRECTION('center_axis',(1.,0.,0.));
#5657=DIRECTION('ref_axis',(0.,0.,-1.));
#5658=DIRECTION('',(0.,-1.,0.));
#5659=DIRECTION('center_axis',(0.,0.,1.));
#5660=DIRECTION('ref_axis',(1.,0.,0.));
#5661=DIRECTION('center_axis',(0.,0.,1.));
#5662=DIRECTION('ref_axis',(1.,0.,0.));
#5663=DIRECTION('center_axis',(0.,0.,1.));
#5664=DIRECTION('ref_axis',(1.,0.,0.));
#5665=DIRECTION('',(-1.,0.,0.));
#5666=DIRECTION('',(0.,1.,0.));
#5667=DIRECTION('',(1.,0.,0.));
#5668=DIRECTION('',(0.,1.,0.));
#5669=DIRECTION('center_axis',(-1.,0.,-1.506829998202E-16));
#5670=DIRECTION('ref_axis',(-1.506829998202E-16,0.,1.));
#5671=DIRECTION('',(1.506829998202E-16,0.,-1.));
#5672=DIRECTION('',(-1.506829998202E-16,0.,1.));
#5673=DIRECTION('',(0.,-1.,0.));
#5674=DIRECTION('center_axis',(1.,0.,0.));
#5675=DIRECTION('ref_axis',(0.,0.,-1.));
#5676=DIRECTION('',(0.,0.,1.));
#5677=DIRECTION('',(0.,1.,0.));
#5678=DIRECTION('',(0.,0.,-1.));
#5679=DIRECTION('center_axis',(0.,1.,0.));
#5680=DIRECTION('ref_axis',(1.,0.,0.));
#5681=DIRECTION('',(1.,0.,0.));
#5682=DIRECTION('center_axis',(0.,-1.,0.));
#5683=DIRECTION('ref_axis',(-0.707106781186547,0.,-0.707106781186548));
#5684=DIRECTION('',(0.,0.,-1.));
#5685=DIRECTION('',(-1.,0.,0.));
#5686=DIRECTION('',(0.,0.,-1.));
#5687=DIRECTION('center_axis',(0.,-1.,0.));
#5688=DIRECTION('ref_axis',(0.707106781186547,0.,-0.707106781186548));
#5689=DIRECTION('',(1.,0.,0.));
#5690=DIRECTION('center_axis',(0.,0.,-1.));
#5691=DIRECTION('ref_axis',(-1.,0.,0.));
#5692=DIRECTION('',(-1.,0.,0.));
#5693=DIRECTION('',(0.,-1.,0.));
#5694=DIRECTION('center_axis',(0.,1.,0.));
#5695=DIRECTION('ref_axis',(-0.707106781186547,0.,-0.707106781186548));
#5696=DIRECTION('center_axis',(0.,1.,0.));
#5697=DIRECTION('ref_axis',(-0.707106781186547,0.,-0.707106781186548));
#5698=DIRECTION('',(0.,1.,0.));
#5699=DIRECTION('center_axis',(0.,0.,-1.));
#5700=DIRECTION('ref_axis',(-1.,0.,0.));
#5701=DIRECTION('',(0.,1.,0.));
#5702=DIRECTION('',(-1.,0.,0.));
#5703=DIRECTION('center_axis',(0.,-1.,0.));
#5704=DIRECTION('ref_axis',(0.707106781186547,0.,-0.707106781186548));
#5705=DIRECTION('center_axis',(0.,1.,0.));
#5706=DIRECTION('ref_axis',(0.707106781186547,0.,-0.707106781186548));
#5707=DIRECTION('',(0.,-1.,0.));
#5708=DIRECTION('center_axis',(0.,-1.,0.));
#5709=DIRECTION('ref_axis',(1.,0.,0.));
#5710=DIRECTION('',(0.,0.,1.));
#5711=DIRECTION('',(1.,0.,0.));
#5712=DIRECTION('',(0.,0.,-1.));
#5713=DIRECTION('center_axis',(1.,0.,0.));
#5714=DIRECTION('ref_axis',(0.,1.,0.));
#5715=DIRECTION('center_axis',(1.,0.,0.));
#5716=DIRECTION('ref_axis',(0.,-0.707106781186549,0.707106781186546));
#5717=DIRECTION('',(0.,1.,0.));
#5718=DIRECTION('',(0.,0.,-1.));
#5719=DIRECTION('center_axis',(-1.,0.,0.));
#5720=DIRECTION('ref_axis',(0.,-0.707106781186548,0.707106781186548));
#5721=DIRECTION('center_axis',(-1.,0.,0.));
#5722=DIRECTION('ref_axis',(0.,-0.707106781186549,0.707106781186546));
#5723=DIRECTION('center_axis',(-1.,0.,0.));
#5724=DIRECTION('ref_axis',(0.,-0.707106781186549,0.707106781186546));
#5725=DIRECTION('',(1.,0.,0.));
#5726=DIRECTION('center_axis',(0.,0.,1.));
#5727=DIRECTION('ref_axis',(1.,0.,0.));
#5728=DIRECTION('center_axis',(0.,0.,1.));
#5729=DIRECTION('ref_axis',(-0.707106781186548,0.707106781186548,0.));
#5730=DIRECTION('',(-1.,0.,0.));
#5731=DIRECTION('center_axis',(0.,0.,1.));
#5732=DIRECTION('ref_axis',(0.707106781186548,0.707106781186548,0.));
#5733=DIRECTION('',(0.,-1.,0.));
#5734=DIRECTION('',(1.,0.,0.));
#5735=DIRECTION('',(0.,1.,0.));
#5736=DIRECTION('center_axis',(0.,0.,1.));
#5737=DIRECTION('ref_axis',(-1.,0.,0.));
#5738=DIRECTION('',(0.,-1.,0.));
#5739=DIRECTION('center_axis',(0.,0.,-1.));
#5740=DIRECTION('ref_axis',(-1.,0.,0.));
#5741=DIRECTION('center_axis',(0.,0.,-1.));
#5742=DIRECTION('ref_axis',(-1.,0.,0.));
#5743=DIRECTION('center_axis',(0.,0.,-1.));
#5744=DIRECTION('ref_axis',(-1.,0.,0.));
#5745=DIRECTION('center_axis',(1.,0.,0.));
#5746=DIRECTION('ref_axis',(0.,-0.707106781186548,0.707106781186548));
#5747=DIRECTION('center_axis',(-1.,0.,0.));
#5748=DIRECTION('ref_axis',(0.,-0.707106781186548,0.707106781186548));
#5749=DIRECTION('center_axis',(-1.,0.,0.));
#5750=DIRECTION('ref_axis',(0.,1.,0.));
#5751=DIRECTION('center_axis',(0.,0.,1.));
#5752=DIRECTION('ref_axis',(1.,0.,0.));
#5753=DIRECTION('',(-0.85716730070211,-1.04972719113862E-16,0.515038074910058));
#5754=DIRECTION('center_axis',(0.,0.,1.));
#5755=DIRECTION('ref_axis',(1.,0.,0.));
#5756=DIRECTION('center_axis',(0.,0.,1.));
#5757=DIRECTION('ref_axis',(1.,0.,0.));
#5758=DIRECTION('center_axis',(0.,0.,1.));
#5759=DIRECTION('ref_axis',(1.,0.,0.));
#5760=DIRECTION('',(-0.707106781186547,-8.65956056235493E-17,0.707106781186548));
#5761=DIRECTION('center_axis',(0.,0.,-1.));
#5762=DIRECTION('ref_axis',(1.,0.,0.));
#5763=DIRECTION('center_axis',(0.,0.,1.));
#5764=DIRECTION('ref_axis',(1.,0.,0.));
#5765=DIRECTION('',(0.,0.,1.));
#5766=DIRECTION('center_axis',(0.,0.,1.));
#5767=DIRECTION('ref_axis',(1.,0.,0.));
#5768=DIRECTION('',(-0.85716730070211,-1.04972719113862E-16,0.515038074910058));
#5769=DIRECTION('center_axis',(0.,0.,1.));
#5770=DIRECTION('ref_axis',(1.,0.,0.));
#5771=DIRECTION('center_axis',(0.,0.,1.));
#5772=DIRECTION('ref_axis',(1.,0.,0.));
#5773=DIRECTION('center_axis',(0.,0.,1.));
#5774=DIRECTION('ref_axis',(1.,0.,0.));
#5775=DIRECTION('',(-0.707106781186547,-8.65956056235493E-17,0.707106781186548));
#5776=DIRECTION('center_axis',(0.,0.,-1.));
#5777=DIRECTION('ref_axis',(1.,0.,0.));
#5778=DIRECTION('center_axis',(0.,0.,1.));
#5779=DIRECTION('ref_axis',(1.,0.,0.));
#5780=DIRECTION('',(0.,0.,1.));
#5781=DIRECTION('center_axis',(0.,0.,1.));
#5782=DIRECTION('ref_axis',(1.,0.,0.));
#5783=DIRECTION('center_axis',(0.,0.,1.));
#5784=DIRECTION('ref_axis',(1.,0.,0.));
#5785=DIRECTION('',(0.,0.,-1.));
#5786=DIRECTION('center_axis',(0.,0.,1.));
#5787=DIRECTION('ref_axis',(1.,0.,0.));
#5788=DIRECTION('center_axis',(0.,0.,1.));
#5789=DIRECTION('ref_axis',(1.,0.,0.));
#5790=DIRECTION('center_axis',(0.,0.,1.));
#5791=DIRECTION('ref_axis',(1.,0.,0.));
#5792=DIRECTION('',(0.,0.,-1.));
#5793=DIRECTION('center_axis',(0.,0.,1.));
#5794=DIRECTION('ref_axis',(1.,0.,0.));
#5795=DIRECTION('center_axis',(0.,0.,1.));
#5796=DIRECTION('ref_axis',(1.,0.,0.));
#5797=DIRECTION('',(0.,0.,1.));
#5798=DIRECTION('center_axis',(0.,0.,1.));
#5799=DIRECTION('ref_axis',(1.,0.,0.));
#5800=DIRECTION('',(0.,0.,1.));
#5801=DIRECTION('center_axis',(0.,0.,1.));
#5802=DIRECTION('ref_axis',(-0.707106781186548,0.707106781186548,0.));
#5803=DIRECTION('',(0.,0.,-1.));
#5804=DIRECTION('center_axis',(0.,0.,1.));
#5805=DIRECTION('ref_axis',(0.707106781186548,0.707106781186548,0.));
#5806=DIRECTION('',(0.,0.,1.));
#5807=DIRECTION('center_axis',(0.,0.,1.));
#5808=DIRECTION('ref_axis',(-1.,0.,0.));
#5809=DIRECTION('',(0.,0.,1.));
#5810=DIRECTION('center_axis',(0.,0.,1.));
#5811=DIRECTION('ref_axis',(-1.,0.,0.));
#5812=DIRECTION('',(0.,0.,1.));
#5813=DIRECTION('center_axis',(0.,0.,1.));
#5814=DIRECTION('ref_axis',(-1.,0.,0.));
#5815=DIRECTION('',(0.,0.,1.));
#5816=DIRECTION('center_axis',(0.,0.,1.));
#5817=DIRECTION('ref_axis',(-1.,0.,0.));
#5818=DIRECTION('',(0.,0.,1.));
#5819=DIRECTION('',(0.,0.,1.));
#5820=DIRECTION('center_axis',(-1.,0.,0.));
#5821=DIRECTION('ref_axis',(0.,-1.,0.));
#5822=DIRECTION('center_axis',(0.,1.,0.));
#5823=DIRECTION('ref_axis',(-1.,0.,0.));
#5824=DIRECTION('center_axis',(1.,0.,0.));
#5825=DIRECTION('ref_axis',(0.,1.,0.));
#5826=DIRECTION('axis',(0.,0.,1.));
#5827=DIRECTION('refdir',(1.,0.,0.));
#5828=DIRECTION('center_axis',(0.,0.,1.));
#5829=DIRECTION('ref_axis',(-1.,0.,0.));
#5830=DIRECTION('center_axis',(0.,0.,-1.));
#5831=DIRECTION('ref_axis',(-1.,0.,0.));
#5832=DIRECTION('',(0.707106781186547,8.65956056235493E-17,0.707106781186548));
#5833=DIRECTION('center_axis',(0.,0.,1.));
#5834=DIRECTION('ref_axis',(-1.,0.,0.));
#5835=DIRECTION('center_axis',(0.,0.,-1.));
#5836=DIRECTION('ref_axis',(-1.,0.,0.));
#5837=DIRECTION('center_axis',(0.,0.,-1.));
#5838=DIRECTION('ref_axis',(1.,0.,0.));
#5839=DIRECTION('',(0.,0.,-1.));
#5840=DIRECTION('center_axis',(0.,0.,1.));
#5841=DIRECTION('ref_axis',(1.,0.,0.));
#5842=DIRECTION('center_axis',(0.,0.,1.));
#5843=DIRECTION('ref_axis',(1.,0.,0.));
#5844=DIRECTION('center_axis',(0.,0.,1.));
#5845=DIRECTION('ref_axis',(1.,0.,0.));
#5846=DIRECTION('center_axis',(0.,0.,-1.));
#5847=DIRECTION('ref_axis',(-1.,0.,0.));
#5848=DIRECTION('center_axis',(0.,0.,-1.));
#5849=DIRECTION('ref_axis',(-1.,0.,0.));
#5850=DIRECTION('',(0.,0.,1.));
#5851=DIRECTION('center_axis',(0.,0.,1.));
#5852=DIRECTION('ref_axis',(-1.,0.,0.));
#5853=DIRECTION('center_axis',(0.,0.,-1.));
#5854=DIRECTION('ref_axis',(-1.,0.,0.));
#5855=DIRECTION('center_axis',(0.,0.,1.));
#5856=DIRECTION('ref_axis',(1.,0.,0.));
#5857=DIRECTION('',(0.,0.,-1.));
#5858=DIRECTION('center_axis',(0.,0.,-1.));
#5859=DIRECTION('ref_axis',(1.,0.,0.));
#5860=DIRECTION('center_axis',(-6.7506212661409E-16,1.,0.));
#5861=DIRECTION('ref_axis',(-1.,-6.7506212661409E-16,0.));
#5862=DIRECTION('',(-1.,-6.7506212661409E-16,0.));
#5863=DIRECTION('',(0.,0.,1.));
#5864=DIRECTION('',(-1.,-6.7506212661409E-16,0.));
#5865=DIRECTION('',(0.,0.,1.));
#5866=DIRECTION('center_axis',(0.866025403784438,0.5,0.));
#5867=DIRECTION('ref_axis',(-0.5,0.866025403784438,0.));
#5868=DIRECTION('',(-0.5,0.866025403784438,0.));
#5869=DIRECTION('',(-0.5,0.866025403784438,0.));
#5870=DIRECTION('',(0.,0.,1.));
#5871=DIRECTION('center_axis',(0.866025403784439,-0.5,0.));
#5872=DIRECTION('ref_axis',(0.5,0.866025403784439,0.));
#5873=DIRECTION('',(0.5,0.866025403784439,0.));
#5874=DIRECTION('',(0.5,0.866025403784439,0.));
#5875=DIRECTION('',(0.,0.,1.));
#5876=DIRECTION('center_axis',(1.92874893318311E-16,-1.,0.));
#5877=DIRECTION('ref_axis',(1.,1.92874893318311E-16,0.));
#5878=DIRECTION('',(1.,1.92874893318311E-16,0.));
#5879=DIRECTION('',(1.,1.92874893318311E-16,0.));
#5880=DIRECTION('',(0.,0.,1.));
#5881=DIRECTION('center_axis',(-0.866025403784438,-0.5,0.));
#5882=DIRECTION('ref_axis',(0.5,-0.866025403784438,0.));
#5883=DIRECTION('',(0.5,-0.866025403784438,0.));
#5884=DIRECTION('',(0.5,-0.866025403784438,0.));
#5885=DIRECTION('',(0.,0.,1.));
#5886=DIRECTION('center_axis',(-0.866025403784439,0.5,0.));
#5887=DIRECTION('ref_axis',(-0.5,-0.866025403784439,0.));
#5888=DIRECTION('',(-0.5,-0.866025403784439,0.));
#5889=DIRECTION('',(-0.5,-0.866025403784439,0.));
#5890=DIRECTION('center_axis',(0.,0.,1.));
#5891=DIRECTION('ref_axis',(1.,0.,0.));
#5892=DIRECTION('center_axis',(0.,0.,1.));
#5893=DIRECTION('ref_axis',(1.,0.,0.));
#5894=DIRECTION('axis',(0.,0.,1.));
#5895=DIRECTION('refdir',(1.,0.,0.));
#5896=DIRECTION('center_axis',(-0.707106781186547,2.30895949806437E-16,
0.707106781186548));
#5897=DIRECTION('ref_axis',(0.707106781186548,0.,0.707106781186547));
#5898=DIRECTION('',(-3.26536183713281E-16,-1.,0.));
#5899=DIRECTION('',(0.654653670707977,-0.377964473009228,0.654653670707977));
#5900=DIRECTION('',(3.26536183713281E-16,1.,0.));
#5901=DIRECTION('',(0.654653670707977,0.377964473009227,0.654653670707977));
#5902=DIRECTION('center_axis',(-0.353553390593274,0.612372435695795,0.707106781186547));
#5903=DIRECTION('ref_axis',(0.894427190999916,4.71844785465692E-16,0.447213595499958));
#5904=DIRECTION('',(-0.866025403784439,-0.5,0.));
#5905=DIRECTION('',(1.07508641864132E-15,-0.755928946018454,0.654653670707978));
#5906=DIRECTION('',(0.866025403784439,0.5,0.));
#5907=DIRECTION('center_axis',(0.353553390593274,0.612372435695795,0.707106781186547));
#5908=DIRECTION('ref_axis',(0.894427190999916,-4.71844785465692E-16,-0.447213595499958));
#5909=DIRECTION('',(0.866025403784439,-0.5,0.));
#5910=DIRECTION('',(-0.866025403784439,0.5,0.));
#5911=DIRECTION('',(-0.654653670707977,-0.377964473009226,0.654653670707978));
#5912=DIRECTION('center_axis',(0.707106781186548,1.15447974903219E-16,0.707106781186547));
#5913=DIRECTION('ref_axis',(0.707106781186547,0.,-0.707106781186548));
#5914=DIRECTION('',(1.63268091856641E-16,-1.,0.));
#5915=DIRECTION('',(-1.63268091856641E-16,1.,0.));
#5916=DIRECTION('',(-0.654653670707977,0.377964473009227,0.654653670707978));
#5917=DIRECTION('center_axis',(0.353553390593274,-0.612372435695795,0.707106781186547));
#5918=DIRECTION('ref_axis',(0.894427190999916,4.71844785465692E-16,-0.447213595499958));
#5919=DIRECTION('',(-0.866025403784439,-0.5,0.));
#5920=DIRECTION('',(0.866025403784439,0.5,0.));
#5921=DIRECTION('',(6.20942791104143E-16,0.755928946018454,0.654653670707978));
#5922=DIRECTION('center_axis',(-0.353553390593274,-0.612372435695794,0.707106781186547));
#5923=DIRECTION('ref_axis',(0.894427190999916,-4.44089209850063E-16,0.447213595499958));
#5924=DIRECTION('',(-0.866025403784438,0.5,0.));
#5925=DIRECTION('',(0.866025403784438,-0.5,0.));
#5926=DIRECTION('center_axis',(-0.5,0.866025403784439,0.));
#5927=DIRECTION('ref_axis',(0.866025403784439,0.5,0.));
#5928=DIRECTION('',(0.,0.,-1.));
#5929=DIRECTION('center_axis',(-0.5,0.866025403784439,0.));
#5930=DIRECTION('ref_axis',(0.,0.,1.));
#5931=DIRECTION('',(0.,0.,-1.));
#5932=DIRECTION('center_axis',(0.5,0.866025403784439,0.));
#5933=DIRECTION('ref_axis',(0.866025403784439,-0.5,0.));
#5934=DIRECTION('',(0.,0.,-1.));
#5935=DIRECTION('center_axis',(0.5,0.866025403784439,0.));
#5936=DIRECTION('ref_axis',(0.,0.,1.));
#5937=DIRECTION('center_axis',(1.,-3.26536183713281E-16,0.));
#5938=DIRECTION('ref_axis',(-3.26536183713281E-16,-1.,0.));
#5939=DIRECTION('',(0.,0.,-1.));
#5940=DIRECTION('center_axis',(1.,-3.26536183713281E-16,0.));
#5941=DIRECTION('ref_axis',(0.,0.,1.));
#5942=DIRECTION('center_axis',(0.,0.,-1.));
#5943=DIRECTION('ref_axis',(-1.,0.,0.));
#5944=DIRECTION('center_axis',(0.5,0.866025403784438,0.));
#5945=DIRECTION('ref_axis',(0.,0.,1.));
#5946=DIRECTION('center_axis',(-0.5,-0.866025403784439,0.));
#5947=DIRECTION('ref_axis',(0.,0.,1.));
#5948=DIRECTION('center_axis',(-0.5,0.866025403784439,0.));
#5949=DIRECTION('ref_axis',(0.,0.,1.));
#5950=DIRECTION('center_axis',(0.5,-0.866025403784439,0.));
#5951=DIRECTION('ref_axis',(0.,0.,1.));
#5952=DIRECTION('center_axis',(-0.499999999999999,-0.866025403784439,0.));
#5953=DIRECTION('ref_axis',(0.,0.,1.));
#5954=DIRECTION('center_axis',(0.5,0.866025403784439,0.));
#5955=DIRECTION('ref_axis',(0.,0.,1.));
#5956=DIRECTION('center_axis',(-0.5,-0.866025403784439,0.));
#5957=DIRECTION('ref_axis',(0.,0.,1.));
#5958=DIRECTION('center_axis',(0.499999999999999,-0.866025403784439,0.));
#5959=DIRECTION('ref_axis',(0.,0.,1.));
#5960=DIRECTION('center_axis',(0.5,-0.866025403784439,0.));
#5961=DIRECTION('ref_axis',(0.,0.,1.));
#5962=DIRECTION('center_axis',(-0.5,0.866025403784439,0.));
#5963=DIRECTION('ref_axis',(0.,0.,1.));
#5964=DIRECTION('center_axis',(-1.,-1.63268091856641E-16,0.));
#5965=DIRECTION('ref_axis',(0.,0.,1.));
#5966=DIRECTION('center_axis',(1.,1.63268091856641E-16,0.));
#5967=DIRECTION('ref_axis',(0.,0.,1.));
#5968=DIRECTION('center_axis',(1.,1.63268091856641E-16,0.));
#5969=DIRECTION('ref_axis',(0.,0.,1.));
#5970=DIRECTION('center_axis',(-1.,-1.63268091856641E-16,0.));
#5971=DIRECTION('ref_axis',(0.,0.,1.));
#5972=DIRECTION('center_axis',(1.,-3.26536183713281E-16,0.));
#5973=DIRECTION('ref_axis',(0.,0.,1.));
#5974=DIRECTION('center_axis',(-1.,3.26536183713281E-16,0.));
#5975=DIRECTION('ref_axis',(0.,0.,1.));
#5976=DIRECTION('center_axis',(-1.,-1.63268091856641E-16,0.));
#5977=DIRECTION('ref_axis',(-1.63268091856641E-16,1.,0.));
#5978=DIRECTION('',(0.,0.,-1.));
#5979=DIRECTION('center_axis',(-0.5,-0.866025403784439,0.));
#5980=DIRECTION('ref_axis',(-0.866025403784439,0.5,0.));
#5981=DIRECTION('',(0.,0.,-1.));
#5982=DIRECTION('center_axis',(1.83697019872103E-16,0.,1.));
#5983=DIRECTION('ref_axis',(1.,0.,-8.83466597844951E-17));
#5984=DIRECTION('center_axis',(1.22464679914735E-16,-1.,-1.49975978266185E-32));
#5985=DIRECTION('ref_axis',(-1.,-1.22464679914735E-16,1.10433324730619E-16));
#5986=DIRECTION('center_axis',(0.,0.,-1.));
#5987=DIRECTION('ref_axis',(6.12323399573676E-17,1.,0.));
#5988=DIRECTION('center_axis',(0.5,-0.866025403784439,0.));
#5989=DIRECTION('ref_axis',(-0.866025403784439,-0.5,0.));
#5990=DIRECTION('center_axis',(0.,0.,1.));
#5991=DIRECTION('ref_axis',(1.,0.,0.));
#5992=DIRECTION('center_axis',(1.22464679914735E-16,-1.,0.));
#5993=DIRECTION('ref_axis',(-1.,-1.22464679914735E-16,0.));
#5994=DIRECTION('center_axis',(0.,0.,1.));
#5995=DIRECTION('ref_axis',(6.12323399573677E-17,1.,0.));
#5996=DIRECTION('center_axis',(0.,0.,-1.));
#5997=DIRECTION('ref_axis',(-1.,0.,0.));
#5998=DIRECTION('center_axis',(0.,0.,-1.));
#5999=DIRECTION('ref_axis',(1.,0.,0.));
#6000=DIRECTION('center_axis',(0.,0.,1.));
#6001=DIRECTION('ref_axis',(1.,0.,0.));
#6002=DIRECTION('',(0.707106781186548,8.65956056235494E-17,-0.707106781186547));
#6003=DIRECTION('center_axis',(0.,0.,1.));
#6004=DIRECTION('ref_axis',(1.,0.,0.));
#6005=DIRECTION('center_axis',(0.,0.,1.));
#6006=DIRECTION('ref_axis',(1.,0.,0.));
#6007=DIRECTION('center_axis',(0.,0.,-1.));
#6008=DIRECTION('ref_axis',(-1.,0.,0.));
#6009=DIRECTION('center_axis',(0.,0.,-1.));
#6010=DIRECTION('ref_axis',(1.,0.,0.));
#6011=DIRECTION('center_axis',(0.,0.,-1.));
#6012=DIRECTION('ref_axis',(1.,0.,0.));
#6013=DIRECTION('',(0.,0.,1.));
#6014=DIRECTION('center_axis',(0.,0.,1.));
#6015=DIRECTION('ref_axis',(1.,0.,0.));
#6016=DIRECTION('',(0.707106781186547,8.65956056235493E-17,-0.707106781186548));
#6017=DIRECTION('center_axis',(0.,0.,1.));
#6018=DIRECTION('ref_axis',(1.,0.,0.));
#6019=DIRECTION('center_axis',(0.,0.,-1.));
#6020=DIRECTION('ref_axis',(-1.,0.,0.));
#6021=DIRECTION('axis',(0.,0.,1.));
#6022=DIRECTION('refdir',(1.,0.,0.));
#6023=DIRECTION('center_axis',(0.,0.,-1.));
#6024=DIRECTION('ref_axis',(-1.,0.,0.));
#6025=DIRECTION('center_axis',(0.,0.,1.));
#6026=DIRECTION('ref_axis',(-1.,0.,0.));
#6027=DIRECTION('',(0.707106781186548,-8.65956056235494E-17,-0.707106781186547));
#6028=DIRECTION('center_axis',(0.,0.,-1.));
#6029=DIRECTION('ref_axis',(-1.,0.,0.));
#6030=DIRECTION('center_axis',(0.,0.,1.));
#6031=DIRECTION('ref_axis',(-1.,0.,0.));
#6032=DIRECTION('',(0.,0.,1.));
#6033=DIRECTION('center_axis',(0.,0.,-1.));
#6034=DIRECTION('ref_axis',(-1.,0.,0.));
#6035=DIRECTION('center_axis',(0.,0.,1.));
#6036=DIRECTION('ref_axis',(1.,0.,0.));
#6037=DIRECTION('center_axis',(0.,0.,1.));
#6038=DIRECTION('ref_axis',(1.,0.,0.));
#6039=DIRECTION('center_axis',(0.,0.,1.));
#6040=DIRECTION('ref_axis',(-1.,0.,0.));
#6041=DIRECTION('',(0.707106781186547,8.65956056235493E-17,0.707106781186548));
#6042=DIRECTION('center_axis',(0.,0.,1.));
#6043=DIRECTION('ref_axis',(-1.,0.,0.));
#6044=DIRECTION('center_axis',(0.,0.,1.));
#6045=DIRECTION('ref_axis',(1.,0.,0.));
#6046=DIRECTION('center_axis',(0.,0.,1.));
#6047=DIRECTION('ref_axis',(1.,0.,0.));
#6048=DIRECTION('center_axis',(0.,0.,1.));
#6049=DIRECTION('ref_axis',(1.,0.,0.));
#6050=DIRECTION('',(0.,0.,-1.));
#6051=DIRECTION('axis',(0.,0.,1.));
#6052=DIRECTION('refdir',(1.,0.,0.));
#6053=DIRECTION('center_axis',(0.,0.,1.));
#6054=DIRECTION('ref_axis',(1.,0.,0.));
#6055=DIRECTION('center_axis',(0.,0.,1.));
#6056=DIRECTION('ref_axis',(1.,0.,0.));
#6057=DIRECTION('',(0.,0.,-1.));
#6058=DIRECTION('center_axis',(0.,0.,1.));
#6059=DIRECTION('ref_axis',(1.,0.,0.));
#6060=DIRECTION('center_axis',(0.,0.,1.));
#6061=DIRECTION('ref_axis',(1.,0.,0.));
#6062=DIRECTION('center_axis',(0.,0.,-1.));
#6063=DIRECTION('ref_axis',(-1.,0.,0.));
#6064=DIRECTION('center_axis',(0.,0.,-1.));
#6065=DIRECTION('ref_axis',(-1.,0.,0.));
#6066=DIRECTION('center_axis',(0.,0.,-1.));
#6067=DIRECTION('ref_axis',(-1.,0.,0.));
#6068=DIRECTION('',(0.,0.,1.));
#6069=DIRECTION('center_axis',(0.,0.,1.));
#6070=DIRECTION('ref_axis',(-1.,0.,0.));
#6071=DIRECTION('center_axis',(0.,0.,-1.));
#6072=DIRECTION('ref_axis',(1.,0.,0.));
#6073=DIRECTION('center_axis',(0.,0.,-1.));
#6074=DIRECTION('ref_axis',(1.,0.,0.));
#6075=DIRECTION('',(0.,0.,-1.));
#6076=DIRECTION('center_axis',(0.,0.,1.));
#6077=DIRECTION('ref_axis',(1.,0.,0.));
#6078=DIRECTION('center_axis',(0.,0.,1.));
#6079=DIRECTION('ref_axis',(1.,0.,0.));
#6080=DIRECTION('center_axis',(0.,0.,1.));
#6081=DIRECTION('ref_axis',(1.,0.,0.));
#6082=DIRECTION('center_axis',(0.,0.,1.));
#6083=DIRECTION('ref_axis',(-1.,0.,0.));
#6084=DIRECTION('center_axis',(0.,0.,1.));
#6085=DIRECTION('ref_axis',(1.,0.,0.));
#6086=DIRECTION('center_axis',(0.,0.,1.));
#6087=DIRECTION('ref_axis',(1.,0.,0.));
#6088=DIRECTION('',(0.,0.,-1.));
#6089=DIRECTION('center_axis',(0.,0.,-1.));
#6090=DIRECTION('ref_axis',(1.,0.,0.));
#6091=DIRECTION('center_axis',(0.,0.,1.));
#6092=DIRECTION('ref_axis',(1.,0.,0.));
#6093=DIRECTION('center_axis',(0.,0.,-1.));
#6094=DIRECTION('ref_axis',(-1.,0.,0.));
#6095=DIRECTION('center_axis',(0.,0.,-1.));
#6096=DIRECTION('ref_axis',(-1.,0.,0.));
#6097=DIRECTION('center_axis',(0.,0.,1.));
#6098=DIRECTION('ref_axis',(-1.,0.,0.));
#6099=DIRECTION('',(0.,0.,1.));
#6100=DIRECTION('center_axis',(0.,0.,1.));
#6101=DIRECTION('ref_axis',(-1.,0.,0.));
#6102=DIRECTION('center_axis',(0.,0.,-1.));
#6103=DIRECTION('ref_axis',(1.,0.,0.));
#6104=DIRECTION('center_axis',(0.,0.,-1.));
#6105=DIRECTION('ref_axis',(1.,0.,0.));
#6106=DIRECTION('',(0.,0.,-1.));
#6107=DIRECTION('center_axis',(0.,0.,-1.));
#6108=DIRECTION('ref_axis',(1.,0.,0.));
#6109=DIRECTION('center_axis',(0.,0.,1.));
#6110=DIRECTION('ref_axis',(1.,0.,0.));
#6111=DIRECTION('center_axis',(0.,0.,1.));
#6112=DIRECTION('ref_axis',(1.,0.,0.));
#6113=DIRECTION('center_axis',(0.,0.,-1.));
#6114=DIRECTION('ref_axis',(-1.,0.,0.));
#6115=DIRECTION('center_axis',(0.,0.,1.));
#6116=DIRECTION('ref_axis',(1.,0.,0.));
#6117=DIRECTION('',(0.,0.,1.));
#6118=DIRECTION('center_axis',(0.,0.,1.));
#6119=DIRECTION('ref_axis',(-1.,0.,0.));
#6120=DIRECTION('center_axis',(0.,0.,-1.));
#6121=DIRECTION('ref_axis',(-1.,0.,0.));
#6122=DIRECTION('',(-0.707106781186547,-8.65956056235493E-17,-0.707106781186548));
#6123=DIRECTION('center_axis',(0.,0.,-1.));
#6124=DIRECTION('ref_axis',(-1.,0.,0.));
#6125=DIRECTION('center_axis',(0.,0.,1.));
#6126=DIRECTION('ref_axis',(1.,0.,0.));
#6127=DIRECTION('center_axis',(0.,0.,1.));
#6128=DIRECTION('ref_axis',(-1.,0.,0.));
#6129=DIRECTION('center_axis',(0.,0.,1.));
#6130=DIRECTION('ref_axis',(-1.,0.,0.));
#6131=DIRECTION('',(0.,0.,-1.));
#6132=DIRECTION('center_axis',(0.,0.,1.));
#6133=DIRECTION('ref_axis',(1.,0.,0.));
#6134=DIRECTION('center_axis',(0.,0.,-1.));
#6135=DIRECTION('ref_axis',(-1.,0.,0.));
#6136=DIRECTION('',(-0.707106781186547,8.65956056235493E-17,0.707106781186548));
#6137=DIRECTION('center_axis',(0.,0.,1.));
#6138=DIRECTION('ref_axis',(1.,0.,0.));
#6139=DIRECTION('axis',(0.,0.,1.));
#6140=DIRECTION('refdir',(1.,0.,0.));
#6141=DIRECTION('center_axis',(-1.,0.,0.));
#6142=DIRECTION('ref_axis',(0.,0.,-1.));
#6143=DIRECTION('center_axis',(1.,0.,0.));
#6144=DIRECTION('ref_axis',(0.,0.,-1.));
#6145=DIRECTION('',(-0.499999999999998,1.06057523872491E-16,0.86602540378444));
#6146=DIRECTION('center_axis',(-1.,0.,0.));
#6147=DIRECTION('ref_axis',(0.,0.,-1.));
#6148=DIRECTION('center_axis',(1.,0.,0.));
#6149=DIRECTION('ref_axis',(0.,0.,-1.));
#6150=DIRECTION('',(1.,0.,0.));
#6151=DIRECTION('center_axis',(-1.,0.,0.));
#6152=DIRECTION('ref_axis',(0.,0.,1.));
#6153=DIRECTION('center_axis',(-1.,0.,0.));
#6154=DIRECTION('ref_axis',(0.,0.,1.));
#6155=DIRECTION('center_axis',(1.,0.,0.));
#6156=DIRECTION('ref_axis',(0.,0.,-1.));
#6157=DIRECTION('center_axis',(-1.,0.,0.));
#6158=DIRECTION('ref_axis',(0.,1.,0.));
#6159=DIRECTION('center_axis',(-1.,0.,0.));
#6160=DIRECTION('ref_axis',(0.,1.,0.));
#6161=DIRECTION('center_axis',(-1.,0.,0.));
#6162=DIRECTION('ref_axis',(0.,1.,0.));
#6163=DIRECTION('center_axis',(-1.,0.,0.));
#6164=DIRECTION('ref_axis',(0.,1.,0.));
#6165=DIRECTION('center_axis',(-1.,0.,0.));
#6166=DIRECTION('ref_axis',(0.,1.,0.));
#6167=DIRECTION('center_axis',(-1.,0.,0.));
#6168=DIRECTION('ref_axis',(0.,1.,0.));
#6169=DIRECTION('center_axis',(1.,0.,0.));
#6170=DIRECTION('ref_axis',(0.,0.,1.));
#6171=DIRECTION('',(0.499999999999998,1.06057523872491E-16,-0.86602540378444));
#6172=DIRECTION('center_axis',(1.,0.,0.));
#6173=DIRECTION('ref_axis',(0.,0.,1.));
#6174=DIRECTION('center_axis',(1.,0.,0.));
#6175=DIRECTION('ref_axis',(0.,0.,-1.));
#6176=DIRECTION('center_axis',(1.,0.,0.));
#6177=DIRECTION('ref_axis',(0.,1.,0.));
#6178=DIRECTION('center_axis',(1.,0.,0.));
#6179=DIRECTION('ref_axis',(0.,1.,0.));
#6180=DIRECTION('center_axis',(1.,0.,0.));
#6181=DIRECTION('ref_axis',(0.,1.,0.));
#6182=DIRECTION('center_axis',(1.,0.,0.));
#6183=DIRECTION('ref_axis',(0.,1.,0.));
#6184=DIRECTION('center_axis',(1.,0.,0.));
#6185=DIRECTION('ref_axis',(0.,1.,0.));
#6186=DIRECTION('center_axis',(1.,0.,0.));
#6187=DIRECTION('ref_axis',(0.,1.,0.));
#6188=DIRECTION('center_axis',(1.,0.,0.));
#6189=DIRECTION('ref_axis',(0.,-1.,1.22464679914735E-16));
#6190=DIRECTION('center_axis',(1.,0.,0.));
#6191=DIRECTION('ref_axis',(0.,1.,0.));
#6192=DIRECTION('center_axis',(1.,0.,0.));
#6193=DIRECTION('ref_axis',(0.,1.,0.));
#6194=DIRECTION('center_axis',(1.,0.,0.));
#6195=DIRECTION('ref_axis',(0.,1.,0.));
#6196=DIRECTION('center_axis',(1.,0.,0.));
#6197=DIRECTION('ref_axis',(0.,1.,0.));
#6198=DIRECTION('center_axis',(1.,0.,0.));
#6199=DIRECTION('ref_axis',(0.,1.,0.));
#6200=DIRECTION('center_axis',(-1.,0.,0.));
#6201=DIRECTION('ref_axis',(0.,-1.,1.22464679914735E-16));
#6202=DIRECTION('center_axis',(-1.,0.,0.));
#6203=DIRECTION('ref_axis',(0.,1.,0.));
#6204=DIRECTION('center_axis',(-1.,0.,0.));
#6205=DIRECTION('ref_axis',(0.,1.,0.));
#6206=DIRECTION('center_axis',(-1.,0.,0.));
#6207=DIRECTION('ref_axis',(0.,1.,0.));
#6208=DIRECTION('center_axis',(-1.,0.,0.));
#6209=DIRECTION('ref_axis',(0.,1.,0.));
#6210=DIRECTION('center_axis',(-1.,0.,0.));
#6211=DIRECTION('ref_axis',(0.,1.,0.));
#6212=DIRECTION('center_axis',(0.,0.866025403784438,0.5));
#6213=DIRECTION('ref_axis',(1.,0.,0.));
#6214=DIRECTION('',(1.,0.,0.));
#6215=DIRECTION('',(1.,0.,0.));
#6216=DIRECTION('center_axis',(0.,0.,1.));
#6217=DIRECTION('ref_axis',(1.,0.,0.));
#6218=DIRECTION('',(1.,0.,0.));
#6219=DIRECTION('center_axis',(0.,-0.866025403784439,0.5));
#6220=DIRECTION('ref_axis',(0.,-0.5,-0.866025403784439));
#6221=DIRECTION('',(1.,0.,0.));
#6222=DIRECTION('center_axis',(0.,0.866025403784439,-0.499999999999999));
#6223=DIRECTION('ref_axis',(0.,0.499999999999999,0.866025403784439));
#6224=DIRECTION('',(1.,0.,0.));
#6225=DIRECTION('center_axis',(0.,1.68259235058562E-15,-1.));
#6226=DIRECTION('ref_axis',(-1.,0.,0.));
#6227=DIRECTION('',(1.,0.,0.));
#6228=DIRECTION('center_axis',(0.,-0.866025403784438,-0.5));
#6229=DIRECTION('ref_axis',(-1.,0.,0.));
#6230=DIRECTION('',(-5.4615874845081E-34,0.,1.));
#6231=DIRECTION('',(1.,0.,2.53532916256887E-33));
#6232=DIRECTION('',(-6.16297582203915E-33,1.,0.));
#6233=DIRECTION('',(-5.4615874845081E-34,0.,1.));
#6234=DIRECTION('',(-5.4615874845081E-34,0.,1.));
#6235=DIRECTION('',(1.,0.,2.53532916256887E-33));
#6236=DIRECTION('',(5.4615874845081E-34,0.,-1.));
#6237=DIRECTION('',(1.,0.,2.53532916256887E-33));
#6238=DIRECTION('',(-5.4615874845081E-34,0.,1.));
#6239=DIRECTION('',(1.,0.,2.53532916256887E-33));
#6240=DIRECTION('',(5.4615874845081E-34,0.,-1.));
#6241=DIRECTION('',(1.,0.,2.53532916256887E-33));
#6242=DIRECTION('',(-5.4615874845081E-34,0.,1.));
#6243=DIRECTION('',(1.,0.,2.53532916256887E-33));
#6244=DIRECTION('',(5.4615874845081E-34,0.,-1.));
#6245=DIRECTION('',(1.,0.,2.53532916256887E-33));
#6246=DIRECTION('',(-5.4615874845081E-34,0.,1.));
#6247=DIRECTION('',(1.,0.,2.53532916256887E-33));
#6248=DIRECTION('',(5.4615874845081E-34,0.,-1.));
#6249=DIRECTION('',(1.,0.,2.53532916256887E-33));
#6250=DIRECTION('',(5.4615874845081E-34,0.,-1.));
#6251=DIRECTION('',(1.,0.,2.53532916256887E-33));
#6252=DIRECTION('',(-6.16297582203915E-33,1.,0.));
#6253=DIRECTION('',(-5.4615874845081E-34,0.,1.));
#6254=DIRECTION('',(-6.16297582203915E-33,1.,0.));
#6255=DIRECTION('',(-5.4615874845081E-34,0.,1.));
#6256=DIRECTION('',(-2.7755575615629E-16,-5.68177217790311E-18,1.));
#6257=DIRECTION('',(-5.42598517822927E-17,-1.,-5.68177217790312E-18));
#6258=DIRECTION('axis',(0.,0.,1.));
#6259=DIRECTION('refdir',(1.,0.,0.));
#6260=DIRECTION('center_axis',(0.,1.,0.));
#6261=DIRECTION('ref_axis',(1.,0.,0.));
#6262=DIRECTION('center_axis',(0.,1.,0.));
#6263=DIRECTION('ref_axis',(1.,0.,0.));
#6264=DIRECTION('',(0.,1.,0.));
#6265=DIRECTION('center_axis',(0.,1.,0.));
#6266=DIRECTION('ref_axis',(1.,0.,0.));
#6267=DIRECTION('center_axis',(0.,-1.,0.));
#6268=DIRECTION('ref_axis',(1.,0.,0.));
#6269=DIRECTION('center_axis',(0.,-1.,0.));
#6270=DIRECTION('ref_axis',(1.,0.,0.));
#6271=DIRECTION('center_axis',(0.,1.,0.));
#6272=DIRECTION('ref_axis',(1.,0.,0.));
#6273=DIRECTION('center_axis',(0.,1.,0.));
#6274=DIRECTION('ref_axis',(1.,0.,0.));
#6275=DIRECTION('',(0.,1.,0.));
#6276=DIRECTION('center_axis',(0.,1.,0.));
#6277=DIRECTION('ref_axis',(1.,0.,0.));
#6278=DIRECTION('center_axis',(0.,-1.,0.));
#6279=DIRECTION('ref_axis',(1.,0.,0.));
#6280=DIRECTION('center_axis',(0.,-1.,0.));
#6281=DIRECTION('ref_axis',(1.,0.,0.));
#6282=DIRECTION('center_axis',(0.849207775608448,-0.196116135138181,0.490290337845459));
#6283=DIRECTION('ref_axis',(0.499999999999999,0.,-0.866025403784439));
#6284=DIRECTION('',(0.499999999999999,0.,-0.866025403784439));
#6285=DIRECTION('',(0.112508790092603,0.974354703692447,0.194870940738485));
#6286=DIRECTION('',(-0.499999999999999,0.,0.866025403784439));
#6287=DIRECTION('',(0.225017580185205,0.974354703692446,-4.3270041047647E-15));
#6288=DIRECTION('center_axis',(-0.849207775608446,-0.196116135138188,0.490290337845461));
#6289=DIRECTION('ref_axis',(0.500000000000001,0.,0.866025403784438));
#6290=DIRECTION('',(0.500000000000001,0.,0.866025403784438));
#6291=DIRECTION('',(-0.225017580185206,0.974354703692446,8.6540082095294E-15));
#6292=DIRECTION('',(-0.500000000000001,0.,-0.866025403784438));
#6293=DIRECTION('',(0.112508790092612,-0.974354703692446,-0.194870940738485));
#6294=DIRECTION('center_axis',(-0.849207775608448,-0.196116135138181,-0.490290337845459));
#6295=DIRECTION('ref_axis',(-0.499999999999999,0.,0.866025403784439));
#6296=DIRECTION('',(-0.499999999999999,0.,0.866025403784439));
#6297=DIRECTION('',(-0.112508790092599,0.974354703692447,-0.194870940738489));
#6298=DIRECTION('',(0.499999999999999,0.,-0.866025403784439));
#6299=DIRECTION('center_axis',(-1.3468714645303E-15,-0.196116135138184,
-0.98058067569092));
#6300=DIRECTION('ref_axis',(-1.,0.,1.37354477598826E-15));
#6301=DIRECTION('',(1.,0.,-1.37354477598826E-15));
#6302=DIRECTION('',(-1.,0.,1.37354477598826E-15));
#6303=DIRECTION('',(0.112508790092604,0.974354703692446,-0.194870940738489));
#6304=DIRECTION('center_axis',(0.849207775608446,-0.196116135138186,-0.490290337845461));
#6305=DIRECTION('ref_axis',(-0.500000000000001,0.,-0.866025403784438));
#6306=DIRECTION('',(0.500000000000001,0.,0.866025403784438));
#6307=DIRECTION('',(-0.500000000000001,0.,-0.866025403784438));
#6308=DIRECTION('center_axis',(1.3468714645303E-15,-0.19611613513818,0.980580675690921));
#6309=DIRECTION('ref_axis',(1.,0.,-1.37354477598826E-15));
#6310=DIRECTION('',(1.,0.,-1.37354477598826E-15));
#6311=DIRECTION('',(-1.,0.,1.37354477598826E-15));
#6312=DIRECTION('center_axis',(-0.866025403784439,0.,-0.499999999999999));
#6313=DIRECTION('ref_axis',(-0.499999999999999,0.,0.866025403784439));
#6314=DIRECTION('',(0.,1.,0.));
#6315=DIRECTION('',(-0.499999999999999,0.,0.866025403784439));
#6316=DIRECTION('',(0.,1.,0.));
#6317=DIRECTION('center_axis',(-1.37354477598826E-15,0.,-1.));
#6318=DIRECTION('ref_axis',(-1.,0.,1.37354477598826E-15));
#6319=DIRECTION('',(0.,1.,0.));
#6320=DIRECTION('',(-1.,0.,1.37354477598826E-15));
#6321=DIRECTION('center_axis',(0.866025403784438,0.,-0.500000000000001));
#6322=DIRECTION('ref_axis',(-0.500000000000001,0.,-0.866025403784438));
#6323=DIRECTION('',(0.,1.,0.));
#6324=DIRECTION('',(-0.500000000000001,0.,-0.866025403784438));
#6325=DIRECTION('center_axis',(0.,1.,0.));
#6326=DIRECTION('ref_axis',(-1.,0.,0.));
#6327=DIRECTION('',(-0.899662477852151,0.,0.436586103701123));
#6328=DIRECTION('center_axis',(0.,1.,0.));
#6329=DIRECTION('ref_axis',(1.,0.,0.));
#6330=DIRECTION('',(0.,0.,1.));
#6331=DIRECTION('',(-1.,0.,0.));
#6332=DIRECTION('',(0.,0.,1.));
#6333=DIRECTION('',(-0.808208881833586,0.,-0.588895918923968));
#6334=DIRECTION('',(-1.60246890531963E-15,0.,1.));
#6335=DIRECTION('',(-0.296837369420509,0.,0.95492804761171));
#6336=DIRECTION('',(-1.,0.,0.));
#6337=DIRECTION('',(-3.99111730289597E-17,0.,-1.));
#6338=DIRECTION('',(1.,0.,0.));
#6339=DIRECTION('',(-7.36620013909752E-17,0.,1.));
#6340=DIRECTION('',(1.,0.,0.));
#6341=DIRECTION('',(0.786130952663413,0.,0.618059968987246));
#6342=DIRECTION('',(0.,0.,1.));
#6343=DIRECTION('center_axis',(0.,-1.,0.));
#6344=DIRECTION('ref_axis',(1.,0.,0.));
#6345=DIRECTION('center_axis',(0.,1.,0.));
#6346=DIRECTION('ref_axis',(1.,0.,0.));
#6347=DIRECTION('',(-1.,0.,-2.74708955197651E-15));
#6348=DIRECTION('',(-0.5,0.,0.866025403784438));
#6349=DIRECTION('',(0.500000000000001,0.,0.866025403784438));
#6350=DIRECTION('',(1.,0.,2.74708955197651E-15));
#6351=DIRECTION('',(0.500000000000001,0.,-0.866025403784438));
#6352=DIRECTION('',(-0.499999999999999,0.,-0.866025403784439));
#6353=DIRECTION('center_axis',(0.,-1.,0.));
#6354=DIRECTION('ref_axis',(-1.,0.,0.));
#6355=DIRECTION('center_axis',(0.,-1.,0.));
#6356=DIRECTION('ref_axis',(-1.,0.,0.));
#6357=DIRECTION('center_axis',(0.,1.,0.));
#6358=DIRECTION('ref_axis',(-1.,0.,0.));
#6359=DIRECTION('',(-1.,0.,0.));
#6360=DIRECTION('',(-0.5,0.,0.866025403784439));
#6361=DIRECTION('',(0.5,0.,0.866025403784439));
#6362=DIRECTION('',(1.,0.,0.));
#6363=DIRECTION('',(0.5,0.,-0.866025403784439));
#6364=DIRECTION('',(-0.5,0.,-0.866025403784439));
#6365=DIRECTION('',(0.,2.11471052309554E-16,1.));
#6366=DIRECTION('',(1.,0.,0.));
#6367=DIRECTION('',(0.,-2.11471052309554E-16,-1.));
#6368=DIRECTION('',(-1.,0.,0.));
#6369=DIRECTION('center_axis',(0.,-1.,0.));
#6370=DIRECTION('ref_axis',(1.,0.,0.));
#6371=DIRECTION('center_axis',(0.,1.,0.));
#6372=DIRECTION('ref_axis',(-1.,0.,0.));
#6373=DIRECTION('center_axis',(0.,1.,0.));
#6374=DIRECTION('ref_axis',(1.,0.,0.));
#6375=DIRECTION('center_axis',(0.,1.,0.));
#6376=DIRECTION('ref_axis',(-1.,0.,0.));
#6377=DIRECTION('center_axis',(0.,1.,0.));
#6378=DIRECTION('ref_axis',(-1.,0.,0.));
#6379=DIRECTION('center_axis',(0.,1.,0.));
#6380=DIRECTION('ref_axis',(-1.,0.,0.));
#6381=DIRECTION('center_axis',(0.,1.,0.));
#6382=DIRECTION('ref_axis',(-1.,0.,0.));
#6383=DIRECTION('center_axis',(0.,1.,0.));
#6384=DIRECTION('ref_axis',(-1.,0.,0.));
#6385=DIRECTION('center_axis',(0.,1.,0.));
#6386=DIRECTION('ref_axis',(-1.,0.,0.));
#6387=DIRECTION('center_axis',(0.,1.,0.));
#6388=DIRECTION('ref_axis',(-1.,0.,0.));
#6389=DIRECTION('center_axis',(0.,1.,0.));
#6390=DIRECTION('ref_axis',(-1.,0.,0.));
#6391=DIRECTION('center_axis',(0.,1.,0.));
#6392=DIRECTION('ref_axis',(-1.,0.,0.));
#6393=DIRECTION('center_axis',(0.,1.,0.));
#6394=DIRECTION('ref_axis',(1.,0.,0.));
#6395=DIRECTION('center_axis',(0.866025403784439,0.,0.499999999999999));
#6396=DIRECTION('ref_axis',(0.499999999999999,0.,-0.866025403784439));
#6397=DIRECTION('',(0.,1.,0.));
#6398=DIRECTION('',(0.499999999999999,0.,-0.866025403784439));
#6399=DIRECTION('center_axis',(1.37354477598826E-15,0.,1.));
#6400=DIRECTION('ref_axis',(1.,0.,-1.37354477598826E-15));
#6401=DIRECTION('',(0.,1.,0.));
#6402=DIRECTION('',(1.,0.,-1.37354477598826E-15));
#6403=DIRECTION('center_axis',(-0.866025403784438,0.,0.500000000000001));
#6404=DIRECTION('ref_axis',(0.500000000000001,0.,0.866025403784438));
#6405=DIRECTION('',(0.500000000000001,0.,0.866025403784438));
#6406=DIRECTION('center_axis',(0.,-1.,0.));
#6407=DIRECTION('ref_axis',(1.,0.,0.));
#6408=DIRECTION('center_axis',(0.,-1.,0.));
#6409=DIRECTION('ref_axis',(-1.,0.,0.));
#6410=DIRECTION('center_axis',(0.,-1.,0.));
#6411=DIRECTION('ref_axis',(-1.,0.,0.));
#6412=DIRECTION('center_axis',(0.,-1.,0.));
#6413=DIRECTION('ref_axis',(-1.,0.,0.));
#6414=DIRECTION('',(0.,-1.,0.));
#6415=DIRECTION('center_axis',(0.,1.,0.));
#6416=DIRECTION('ref_axis',(1.,0.,0.));
#6417=DIRECTION('center_axis',(0.,-1.,0.));
#6418=DIRECTION('ref_axis',(1.,0.,0.));
#6419=DIRECTION('center_axis',(0.,-1.,0.));
#6420=DIRECTION('ref_axis',(0.866025403784439,0.,-0.5));
#6421=DIRECTION('',(0.,-1.,0.));
#6422=DIRECTION('center_axis',(0.,1.,0.));
#6423=DIRECTION('ref_axis',(-1.,0.,0.));
#6424=DIRECTION('',(0.,-1.,0.));
#6425=DIRECTION('center_axis',(0.,1.,0.));
#6426=DIRECTION('ref_axis',(-1.,0.,0.));
#6427=DIRECTION('center_axis',(0.,-1.,0.));
#6428=DIRECTION('ref_axis',(-1.,0.,0.));
#6429=DIRECTION('center_axis',(0.,-1.,0.));
#6430=DIRECTION('ref_axis',(-1.,0.,0.));
#6431=DIRECTION('',(0.,-1.,0.));
#6432=DIRECTION('center_axis',(0.,1.,0.));
#6433=DIRECTION('ref_axis',(-1.,0.,0.));
#6434=DIRECTION('',(0.,-1.,0.));
#6435=DIRECTION('center_axis',(0.,1.,0.));
#6436=DIRECTION('ref_axis',(-1.,0.,0.));
#6437=DIRECTION('center_axis',(0.,-1.,0.));
#6438=DIRECTION('ref_axis',(-1.,0.,0.));
#6439=DIRECTION('center_axis',(0.,-1.,0.));
#6440=DIRECTION('ref_axis',(-1.,0.,0.));
#6441=DIRECTION('',(0.,-1.,0.));
#6442=DIRECTION('center_axis',(0.,1.,0.));
#6443=DIRECTION('ref_axis',(-1.,0.,0.));
#6444=DIRECTION('',(0.,-1.,0.));
#6445=DIRECTION('center_axis',(0.,1.,0.));
#6446=DIRECTION('ref_axis',(-1.,0.,0.));
#6447=DIRECTION('center_axis',(0.,-1.,0.));
#6448=DIRECTION('ref_axis',(-1.,0.,0.));
#6449=DIRECTION('center_axis',(0.,-1.,0.));
#6450=DIRECTION('ref_axis',(-1.,0.,0.));
#6451=DIRECTION('',(0.,-1.,0.));
#6452=DIRECTION('center_axis',(0.,1.,0.));
#6453=DIRECTION('ref_axis',(-1.,0.,0.));
#6454=DIRECTION('',(0.,-1.,0.));
#6455=DIRECTION('center_axis',(0.,1.,0.));
#6456=DIRECTION('ref_axis',(1.,0.,0.));
#6457=DIRECTION('center_axis',(0.,-1.,0.));
#6458=DIRECTION('ref_axis',(1.,0.,0.));
#6459=DIRECTION('center_axis',(0.,-1.,0.));
#6460=DIRECTION('ref_axis',(0.866025403784439,0.,-0.5));
#6461=DIRECTION('',(0.,-1.,0.));
#6462=DIRECTION('center_axis',(0.,1.,0.));
#6463=DIRECTION('ref_axis',(-1.,0.,0.));
#6464=DIRECTION('',(0.,-1.,0.));
#6465=DIRECTION('center_axis',(0.,1.,0.));
#6466=DIRECTION('ref_axis',(-1.,0.,0.));
#6467=DIRECTION('center_axis',(0.,-1.,0.));
#6468=DIRECTION('ref_axis',(-1.,0.,0.));
#6469=DIRECTION('center_axis',(0.,-1.,0.));
#6470=DIRECTION('ref_axis',(-1.,0.,0.));
#6471=DIRECTION('',(0.,-1.,0.));
#6472=DIRECTION('center_axis',(0.,1.,0.));
#6473=DIRECTION('ref_axis',(-1.,0.,0.));
#6474=DIRECTION('',(0.,-1.,0.));
#6475=DIRECTION('center_axis',(0.,-1.,0.));
#6476=DIRECTION('ref_axis',(0.866025403784437,0.,-0.500000000000002));
#6477=DIRECTION('center_axis',(0.,-1.,0.));
#6478=DIRECTION('ref_axis',(-1.,0.,0.));
#6479=DIRECTION('center_axis',(0.,-1.,0.));
#6480=DIRECTION('ref_axis',(-1.,0.,0.));
#6481=DIRECTION('center_axis',(0.,-1.,0.));
#6482=DIRECTION('ref_axis',(-1.,0.,0.));
#6483=DIRECTION('center_axis',(0.,-1.,0.));
#6484=DIRECTION('ref_axis',(-1.,0.,0.));
#6485=DIRECTION('center_axis',(0.,-1.,0.));
#6486=DIRECTION('ref_axis',(-1.,0.,0.));
#6487=DIRECTION('center_axis',(0.,-1.,0.));
#6488=DIRECTION('ref_axis',(-1.,0.,0.));
#6489=DIRECTION('center_axis',(0.,-1.,0.));
#6490=DIRECTION('ref_axis',(-1.,0.,0.));
#6491=DIRECTION('center_axis',(0.,-1.,0.));
#6492=DIRECTION('ref_axis',(0.86602540378444,0.,-0.499999999999998));
#6493=DIRECTION('center_axis',(0.,-1.,0.));
#6494=DIRECTION('ref_axis',(-1.,0.,0.));
#6495=DIRECTION('center_axis',(0.,-1.,0.));
#6496=DIRECTION('ref_axis',(-1.,0.,0.));
#6497=DIRECTION('center_axis',(0.,-1.,0.));
#6498=DIRECTION('ref_axis',(-1.,0.,0.));
#6499=DIRECTION('center_axis',(0.,1.,0.));
#6500=DIRECTION('ref_axis',(1.,0.,0.));
#6501=DIRECTION('',(0.,1.,0.));
#6502=DIRECTION('center_axis',(0.,-1.,0.));
#6503=DIRECTION('ref_axis',(1.,0.,0.));
#6504=DIRECTION('center_axis',(0.,1.,0.));
#6505=DIRECTION('ref_axis',(1.,0.,0.));
#6506=DIRECTION('',(0.,1.,0.));
#6507=DIRECTION('center_axis',(0.,-1.,0.));
#6508=DIRECTION('ref_axis',(1.,0.,0.));
#6509=DIRECTION('center_axis',(0.,1.,0.));
#6510=DIRECTION('ref_axis',(1.,0.,0.));
#6511=DIRECTION('',(0.,1.,0.));
#6512=DIRECTION('center_axis',(0.,-1.,0.));
#6513=DIRECTION('ref_axis',(1.,0.,0.));
#6514=DIRECTION('center_axis',(0.,1.,0.));
#6515=DIRECTION('ref_axis',(1.,0.,0.));
#6516=DIRECTION('',(0.,1.,0.));
#6517=DIRECTION('center_axis',(0.,-1.,0.));
#6518=DIRECTION('ref_axis',(1.,0.,0.));
#6519=DIRECTION('center_axis',(0.,1.,0.));
#6520=DIRECTION('ref_axis',(1.,0.,0.));
#6521=DIRECTION('',(0.,1.,0.));
#6522=DIRECTION('center_axis',(0.,-1.,0.));
#6523=DIRECTION('ref_axis',(1.,0.,0.));
#6524=DIRECTION('center_axis',(0.,1.,0.));
#6525=DIRECTION('ref_axis',(1.,0.,0.));
#6526=DIRECTION('',(0.,1.,0.));
#6527=DIRECTION('center_axis',(0.,-1.,0.));
#6528=DIRECTION('ref_axis',(1.,0.,0.));
#6529=DIRECTION('',(0.,1.,0.));
#6530=DIRECTION('center_axis',(-0.436586103701123,0.,-0.899662477852151));
#6531=DIRECTION('ref_axis',(-0.899662477852151,0.,0.436586103701123));
#6532=DIRECTION('',(0.,1.,0.));
#6533=DIRECTION('',(0.899662477852151,0.,-0.436586103701123));
#6534=DIRECTION('center_axis',(0.,1.,0.));
#6535=DIRECTION('ref_axis',(-1.,0.,0.));
#6536=DIRECTION('',(0.,0.,-1.));
#6537=DIRECTION('',(-0.786130952663413,0.,-0.618059968987246));
#6538=DIRECTION('',(-1.,0.,0.));
#6539=DIRECTION('',(-0.296837369420509,0.,0.95492804761171));
#6540=DIRECTION('',(-1.60246890531963E-15,0.,1.));
#6541=DIRECTION('',(0.808208881833586,0.,0.588895918923968));
#6542=DIRECTION('',(0.,0.,1.));
#6543=DIRECTION('',(-1.,0.,0.));
#6544=DIRECTION('',(0.,0.,-1.));
#6545=DIRECTION('center_axis',(0.,-1.,0.));
#6546=DIRECTION('ref_axis',(-1.,0.,0.));
#6547=DIRECTION('center_axis',(0.,-1.,0.));
#6548=DIRECTION('ref_axis',(-1.,0.,0.));
#6549=DIRECTION('',(0.86549021531821,0.,0.500925830027199));
#6550=DIRECTION('',(-0.00106938655625234,0.,0.999999428206033));
#6551=DIRECTION('',(-0.866559601874463,0.,0.499073598178837));
#6552=DIRECTION('',(-0.865490215318213,0.,-0.500925830027195));
#6553=DIRECTION('',(0.00106938655625371,0.,-0.999999428206033));
#6554=DIRECTION('',(0.866559601874461,0.,-0.499073598178842));
#6555=DIRECTION('',(-0.865490215318208,0.,-0.500925830027202));
#6556=DIRECTION('',(0.00106938655625234,0.,-0.999999428206033));
#6557=DIRECTION('',(0.866559601874461,0.,-0.499073598178842));
#6558=DIRECTION('',(0.865490215318211,0.,0.500925830027198));
#6559=DIRECTION('',(-0.00106938655625096,0.,0.999999428206033));
#6560=DIRECTION('',(-0.866559601874461,0.,0.499073598178842));
#6561=DIRECTION('',(0.866559601874464,0.,-0.499073598178837));
#6562=DIRECTION('',(0.865490215318211,0.,0.500925830027198));
#6563=DIRECTION('',(-0.00106938655625371,0.,0.999999428206033));
#6564=DIRECTION('',(-0.866559601874464,0.,0.499073598178837));
#6565=DIRECTION('',(-0.865490215318211,0.,-0.500925830027198));
#6566=DIRECTION('',(0.00106938655625371,0.,-0.999999428206033));
#6567=DIRECTION('center_axis',(0.,0.707106781186548,0.707106781186547));
#6568=DIRECTION('ref_axis',(1.,0.,0.));
#6569=DIRECTION('',(0.,0.707106781186547,-0.707106781186548));
#6570=DIRECTION('',(0.,-0.707106781186547,0.707106781186548));
#6571=DIRECTION('',(1.,0.,0.));
#6572=DIRECTION('center_axis',(0.,0.,1.));
#6573=DIRECTION('ref_axis',(1.,0.,0.));
#6574=DIRECTION('',(0.,-1.,0.));
#6575=DIRECTION('',(-1.,0.,0.));
#6576=DIRECTION('',(0.,-1.,0.));
#6577=DIRECTION('center_axis',(-1.,0.,0.));
#6578=DIRECTION('ref_axis',(0.,0.,1.));
#6579=DIRECTION('',(0.,1.,0.));
#6580=DIRECTION('',(0.,-0.707106781186547,0.707106781186548));
#6581=DIRECTION('',(0.,0.,-1.));
#6582=DIRECTION('',(0.,-0.707106781186547,-0.707106781186548));
#6583=DIRECTION('',(0.,0.,-1.));
#6584=DIRECTION('',(0.,1.,0.));
#6585=DIRECTION('',(0.,0.,1.));
#6586=DIRECTION('',(0.,-1.,0.));
#6587=DIRECTION('center_axis',(0.,-0.707106781186548,0.707106781186547));
#6588=DIRECTION('ref_axis',(1.,0.,0.));
#6589=DIRECTION('',(0.,0.707106781186547,0.707106781186548));
#6590=DIRECTION('',(1.,0.,0.));
#6591=DIRECTION('center_axis',(0.,-1.,0.));
#6592=DIRECTION('ref_axis',(0.,0.,-1.));
#6593=DIRECTION('',(1.,0.,0.));
#6594=DIRECTION('',(0.,0.,1.));
#6595=DIRECTION('',(1.,0.,0.));
#6596=DIRECTION('center_axis',(0.,0.,1.));
#6597=DIRECTION('ref_axis',(0.,-1.,0.));
#6598=DIRECTION('',(1.,0.,0.));
#6599=DIRECTION('',(0.,1.,0.));
#6600=DIRECTION('center_axis',(0.,1.,0.));
#6601=DIRECTION('ref_axis',(0.,0.,1.));
#6602=DIRECTION('',(1.,0.,0.));
#6603=DIRECTION('',(0.,0.,-1.));
#6604=DIRECTION('center_axis',(0.,0.,-1.));
#6605=DIRECTION('ref_axis',(0.,1.,0.));
#6606=DIRECTION('',(0.,-1.,0.));
#6607=DIRECTION('center_axis',(0.,-0.707106781186548,-0.707106781186547));
#6608=DIRECTION('ref_axis',(0.,0.707106781186547,-0.707106781186548));
#6609=DIRECTION('',(0.,0.707106781186547,-0.707106781186548));
#6610=DIRECTION('',(1.,0.,0.));
#6611=DIRECTION('center_axis',(0.,-1.,0.));
#6612=DIRECTION('ref_axis',(0.,0.,-1.));
#6613=DIRECTION('',(0.,0.,-1.));
#6614=DIRECTION('center_axis',(-0.588895918923968,0.,0.808208881833586));
#6615=DIRECTION('ref_axis',(0.808208881833586,0.,0.588895918923968));
#6616=DIRECTION('',(0.,-1.,0.));
#6617=DIRECTION('center_axis',(1.,0.,0.));
#6618=DIRECTION('ref_axis',(0.,0.,-1.));
#6619=DIRECTION('center_axis',(0.,2.11471052309554E-16,1.));
#6620=DIRECTION('ref_axis',(0.,1.,-2.11471052309554E-16));
#6621=DIRECTION('',(0.,-2.11471052309554E-16,-1.));
#6622=DIRECTION('center_axis',(0.,0.,1.));
#6623=DIRECTION('ref_axis',(1.11022302462516E-15,1.,0.));
#6624=DIRECTION('center_axis',(0.,0.,1.));
#6625=DIRECTION('ref_axis',(1.11022302462516E-15,1.,0.));
#6626=DIRECTION('center_axis',(0.,2.11471052309554E-16,1.));
#6627=DIRECTION('ref_axis',(1.,0.,0.));
#6628=DIRECTION('',(0.,1.,-2.11471052309554E-16));
#6629=DIRECTION('center_axis',(0.,0.,1.));
#6630=DIRECTION('ref_axis',(0.,1.,0.));
#6631=DIRECTION('center_axis',(0.,2.11471052309554E-16,1.));
#6632=DIRECTION('ref_axis',(0.,1.,-2.11471052309554E-16));
#6633=DIRECTION('',(0.,2.11471052309554E-16,1.));
#6634=DIRECTION('center_axis',(0.,0.,1.));
#6635=DIRECTION('ref_axis',(0.,1.,0.));
#6636=DIRECTION('center_axis',(0.,-2.11471052309554E-16,-1.));
#6637=DIRECTION('ref_axis',(-1.,0.,0.));
#6638=DIRECTION('',(0.,-1.,2.11471052309554E-16));
#6639=DIRECTION('center_axis',(0.,-0.196116135138171,0.980580675690923));
#6640=DIRECTION('ref_axis',(1.,0.,0.));
#6641=DIRECTION('',(-0.112508790092607,0.974354703692448,0.194870940738477));
#6642=DIRECTION('',(-1.,0.,0.));
#6643=DIRECTION('',(0.112508790092605,0.974354703692448,0.194870940738477));
#6644=DIRECTION('center_axis',(-0.849207775608447,-0.196116135138184,0.49029033784546));
#6645=DIRECTION('ref_axis',(0.5,1.38777878078144E-17,0.866025403784439));
#6646=DIRECTION('',(-0.225017580185202,0.974354703692447,0.));
#6647=DIRECTION('',(-0.5,0.,-0.866025403784439));
#6648=DIRECTION('center_axis',(0.,-0.196116135138171,-0.980580675690923));
#6649=DIRECTION('ref_axis',(-1.,0.,0.));
#6650=DIRECTION('',(0.112508790092601,0.974354703692449,-0.194870940738477));
#6651=DIRECTION('',(1.,0.,0.));
#6652=DIRECTION('',(0.112508790092609,-0.974354703692448,0.194870940738477));
#6653=DIRECTION('center_axis',(0.849207775608448,-0.196116135138178,-0.490290337845461));
#6654=DIRECTION('ref_axis',(-0.5,9.71445146547012E-17,-0.866025403784439));
#6655=DIRECTION('',(0.5,0.,0.866025403784439));
#6656=DIRECTION('',(0.225017580185197,0.974354703692448,0.));
#6657=DIRECTION('center_axis',(-0.849207775608448,-0.196116135138181,-0.49029033784546));
#6658=DIRECTION('ref_axis',(-0.499999999999999,-6.93889390390723E-17,0.866025403784439));
#6659=DIRECTION('',(0.5,0.,-0.866025403784439));
#6660=DIRECTION('center_axis',(0.849207775608448,-0.196116135138179,0.49029033784546));
#6661=DIRECTION('ref_axis',(0.499999999999999,-8.32667268468868E-17,-0.866025403784439));
#6662=DIRECTION('',(-0.5,0.,0.866025403784439));
#6663=DIRECTION('center_axis',(0.866025403784439,0.,-0.5));
#6664=DIRECTION('ref_axis',(-0.5,0.,-0.866025403784439));
#6665=DIRECTION('',(0.,1.,0.));
#6666=DIRECTION('',(-0.5,0.,-0.866025403784439));
#6667=DIRECTION('',(0.,1.,0.));
#6668=DIRECTION('center_axis',(0.866025403784439,0.,0.5));
#6669=DIRECTION('ref_axis',(0.5,0.,-0.866025403784439));
#6670=DIRECTION('',(0.,1.,0.));
#6671=DIRECTION('',(0.5,0.,-0.866025403784439));
#6672=DIRECTION('center_axis',(0.,0.,1.));
#6673=DIRECTION('ref_axis',(1.,0.,0.));
#6674=DIRECTION('',(0.,1.,0.));
#6675=DIRECTION('',(1.,0.,0.));
#6676=DIRECTION('center_axis',(-2.69374292906061E-15,-0.196116135138163,
0.980580675690924));
#6677=DIRECTION('ref_axis',(1.,-1.18329135783152E-30,2.74708955197652E-15));
#6678=DIRECTION('',(-0.112508790092608,0.97435470369245,0.194870940738468));
#6679=DIRECTION('',(-1.,0.,-2.74708955197651E-15));
#6680=DIRECTION('',(0.112508790092609,0.97435470369245,0.194870940738468));
#6681=DIRECTION('center_axis',(-0.849207775608447,-0.196116135138179,0.490290337845461));
#6682=DIRECTION('ref_axis',(0.500000000000001,-8.32667268468867E-17,0.866025403784438));
#6683=DIRECTION('',(-0.225017580185199,0.974354703692448,0.));
#6684=DIRECTION('',(-0.500000000000001,0.,-0.866025403784438));
#6685=DIRECTION('center_axis',(2.6937429290606E-15,-0.196116135138171,-0.980580675690923));
#6686=DIRECTION('ref_axis',(-1.,1.97215226305253E-31,-2.74708955197651E-15));
#6687=DIRECTION('',(0.112508790092613,0.974354703692449,-0.194870940738468));
#6688=DIRECTION('',(1.,0.,2.74708955197651E-15));
#6689=DIRECTION('',(0.112508790092606,-0.974354703692448,0.194870940738477));
#6690=DIRECTION('center_axis',(0.849207775608448,-0.196116135138182,-0.490290337845459));
#6691=DIRECTION('ref_axis',(-0.499999999999999,-9.71445146547012E-17,-0.866025403784439));
#6692=DIRECTION('',(0.499999999999999,0.,0.866025403784439));
#6693=DIRECTION('',(0.2250175801852,0.974354703692447,0.));
#6694=DIRECTION('center_axis',(-0.849207775608447,-0.19611613513818,-0.490290337845461));
#6695=DIRECTION('ref_axis',(-0.500000000000001,-8.32667268468868E-17,0.866025403784438));
#6696=DIRECTION('',(0.5,0.,-0.866025403784438));
#6697=DIRECTION('center_axis',(0.849207775608447,-0.196116135138178,0.490290337845462));
#6698=DIRECTION('ref_axis',(0.500000000000001,-8.32667268468868E-17,-0.866025403784438));
#6699=DIRECTION('',(-0.500000000000001,0.,0.866025403784438));
#6700=DIRECTION('center_axis',(0.866025403784438,0.,-0.500000000000001));
#6701=DIRECTION('ref_axis',(-0.500000000000001,0.,-0.866025403784438));
#6702=DIRECTION('',(0.,1.,0.));
#6703=DIRECTION('',(-0.500000000000001,0.,-0.866025403784438));
#6704=DIRECTION('',(0.,1.,0.));
#6705=DIRECTION('center_axis',(0.866025403784439,0.,0.5));
#6706=DIRECTION('ref_axis',(0.5,0.,-0.866025403784439));
#6707=DIRECTION('',(0.,1.,0.));
#6708=DIRECTION('',(0.5,0.,-0.866025403784439));
#6709=DIRECTION('center_axis',(-2.74708955197651E-15,0.,1.));
#6710=DIRECTION('ref_axis',(1.,0.,2.74708955197651E-15));
#6711=DIRECTION('',(0.,1.,0.));
#6712=DIRECTION('',(1.,0.,2.74708955197651E-15));
#6713=DIRECTION('center_axis',(-0.866025403784439,0.,0.499999999999999));
#6714=DIRECTION('ref_axis',(0.499999999999999,0.,0.866025403784439));
#6715=DIRECTION('',(0.,1.,0.));
#6716=DIRECTION('',(0.499999999999999,0.,0.866025403784439));
#6717=DIRECTION('center_axis',(-0.866025403784438,0.,-0.500000000000001));
#6718=DIRECTION('ref_axis',(-0.500000000000001,0.,0.866025403784438));
#6719=DIRECTION('',(0.,1.,0.));
#6720=DIRECTION('',(-0.500000000000001,0.,0.866025403784438));
#6721=DIRECTION('center_axis',(2.74708955197651E-15,0.,-1.));
#6722=DIRECTION('ref_axis',(-1.,0.,-2.74708955197651E-15));
#6723=DIRECTION('',(-1.,0.,-2.74708955197651E-15));
#6724=DIRECTION('center_axis',(0.,-1.,0.));
#6725=DIRECTION('ref_axis',(1.,0.,0.));
#6726=DIRECTION('center_axis',(0.,-1.,0.));
#6727=DIRECTION('ref_axis',(-1.,0.,0.));
#6728=DIRECTION('center_axis',(-0.866025403784439,0.,0.5));
#6729=DIRECTION('ref_axis',(0.5,0.,0.866025403784439));
#6730=DIRECTION('',(0.,1.,0.));
#6731=DIRECTION('',(0.5,0.,0.866025403784439));
#6732=DIRECTION('center_axis',(-0.866025403784439,0.,-0.5));
#6733=DIRECTION('ref_axis',(-0.5,0.,0.866025403784439));
#6734=DIRECTION('',(0.,1.,0.));
#6735=DIRECTION('',(-0.5,0.,0.866025403784439));
#6736=DIRECTION('center_axis',(0.,0.,-1.));
#6737=DIRECTION('ref_axis',(-1.,0.,0.));
#6738=DIRECTION('',(-1.,0.,0.));
#6739=DIRECTION('center_axis',(0.,-1.,0.));
#6740=DIRECTION('ref_axis',(1.,0.,0.));
#6741=DIRECTION('center_axis',(0.,-1.,0.));
#6742=DIRECTION('ref_axis',(-1.,0.,0.));
#6743=DIRECTION('center_axis',(0.,-1.,0.));
#6744=DIRECTION('ref_axis',(-1.,0.,0.));
#6745=DIRECTION('',(0.,-1.,0.));
#6746=DIRECTION('center_axis',(0.,-1.,0.));
#6747=DIRECTION('ref_axis',(-1.,0.,0.));
#6748=DIRECTION('',(0.,-1.,0.));
#6749=DIRECTION('center_axis',(1.,0.,0.));
#6750=DIRECTION('ref_axis',(0.,0.,-1.));
#6751=DIRECTION('',(0.,1.,0.));
#6752=DIRECTION('center_axis',(0.618059968987246,0.,-0.786130952663413));
#6753=DIRECTION('ref_axis',(-0.786130952663413,0.,-0.618059968987246));
#6754=DIRECTION('',(0.,1.,0.));
#6755=DIRECTION('center_axis',(-0.95492804761171,0.,-0.296837369420509));
#6756=DIRECTION('ref_axis',(-0.296837369420509,0.,0.95492804761171));
#6757=DIRECTION('',(0.,1.,0.));
#6758=DIRECTION('',(0.,1.,0.));
#6759=DIRECTION('center_axis',(-0.980580115000807,0.196116135138181,-0.00104861979190605));
#6760=DIRECTION('ref_axis',(-0.00106938655625371,-8.13151629364128E-20,
0.999999428206033));
#6761=DIRECTION('',(-0.194991144700038,-0.974354703692445,0.112300333396552));
#6762=DIRECTION('',(-0.00106938655625371,0.,0.999999428206033));
#6763=DIRECTION('',(-0.194750513924872,-0.974354703692446,-0.112717118124991));
#6764=DIRECTION('center_axis',(-0.491198188879099,0.196116135138208,0.848682980140609));
#6765=DIRECTION('ref_axis',(0.865490215318213,-8.32667268468867E-17,0.500925830027194));
#6766=DIRECTION('',(-0.000240630775192743,-0.974354703692443,0.225017451521525));
#6767=DIRECTION('',(0.865490215318213,0.,0.500925830027195));
#6768=DIRECTION('center_axis',(0.489381926121704,0.196116135138178,0.849731599932517));
#6769=DIRECTION('ref_axis',(0.866559601874463,-6.93889390390723E-17,-0.499073598178838));
#6770=DIRECTION('',(0.194750513924881,-0.974354703692447,0.112717118124973));
#6771=DIRECTION('',(0.866559601874463,0.,-0.499073598178837));
#6772=DIRECTION('center_axis',(0.491198188879105,0.196116135138191,-0.848682980140609));
#6773=DIRECTION('ref_axis',(-0.86549021531821,-2.77555756156289E-17,-0.500925830027199));
#6774=DIRECTION('',(-0.86549021531821,0.,-0.500925830027199));
#6775=DIRECTION('',(-0.194991144700051,0.974354703692444,0.112300333396535));
#6776=DIRECTION('',(0.000240630775171108,-0.974354703692443,-0.225017451521525));
#6777=DIRECTION('center_axis',(0.980580115000805,0.196116135138189,0.0010486197919047));
#6778=DIRECTION('ref_axis',(0.00106938655625234,-9.75781955236954E-19,-0.999999428206033));
#6779=DIRECTION('',(0.00106938655625234,0.,-0.999999428206033));
#6780=DIRECTION('center_axis',(-0.489381926121707,0.196116135138196,-0.849731599932511));
#6781=DIRECTION('ref_axis',(-0.86655960187446,-1.52655665885959E-16,0.499073598178843));
#6782=DIRECTION('',(-0.866559601874461,0.,0.499073598178842));
#6783=DIRECTION('center_axis',(-0.499073598178837,0.,-0.866559601874463));
#6784=DIRECTION('ref_axis',(0.866559601874463,0.,-0.499073598178837));
#6785=DIRECTION('',(0.,-1.,0.));
#6786=DIRECTION('',(0.866559601874463,0.,-0.499073598178837));
#6787=DIRECTION('',(0.,-1.,0.));
#6788=DIRECTION('center_axis',(-0.999999428206033,0.,-0.00106938655625234));
#6789=DIRECTION('ref_axis',(0.00106938655625234,0.,-0.999999428206033));
#6790=DIRECTION('',(0.,-1.,0.));
#6791=DIRECTION('',(0.00106938655625234,0.,-0.999999428206033));
#6792=DIRECTION('center_axis',(-0.500925830027199,0.,0.86549021531821));
#6793=DIRECTION('ref_axis',(-0.86549021531821,0.,-0.500925830027199));
#6794=DIRECTION('',(0.,-1.,0.));
#6795=DIRECTION('',(-0.86549021531821,0.,-0.500925830027199));
#6796=DIRECTION('center_axis',(0.499073598178842,0.,0.866559601874461));
#6797=DIRECTION('ref_axis',(-0.866559601874461,0.,0.499073598178842));
#6798=DIRECTION('',(0.,-1.,0.));
#6799=DIRECTION('',(-0.866559601874461,0.,0.499073598178842));
#6800=DIRECTION('center_axis',(0.999999428206033,0.,0.00106938655625371));
#6801=DIRECTION('ref_axis',(-0.00106938655625371,0.,0.999999428206033));
#6802=DIRECTION('',(0.,-1.,0.));
#6803=DIRECTION('',(-0.00106938655625371,0.,0.999999428206033));
#6804=DIRECTION('center_axis',(0.500925830027195,0.,-0.865490215318213));
#6805=DIRECTION('ref_axis',(0.865490215318213,0.,0.500925830027195));
#6806=DIRECTION('',(0.865490215318213,0.,0.500925830027195));
#6807=DIRECTION('center_axis',(0.,1.,0.));
#6808=DIRECTION('ref_axis',(-1.,0.,0.));
#6809=DIRECTION('center_axis',(0.,1.,0.));
#6810=DIRECTION('ref_axis',(-1.,0.,0.));
#6811=DIRECTION('center_axis',(0.,-1.,0.));
#6812=DIRECTION('ref_axis',(-1.,0.,0.));
#6813=DIRECTION('',(0.,-1.,0.));
#6814=DIRECTION('center_axis',(0.,0.,-1.));
#6815=DIRECTION('ref_axis',(0.,1.,0.));
#6816=DIRECTION('',(0.,1.,0.));
#6817=DIRECTION('',(1.,0.,0.));
#6818=DIRECTION('',(0.,-1.,0.));
#6819=DIRECTION('center_axis',(0.,-0.707106781186548,-0.707106781186547));
#6820=DIRECTION('ref_axis',(0.,0.707106781186547,-0.707106781186548));
#6821=DIRECTION('',(0.,0.707106781186547,-0.707106781186548));
#6822=DIRECTION('',(0.,0.707106781186547,-0.707106781186548));
#6823=DIRECTION('',(1.,0.,0.));
#6824=DIRECTION('center_axis',(0.,-1.,0.));
#6825=DIRECTION('ref_axis',(0.,0.,-1.));
#6826=DIRECTION('',(0.,0.,1.));
#6827=DIRECTION('',(0.,0.,-1.));
#6828=DIRECTION('',(1.,0.,0.));
#6829=DIRECTION('center_axis',(0.,0.,1.));
#6830=DIRECTION('ref_axis',(0.,-1.,0.));
#6831=DIRECTION('',(0.,-1.,0.));
#6832=DIRECTION('',(0.,1.,0.));
#6833=DIRECTION('',(-1.,0.,0.));
#6834=DIRECTION('center_axis',(0.,0.707106781186547,0.707106781186548));
#6835=DIRECTION('ref_axis',(0.,-0.707106781186548,0.707106781186547));
#6836=DIRECTION('',(0.,0.707106781186548,-0.707106781186547));
#6837=DIRECTION('',(0.,-0.707106781186548,0.707106781186547));
#6838=DIRECTION('',(1.,0.,0.));
#6839=DIRECTION('center_axis',(0.,0.,1.));
#6840=DIRECTION('ref_axis',(0.,-1.,0.));
#6841=DIRECTION('',(0.,-1.,0.));
#6842=DIRECTION('',(0.,-1.,0.));
#6843=DIRECTION('center_axis',(-1.,0.,3.99111730289597E-17));
#6844=DIRECTION('ref_axis',(-3.99111730289597E-17,0.,-1.));
#6845=DIRECTION('center_axis',(1.,0.,7.36620013909752E-17));
#6846=DIRECTION('ref_axis',(-7.36620013909752E-17,0.,1.));
#6847=DIRECTION('center_axis',(-0.489381926121702,0.196116135138187,-0.849731599932516));
#6848=DIRECTION('ref_axis',(-0.866559601874464,5.55111512312578E-17,0.499073598178837));
#6849=DIRECTION('',(-0.19475051392488,-0.974354703692446,-0.112717118124982));
#6850=DIRECTION('',(-0.866559601874464,0.,0.499073598178837));
#6851=DIRECTION('',(0.000240630775162455,-0.974354703692447,-0.225017451521509));
#6852=DIRECTION('center_axis',(-0.980580115000805,0.196116135138189,-0.00104861979190604));
#6853=DIRECTION('ref_axis',(-0.0010693865562537,-1.65340831304039E-18,0.999999428206033));
#6854=DIRECTION('',(-0.194991144700047,-0.974354703692445,0.112300333396535));
#6855=DIRECTION('',(-0.00106938655625371,0.,0.999999428206033));
#6856=DIRECTION('center_axis',(0.491198188879105,0.19611613513818,-0.848682980140612));
#6857=DIRECTION('ref_axis',(-0.865490215318211,-1.52655665885959E-16,-0.500925830027198));
#6858=DIRECTION('',(-0.865490215318211,0.,-0.500925830027198));
#6859=DIRECTION('',(-0.194991144700047,0.974354703692447,0.112300333396518));
#6860=DIRECTION('center_axis',(-0.491198188879104,0.196116135138199,0.848682980140608));
#6861=DIRECTION('ref_axis',(0.86549021531821,8.32667268468868E-17,0.500925830027199));
#6862=DIRECTION('',(-0.000240630775166781,-0.974354703692445,0.225017451521517));
#6863=DIRECTION('',(0.865490215318211,0.,0.500925830027198));
#6864=DIRECTION('center_axis',(0.489381926121701,0.196116135138196,0.849731599932514));
#6865=DIRECTION('ref_axis',(0.866559601874464,2.77555756156289E-17,-0.499073598178837));
#6866=DIRECTION('',(0.194750513924876,-0.974354703692445,0.112717118124999));
#6867=DIRECTION('',(0.866559601874464,0.,-0.499073598178837));
#6868=DIRECTION('center_axis',(0.980580115000806,0.196116135138185,0.00104861979190605));
#6869=DIRECTION('ref_axis',(0.00106938655625371,1.0842021724855E-19,-0.999999428206033));
#6870=DIRECTION('',(0.00106938655625371,0.,-0.999999428206033));
#6871=DIRECTION('center_axis',(-0.999999428206033,0.,-0.00106938655625371));
#6872=DIRECTION('ref_axis',(0.00106938655625371,0.,-0.999999428206033));
#6873=DIRECTION('',(0.,-1.,0.));
#6874=DIRECTION('',(0.00106938655625371,0.,-0.999999428206033));
#6875=DIRECTION('',(0.,-1.,0.));
#6876=DIRECTION('center_axis',(-0.500925830027198,0.,0.865490215318211));
#6877=DIRECTION('ref_axis',(-0.865490215318211,0.,-0.500925830027198));
#6878=DIRECTION('',(0.,-1.,0.));
#6879=DIRECTION('',(-0.865490215318211,0.,-0.500925830027198));
#6880=DIRECTION('center_axis',(0.499073598178837,0.,0.866559601874464));
#6881=DIRECTION('ref_axis',(-0.866559601874464,0.,0.499073598178837));
#6882=DIRECTION('',(0.,-1.,0.));
#6883=DIRECTION('',(-0.866559601874464,0.,0.499073598178837));
#6884=DIRECTION('center_axis',(-0.489381926121708,0.196116135138177,-0.849731599932515));
#6885=DIRECTION('ref_axis',(-0.866559601874461,5.55111512312578E-17,0.499073598178842));
#6886=DIRECTION('',(-0.194750513924876,-0.974354703692448,-0.112717118124974));
#6887=DIRECTION('',(-0.866559601874461,0.,0.499073598178842));
#6888=DIRECTION('',(0.00024063077518409,-0.974354703692447,-0.225017451521509));
#6889=DIRECTION('center_axis',(-0.491198188879108,0.196116135138191,0.848682980140608));
#6890=DIRECTION('ref_axis',(0.865490215318209,1.80411241501588E-16,0.500925830027202));
#6891=DIRECTION('',(-0.000240630775166781,-0.974354703692443,0.225017451521525));
#6892=DIRECTION('',(0.865490215318208,0.,0.500925830027202));
#6893=DIRECTION('',(0.194991144700047,0.974354703692445,-0.112300333396535));
#6894=DIRECTION('center_axis',(0.489381926121706,0.196116135138196,0.849731599932512));
#6895=DIRECTION('ref_axis',(0.866559601874461,1.2490009027033E-16,-0.499073598178841));
#6896=DIRECTION('',(0.194750513924867,-0.974354703692445,0.112717118125008));
#6897=DIRECTION('',(0.866559601874461,0.,-0.499073598178842));
#6898=DIRECTION('center_axis',(0.980580115000807,0.196116135138176,0.00104861979190336));
#6899=DIRECTION('ref_axis',(0.00106938655625097,-7.86046575051991E-19,-0.999999428206033));
#6900=DIRECTION('',(0.00106938655625096,0.,-0.999999428206033));
#6901=DIRECTION('',(0.194991144700039,-0.974354703692447,-0.112300333396535));
#6902=DIRECTION('center_axis',(0.491198188879104,0.196116135138189,-0.84868298014061));
#6903=DIRECTION('ref_axis',(-0.865490215318211,-2.77555756156289E-17,-0.500925830027198));
#6904=DIRECTION('',(-0.865490215318211,0.,-0.500925830027198));
#6905=DIRECTION('center_axis',(-0.980580115000806,0.196116135138185,-0.00104861979190471));
#6906=DIRECTION('ref_axis',(-0.00106938655625234,7.31836466427716E-19,0.999999428206033));
#6907=DIRECTION('',(-0.00106938655625234,0.,0.999999428206033));
#6908=DIRECTION('center_axis',(0.499073598178842,0.,0.866559601874461));
#6909=DIRECTION('ref_axis',(-0.866559601874461,0.,0.499073598178842));
#6910=DIRECTION('',(0.,-1.,0.));
#6911=DIRECTION('',(-0.866559601874461,0.,0.499073598178842));
#6912=DIRECTION('',(0.,-1.,0.));
#6913=DIRECTION('center_axis',(0.999999428206033,0.,0.00106938655625234));
#6914=DIRECTION('ref_axis',(-0.00106938655625234,0.,0.999999428206033));
#6915=DIRECTION('',(0.,-1.,0.));
#6916=DIRECTION('',(-0.00106938655625234,0.,0.999999428206033));
#6917=DIRECTION('center_axis',(0.500925830027202,0.,-0.865490215318209));
#6918=DIRECTION('ref_axis',(0.865490215318209,0.,0.500925830027202));
#6919=DIRECTION('',(0.,-1.,0.));
#6920=DIRECTION('',(0.865490215318208,0.,0.500925830027202));
#6921=DIRECTION('center_axis',(-0.499073598178842,0.,-0.866559601874461));
#6922=DIRECTION('ref_axis',(0.866559601874461,0.,-0.499073598178842));
#6923=DIRECTION('',(0.,-1.,0.));
#6924=DIRECTION('',(0.866559601874461,0.,-0.499073598178842));
#6925=DIRECTION('center_axis',(-0.999999428206033,0.,-0.00106938655625097));
#6926=DIRECTION('ref_axis',(0.00106938655625097,0.,-0.999999428206033));
#6927=DIRECTION('',(0.,-1.,0.));
#6928=DIRECTION('',(0.00106938655625096,0.,-0.999999428206033));
#6929=DIRECTION('center_axis',(-0.500925830027198,0.,0.865490215318211));
#6930=DIRECTION('ref_axis',(-0.865490215318211,0.,-0.500925830027198));
#6931=DIRECTION('',(-0.865490215318211,0.,-0.500925830027198));
#6932=DIRECTION('center_axis',(0.,1.,0.));
#6933=DIRECTION('ref_axis',(-1.,0.,0.));
#6934=DIRECTION('center_axis',(0.,1.,0.));
#6935=DIRECTION('ref_axis',(-1.,0.,0.));
#6936=DIRECTION('center_axis',(0.999999428206033,0.,0.00106938655625371));
#6937=DIRECTION('ref_axis',(-0.00106938655625371,0.,0.999999428206033));
#6938=DIRECTION('',(0.,-1.,0.));
#6939=DIRECTION('',(-0.00106938655625371,0.,0.999999428206033));
#6940=DIRECTION('center_axis',(0.500925830027198,0.,-0.865490215318211));
#6941=DIRECTION('ref_axis',(0.865490215318211,0.,0.500925830027198));
#6942=DIRECTION('',(0.,-1.,0.));
#6943=DIRECTION('',(0.865490215318211,0.,0.500925830027198));
#6944=DIRECTION('center_axis',(-0.499073598178837,0.,-0.866559601874464));
#6945=DIRECTION('ref_axis',(0.866559601874464,0.,-0.499073598178837));
#6946=DIRECTION('',(0.866559601874464,0.,-0.499073598178837));
#6947=DIRECTION('center_axis',(0.,-1.,0.));
#6948=DIRECTION('ref_axis',(0.,0.,-1.));
#6949=DIRECTION('center_axis',(0.,1.,0.));
#6950=DIRECTION('ref_axis',(-1.,0.,0.));
#6951=DIRECTION('center_axis',(0.,1.,0.));
#6952=DIRECTION('ref_axis',(-1.,0.,0.));
#6953=DIRECTION('',(0.,1.,0.));
#6954=DIRECTION('center_axis',(0.,1.,0.));
#6955=DIRECTION('ref_axis',(-1.,0.,0.));
#6956=DIRECTION('',(0.,1.,0.));
#6957=DIRECTION('center_axis',(-1.,0.,-1.60246890531963E-15));
#6958=DIRECTION('ref_axis',(-1.60246890531963E-15,0.,1.));
#6959=DIRECTION('',(4.23066613019473E-34,-1.,2.3037127760972E-15));
#6960=DIRECTION('',(0.,2.3037127760972E-15,1.));
#6961=DIRECTION('',(0.,0.,1.));
#6962=DIRECTION('',(1.,0.,0.));
#6963=CARTESIAN_POINT('',(0.,0.,0.));
#6964=CARTESIAN_POINT('',(0.,0.,0.));
#6965=CARTESIAN_POINT('',(0.,0.,0.));
#6966=CARTESIAN_POINT('',(0.,0.,0.));
#6967=CARTESIAN_POINT('Origin',(-19.,-8.97,0.));
#6968=CARTESIAN_POINT('',(-16.35,-8.97,-1.4));
#6969=CARTESIAN_POINT('Origin',(-19.,-8.97,-1.4));
#6970=CARTESIAN_POINT('',(-16.35,-8.97,0.));
#6971=CARTESIAN_POINT('',(-16.35,-8.97,0.));
#6972=CARTESIAN_POINT('Origin',(-19.,-8.97,0.));
#6973=CARTESIAN_POINT('Origin',(-19.,-8.97,-1.4));
#6974=CARTESIAN_POINT('',(-20.2295,-8.97,-1.4));
#6975=CARTESIAN_POINT('Origin',(-19.,-8.97,-1.4));
#6976=CARTESIAN_POINT('Origin',(-2.,10.03,0.));
#6977=CARTESIAN_POINT('',(0.65,10.03,-1.4));
#6978=CARTESIAN_POINT('Origin',(-2.,10.03,-1.4));
#6979=CARTESIAN_POINT('',(0.65,10.03,0.));
#6980=CARTESIAN_POINT('',(0.65,10.03,0.));
#6981=CARTESIAN_POINT('Origin',(-2.,10.03,0.));
#6982=CARTESIAN_POINT('Origin',(-2.,10.03,-1.4));
#6983=CARTESIAN_POINT('',(-3.2295,10.03,-1.4));
#6984=CARTESIAN_POINT('Origin',(-2.,10.03,-1.4));
#6985=CARTESIAN_POINT('Origin',(-17.6,-23.405,-15.6));
#6986=CARTESIAN_POINT('',(-17.6,-21.53,-18.6));
#6987=CARTESIAN_POINT('',(-14.6,-21.53,-15.6));
#6988=CARTESIAN_POINT('Origin',(-17.6,-21.53,-15.6));
#6989=CARTESIAN_POINT('',(-14.6,-24.03,-15.6));
#6990=CARTESIAN_POINT('',(-14.6,-23.405,-15.6));
#6991=CARTESIAN_POINT('',(-17.6,-24.03,-18.6));
#6992=CARTESIAN_POINT('Origin',(-17.6,-24.03,-15.6));
#6993=CARTESIAN_POINT('',(-17.6,-23.405,-18.6));
#6994=CARTESIAN_POINT('Origin',(-14.6,-24.03,0.));
#6995=CARTESIAN_POINT('',(-14.6,-21.53,-1.));
#6996=CARTESIAN_POINT('',(-14.6,-21.53,0.));
#6997=CARTESIAN_POINT('',(-14.6,-20.53,0.));
#6998=CARTESIAN_POINT('Origin',(-14.6,-20.53,-1.));
#6999=CARTESIAN_POINT('',(-14.6,-24.03,0.));
#7000=CARTESIAN_POINT('',(-14.6,-16.,0.));
#7001=CARTESIAN_POINT('',(-14.6,-24.03,0.));
#7002=CARTESIAN_POINT('Origin',(-14.6,-21.53,0.));
#7003=CARTESIAN_POINT('',(-24.8,-21.53,-18.6));
#7004=CARTESIAN_POINT('',(-14.6,-21.53,-18.6));
#7005=CARTESIAN_POINT('',(-24.8,-21.53,-7.20166847402782));
#7006=CARTESIAN_POINT('',(-24.8,-21.53,-10.9687723982525));
#7007=CARTESIAN_POINT('',(-26.5,-21.53,-7.20166847402782));
#7008=CARTESIAN_POINT('',(-19.7,-21.53,-7.20166847402782));
#7009=CARTESIAN_POINT('',(-26.5,-21.53,-18.6));
#7010=CARTESIAN_POINT('',(-26.5,-21.53,-3.60083423701391));
#7011=CARTESIAN_POINT('',(-29.,-21.53,-18.6));
#7012=CARTESIAN_POINT('',(-14.6,-21.53,-18.6));
#7013=CARTESIAN_POINT('',(-32.,-21.53,-15.6));
#7014=CARTESIAN_POINT('Origin',(-29.,-21.53,-15.6));
#7015=CARTESIAN_POINT('',(-32.,-21.53,-1.));
#7016=CARTESIAN_POINT('',(-32.,-21.53,0.));
#7017=CARTESIAN_POINT('',(-7.3,-21.53,-1.));
#7018=CARTESIAN_POINT('Origin',(-29.,0.625,-15.6));
#7019=CARTESIAN_POINT('',(-29.,-24.03,-18.6));
#7020=CARTESIAN_POINT('',(-32.,-24.03,-15.6));
#7021=CARTESIAN_POINT('Origin',(-29.,-24.03,-15.6));
#7022=CARTESIAN_POINT('',(-32.,0.625,-15.6));
#7023=CARTESIAN_POINT('',(-29.,0.625,-18.6));
#7024=CARTESIAN_POINT('Origin',(-32.,24.03,0.));
#7025=CARTESIAN_POINT('',(-32.,-24.03,0.));
#7026=CARTESIAN_POINT('',(-32.,-24.03,0.));
#7027=CARTESIAN_POINT('',(-32.,-21.53,2.5));
#7028=CARTESIAN_POINT('Origin',(-32.,-21.53,0.));
#7029=CARTESIAN_POINT('',(-32.,14.03,2.5));
#7030=CARTESIAN_POINT('',(-32.,24.03,2.5));
#7031=CARTESIAN_POINT('',(-32.,14.03,0.));
#7032=CARTESIAN_POINT('',(-32.,14.03,0.));
#7033=CARTESIAN_POINT('',(-32.,-20.53,0.));
#7034=CARTESIAN_POINT('',(-32.,24.03,0.));
#7035=CARTESIAN_POINT('Origin',(-32.,-20.53,-1.));
#7036=CARTESIAN_POINT('Origin',(-32.,-24.03,0.));
#7037=CARTESIAN_POINT('',(-16.,-24.03,0.));
#7038=CARTESIAN_POINT('',(-26.5,-24.03,-18.6));
#7039=CARTESIAN_POINT('',(-32.,-24.03,-18.6));
#7040=CARTESIAN_POINT('',(-26.5,-24.03,-7.20166847402782));
#7041=CARTESIAN_POINT('',(-26.5,-24.03,-3.60083423701391));
#7042=CARTESIAN_POINT('',(-24.8,-24.03,-7.20166847402782));
#7043=CARTESIAN_POINT('',(-28.4,-24.03,-7.20166847402782));
#7044=CARTESIAN_POINT('',(-24.8,-24.03,-18.6));
#7045=CARTESIAN_POINT('',(-24.8,-24.03,-10.9687723982525));
#7046=CARTESIAN_POINT('',(-32.,-24.03,-18.6));
#7047=CARTESIAN_POINT('Origin',(-7.3,-20.53,-1.));
#7048=CARTESIAN_POINT('',(-7.3,-20.53,0.));
#7049=CARTESIAN_POINT('Origin',(-16.,-21.53,0.));
#7050=CARTESIAN_POINT('',(-12.,-24.03,0.));
#7051=CARTESIAN_POINT('',(-32.,-24.03,0.));
#7052=CARTESIAN_POINT('',(-12.,-21.53,2.5));
#7053=CARTESIAN_POINT('Origin',(-12.,-21.53,0.));
#7054=CARTESIAN_POINT('',(-16.,-21.53,2.5));
#7055=CARTESIAN_POINT('Origin',(0.,-7.97,2.5));
#7056=CARTESIAN_POINT('',(-12.,-27.97,2.5));
#7057=CARTESIAN_POINT('',(-12.,-24.03,2.5));
#7058=CARTESIAN_POINT('',(12.,-27.97,2.5));
#7059=CARTESIAN_POINT('Origin',(-6.26106813841842E-16,-27.97,2.5));
#7060=CARTESIAN_POINT('',(12.,-21.53,2.5));
#7061=CARTESIAN_POINT('',(12.,-27.97,2.5));
#7062=CARTESIAN_POINT('',(32.,-21.53,2.5));
#7063=CARTESIAN_POINT('',(6.,-21.53,2.5));
#7064=CARTESIAN_POINT('',(32.,14.03,2.5));
#7065=CARTESIAN_POINT('',(32.,-24.03,2.5));
#7066=CARTESIAN_POINT('',(22.,24.03,2.5));
#7067=CARTESIAN_POINT('Origin',(22.,14.03,2.5));
#7068=CARTESIAN_POINT('',(-22.,24.03,2.5));
#7069=CARTESIAN_POINT('',(32.,24.03,2.5));
#7070=CARTESIAN_POINT('Origin',(-22.,14.03,2.5));
#7071=CARTESIAN_POINT('',(20.865,-0.669999999999997,2.5));
#7072=CARTESIAN_POINT('Origin',(23.5,-0.669999999999997,2.5));
#7073=CARTESIAN_POINT('',(6.865,-0.669999999999997,2.5));
#7074=CARTESIAN_POINT('Origin',(9.5,-0.669999999999997,2.5));
#7075=CARTESIAN_POINT('',(-3.2295,10.03,2.5));
#7076=CARTESIAN_POINT('Origin',(-2.,10.03,2.5));
#7077=CARTESIAN_POINT('',(-20.2295,-8.97,2.5));
#7078=CARTESIAN_POINT('Origin',(-19.,-8.97,2.5));
#7079=CARTESIAN_POINT('',(3.6,-27.97,2.5));
#7080=CARTESIAN_POINT('Origin',(-6.26106813841842E-16,-27.97,2.5));
#7081=CARTESIAN_POINT('',(22.53,12.03,2.5));
#7082=CARTESIAN_POINT('Origin',(20.,12.03,2.5));
#7083=CARTESIAN_POINT('',(-17.47,12.03,2.5));
#7084=CARTESIAN_POINT('Origin',(-20.,12.03,2.5));
#7085=CARTESIAN_POINT('Origin',(-24.8,-24.03,-7.20166847402782));
#7086=CARTESIAN_POINT('',(-24.8,-24.03,-7.20166847402782));
#7087=CARTESIAN_POINT('',(-26.5,-24.03,-7.20166847402782));
#7088=CARTESIAN_POINT('Origin',(-24.8,-24.03,-21.937544796505));
#7089=CARTESIAN_POINT('',(-24.8,-23.405,-18.6));
#7090=CARTESIAN_POINT('Origin',(-26.5,-24.03,-7.20166847402782));
#7091=CARTESIAN_POINT('',(-26.5,-23.405,-18.6));
#7092=CARTESIAN_POINT('Origin',(-23.3,-22.78,-18.6));
#7093=CARTESIAN_POINT('Origin',(-23.3,-22.78,-18.6));
#7094=CARTESIAN_POINT('Origin',(24.8,-24.03,-7.20166847402782));
#7095=CARTESIAN_POINT('',(26.5,-21.53,-7.20166847402782));
#7096=CARTESIAN_POINT('',(24.8,-21.53,-7.20166847402782));
#7097=CARTESIAN_POINT('',(19.7,-21.53,-7.20166847402782));
#7098=CARTESIAN_POINT('',(26.5,-24.03,-7.20166847402782));
#7099=CARTESIAN_POINT('',(26.5,-24.03,-7.20166847402782));
#7100=CARTESIAN_POINT('',(24.8,-24.03,-7.20166847402782));
#7101=CARTESIAN_POINT('',(18.4,-24.03,-7.20166847402782));
#7102=CARTESIAN_POINT('',(24.8,-24.03,-7.20166847402782));
#7103=CARTESIAN_POINT('Origin',(24.8,-24.03,-21.937544796505));
#7104=CARTESIAN_POINT('',(24.8,-21.53,-18.6));
#7105=CARTESIAN_POINT('',(24.8,-21.53,-10.9687723982525));
#7106=CARTESIAN_POINT('',(24.8,-24.03,-18.6));
#7107=CARTESIAN_POINT('',(24.8,-24.03,-10.9687723982525));
#7108=CARTESIAN_POINT('',(24.8,-23.405,-18.6));
#7109=CARTESIAN_POINT('Origin',(26.5,-24.03,-7.20166847402782));
#7110=CARTESIAN_POINT('',(26.5,-21.53,-18.6));
#7111=CARTESIAN_POINT('',(26.5,-21.53,-3.60083423701391));
#7112=CARTESIAN_POINT('',(26.5,-24.03,-18.6));
#7113=CARTESIAN_POINT('',(26.5,-23.405,-18.6));
#7114=CARTESIAN_POINT('',(26.5,-24.03,-3.60083423701391));
#7115=CARTESIAN_POINT('Origin',(14.6,-21.53,0.));
#7116=CARTESIAN_POINT('',(17.6,-21.53,-18.6));
#7117=CARTESIAN_POINT('',(14.6,-21.53,-18.6));
#7118=CARTESIAN_POINT('',(14.6,-21.53,-15.6));
#7119=CARTESIAN_POINT('Origin',(17.6,-21.53,-15.6));
#7120=CARTESIAN_POINT('',(14.6,-21.53,-1.));
#7121=CARTESIAN_POINT('',(14.6,-21.53,0.));
#7122=CARTESIAN_POINT('',(32.,-21.53,-1.));
#7123=CARTESIAN_POINT('',(7.3,-21.53,-1.));
#7124=CARTESIAN_POINT('',(32.,-21.53,-15.6));
#7125=CARTESIAN_POINT('',(32.,-21.53,0.));
#7126=CARTESIAN_POINT('',(29.,-21.53,-18.6));
#7127=CARTESIAN_POINT('Origin',(29.,-21.53,-15.6));
#7128=CARTESIAN_POINT('',(14.6,-21.53,-18.6));
#7129=CARTESIAN_POINT('Origin',(23.3,-22.78,-18.6));
#7130=CARTESIAN_POINT('',(17.6,-24.03,-18.6));
#7131=CARTESIAN_POINT('',(32.,-24.03,-18.6));
#7132=CARTESIAN_POINT('',(17.6,-23.405,-18.6));
#7133=CARTESIAN_POINT('Origin',(17.6,-23.405,-15.6));
#7134=CARTESIAN_POINT('',(14.6,-24.03,-15.6));
#7135=CARTESIAN_POINT('Origin',(17.6,-24.03,-15.6));
#7136=CARTESIAN_POINT('',(14.6,-23.405,-15.6));
#7137=CARTESIAN_POINT('Origin',(23.3,-22.78,-18.6));
#7138=CARTESIAN_POINT('',(29.,-24.03,-18.6));
#7139=CARTESIAN_POINT('',(29.,-23.405,-18.6));
#7140=CARTESIAN_POINT('',(32.,-24.03,-18.6));
#7141=CARTESIAN_POINT('Origin',(29.,-23.405,-15.6));
#7142=CARTESIAN_POINT('',(32.,-24.03,-15.6));
#7143=CARTESIAN_POINT('Origin',(29.,-24.03,-15.6));
#7144=CARTESIAN_POINT('',(32.,-23.405,-15.6));
#7145=CARTESIAN_POINT('Origin',(12.,-24.03,0.));
#7146=CARTESIAN_POINT('',(32.,-24.03,0.));
#7147=CARTESIAN_POINT('',(32.,-24.03,0.));
#7148=CARTESIAN_POINT('',(14.6,-24.03,0.));
#7149=CARTESIAN_POINT('',(6.,-24.03,0.));
#7150=CARTESIAN_POINT('',(14.6,-24.03,0.));
#7151=CARTESIAN_POINT('Origin',(32.,-24.03,0.));
#7152=CARTESIAN_POINT('',(32.,-20.53,0.));
#7153=CARTESIAN_POINT('Origin',(32.,-20.53,-1.));
#7154=CARTESIAN_POINT('',(32.,14.03,0.));
#7155=CARTESIAN_POINT('',(32.,-24.03,0.));
#7156=CARTESIAN_POINT('',(32.,14.03,0.));
#7157=CARTESIAN_POINT('Origin',(32.,-21.53,0.));
#7158=CARTESIAN_POINT('Origin',(7.3,-20.53,-1.));
#7159=CARTESIAN_POINT('',(14.6,-20.53,0.));
#7160=CARTESIAN_POINT('Origin',(14.6,-20.53,-1.));
#7161=CARTESIAN_POINT('',(7.3,-20.53,0.));
#7162=CARTESIAN_POINT('Origin',(0.,-7.97,0.));
#7163=CARTESIAN_POINT('',(-22.,24.03,0.));
#7164=CARTESIAN_POINT('Origin',(-22.,14.03,0.));
#7165=CARTESIAN_POINT('',(22.,24.03,0.));
#7166=CARTESIAN_POINT('',(32.,24.03,0.));
#7167=CARTESIAN_POINT('Origin',(22.,14.03,0.));
#7168=CARTESIAN_POINT('',(14.6,-16.,0.));
#7169=CARTESIAN_POINT('',(12.,-24.03,0.));
#7170=CARTESIAN_POINT('',(12.,-24.03,0.));
#7171=CARTESIAN_POINT('',(12.,-27.97,0.));
#7172=CARTESIAN_POINT('',(12.,-27.97,0.));
#7173=CARTESIAN_POINT('',(-12.,-27.97,0.));
#7174=CARTESIAN_POINT('Origin',(-6.26106813841842E-16,-27.97,0.));
#7175=CARTESIAN_POINT('',(-12.,-24.03,0.));
#7176=CARTESIAN_POINT('',(3.6,-27.97,0.));
#7177=CARTESIAN_POINT('Origin',(-6.26106813841842E-16,-27.97,0.));
#7178=CARTESIAN_POINT('',(22.53,12.03,0.));
#7179=CARTESIAN_POINT('Origin',(20.,12.03,0.));
#7180=CARTESIAN_POINT('',(-17.47,12.03,0.));
#7181=CARTESIAN_POINT('Origin',(-20.,12.03,0.));
#7182=CARTESIAN_POINT('Origin',(6.,-21.53,0.));
#7183=CARTESIAN_POINT('Origin',(12.,-21.53,0.));
#7184=CARTESIAN_POINT('Origin',(14.6,-24.03,0.));
#7185=CARTESIAN_POINT('Origin',(9.5,-0.669999999999997,3.42062093445281));
#7186=CARTESIAN_POINT('',(9.5,-0.669999999999997,3.05124186890561));
#7187=CARTESIAN_POINT('',(8.2705,-0.669999999999997,3.79));
#7188=CARTESIAN_POINT('',(8.88525,-0.669999999999997,3.42062093445281));
#7189=CARTESIAN_POINT('Origin',(9.5,-0.669999999999997,3.79));
#7190=CARTESIAN_POINT('Origin',(9.5,-0.669999999999997,6.65475));
#7191=CARTESIAN_POINT('',(8.2705,-0.669999999999997,6.2695));
#7192=CARTESIAN_POINT('Origin',(9.5,-0.669999999999997,6.2695));
#7193=CARTESIAN_POINT('',(7.5,-0.669999999999997,7.04));
#7194=CARTESIAN_POINT('',(7.88525,-0.669999999999997,6.65475));
#7195=CARTESIAN_POINT('Origin',(9.5,-0.669999999999997,7.04));
#7196=CARTESIAN_POINT('Origin',(9.5,-0.669999999999997,5.415));
#7197=CARTESIAN_POINT('',(8.2705,-0.669999999999997,5.415));
#7198=CARTESIAN_POINT('Origin',(23.5,-0.669999999999997,3.42062093445281));
#7199=CARTESIAN_POINT('',(23.5,-0.669999999999997,3.05124186890561));
#7200=CARTESIAN_POINT('',(22.2705,-0.669999999999997,3.79));
#7201=CARTESIAN_POINT('',(22.88525,-0.669999999999997,3.42062093445281));
#7202=CARTESIAN_POINT('Origin',(23.5,-0.669999999999997,3.79));
#7203=CARTESIAN_POINT('Origin',(23.5,-0.669999999999997,6.65475));
#7204=CARTESIAN_POINT('',(22.2705,-0.669999999999997,6.2695));
#7205=CARTESIAN_POINT('Origin',(23.5,-0.669999999999997,6.2695));
#7206=CARTESIAN_POINT('',(21.5,-0.669999999999997,7.04));
#7207=CARTESIAN_POINT('',(21.88525,-0.669999999999997,6.65475));
#7208=CARTESIAN_POINT('Origin',(23.5,-0.669999999999997,7.04));
#7209=CARTESIAN_POINT('Origin',(23.5,-0.669999999999997,5.415));
#7210=CARTESIAN_POINT('',(22.2705,-0.669999999999997,5.415));
#7211=CARTESIAN_POINT('Origin',(23.5,-0.669999999999997,2.5));
#7212=CARTESIAN_POINT('',(20.865,-0.669999999999997,7.04));
#7213=CARTESIAN_POINT('Origin',(23.5,-0.669999999999997,7.04));
#7214=CARTESIAN_POINT('',(20.865,-0.669999999999997,2.5));
#7215=CARTESIAN_POINT('Origin',(23.5,-0.669999999999997,7.04));
#7216=CARTESIAN_POINT('Origin',(9.5,-0.669999999999997,2.5));
#7217=CARTESIAN_POINT('',(6.865,-0.669999999999997,7.04));
#7218=CARTESIAN_POINT('Origin',(9.5,-0.669999999999997,7.04));
#7219=CARTESIAN_POINT('',(6.865,-0.669999999999997,2.5));
#7220=CARTESIAN_POINT('Origin',(9.5,-0.669999999999997,7.04));
#7221=CARTESIAN_POINT('Origin',(-2.,10.03,-88.0441881072441));
#7222=CARTESIAN_POINT('',(-3.2295,10.03,-88.0441881072441));
#7223=CARTESIAN_POINT('Origin',(-19.,-8.97,-88.0441881072441));
#7224=CARTESIAN_POINT('',(-20.2295,-8.97,-88.0441881072441));
#7225=CARTESIAN_POINT('Origin',(-22.,14.03,0.));
#7226=CARTESIAN_POINT('',(-22.,24.03,0.));
#7227=CARTESIAN_POINT('Origin',(22.,14.03,0.));
#7228=CARTESIAN_POINT('',(22.,24.03,0.));
#7229=CARTESIAN_POINT('Origin',(-20.,12.03,0.));
#7230=CARTESIAN_POINT('',(-17.47,12.03,0.));
#7231=CARTESIAN_POINT('Origin',(20.,12.03,0.));
#7232=CARTESIAN_POINT('',(22.53,12.03,0.));
#7233=CARTESIAN_POINT('Origin',(-6.26106813841842E-16,-27.97,0.));
#7234=CARTESIAN_POINT('',(3.6,-27.97,0.));
#7235=CARTESIAN_POINT('Origin',(-6.26106813841842E-16,-27.97,0.));
#7236=CARTESIAN_POINT('',(12.,-27.97,0.));
#7237=CARTESIAN_POINT('',(-12.,-27.97,0.));
#7238=CARTESIAN_POINT('Origin',(-12.,-24.03,0.));
#7239=CARTESIAN_POINT('Origin',(32.,24.03,0.));
#7240=CARTESIAN_POINT('Origin',(12.,-27.97,0.));
#7241=CARTESIAN_POINT('',(0.,0.,0.));
#7242=CARTESIAN_POINT('Origin',(-0.93,0.,9.95));
#7243=CARTESIAN_POINT('',(-3.38,3.00038465791102E-16,9.9));
#7244=CARTESIAN_POINT('',(1.52,3.00038465791102E-16,9.9));
#7245=CARTESIAN_POINT('Origin',(-0.93,0.,9.9));
#7246=CARTESIAN_POINT('',(1.62,3.12284933782575E-16,10.));
#7247=CARTESIAN_POINT('',(1.57,3.06161699786838E-16,9.95));
#7248=CARTESIAN_POINT('Origin',(-0.93,0.,10.));
#7249=CARTESIAN_POINT('Origin',(-0.93,0.,9.9));
#7250=CARTESIAN_POINT('Origin',(-0.93,0.,10.));
#7251=CARTESIAN_POINT('',(-3.38,3.00038465791102E-16,-0.5));
#7252=CARTESIAN_POINT('',(-3.38,3.00038465791102E-16,10.));
#7253=CARTESIAN_POINT('Origin',(-0.93,0.,-0.5));
#7254=CARTESIAN_POINT('Origin',(0.,0.,10.));
#7255=CARTESIAN_POINT('',(-3.52,-4.31075673299868E-16,10.));
#7256=CARTESIAN_POINT('Origin',(0.,0.,10.));
#7257=CARTESIAN_POINT('Origin',(-0.93,0.,0.));
#7258=CARTESIAN_POINT('',(2.59,-4.31075673299868E-16,-0.5));
#7259=CARTESIAN_POINT('Origin',(-0.93,0.,-0.5));
#7260=CARTESIAN_POINT('',(2.59,-4.31075673299868E-16,0.));
#7261=CARTESIAN_POINT('',(2.59,-4.31075673299868E-16,0.));
#7262=CARTESIAN_POINT('Origin',(-0.93,0.,0.));
#7263=CARTESIAN_POINT('Origin',(-0.93,0.,-0.5));
#7264=CARTESIAN_POINT('Origin',(0.,0.,7.8));
#7265=CARTESIAN_POINT('',(-3.52,-4.31075673299868E-16,7.8));
#7266=CARTESIAN_POINT('',(-3.52,-4.31075673299868E-16,7.8));
#7267=CARTESIAN_POINT('Origin',(0.,0.,7.8));
#7268=CARTESIAN_POINT('Origin',(2.87809109191028,4.98500000000001,0.));
#7269=CARTESIAN_POINT('',(2.87809109191028,4.98500000000001,0.));
#7270=CARTESIAN_POINT('',(-2.87809109191029,4.985,0.));
#7271=CARTESIAN_POINT('',(2.87809109191028,4.98500000000001,0.));
#7272=CARTESIAN_POINT('',(-2.87809109191029,4.985,7.8));
#7273=CARTESIAN_POINT('',(-2.87809109191029,4.985,0.));
#7274=CARTESIAN_POINT('',(2.87809109191028,4.98500000000001,7.8));
#7275=CARTESIAN_POINT('',(2.87809109191028,4.98500000000001,7.8));
#7276=CARTESIAN_POINT('',(2.87809109191028,4.98500000000001,0.));
#7277=CARTESIAN_POINT('Origin',(5.75618218382057,3.15034705657715E-15,0.));
#7278=CARTESIAN_POINT('',(5.75618218382057,3.09023971747771E-15,0.));
#7279=CARTESIAN_POINT('',(5.75618218382057,3.33066907387547E-15,0.));
#7280=CARTESIAN_POINT('',(5.75618218382057,3.33066907387547E-15,7.8));
#7281=CARTESIAN_POINT('',(5.75618218382057,3.33066907387547E-15,7.8));
#7282=CARTESIAN_POINT('',(5.75618218382057,3.09023971747771E-15,0.));
#7283=CARTESIAN_POINT('Origin',(2.87809109191029,-4.985,0.));
#7284=CARTESIAN_POINT('',(2.87809109191029,-4.985,0.));
#7285=CARTESIAN_POINT('',(2.87809109191029,-4.985,0.));
#7286=CARTESIAN_POINT('',(2.87809109191029,-4.985,7.8));
#7287=CARTESIAN_POINT('',(2.87809109191029,-4.985,7.8));
#7288=CARTESIAN_POINT('',(2.87809109191029,-4.985,0.));
#7289=CARTESIAN_POINT('Origin',(-2.87809109191028,-4.985,0.));
#7290=CARTESIAN_POINT('',(-2.87809109191028,-4.985,0.));
#7291=CARTESIAN_POINT('',(-2.87809109191028,-4.985,0.));
#7292=CARTESIAN_POINT('',(-2.87809109191028,-4.985,7.8));
#7293=CARTESIAN_POINT('',(-2.87809109191028,-4.985,7.8));
#7294=CARTESIAN_POINT('',(-2.87809109191028,-4.985,0.));
#7295=CARTESIAN_POINT('Origin',(-5.75618218382057,3.71141599655768E-16,
0.));
#7296=CARTESIAN_POINT('',(-5.75618218382057,3.09818295436831E-16,0.));
#7297=CARTESIAN_POINT('',(-5.75618218382057,5.55111512312578E-16,0.));
#7298=CARTESIAN_POINT('',(-5.75618218382057,5.55111512312578E-16,7.8));
#7299=CARTESIAN_POINT('',(-5.75618218382057,5.55111512312578E-16,7.8));
#7300=CARTESIAN_POINT('',(-5.75618218382057,3.09818295436831E-16,0.));
#7301=CARTESIAN_POINT('Origin',(-2.87809109191029,4.985,0.));
#7302=CARTESIAN_POINT('',(-2.87809109191029,4.985,0.));
#7303=CARTESIAN_POINT('',(-2.87809109191029,4.985,7.8));
#7304=CARTESIAN_POINT('Origin',(5.55111512312578E-16,4.44089209850063E-15,
7.8));
#7305=CARTESIAN_POINT('Origin',(5.55111512312578E-16,4.16333634234434E-15,
0.));
#7306=CARTESIAN_POINT('',(0.,0.,0.));
#7307=CARTESIAN_POINT('Origin',(1.37224318643355,0.425,1.1));
#7308=CARTESIAN_POINT('',(1.27224318643355,0.734529946162074,1.));
#7309=CARTESIAN_POINT('',(1.27224318643355,-0.734529946162075,1.));
#7310=CARTESIAN_POINT('',(1.27224318643355,0.425,1.));
#7311=CARTESIAN_POINT('',(1.47224318643355,-0.850000000000001,1.2));
#7312=CARTESIAN_POINT('',(1.27224318643355,-0.734529946162075,1.));
#7313=CARTESIAN_POINT('',(1.47224318643355,0.85,1.2));
#7314=CARTESIAN_POINT('',(1.47224318643355,0.424999999999999,1.2));
#7315=CARTESIAN_POINT('',(1.27224318643355,0.734529946162074,1.));
#7316=CARTESIAN_POINT('Origin',(1.05418238982516,-0.975897459621556,1.1));
#7317=CARTESIAN_POINT('',(-2.42861286636753E-16,-1.46905989232415,1.));
#7318=CARTESIAN_POINT('',(1.00418238982516,-0.889294919243113,1.));
#7319=CARTESIAN_POINT('',(1.6194100460362E-17,-1.7,1.2));
#7320=CARTESIAN_POINT('',(-3.12250225675825E-16,-1.46905989232415,1.));
#7321=CARTESIAN_POINT('',(1.10418238982516,-1.0625,1.2));
#7322=CARTESIAN_POINT('Origin',(-0.318060796608386,-1.40089745962156,1.1));
#7323=CARTESIAN_POINT('',(-1.47224318643355,-0.85,1.2));
#7324=CARTESIAN_POINT('',(-0.368060796608386,-1.4875,1.2));
#7325=CARTESIAN_POINT('',(-1.27224318643355,-0.734529946162076,1.));
#7326=CARTESIAN_POINT('',(-0.268060796608386,-1.31429491924311,1.));
#7327=CARTESIAN_POINT('',(-1.27224318643355,-0.734529946162076,1.));
#7328=CARTESIAN_POINT('Origin',(-1.37224318643355,-0.425,1.1));
#7329=CARTESIAN_POINT('',(-1.47224318643355,0.85,1.2));
#7330=CARTESIAN_POINT('',(-1.47224318643355,-0.425,1.2));
#7331=CARTESIAN_POINT('',(-1.27224318643355,0.734529946162075,1.));
#7332=CARTESIAN_POINT('',(-1.27224318643355,-0.425,1.));
#7333=CARTESIAN_POINT('',(-1.27224318643355,0.734529946162075,1.));
#7334=CARTESIAN_POINT('Origin',(-1.05418238982516,0.975897459621556,1.1));
#7335=CARTESIAN_POINT('',(3.28479034242937E-16,1.7,1.2));
#7336=CARTESIAN_POINT('',(-1.10418238982516,1.0625,1.2));
#7337=CARTESIAN_POINT('',(6.93889390390723E-17,1.46905989232415,1.));
#7338=CARTESIAN_POINT('',(-1.00418238982516,0.889294919243112,1.));
#7339=CARTESIAN_POINT('',(1.38777878078145E-16,1.46905989232415,1.));
#7340=CARTESIAN_POINT('Origin',(0.318060796608387,1.40089745962156,1.1));
#7341=CARTESIAN_POINT('',(0.368060796608387,1.4875,1.2));
#7342=CARTESIAN_POINT('',(0.268060796608387,1.31429491924311,1.));
#7343=CARTESIAN_POINT('Origin',(-1.47224318643355,0.85,3.));
#7344=CARTESIAN_POINT('',(2.90286575677951E-16,1.7,2.50046095349685));
#7345=CARTESIAN_POINT('',(3.28479034242937E-16,1.7,3.));
#7346=CARTESIAN_POINT('',(-1.47224318643355,0.85,2.50046095349685));
#7347=CARTESIAN_POINT('Origin',(-0.736121593216773,1.275,-2.02666666666667));
#7348=CARTESIAN_POINT('',(-1.47224318643355,0.85,3.));
#7349=CARTESIAN_POINT('Origin',(3.15748214721275E-16,1.7,3.));
#7350=CARTESIAN_POINT('',(1.47224318643355,0.85,2.50046095349685));
#7351=CARTESIAN_POINT('',(1.47224318643355,0.85,3.));
#7352=CARTESIAN_POINT('Origin',(0.736121593216773,1.275,-2.02666666666667));
#7353=CARTESIAN_POINT('Origin',(1.47224318643355,0.85,3.));
#7354=CARTESIAN_POINT('',(1.47224318643355,-0.850000000000001,2.50046095349685));
#7355=CARTESIAN_POINT('',(1.47224318643355,-0.850000000000001,3.));
#7356=CARTESIAN_POINT('Origin',(1.47224318643355,-4.80740671595891E-16,
-2.02666666666667));
#7357=CARTESIAN_POINT('Origin',(2.77555756156289E-16,0.,1.));
#7358=CARTESIAN_POINT('Origin',(0.78362815881549,1.35728378531008,-2.02666666666667));
#7359=CARTESIAN_POINT('',(1.66226944882841,0.959711713746774,2.61910468842246));
#7360=CARTESIAN_POINT('',(1.38777878078145E-15,1.91942342749355,2.61910468842246));
#7361=CARTESIAN_POINT('Origin',(0.831134724414206,1.43956757062016,-2.02666666666667));
#7362=CARTESIAN_POINT('Ctrl Pts',(1.13624387676481E-15,1.91942342749355,
2.61910468842246));
#7363=CARTESIAN_POINT('Ctrl Pts',(9.70102889457305E-16,1.84618513276968,
2.57976184612599));
#7364=CARTESIAN_POINT('Ctrl Pts',(1.19903962545389E-15,1.77302046802125,
2.54020718060826));
#7365=CARTESIAN_POINT('Ctrl Pts',(1.04212869299681E-15,1.7,2.50046095349685));
#7366=CARTESIAN_POINT('Ctrl Pts',(1.66226944882841,0.959711713746775,2.61910468842246));
#7367=CARTESIAN_POINT('Ctrl Pts',(1.59884322506769,0.923092566384839,2.57976184612599));
#7368=CARTESIAN_POINT('Ctrl Pts',(1.53548076673617,0.886510234010623,2.54020718060826));
#7369=CARTESIAN_POINT('Ctrl Pts',(1.47224318643355,0.850000000000001,2.50046095349685));
#7370=CARTESIAN_POINT('Origin',(-0.783628158815489,1.35728378531008,-2.02666666666667));
#7371=CARTESIAN_POINT('',(-1.66226944882841,0.959711713746773,2.61910468842246));
#7372=CARTESIAN_POINT('Origin',(-0.831134724414205,1.43956757062016,-2.02666666666667));
#7373=CARTESIAN_POINT('Ctrl Pts',(-1.66226944882841,0.959711713746773,2.61910468842246));
#7374=CARTESIAN_POINT('Ctrl Pts',(-1.59884322506779,0.923092566384896,2.57976184612605));
#7375=CARTESIAN_POINT('Ctrl Pts',(-1.53548076673622,0.886510234010651,2.54020718060829));
#7376=CARTESIAN_POINT('Ctrl Pts',(-1.47224318643355,0.849999999999999,2.50046095349685));
#7377=CARTESIAN_POINT('Origin',(-0.783628158815489,-1.35728378531008,-2.02666666666667));
#7378=CARTESIAN_POINT('',(-1.66226944882841,-0.959711713746775,2.61910468842246));
#7379=CARTESIAN_POINT('',(-2.77555756156289E-16,-1.91942342749355,2.61910468842246));
#7380=CARTESIAN_POINT('Origin',(-0.831134724414205,-1.43956757062016,-2.02666666666667));
#7381=CARTESIAN_POINT('',(4.0485251150905E-18,-1.7,2.50046095349685));
#7382=CARTESIAN_POINT('Ctrl Pts',(-3.92481186439753E-16,-1.91942342749355,
2.61910468842246));
#7383=CARTESIAN_POINT('Ctrl Pts',(-3.18640747636361E-16,-1.84618513276981,
2.57976184612606));
#7384=CARTESIAN_POINT('Ctrl Pts',(-7.3005782597582E-17,-1.77302046802131,
2.54020718060829));
#7385=CARTESIAN_POINT('Ctrl Pts',(-1.30104260698261E-17,-1.7,2.50046095349685));
#7386=CARTESIAN_POINT('',(-1.47224318643355,-0.85,2.50046095349685));
#7387=CARTESIAN_POINT('Origin',(-0.736121593216773,-1.275,-2.02666666666667));
#7388=CARTESIAN_POINT('Ctrl Pts',(-1.47224318643355,-0.850000000000001,
2.50046095349685));
#7389=CARTESIAN_POINT('Ctrl Pts',(-1.53548076673629,-0.886510234010693,
2.54020718060833));
#7390=CARTESIAN_POINT('Ctrl Pts',(-1.59884322506794,-0.923092566384988,
2.57976184612615));
#7391=CARTESIAN_POINT('Ctrl Pts',(-1.66226944882841,-0.959711713746775,
2.61910468842246));
#7392=CARTESIAN_POINT('Origin',(0.783628158815489,-1.35728378531008,-2.02666666666667));
#7393=CARTESIAN_POINT('Origin',(0.736121593216773,-1.275,-2.02666666666667));
#7394=CARTESIAN_POINT('',(1.66226944882841,-0.959711713746775,2.61910468842246));
#7395=CARTESIAN_POINT('Origin',(0.831134724414205,-1.43956757062016,-2.02666666666667));
#7396=CARTESIAN_POINT('Ctrl Pts',(1.66226944882841,-0.959711713746775,2.61910468842246));
#7397=CARTESIAN_POINT('Ctrl Pts',(1.59884322506799,-0.923092566385016,2.57976184612618));
#7398=CARTESIAN_POINT('Ctrl Pts',(1.53548076673631,-0.886510234010705,2.54020718060835));
#7399=CARTESIAN_POINT('Ctrl Pts',(1.47224318643355,-0.850000000000001,2.50046095349685));
#7400=CARTESIAN_POINT('Origin',(-1.56725631763098,-2.55882948429875E-16,
-2.02666666666667));
#7401=CARTESIAN_POINT('',(-1.66226944882841,-2.03569295982815E-16,2.71719653301241));
#7402=CARTESIAN_POINT('Origin',(-1.66226944882841,-2.71395561061804E-16,
-2.02666666666667));
#7403=CARTESIAN_POINT('Origin',(-1.66226944882841,-2.71395561061804E-16,
-2.02666666666667));
#7404=CARTESIAN_POINT('Origin',(-1.47224318643355,-2.40370335797945E-16,
-2.02666666666667));
#7405=CARTESIAN_POINT('Origin',(1.56725631763098,-5.1176589685975E-16,-2.02666666666667));
#7406=CARTESIAN_POINT('Origin',(1.66226944882841,-5.42791122123609E-16,
-2.02666666666667));
#7407=CARTESIAN_POINT('Origin',(-1.47224318643355,-0.85,3.));
#7408=CARTESIAN_POINT('',(-1.47224318643355,-0.85,3.));
#7409=CARTESIAN_POINT('Origin',(1.21455753452715E-17,-1.7,3.));
#7410=CARTESIAN_POINT('',(1.6194100460362E-17,-1.7,3.));
#7411=CARTESIAN_POINT('Origin',(0.,0.,-2.02666666666667));
#7412=CARTESIAN_POINT('',(-4.4598130909584,-5.46169582663767E-16,0.292265193370166));
#7413=CARTESIAN_POINT('Origin',(0.,0.,-2.02666666666667));
#7414=CARTESIAN_POINT('Origin',(0.,0.,0.292265193370166));
#7415=CARTESIAN_POINT('Origin',(1.47224318643355,-0.850000000000001,3.));
#7416=CARTESIAN_POINT('Origin',(0.,0.,0.2));
#7417=CARTESIAN_POINT('',(-4.28236694675581,-5.24438697411893E-16,0.));
#7418=CARTESIAN_POINT('Origin',(-4.28236694675581,-5.24438697411893E-16,
0.2));
#7419=CARTESIAN_POINT('Origin',(0.,0.,0.));
#7420=CARTESIAN_POINT('Origin',(0.,-4.6,0.));
#7421=CARTESIAN_POINT('',(-2.6,3.18408167778312E-16,0.));
#7422=CARTESIAN_POINT('Origin',(0.,0.,0.));
#7423=CARTESIAN_POINT('Origin',(0.,0.,-0.1));
#7424=CARTESIAN_POINT('',(-2.4,-2.93915231795365E-16,-0.2));
#7425=CARTESIAN_POINT('',(-2.5,-3.06161699786838E-16,-0.1));
#7426=CARTESIAN_POINT('',(2.4,-2.93915231795365E-16,-0.2));
#7427=CARTESIAN_POINT('Origin',(0.,0.,-0.2));
#7428=CARTESIAN_POINT('Origin',(0.,0.,-0.2));
#7429=CARTESIAN_POINT('Origin',(0.,0.,0.));
#7430=CARTESIAN_POINT('',(-2.4,2.93915231795365E-16,-29.3));
#7431=CARTESIAN_POINT('',(2.4,-2.93915231795365E-16,-29.3));
#7432=CARTESIAN_POINT('Origin',(0.,0.,-29.3));
#7433=CARTESIAN_POINT('Origin',(0.,0.,-29.3));
#7434=CARTESIAN_POINT('',(2.4,-2.93915231795365E-16,0.));
#7435=CARTESIAN_POINT('Origin',(0.,0.,-29.4));
#7436=CARTESIAN_POINT('',(-2.2,-2.69422295812418E-16,-29.5));
#7437=CARTESIAN_POINT('',(-2.3,-2.81668763803891E-16,-29.4));
#7438=CARTESIAN_POINT('Origin',(0.,0.,-29.5));
#7439=CARTESIAN_POINT('Origin',(0.,0.,-29.5));
#7440=CARTESIAN_POINT('',(0.,0.,0.));
#7441=CARTESIAN_POINT('Origin',(0.,0.,0.05));
#7442=CARTESIAN_POINT('',(2.6,3.18408167778312E-16,0.1));
#7443=CARTESIAN_POINT('Origin',(0.,0.,0.1));
#7444=CARTESIAN_POINT('',(2.7,-3.30654635769785E-16,0.));
#7445=CARTESIAN_POINT('',(2.65,-3.24531401774049E-16,0.05));
#7446=CARTESIAN_POINT('Origin',(0.,0.,0.));
#7447=CARTESIAN_POINT('Origin',(0.,0.,0.));
#7448=CARTESIAN_POINT('',(2.6,-3.18408167778312E-16,8.2));
#7449=CARTESIAN_POINT('',(2.6,3.18408167778312E-16,0.));
#7450=CARTESIAN_POINT('Origin',(0.,0.,8.2));
#7451=CARTESIAN_POINT('Origin',(0.,0.,0.));
#7452=CARTESIAN_POINT('',(-4.,-4.89858719658941E-16,0.));
#7453=CARTESIAN_POINT('Origin',(0.,0.,0.));
#7454=CARTESIAN_POINT('Origin',(0.,0.,8.25));
#7455=CARTESIAN_POINT('',(2.7,3.30654635769785E-16,8.3));
#7456=CARTESIAN_POINT('',(2.65,3.24531401774049E-16,8.25));
#7457=CARTESIAN_POINT('Origin',(0.,0.,8.3));
#7458=CARTESIAN_POINT('Origin',(0.,0.,8.3));
#7459=CARTESIAN_POINT('',(-4.,-4.89858719658941E-16,8.3));
#7460=CARTESIAN_POINT('Origin',(0.,0.,8.3));
#7461=CARTESIAN_POINT('Origin',(0.,0.,0.));
#7462=CARTESIAN_POINT('',(-4.,-4.89858719658941E-16,0.));
#7463=CARTESIAN_POINT('',(0.,0.,0.));
#7464=CARTESIAN_POINT('Origin',(0.,0.,0.));
#7465=CARTESIAN_POINT('',(-4.27,-5.2292418323592E-16,0.));
#7466=CARTESIAN_POINT('Origin',(0.,0.,0.));
#7467=CARTESIAN_POINT('',(-4.27,-5.2292418323592E-16,-0.1));
#7468=CARTESIAN_POINT('',(-4.27,-5.2292418323592E-16,0.));
#7469=CARTESIAN_POINT('Origin',(0.,0.,-0.1));
#7470=CARTESIAN_POINT('Origin',(0.,0.,-0.1));
#7471=CARTESIAN_POINT('',(-2.48,-3.03712406188544E-16,-0.0999999999999979));
#7472=CARTESIAN_POINT('Origin',(0.,0.,-0.1));
#7473=CARTESIAN_POINT('Origin',(0.,0.,0.));
#7474=CARTESIAN_POINT('',(7.8,9.55224503334936E-16,0.));
#7475=CARTESIAN_POINT('Origin',(0.,0.,0.));
#7476=CARTESIAN_POINT('',(7.8,9.55224503334936E-16,0.2));
#7477=CARTESIAN_POINT('',(7.8,-9.55224503334935E-16,0.));
#7478=CARTESIAN_POINT('Origin',(0.,0.,0.2));
#7479=CARTESIAN_POINT('Origin',(0.,0.,0.));
#7480=CARTESIAN_POINT('',(-8.,9.79717439317883E-16,0.2));
#7481=CARTESIAN_POINT('Origin',(0.,0.,0.2));
#7482=CARTESIAN_POINT('',(-8.,9.79717439317883E-16,0.));
#7483=CARTESIAN_POINT('',(-8.,9.79717439317883E-16,0.));
#7484=CARTESIAN_POINT('Origin',(0.,0.,0.));
#7485=CARTESIAN_POINT('Origin',(0.,0.,0.2));
#7486=CARTESIAN_POINT('Origin',(0.,0.,0.));
#7487=CARTESIAN_POINT('',(10.04,1.22954538634394E-15,0.));
#7488=CARTESIAN_POINT('Origin',(0.,0.,0.));
#7489=CARTESIAN_POINT('Origin',(0.,0.,10.26));
#7490=CARTESIAN_POINT('',(-4.27,-5.2292418323592E-16,10.36));
#7491=CARTESIAN_POINT('Origin',(0.,0.,10.36));
#7492=CARTESIAN_POINT('',(-4.27,-5.2292418323592E-16,10.26));
#7493=CARTESIAN_POINT('',(-4.27,-5.2292418323592E-16,10.26));
#7494=CARTESIAN_POINT('Origin',(0.,0.,10.26));
#7495=CARTESIAN_POINT('Origin',(0.,0.,10.36));
#7496=CARTESIAN_POINT('',(-2.48,-3.03712406188544E-16,10.36));
#7497=CARTESIAN_POINT('Origin',(0.,0.,10.36));
#7498=CARTESIAN_POINT('Origin',(0.,0.,10.26));
#7499=CARTESIAN_POINT('',(7.8,9.55224503334936E-16,10.06));
#7500=CARTESIAN_POINT('Origin',(0.,0.,10.06));
#7501=CARTESIAN_POINT('',(7.8,9.55224503334936E-16,10.26));
#7502=CARTESIAN_POINT('',(7.8,-9.55224503334935E-16,10.26));
#7503=CARTESIAN_POINT('Origin',(0.,0.,10.26));
#7504=CARTESIAN_POINT('Origin',(0.,0.,10.26));
#7505=CARTESIAN_POINT('',(-8.,9.79717439317883E-16,10.26));
#7506=CARTESIAN_POINT('Origin',(0.,0.,10.26));
#7507=CARTESIAN_POINT('',(-8.,9.79717439317883E-16,10.06));
#7508=CARTESIAN_POINT('',(-8.,9.79717439317883E-16,10.26));
#7509=CARTESIAN_POINT('Origin',(0.,0.,10.06));
#7510=CARTESIAN_POINT('Origin',(0.,0.,10.06));
#7511=CARTESIAN_POINT('Origin',(0.,0.,10.26));
#7512=CARTESIAN_POINT('',(10.04,-1.22954538634394E-15,10.26));
#7513=CARTESIAN_POINT('Origin',(0.,0.,10.26));
#7514=CARTESIAN_POINT('Origin',(0.,0.,-25.3062817848591));
#7515=CARTESIAN_POINT('',(-2.48,-3.03712406188544E-16,-25.3062817848591));
#7516=CARTESIAN_POINT('Origin',(0.,0.,1.));
#7517=CARTESIAN_POINT('',(-12.04,-1.47447474617341E-15,2.));
#7518=CARTESIAN_POINT('',(12.04,1.47447474617341E-15,2.));
#7519=CARTESIAN_POINT('Origin',(0.,0.,2.));
#7520=CARTESIAN_POINT('',(11.04,1.35201006625868E-15,1.));
#7521=CARTESIAN_POINT('Origin',(0.,0.,2.));
#7522=CARTESIAN_POINT('Origin',(0.,0.,0.));
#7523=CARTESIAN_POINT('',(12.04,1.47447474617341E-15,8.26));
#7524=CARTESIAN_POINT('',(-12.04,-1.47447474617341E-15,8.26));
#7525=CARTESIAN_POINT('Origin',(0.,0.,8.26));
#7526=CARTESIAN_POINT('Origin',(0.,0.,8.26));
#7527=CARTESIAN_POINT('',(-12.04,-1.47447474617341E-15,0.));
#7528=CARTESIAN_POINT('Origin',(0.,0.,0.));
#7529=CARTESIAN_POINT('Origin',(0.,0.,9.26));
#7530=CARTESIAN_POINT('',(11.04,-1.35201006625868E-15,9.26));
#7531=CARTESIAN_POINT('Origin',(0.,0.,10.26));
#7532=CARTESIAN_POINT('',(0.,0.,0.));
#7533=CARTESIAN_POINT('Origin',(0.125,0.,0.));
#7534=CARTESIAN_POINT('',(0.25,-2.53134493383758E-16,2.067));
#7535=CARTESIAN_POINT('Origin',(0.25,0.,0.));
#7536=CARTESIAN_POINT('',(0.,3.06163255320003E-16,2.50001270189222));
#7537=CARTESIAN_POINT('',(0.125,2.79648874351881E-16,2.28350635094611));
#7538=CARTESIAN_POINT('Origin',(0.,0.,0.));
#7539=CARTESIAN_POINT('Origin',(-8.39287337956545,0.,0.));
#7540=CARTESIAN_POINT('',(4.45,-2.53134493383758E-16,2.067));
#7541=CARTESIAN_POINT('',(-8.39287337956545,-2.53134493383758E-16,2.067));
#7542=CARTESIAN_POINT('',(4.45,-2.53134493383758E-16,-2.067));
#7543=CARTESIAN_POINT('Origin',(4.45,0.,0.));
#7544=CARTESIAN_POINT('Origin',(4.45,0.,0.));
#7545=CARTESIAN_POINT('Origin',(0.,3.46944695195361E-16,-1.66533453693773E-15));
#7546=CARTESIAN_POINT('',(0.,-3.46410161513775,-2.));
#7547=CARTESIAN_POINT('',(0.,-3.46410161513776,2.));
#7548=CARTESIAN_POINT('Origin',(0.,0.,0.));
#7549=CARTESIAN_POINT('',(0.,0.,4.));
#7550=CARTESIAN_POINT('Origin',(0.,0.,0.));
#7551=CARTESIAN_POINT('',(0.,3.46410161513775,2.));
#7552=CARTESIAN_POINT('Origin',(0.,0.,0.));
#7553=CARTESIAN_POINT('',(0.,3.46410161513776,-2.));
#7554=CARTESIAN_POINT('Origin',(0.,0.,0.));
#7555=CARTESIAN_POINT('',(0.,6.66133814775094E-15,-4.));
#7556=CARTESIAN_POINT('Origin',(0.,0.,0.));
#7557=CARTESIAN_POINT('Origin',(0.,0.,0.));
#7558=CARTESIAN_POINT('Origin',(4.575,0.,0.));
#7559=CARTESIAN_POINT('',(4.7,3.06163255320003E-16,-2.50001270189222));
#7560=CARTESIAN_POINT('',(4.575,2.79648874351881E-16,-2.28350635094611));
#7561=CARTESIAN_POINT('Origin',(4.7,0.,0.));
#7562=CARTESIAN_POINT('Origin',(4.7,3.11198878114627E-16,-1.80411241501588E-15));
#7563=CARTESIAN_POINT('',(4.7,-3.46410161513775,-2.));
#7564=CARTESIAN_POINT('',(4.7,6.66133814775094E-15,-4.));
#7565=CARTESIAN_POINT('Origin',(4.7,0.,0.));
#7566=CARTESIAN_POINT('',(4.7,3.46410161513776,-2.));
#7567=CARTESIAN_POINT('Origin',(4.7,0.,0.));
#7568=CARTESIAN_POINT('',(4.7,3.46410161513775,2.));
#7569=CARTESIAN_POINT('Origin',(4.7,0.,0.));
#7570=CARTESIAN_POINT('',(4.7,0.,4.));
#7571=CARTESIAN_POINT('Origin',(4.7,0.,0.));
#7572=CARTESIAN_POINT('',(4.7,-3.46410161513776,2.));
#7573=CARTESIAN_POINT('Origin',(4.7,0.,0.));
#7574=CARTESIAN_POINT('Origin',(4.7,0.,0.));
#7575=CARTESIAN_POINT('Origin',(0.178632794954082,0.,0.));
#7576=CARTESIAN_POINT('',(0.357265589908163,-4.61880215351701,2.77555756156289E-16));
#7577=CARTESIAN_POINT('Ctrl Pts',(0.,-3.46410161513776,2.));
#7578=CARTESIAN_POINT('Ctrl Pts',(1.38777878078145E-16,-4.,1.07179676972449));
#7579=CARTESIAN_POINT('Ctrl Pts',(0.357265589908163,-4.61880215351701,0.));
#7580=CARTESIAN_POINT('Ctrl Pts',(0.357265589908163,-4.61880215351701,8.92450088600247E-16));
#7581=CARTESIAN_POINT('Ctrl Pts',(-9.58434720477186E-16,-4.,-1.07179676972449));
#7582=CARTESIAN_POINT('Ctrl Pts',(0.,-3.46410161513775,-2.));
#7583=CARTESIAN_POINT('Origin',(0.178632794954082,0.,0.));
#7584=CARTESIAN_POINT('',(0.357265589908163,-2.30940107675849,-4.00000000000001));
#7585=CARTESIAN_POINT('Ctrl Pts',(0.357265589908163,-2.30940107675849,-4.00000000000001));
#7586=CARTESIAN_POINT('Ctrl Pts',(2.05347891468755E-15,-1.07179676972448,
-4.00000000000001));
#7587=CARTESIAN_POINT('Ctrl Pts',(0.,6.66133814775094E-15,-4.));
#7588=CARTESIAN_POINT('Ctrl Pts',(0.,-3.46410161513775,-2.));
#7589=CARTESIAN_POINT('Ctrl Pts',(-1.04083408558608E-15,-2.92820323027551,
-2.92820323027551));
#7590=CARTESIAN_POINT('Ctrl Pts',(0.357265589908163,-2.3094010767585,-4.));
#7591=CARTESIAN_POINT('Origin',(0.178632794954082,0.,0.));
#7592=CARTESIAN_POINT('',(0.357265589908163,-2.3094010767585,4.));
#7593=CARTESIAN_POINT('Ctrl Pts',(0.,0.,4.));
#7594=CARTESIAN_POINT('Ctrl Pts',(-6.93889390390723E-17,-1.07179676972449,
4.));
#7595=CARTESIAN_POINT('Ctrl Pts',(0.357265589908163,-2.3094010767585,4.));
#7596=CARTESIAN_POINT('Ctrl Pts',(0.357265589908163,-2.3094010767585,4.));
#7597=CARTESIAN_POINT('Ctrl Pts',(4.33680868994202E-18,-2.92820323027551,
2.92820323027551));
#7598=CARTESIAN_POINT('Ctrl Pts',(0.,-3.46410161513776,2.));
#7599=CARTESIAN_POINT('Origin',(0.178632794954082,0.,0.));
#7600=CARTESIAN_POINT('',(0.357265589908163,2.30940107675851,-4.));
#7601=CARTESIAN_POINT('Ctrl Pts',(0.357265589908163,2.30940107675851,-3.99999999999999));
#7602=CARTESIAN_POINT('Ctrl Pts',(1.2490009027033E-15,2.92820323027551,
-2.92820323027551));
#7603=CARTESIAN_POINT('Ctrl Pts',(0.,3.46410161513776,-2.));
#7604=CARTESIAN_POINT('Ctrl Pts',(0.,6.66133814775094E-15,-4.));
#7605=CARTESIAN_POINT('Ctrl Pts',(2.0122792321331E-15,1.07179676972449,
-4.));
#7606=CARTESIAN_POINT('Ctrl Pts',(0.357265589908163,2.3094010767585,-4.));
#7607=CARTESIAN_POINT('Origin',(0.178632794954082,0.,0.));
#7608=CARTESIAN_POINT('',(0.357265589908163,2.3094010767585,4.));
#7609=CARTESIAN_POINT('Ctrl Pts',(0.,3.46410161513775,2.));
#7610=CARTESIAN_POINT('Ctrl Pts',(6.93889390390723E-17,2.92820323027551,
2.92820323027551));
#7611=CARTESIAN_POINT('Ctrl Pts',(0.357265589908163,2.3094010767585,4.));
#7612=CARTESIAN_POINT('Ctrl Pts',(0.357265589908163,2.3094010767585,4.));
#7613=CARTESIAN_POINT('Ctrl Pts',(-2.60208521396521E-17,1.07179676972449,
4.));
#7614=CARTESIAN_POINT('Ctrl Pts',(0.,0.,4.));
#7615=CARTESIAN_POINT('Origin',(0.178632794954082,0.,0.));
#7616=CARTESIAN_POINT('',(0.357265589908163,4.61880215351701,0.));
#7617=CARTESIAN_POINT('Ctrl Pts',(0.,3.46410161513776,-2.));
#7618=CARTESIAN_POINT('Ctrl Pts',(1.2490009027033E-15,4.,-1.07179676972449));
#7619=CARTESIAN_POINT('Ctrl Pts',(0.357265589908163,4.61880215351701,2.37986690293399E-15));
#7620=CARTESIAN_POINT('Ctrl Pts',(0.357265589908163,4.61880215351701,1.189933451467E-15));
#7621=CARTESIAN_POINT('Ctrl Pts',(1.06251812903579E-16,4.,1.07179676972449));
#7622=CARTESIAN_POINT('Ctrl Pts',(0.,3.46410161513775,2.));
#7623=CARTESIAN_POINT('Origin',(4.52136720504592,0.,0.));
#7624=CARTESIAN_POINT('',(4.34273441009184,-4.61880215351701,2.77555756156289E-16));
#7625=CARTESIAN_POINT('Ctrl Pts',(4.34273441009184,-4.61880215351701,-4.16476708013449E-15));
#7626=CARTESIAN_POINT('Ctrl Pts',(4.7,-4.,1.07179676972449));
#7627=CARTESIAN_POINT('Ctrl Pts',(4.7,-3.46410161513776,2.));
#7628=CARTESIAN_POINT('Ctrl Pts',(4.7,-3.46410161513775,-2.));
#7629=CARTESIAN_POINT('Ctrl Pts',(4.7,-4.,-1.07179676972449));
#7630=CARTESIAN_POINT('Ctrl Pts',(4.34273441009184,-4.61880215351701,-8.92450088600247E-16));
#7631=CARTESIAN_POINT('Origin',(4.52136720504592,0.,0.));
#7632=CARTESIAN_POINT('',(4.34273441009184,-2.30940107675849,-4.00000000000001));
#7633=CARTESIAN_POINT('Ctrl Pts',(4.7,6.66133814775094E-15,-4.));
#7634=CARTESIAN_POINT('Ctrl Pts',(4.7,-1.07179676972448,-4.00000000000001));
#7635=CARTESIAN_POINT('Ctrl Pts',(4.34273441009184,-2.30940107675849,-4.00000000000001));
#7636=CARTESIAN_POINT('Ctrl Pts',(4.34273441009184,-2.3094010767585,-4.));
#7637=CARTESIAN_POINT('Ctrl Pts',(4.7,-2.92820323027551,-2.92820323027551));
#7638=CARTESIAN_POINT('Ctrl Pts',(4.7,-3.46410161513775,-2.));
#7639=CARTESIAN_POINT('Origin',(4.52136720504592,0.,0.));
#7640=CARTESIAN_POINT('',(4.34273441009184,-2.3094010767585,4.));
#7641=CARTESIAN_POINT('Ctrl Pts',(4.34273441009184,-2.3094010767585,4.));
#7642=CARTESIAN_POINT('Ctrl Pts',(4.7,-1.07179676972449,4.));
#7643=CARTESIAN_POINT('Ctrl Pts',(4.7,0.,4.));
#7644=CARTESIAN_POINT('Ctrl Pts',(4.7,-3.46410161513776,2.));
#7645=CARTESIAN_POINT('Ctrl Pts',(4.7,-2.92820323027551,2.92820323027551));
#7646=CARTESIAN_POINT('Ctrl Pts',(4.34273441009184,-2.3094010767585,4.));
#7647=CARTESIAN_POINT('Origin',(4.52136720504592,0.,0.));
#7648=CARTESIAN_POINT('',(4.34273441009184,2.3094010767585,4.));
#7649=CARTESIAN_POINT('Ctrl Pts',(4.34273441009184,2.3094010767585,4.));
#7650=CARTESIAN_POINT('Ctrl Pts',(4.7,2.92820323027551,2.92820323027551));
#7651=CARTESIAN_POINT('Ctrl Pts',(4.7,3.46410161513775,2.));
#7652=CARTESIAN_POINT('Ctrl Pts',(4.7,0.,4.));
#7653=CARTESIAN_POINT('Ctrl Pts',(4.7,1.07179676972449,4.));
#7654=CARTESIAN_POINT('Ctrl Pts',(4.34273441009184,2.3094010767585,4.));
#7655=CARTESIAN_POINT('Origin',(4.52136720504592,0.,0.));
#7656=CARTESIAN_POINT('',(4.34273441009184,2.30940107675851,-4.));
#7657=CARTESIAN_POINT('Ctrl Pts',(4.7,3.46410161513776,-2.));
#7658=CARTESIAN_POINT('Ctrl Pts',(4.7,2.92820323027551,-2.92820323027551));
#7659=CARTESIAN_POINT('Ctrl Pts',(4.34273441009184,2.30940107675851,-4.));
#7660=CARTESIAN_POINT('Ctrl Pts',(4.34273441009184,2.3094010767585,-4.));
#7661=CARTESIAN_POINT('Ctrl Pts',(4.7,1.07179676972449,-4.));
#7662=CARTESIAN_POINT('Ctrl Pts',(4.7,6.66133814775094E-15,-4.));
#7663=CARTESIAN_POINT('Origin',(4.52136720504592,0.,0.));
#7664=CARTESIAN_POINT('',(4.34273441009184,4.61880215351701,0.));
#7665=CARTESIAN_POINT('Ctrl Pts',(4.7,3.46410161513775,2.));
#7666=CARTESIAN_POINT('Ctrl Pts',(4.7,4.,1.0717967697245));
#7667=CARTESIAN_POINT('Ctrl Pts',(4.34273441009184,4.61880215351701,3.27231699153424E-15));
#7668=CARTESIAN_POINT('Ctrl Pts',(4.34273441009184,4.61880215351701,5.35470053160149E-15));
#7669=CARTESIAN_POINT('Ctrl Pts',(4.7,4.,-1.07179676972449));
#7670=CARTESIAN_POINT('Ctrl Pts',(4.7,3.46410161513776,-2.));
#7671=CARTESIAN_POINT('Origin',(0.,2.3094010767585,4.));
#7672=CARTESIAN_POINT('',(0.,2.3094010767585,4.));
#7673=CARTESIAN_POINT('',(0.,4.61880215351701,2.16056629040725E-15));
#7674=CARTESIAN_POINT('Origin',(0.,-2.3094010767585,4.));
#7675=CARTESIAN_POINT('',(0.,-2.3094010767585,4.));
#7676=CARTESIAN_POINT('Origin',(0.,-4.61880215351701,1.13498619100269E-15));
#7677=CARTESIAN_POINT('',(0.,-4.61880215351701,1.13498619100269E-15));
#7678=CARTESIAN_POINT('Origin',(0.,4.61880215351701,2.16056629040725E-15));
#7679=CARTESIAN_POINT('',(0.,2.30940107675851,-4.));
#7680=CARTESIAN_POINT('Origin',(0.,2.30940107675851,-4.));
#7681=CARTESIAN_POINT('',(0.,-2.3094010767585,-4.00000000000001));
#7682=CARTESIAN_POINT('Origin',(0.,-2.3094010767585,-4.00000000000001));
#7683=CARTESIAN_POINT('',(1.60214847525225,10.8996316015492,5.77999999999998));
#7684=CARTESIAN_POINT('',(21.60214847525,22.9296316015499,-17.6799999999999));
#7685=CARTESIAN_POINT('',(0.672148475252428,-17.070368398451,8.27999999999985));
#7686=CARTESIAN_POINT('',(0.672148475252428,-17.0703683984507,-2.61999999999993));
#7687=CARTESIAN_POINT('',(1.60214847525239,-17.0703683984507,-2.01999999999998));
#7688=CARTESIAN_POINT('',(-18.3978515247478,22.929631601549,5.77999999999997));
#7689=CARTESIAN_POINT('',(-18.3978515247478,22.929631601549,8.28000000000001));
#7690=CARTESIAN_POINT('',(-18.3978515247478,22.9296316015493,-2.62000000000003));
#7691=CARTESIAN_POINT('',(21.6021484752522,22.929631601549,8.28000000000001));
#7692=CARTESIAN_POINT('',(21.6021484752522,22.929631601549,5.77999999999997));
#7693=CARTESIAN_POINT('',(21.6021484752522,22.9296316015493,-2.62000000000003));
#7694=CARTESIAN_POINT('',(-18.39785152475,22.9296316015499,-17.6799999999999));
#7695=CARTESIAN_POINT('',(0.672148475250155,-17.0703683984506,-17.68));
#7696=CARTESIAN_POINT('',(29.9340482224827,142.737730450676,31.1114017334934));
#7697=CARTESIAN_POINT('',(0.,0.,0.));
#7698=CARTESIAN_POINT('Origin',(-19.0000000000001,-6.,-1.00000000000018));
#7699=CARTESIAN_POINT('',(-22.0000000000001,-6.,-1.00000000000018));
#7700=CARTESIAN_POINT('Origin',(-19.0000000000001,-6.,-1.00000000000018));
#7701=CARTESIAN_POINT('',(-22.0000000000001,-3.,-1.00000000000018));
#7702=CARTESIAN_POINT('',(-22.0000000000001,-6.,-1.00000000000018));
#7703=CARTESIAN_POINT('Origin',(-19.0000000000001,-3.,-1.00000000000018));
#7704=CARTESIAN_POINT('Origin',(-19.0000000000001,-3.,-1.00000000000018));
#7705=CARTESIAN_POINT('',(-20.7000000000001,-3.,-1.00000000000018));
#7706=CARTESIAN_POINT('Origin',(-19.0000000000001,-3.,-1.00000000000018));
#7707=CARTESIAN_POINT('Origin',(-2.00000000000007,-6.,17.9999999999998));
#7708=CARTESIAN_POINT('',(-5.00000000000007,-6.,17.9999999999998));
#7709=CARTESIAN_POINT('Origin',(-2.00000000000007,-6.,17.9999999999998));
#7710=CARTESIAN_POINT('',(-5.00000000000007,-3.,17.9999999999998));
#7711=CARTESIAN_POINT('',(-5.00000000000007,-6.,17.9999999999998));
#7712=CARTESIAN_POINT('Origin',(-2.00000000000007,-3.,17.9999999999998));
#7713=CARTESIAN_POINT('Origin',(-2.00000000000007,-3.,17.9999999999998));
#7714=CARTESIAN_POINT('',(-3.70000000000007,-3.,17.9999999999998));
#7715=CARTESIAN_POINT('Origin',(-2.00000000000007,-3.,17.9999999999998));
#7716=CARTESIAN_POINT('Origin',(-5.85305145455954,-5.5,-32.1622175013879));
#7717=CARTESIAN_POINT('',(-3.46410161513776,-6.,-36.5));
#7718=CARTESIAN_POINT('',(-1.73205080756888,-6.,-39.5));
#7719=CARTESIAN_POINT('',(-5.93965399493798,-6.,-32.2122175013879));
#7720=CARTESIAN_POINT('',(-1.61658075373096,-5.,-39.3));
#7721=CARTESIAN_POINT('',(-1.73205080756888,-6.,-39.5));
#7722=CARTESIAN_POINT('',(-3.23316150746191,-5.,-36.5));
#7723=CARTESIAN_POINT('',(-5.7664489141811,-5.,-32.1122175013879));
#7724=CARTESIAN_POINT('',(-3.46410161513776,-6.,-36.5));
#7725=CARTESIAN_POINT('Origin',(7.74354738485615,-5.5,-28.8877824986121));
#7726=CARTESIAN_POINT('',(1.73205080756888,-6.,-39.5));
#7727=CARTESIAN_POINT('',(3.46410161513776,-6.,-36.5));
#7728=CARTESIAN_POINT('',(7.8301499252346,-6.,-28.9377824986121));
#7729=CARTESIAN_POINT('',(3.2331615074619,-5.,-36.5));
#7730=CARTESIAN_POINT('',(3.46410161513776,-6.,-36.5));
#7731=CARTESIAN_POINT('',(1.61658075373095,-5.,-39.3));
#7732=CARTESIAN_POINT('',(7.65694484447771,-5.,-28.8377824986121));
#7733=CARTESIAN_POINT('',(1.61658075373095,-5.,-39.3));
#7734=CARTESIAN_POINT('Origin',(-1.63839448947527,-5.5,-27.8622175013879));
#7735=CARTESIAN_POINT('',(1.73205080756888,-6.,-33.5));
#7736=CARTESIAN_POINT('',(-1.55179194909683,-6.,-27.8122175013879));
#7737=CARTESIAN_POINT('',(1.61658075373096,-5.,-33.7));
#7738=CARTESIAN_POINT('',(1.73205080756888,-6.,-33.5));
#7739=CARTESIAN_POINT('',(-1.72499702985371,-5.,-27.9122175013879));
#7740=CARTESIAN_POINT('Origin',(1.35612072999676,-5.5,-33.6));
#7741=CARTESIAN_POINT('',(-1.61658075373095,-5.,-33.7));
#7742=CARTESIAN_POINT('',(1.35612072999676,-5.,-33.7));
#7743=CARTESIAN_POINT('',(-1.73205080756888,-6.,-33.5));
#7744=CARTESIAN_POINT('',(1.35612072999676,-6.,-33.5));
#7745=CARTESIAN_POINT('',(-1.73205080756888,-6.,-33.5));
#7746=CARTESIAN_POINT('Origin',(1.91230966604093,-5.5,-27.3877824986121));
#7747=CARTESIAN_POINT('',(1.99891220641938,-5.,-27.4377824986121));
#7748=CARTESIAN_POINT('',(1.82570712566249,-6.,-27.3377824986121));
#7749=CARTESIAN_POINT('Origin',(2.97270148372771,-5.5,-39.4));
#7750=CARTESIAN_POINT('',(2.97270148372771,-6.,-39.5));
#7751=CARTESIAN_POINT('',(2.97270148372771,-5.,-39.3));
#7752=CARTESIAN_POINT('Origin',(-1.61658075373096,-6.,-39.3));
#7753=CARTESIAN_POINT('',(-1.61658075373096,-3.,-39.3));
#7754=CARTESIAN_POINT('',(-1.61658075373096,-6.,-39.3));
#7755=CARTESIAN_POINT('',(-3.23316150746191,-3.,-36.5));
#7756=CARTESIAN_POINT('',(-3.23316150746191,-3.,-36.5));
#7757=CARTESIAN_POINT('',(-3.23316150746191,-6.,-36.5));
#7758=CARTESIAN_POINT('Origin',(1.61658075373095,-6.,-39.3));
#7759=CARTESIAN_POINT('',(1.61658075373095,-3.,-39.3));
#7760=CARTESIAN_POINT('',(1.61658075373095,-6.,-39.3));
#7761=CARTESIAN_POINT('',(-1.61658075373096,-3.,-39.3));
#7762=CARTESIAN_POINT('Origin',(3.2331615074619,-6.,-36.5));
#7763=CARTESIAN_POINT('',(3.2331615074619,-3.,-36.5));
#7764=CARTESIAN_POINT('',(3.2331615074619,-6.,-36.5));
#7765=CARTESIAN_POINT('',(1.61658075373095,-3.,-39.3));
#7766=CARTESIAN_POINT('Origin',(4.32882221372449,-6.,-16.7));
#7767=CARTESIAN_POINT('',(39.457644427449,-6.,5.));
#7768=CARTESIAN_POINT('',(17.8170694814943,-6.,15.5016876107388));
#7769=CARTESIAN_POINT('',(29.5028049838938,-6.,9.83086120920369));
#7770=CARTESIAN_POINT('',(14.9999999999999,-6.,19.9999999999996));
#7771=CARTESIAN_POINT('Origin',(19.9999999999999,-6.,19.9999999999996));
#7772=CARTESIAN_POINT('',(14.9999999999999,-6.,29.9999999999998));
#7773=CARTESIAN_POINT('',(14.9999999999999,-6.,21.9999999999996));
#7774=CARTESIAN_POINT('',(8.99999999999985,-6.,29.9999999999998));
#7775=CARTESIAN_POINT('',(6.66441110686217,-6.,29.9999999999999));
#7776=CARTESIAN_POINT('',(8.99999999999985,-6.,33.9999999999998));
#7777=CARTESIAN_POINT('',(8.99999999999985,-6.,9.64999999999992));
#7778=CARTESIAN_POINT('',(-30.8,-6.,5.));
#7779=CARTESIAN_POINT('',(8.99999999999985,-6.,33.9999999999998));
#7780=CARTESIAN_POINT('',(-30.8,-6.,-9.6712812921102));
#7781=CARTESIAN_POINT('',(-30.8,-6.,-9.6712812921102));
#7782=CARTESIAN_POINT('',(-15.,-6.,-60.5));
#7783=CARTESIAN_POINT('',(-15.,-6.,-60.5));
#7784=CARTESIAN_POINT('',(-5.,-6.,-60.5));
#7785=CARTESIAN_POINT('',(-5.,-6.,-60.5));
#7786=CARTESIAN_POINT('',(-5.,-6.,-51.5));
#7787=CARTESIAN_POINT('',(-5.,-6.,-29.2341458796634));
#7788=CARTESIAN_POINT('',(5.,-6.,-51.5));
#7789=CARTESIAN_POINT('',(-0.335588893137752,-6.,-51.5));
#7790=CARTESIAN_POINT('',(5.,-6.,-60.5));
#7791=CARTESIAN_POINT('',(5.,-6.,-47.8730542698716));
#7792=CARTESIAN_POINT('',(15.,-6.,-60.5));
#7793=CARTESIAN_POINT('',(5.,-6.,-60.5));
#7794=CARTESIAN_POINT('',(39.457644427449,-6.,-41.2712812921102));
#7795=CARTESIAN_POINT('',(15.,-6.,-60.5));
#7796=CARTESIAN_POINT('',(39.457644427449,-6.,-41.2712812921102));
#7797=CARTESIAN_POINT('',(6.71499999999993,-6.,7.29999999999984));
#7798=CARTESIAN_POINT('Origin',(9.49999999999993,-6.,7.29999999999984));
#7799=CARTESIAN_POINT('',(20.7149999999999,-6.,7.29999999999984));
#7800=CARTESIAN_POINT('Origin',(23.4999999999999,-6.,7.29999999999984));
#7801=CARTESIAN_POINT('',(-8.26794919243112,-6.,-51.5));
#7802=CARTESIAN_POINT('',(-11.7320508075689,-6.,-51.5));
#7803=CARTESIAN_POINT('',(-3.64387927000319,-6.,-51.5));
#7804=CARTESIAN_POINT('',(-6.53589838486224,-6.,-54.5));
#7805=CARTESIAN_POINT('',(-14.1989062661268,-6.,-41.2272810108491));
#7806=CARTESIAN_POINT('',(-8.26794919243112,-6.,-57.5));
#7807=CARTESIAN_POINT('',(2.97726424226457,-6.,-38.022718989151));
#7808=CARTESIAN_POINT('',(-11.7320508075689,-6.,-57.5));
#7809=CARTESIAN_POINT('',(-2.02729851627222,-6.,-57.5));
#7810=CARTESIAN_POINT('',(-13.4641016151378,-6.,-54.5));
#7811=CARTESIAN_POINT('',(-18.586768311968,-6.,-45.6272810108491));
#7812=CARTESIAN_POINT('',(-3.02717855730757,-6.,-36.422718989151));
#7813=CARTESIAN_POINT('',(-24.3,-6.,-6.89999999999998));
#7814=CARTESIAN_POINT('Origin',(-26.,-6.,-6.89999999999998));
#7815=CARTESIAN_POINT('',(36.357644427449,-6.,-38.5));
#7816=CARTESIAN_POINT('Origin',(34.657644427449,-6.,-38.5));
#7817=CARTESIAN_POINT('',(36.3,-6.,-6.89999999999998));
#7818=CARTESIAN_POINT('Origin',(34.6,-6.,-6.89999999999998));
#7819=CARTESIAN_POINT('',(11.7320508075689,-6.,-51.5));
#7820=CARTESIAN_POINT('',(8.26794919243113,-6.,-51.5));
#7821=CARTESIAN_POINT('',(6.35612072999677,-6.,-51.5));
#7822=CARTESIAN_POINT('',(13.4641016151377,-6.,-54.5));
#7823=CARTESIAN_POINT('',(3.30109373387319,-6.,-36.8971539919269));
#7824=CARTESIAN_POINT('',(11.7320508075689,-6.,-57.5));
#7825=CARTESIAN_POINT('',(20.4772642422646,-6.,-42.3528460080732));
#7826=CARTESIAN_POINT('',(8.26794919243112,-6.,-57.5));
#7827=CARTESIAN_POINT('',(7.97270148372772,-6.,-57.5));
#7828=CARTESIAN_POINT('',(6.53589838486226,-6.,-54.5));
#7829=CARTESIAN_POINT('',(-1.08676831196796,-6.,-41.2971539919269));
#7830=CARTESIAN_POINT('',(14.4728214426924,-6.,-40.7528460080732));
#7831=CARTESIAN_POINT('',(35.457644427449,-6.,-20.));
#7832=CARTESIAN_POINT('',(35.457644427449,-6.,-16.));
#7833=CARTESIAN_POINT('',(35.457644427449,-6.,-18.));
#7834=CARTESIAN_POINT('',(37.457644427449,-6.,-16.));
#7835=CARTESIAN_POINT('',(21.8932333205867,-6.,-16.));
#7836=CARTESIAN_POINT('',(37.457644427449,-6.,-20.));
#7837=CARTESIAN_POINT('',(37.457644427449,-6.,-18.));
#7838=CARTESIAN_POINT('',(21.8932333205867,-6.,-20.));
#7839=CARTESIAN_POINT('',(-5.92999999999989,-6.,-20.0000000000004));
#7840=CARTESIAN_POINT('Origin',(-0.929999999999893,-6.,-20.0000000000004));
#7841=CARTESIAN_POINT('',(18.4195270270526,-6.,9.80202500000002));
#7842=CARTESIAN_POINT('',(17.0758765689138,-6.,12.1292958611095));
#7843=CARTESIAN_POINT('Origin',(18.5,-6.,11.4));
#7844=CARTESIAN_POINT('',(17.1563495418613,-6.,12.2686791388906));
#7845=CARTESIAN_POINT('Origin',(16.7679491924311,-6.,12.4));
#7846=CARTESIAN_POINT('',(19.8436504581387,-6.,12.2686791388906));
#7847=CARTESIAN_POINT('Origin',(18.5,-6.,11.4));
#7848=CARTESIAN_POINT('',(19.9241234310862,-6.,12.1292958611095));
#7849=CARTESIAN_POINT('Origin',(20.2320508075689,-6.,12.4));
#7850=CARTESIAN_POINT('',(18.5804729729475,-6.,9.80202500000002));
#7851=CARTESIAN_POINT('Origin',(18.5,-6.,11.4));
#7852=CARTESIAN_POINT('Origin',(18.5,-6.,9.40000000000002));
#7853=CARTESIAN_POINT('',(-21.8436504581387,-6.,6.86867913889055));
#7854=CARTESIAN_POINT('',(-19.1563495418613,-6.,6.86867913889057));
#7855=CARTESIAN_POINT('Origin',(-20.5,-6.,6.00000000000001));
#7856=CARTESIAN_POINT('',(-19.0758765689138,-6.,6.72929586110946));
#7857=CARTESIAN_POINT('Origin',(-18.7679491924311,-6.,7.00000000000002));
#7858=CARTESIAN_POINT('',(-20.4195270270526,-6.,4.40202500000001));
#7859=CARTESIAN_POINT('Origin',(-20.5,-6.,6.00000000000001));
#7860=CARTESIAN_POINT('',(-20.5804729729474,-6.,4.40202500000001));
#7861=CARTESIAN_POINT('Origin',(-20.5,-6.,4.00000000000001));
#7862=CARTESIAN_POINT('',(-21.9241234310862,-6.,6.72929586110947));
#7863=CARTESIAN_POINT('Origin',(-20.5,-6.,6.00000000000001));
#7864=CARTESIAN_POINT('Origin',(-22.2320508075689,-6.,7.00000000000001));
#7865=CARTESIAN_POINT('Origin',(1.61658075373096,-6.,-33.7));
#7866=CARTESIAN_POINT('',(1.61658075373096,-3.,-33.7));
#7867=CARTESIAN_POINT('',(1.61658075373096,-6.,-33.7));
#7868=CARTESIAN_POINT('',(3.2331615074619,-3.,-36.5));
#7869=CARTESIAN_POINT('Origin',(-1.61658075373095,-6.,-33.7));
#7870=CARTESIAN_POINT('',(-1.61658075373095,-3.,-33.7));
#7871=CARTESIAN_POINT('',(-1.61658075373095,-6.,-33.7));
#7872=CARTESIAN_POINT('',(1.61658075373096,-3.,-33.7));
#7873=CARTESIAN_POINT('Origin',(-3.23316150746191,-6.,-36.5));
#7874=CARTESIAN_POINT('',(-1.61658075373095,-3.,-33.7));
#7875=CARTESIAN_POINT('Origin',(-5.55111512312578E-16,-3.,-36.5));
#7876=CARTESIAN_POINT('',(1.7,-3.,-36.5));
#7877=CARTESIAN_POINT('Origin',(-1.11022302462516E-15,-3.,-36.5));
#7878=CARTESIAN_POINT('Origin',(-1.11022302462516E-15,0.,-36.5));
#7879=CARTESIAN_POINT('',(1.7,0.,-36.5));
#7880=CARTESIAN_POINT('Origin',(-1.11022302462516E-15,0.,-36.5));
#7881=CARTESIAN_POINT('',(1.7,0.,-36.5));
#7882=CARTESIAN_POINT('Origin',(-22.2320508075689,-5.5,7.00000000000001));
#7883=CARTESIAN_POINT('',(-22.0777255137276,-5.,6.26604924982614));
#7884=CARTESIAN_POINT('Ctrl Pts',(-21.9241234310862,-6.,6.72929586110947));
#7885=CARTESIAN_POINT('Ctrl Pts',(-21.9303979400551,-5.99006670660049,6.7170433916829));
#7886=CARTESIAN_POINT('Ctrl Pts',(-21.9359994730779,-5.97851644524778,6.70571206402168));
#7887=CARTESIAN_POINT('Ctrl Pts',(-21.9785496722774,-5.87777379067309,6.61758573323191));
#7888=CARTESIAN_POINT('Ctrl Pts',(-22.0003356056179,-5.7424292593815,6.55829208709672));
#7889=CARTESIAN_POINT('Ctrl Pts',(-22.0454560333202,-5.43353680467948,6.42384516638206));
#7890=CARTESIAN_POINT('Ctrl Pts',(-22.0643929595599,-5.21949829082806,6.34511397520041));
#7891=CARTESIAN_POINT('Ctrl Pts',(-22.0777255137276,-5.,6.26604924982614));
#7892=CARTESIAN_POINT('',(-21.519268165871,-5.,7.23332575017389));
#7893=CARTESIAN_POINT('Origin',(-22.2320508075689,-5.,7.00000000000001));
#7894=CARTESIAN_POINT('Ctrl Pts',(-21.519268165871,-5.,7.23332575017389));
#7895=CARTESIAN_POINT('Ctrl Pts',(-21.5810739495045,-5.21949829082806,7.18224705688019));
#7896=CARTESIAN_POINT('Ctrl Pts',(-21.6397886980182,-5.43353680467947,7.12648160209623));
#7897=CARTESIAN_POINT('Ctrl Pts',(-21.7336629329665,-5.7424292593815,7.02018270511904));
#7898=CARTESIAN_POINT('Ctrl Pts',(-21.7741197701324,-5.8777737906731,6.97166871033348));
#7899=CARTESIAN_POINT('Ctrl Pts',(-21.8291643117389,-5.97851644524778,6.89075599149571));
#7900=CARTESIAN_POINT('Ctrl Pts',(-21.8361767628407,-5.99006670660048,6.88023925776718));
#7901=CARTESIAN_POINT('Ctrl Pts',(-21.8436504581387,-6.,6.86867913889055));
#7902=CARTESIAN_POINT('Origin',(-22.2320508075689,0.,7.00000000000001));
#7903=CARTESIAN_POINT('',(-22.0777255137276,0.,6.26604924982614));
#7904=CARTESIAN_POINT('',(-22.0777255137276,0.,6.26604924982614));
#7905=CARTESIAN_POINT('',(-21.519268165871,0.,7.23332575017389));
#7906=CARTESIAN_POINT('Origin',(-22.2320508075689,0.,7.00000000000001));
#7907=CARTESIAN_POINT('',(-21.519268165871,0.,7.23332575017389));
#7908=CARTESIAN_POINT('Origin',(-18.7679491924311,-5.5,7.00000000000002));
#7909=CARTESIAN_POINT('',(-19.480731834129,-5.,7.23332575017389));
#7910=CARTESIAN_POINT('Ctrl Pts',(-19.1563495418613,-6.,6.86867913889057));
#7911=CARTESIAN_POINT('Ctrl Pts',(-19.1638232371593,-5.99006670660049,6.88023925776719));
#7912=CARTESIAN_POINT('Ctrl Pts',(-19.1708356882611,-5.97851644524779,6.89075599149572));
#7913=CARTESIAN_POINT('Ctrl Pts',(-19.2258802298676,-5.87777379067311,6.97166871033348));
#7914=CARTESIAN_POINT('Ctrl Pts',(-19.2663370670335,-5.74242925938151,7.02018270511905));
#7915=CARTESIAN_POINT('Ctrl Pts',(-19.3602113019818,-5.43353680467949,7.12648160209623));
#7916=CARTESIAN_POINT('Ctrl Pts',(-19.4189260504955,-5.21949829082807,7.18224705688019));
#7917=CARTESIAN_POINT('Ctrl Pts',(-19.480731834129,-5.,7.23332575017389));
#7918=CARTESIAN_POINT('',(-18.9222744862724,-5.,6.26604924982614));
#7919=CARTESIAN_POINT('Origin',(-18.7679491924311,-5.,7.00000000000002));
#7920=CARTESIAN_POINT('Ctrl Pts',(-18.9222744862724,-5.,6.26604924982614));
#7921=CARTESIAN_POINT('Ctrl Pts',(-18.9356070404401,-5.21949829082807,6.34511397520041));
#7922=CARTESIAN_POINT('Ctrl Pts',(-18.9545439666798,-5.43353680467949,6.42384516638206));
#7923=CARTESIAN_POINT('Ctrl Pts',(-18.9996643943821,-5.74242925938151,6.55829208709672));
#7924=CARTESIAN_POINT('Ctrl Pts',(-19.0214503277226,-5.87777379067311,6.61758573323191));
#7925=CARTESIAN_POINT('Ctrl Pts',(-19.0640005269221,-5.97851644524779,6.70571206402168));
#7926=CARTESIAN_POINT('Ctrl Pts',(-19.0696020599449,-5.99006670660049,6.7170433916829));
#7927=CARTESIAN_POINT('Ctrl Pts',(-19.0758765689138,-6.,6.72929586110947));
#7928=CARTESIAN_POINT('Origin',(-18.7679491924311,0.,7.00000000000002));
#7929=CARTESIAN_POINT('',(-19.480731834129,0.,7.23332575017389));
#7930=CARTESIAN_POINT('',(-19.480731834129,0.,7.23332575017389));
#7931=CARTESIAN_POINT('',(-18.9222744862724,0.,6.26604924982614));
#7932=CARTESIAN_POINT('Origin',(-18.7679491924311,0.,7.00000000000002));
#7933=CARTESIAN_POINT('',(-18.9222744862724,0.,6.26604924982614));
#7934=CARTESIAN_POINT('Origin',(-20.5,-5.5,4.00000000000001));
#7935=CARTESIAN_POINT('',(-19.9415426521434,-5.,4.50062500000001));
#7936=CARTESIAN_POINT('Ctrl Pts',(-20.4195270270526,-6.,4.40202500000001));
#7937=CARTESIAN_POINT('Ctrl Pts',(-20.4057788227856,-5.99006670660049,4.40271735054996));
#7938=CARTESIAN_POINT('Ctrl Pts',(-20.393164838661,-5.97851644524778,4.40353194448264));
#7939=CARTESIAN_POINT('Ctrl Pts',(-20.2955700978549,-5.8777737906731,4.41074555643465));
#7940=CARTESIAN_POINT('Ctrl Pts',(-20.2333273273486,-5.7424292593815,4.42152520778427));
#7941=CARTESIAN_POINT('Ctrl Pts',(-20.094332664698,-5.43353680467948,4.44967323152175));
#7942=CARTESIAN_POINT('Ctrl Pts',(-20.0166809899446,-5.21949829082806,4.47263896791943));
#7943=CARTESIAN_POINT('Ctrl Pts',(-19.9415426521434,-5.,4.50062500000001));
#7944=CARTESIAN_POINT('',(-21.0584573478566,-5.,4.50062500000001));
#7945=CARTESIAN_POINT('Origin',(-20.5,-5.,4.00000000000001));
#7946=CARTESIAN_POINT('Ctrl Pts',(-21.0584573478566,-5.,4.50062500000001));
#7947=CARTESIAN_POINT('Ctrl Pts',(-20.9833190100554,-5.21949829082806,4.47263896791943));
#7948=CARTESIAN_POINT('Ctrl Pts',(-20.905667335302,-5.43353680467947,4.44967323152175));
#7949=CARTESIAN_POINT('Ctrl Pts',(-20.7666726726514,-5.7424292593815,4.42152520778427));
#7950=CARTESIAN_POINT('Ctrl Pts',(-20.7044299021451,-5.87777379067309,4.41074555643465));
#7951=CARTESIAN_POINT('Ctrl Pts',(-20.606835161339,-5.97851644524778,4.40353194448264));
#7952=CARTESIAN_POINT('Ctrl Pts',(-20.5942211772144,-5.99006670660048,4.40271735054996));
#7953=CARTESIAN_POINT('Ctrl Pts',(-20.5804729729474,-6.,4.40202500000001));
#7954=CARTESIAN_POINT('Origin',(-20.5,0.,4.00000000000001));
#7955=CARTESIAN_POINT('',(-19.9415426521434,0.,4.50062500000001));
#7956=CARTESIAN_POINT('',(-19.9415426521434,0.,4.50062500000001));
#7957=CARTESIAN_POINT('',(-21.0584573478566,0.,4.50062500000001));
#7958=CARTESIAN_POINT('Origin',(-20.5,0.,4.00000000000001));
#7959=CARTESIAN_POINT('',(-21.0584573478566,0.,4.50062500000001));
#7960=CARTESIAN_POINT('Origin',(18.5,-5.5,9.40000000000002));
#7961=CARTESIAN_POINT('',(19.0584573478566,-5.,9.90062500000002));
#7962=CARTESIAN_POINT('Ctrl Pts',(18.5804729729475,-6.,9.80202500000002));
#7963=CARTESIAN_POINT('Ctrl Pts',(18.5942211772144,-5.99006670660049,9.80271735054996));
#7964=CARTESIAN_POINT('Ctrl Pts',(18.606835161339,-5.97851644524779,9.80353194448265));
#7965=CARTESIAN_POINT('Ctrl Pts',(18.7044299021451,-5.8777737906731,9.81074555643466));
#7966=CARTESIAN_POINT('Ctrl Pts',(18.7666726726514,-5.74242925938151,9.82152520778428));
#7967=CARTESIAN_POINT('Ctrl Pts',(18.905667335302,-5.43353680467948,9.84967323152176));
#7968=CARTESIAN_POINT('Ctrl Pts',(18.9833190100554,-5.21949829082806,9.87263896791944));
#7969=CARTESIAN_POINT('Ctrl Pts',(19.0584573478566,-5.,9.90062500000002));
#7970=CARTESIAN_POINT('',(17.9415426521434,-5.,9.90062500000002));
#7971=CARTESIAN_POINT('Origin',(18.5,-5.,9.40000000000002));
#7972=CARTESIAN_POINT('Ctrl Pts',(17.9415426521434,-5.,9.90062500000002));
#7973=CARTESIAN_POINT('Ctrl Pts',(18.0166809899446,-5.21949829082806,9.87263896791944));
#7974=CARTESIAN_POINT('Ctrl Pts',(18.094332664698,-5.43353680467948,9.84967323152176));
#7975=CARTESIAN_POINT('Ctrl Pts',(18.2333273273487,-5.74242925938151,9.82152520778428));
#7976=CARTESIAN_POINT('Ctrl Pts',(18.2955700978549,-5.8777737906731,9.81074555643466));
#7977=CARTESIAN_POINT('Ctrl Pts',(18.393164838661,-5.97851644524779,9.80353194448265));
#7978=CARTESIAN_POINT('Ctrl Pts',(18.4057788227856,-5.99006670660049,9.80271735054996));
#7979=CARTESIAN_POINT('Ctrl Pts',(18.4195270270526,-6.,9.80202500000002));
#7980=CARTESIAN_POINT('Origin',(18.5,0.,9.40000000000002));
#7981=CARTESIAN_POINT('',(19.0584573478566,0.,9.90062500000002));
#7982=CARTESIAN_POINT('',(19.0584573478566,0.,9.90062500000002));
#7983=CARTESIAN_POINT('',(17.9415426521434,0.,9.90062500000002));
#7984=CARTESIAN_POINT('Origin',(18.5,0.,9.40000000000002));
#7985=CARTESIAN_POINT('',(17.9415426521434,0.,9.90062500000002));
#7986=CARTESIAN_POINT('Origin',(16.7679491924311,-5.5,12.4));
#7987=CARTESIAN_POINT('',(16.9222744862724,-5.,11.6660492498261));
#7988=CARTESIAN_POINT('Ctrl Pts',(17.0758765689138,-6.,12.1292958611095));
#7989=CARTESIAN_POINT('Ctrl Pts',(17.0696020599449,-5.99006670660049,12.1170433916829));
#7990=CARTESIAN_POINT('Ctrl Pts',(17.0640005269221,-5.97851644524779,12.1057120640217));
#7991=CARTESIAN_POINT('Ctrl Pts',(17.0214503277226,-5.87777379067311,12.0175857332319));
#7992=CARTESIAN_POINT('Ctrl Pts',(16.9996643943821,-5.74242925938152,11.9582920870967));
#7993=CARTESIAN_POINT('Ctrl Pts',(16.9545439666798,-5.43353680467949,11.8238451663821));
#7994=CARTESIAN_POINT('Ctrl Pts',(16.9356070404401,-5.21949829082807,11.7451139752004));
#7995=CARTESIAN_POINT('Ctrl Pts',(16.9222744862724,-5.,11.6660492498261));
#7996=CARTESIAN_POINT('',(17.480731834129,-5.,12.6333257501739));
#7997=CARTESIAN_POINT('Origin',(16.7679491924311,-5.,12.4));
#7998=CARTESIAN_POINT('Ctrl Pts',(17.480731834129,-5.,12.6333257501739));
#7999=CARTESIAN_POINT('Ctrl Pts',(17.4189260504955,-5.21949829082807,12.5822470568802));
#8000=CARTESIAN_POINT('Ctrl Pts',(17.3602113019818,-5.43353680467949,12.5264816020962));
#8001=CARTESIAN_POINT('Ctrl Pts',(17.2663370670335,-5.74242925938151,12.420182705119));
#8002=CARTESIAN_POINT('Ctrl Pts',(17.2258802298676,-5.87777379067311,12.3716687103335));
#8003=CARTESIAN_POINT('Ctrl Pts',(17.1708356882611,-5.97851644524779,12.2907559914957));
#8004=CARTESIAN_POINT('Ctrl Pts',(17.1638232371593,-5.99006670660049,12.2802392577672));
#8005=CARTESIAN_POINT('Ctrl Pts',(17.1563495418613,-6.,12.2686791388906));
#8006=CARTESIAN_POINT('Origin',(16.7679491924311,0.,12.4));
#8007=CARTESIAN_POINT('',(16.9222744862724,0.,11.6660492498261));
#8008=CARTESIAN_POINT('',(16.9222744862724,0.,11.6660492498261));
#8009=CARTESIAN_POINT('',(17.480731834129,0.,12.6333257501739));
#8010=CARTESIAN_POINT('Origin',(16.7679491924311,0.,12.4));
#8011=CARTESIAN_POINT('',(17.480731834129,0.,12.6333257501739));
#8012=CARTESIAN_POINT('Origin',(20.2320508075689,-5.5,12.4));
#8013=CARTESIAN_POINT('',(19.519268165871,-5.,12.6333257501739));
#8014=CARTESIAN_POINT('Ctrl Pts',(19.8436504581387,-6.,12.2686791388906));
#8015=CARTESIAN_POINT('Ctrl Pts',(19.8361767628407,-5.99006670660049,12.2802392577672));
#8016=CARTESIAN_POINT('Ctrl Pts',(19.8291643117389,-5.97851644524779,12.2907559914957));
#8017=CARTESIAN_POINT('Ctrl Pts',(19.7741197701324,-5.87777379067311,12.3716687103335));
#8018=CARTESIAN_POINT('Ctrl Pts',(19.7336629329665,-5.74242925938151,12.420182705119));
#8019=CARTESIAN_POINT('Ctrl Pts',(19.6397886980182,-5.43353680467948,12.5264816020962));
#8020=CARTESIAN_POINT('Ctrl Pts',(19.5810739495045,-5.21949829082807,12.5822470568802));
#8021=CARTESIAN_POINT('Ctrl Pts',(19.519268165871,-5.,12.6333257501739));
#8022=CARTESIAN_POINT('',(20.0777255137276,-5.,11.6660492498261));
#8023=CARTESIAN_POINT('Origin',(20.2320508075689,-5.,12.4));
#8024=CARTESIAN_POINT('Ctrl Pts',(20.0777255137276,-5.,11.6660492498261));
#8025=CARTESIAN_POINT('Ctrl Pts',(20.0643929595599,-5.21949829082806,11.7451139752004));
#8026=CARTESIAN_POINT('Ctrl Pts',(20.0454560333202,-5.43353680467948,11.8238451663821));
#8027=CARTESIAN_POINT('Ctrl Pts',(20.0003356056179,-5.7424292593815,11.9582920870967));
#8028=CARTESIAN_POINT('Ctrl Pts',(19.9785496722774,-5.8777737906731,12.0175857332319));
#8029=CARTESIAN_POINT('Ctrl Pts',(19.9359994730779,-5.97851644524778,12.1057120640217));
#8030=CARTESIAN_POINT('Ctrl Pts',(19.9303979400551,-5.99006670660048,12.1170433916829));
#8031=CARTESIAN_POINT('Ctrl Pts',(19.9241234310862,-6.,12.1292958611095));
#8032=CARTESIAN_POINT('Origin',(20.2320508075689,0.,12.4));
#8033=CARTESIAN_POINT('',(19.519268165871,0.,12.6333257501739));
#8034=CARTESIAN_POINT('',(19.519268165871,0.,12.6333257501739));
#8035=CARTESIAN_POINT('',(20.0777255137276,0.,11.6660492498261));
#8036=CARTESIAN_POINT('Origin',(20.2320508075689,0.,12.4));
#8037=CARTESIAN_POINT('',(20.0777255137276,0.,11.6660492498261));
#8038=CARTESIAN_POINT('Origin',(-20.5,0.,6.00000000000001));
#8039=CARTESIAN_POINT('Origin',(-20.5,0.,6.00000000000001));
#8040=CARTESIAN_POINT('Origin',(-20.5,0.,6.00000000000001));
#8041=CARTESIAN_POINT('Origin',(-20.5,0.,6.00000000000001));
#8042=CARTESIAN_POINT('Origin',(-20.5,0.,6.00000000000001));
#8043=CARTESIAN_POINT('Origin',(-20.5,0.,6.00000000000001));
#8044=CARTESIAN_POINT('Origin',(18.5,0.,11.4));
#8045=CARTESIAN_POINT('Origin',(18.5,0.,11.4));
#8046=CARTESIAN_POINT('Origin',(18.5,0.,11.4));
#8047=CARTESIAN_POINT('Origin',(18.5,0.,11.4));
#8048=CARTESIAN_POINT('Origin',(18.5,0.,11.4));
#8049=CARTESIAN_POINT('Origin',(18.5,0.,11.4));
#8050=CARTESIAN_POINT('Origin',(9.49999999999993,-6.,7.29999999999984));
#8051=CARTESIAN_POINT('',(6.71499999999993,0.,7.29999999999984));
#8052=CARTESIAN_POINT('',(6.71499999999993,-6.,7.29999999999984));
#8053=CARTESIAN_POINT('Origin',(9.49999999999993,0.,7.29999999999984));
#8054=CARTESIAN_POINT('Origin',(-2.00000000000007,-6.,17.9999999999998));
#8055=CARTESIAN_POINT('',(-3.70000000000007,0.,17.9999999999998));
#8056=CARTESIAN_POINT('',(-3.70000000000007,-6.,17.9999999999998));
#8057=CARTESIAN_POINT('Origin',(-2.00000000000007,0.,17.9999999999998));
#8058=CARTESIAN_POINT('Origin',(23.4999999999999,-6.,7.29999999999984));
#8059=CARTESIAN_POINT('',(20.7149999999999,0.,7.29999999999984));
#8060=CARTESIAN_POINT('',(20.7149999999999,-6.,7.29999999999984));
#8061=CARTESIAN_POINT('Origin',(23.4999999999999,0.,7.29999999999984));
#8062=CARTESIAN_POINT('Origin',(-19.0000000000001,-6.,-1.00000000000018));
#8063=CARTESIAN_POINT('',(-20.7000000000001,0.,-1.00000000000018));
#8064=CARTESIAN_POINT('',(-20.7000000000001,-6.,-1.00000000000018));
#8065=CARTESIAN_POINT('Origin',(-19.0000000000001,0.,-1.00000000000018));
#8066=CARTESIAN_POINT('Origin',(-0.929999999999893,-6.,-20.0000000000004));
#8067=CARTESIAN_POINT('',(-5.92999999999989,0.,-20.0000000000004));
#8068=CARTESIAN_POINT('',(-5.92999999999989,-6.,-20.0000000000004));
#8069=CARTESIAN_POINT('Origin',(-0.929999999999893,0.,-20.0000000000004));
#8070=CARTESIAN_POINT('Origin',(19.9999999999999,-6.,19.9999999999996));
#8071=CARTESIAN_POINT('',(17.8170694814943,0.,15.5016876107388));
#8072=CARTESIAN_POINT('',(17.8170694814943,-6.,15.5016876107388));
#8073=CARTESIAN_POINT('',(14.9999999999999,0.,19.9999999999996));
#8074=CARTESIAN_POINT('Origin',(19.9999999999999,0.,19.9999999999996));
#8075=CARTESIAN_POINT('',(14.9999999999999,-6.,19.9999999999996));
#8076=CARTESIAN_POINT('Origin',(39.457644427449,-6.,5.));
#8077=CARTESIAN_POINT('',(39.457644427449,0.,5.));
#8078=CARTESIAN_POINT('',(39.457644427449,-6.,5.));
#8079=CARTESIAN_POINT('',(29.5028049838938,0.,9.83086120920369));
#8080=CARTESIAN_POINT('Origin',(4.32882221372449,0.,-16.7));
#8081=CARTESIAN_POINT('',(39.457644427449,0.,-41.2712812921102));
#8082=CARTESIAN_POINT('',(39.457644427449,0.,-41.2712812921102));
#8083=CARTESIAN_POINT('',(15.,0.,-60.5));
#8084=CARTESIAN_POINT('',(15.,0.,-60.5));
#8085=CARTESIAN_POINT('',(-15.,0.,-60.5));
#8086=CARTESIAN_POINT('',(-5.,0.,-60.5));
#8087=CARTESIAN_POINT('',(-30.8,0.,-9.6712812921102));
#8088=CARTESIAN_POINT('',(-15.,0.,-60.5));
#8089=CARTESIAN_POINT('',(-30.8,0.,5.));
#8090=CARTESIAN_POINT('',(-30.8,0.,-9.6712812921102));
#8091=CARTESIAN_POINT('',(8.99999999999985,0.,33.9999999999998));
#8092=CARTESIAN_POINT('',(8.99999999999985,0.,33.9999999999998));
#8093=CARTESIAN_POINT('',(8.99999999999985,0.,39.9999999999998));
#8094=CARTESIAN_POINT('',(8.99999999999985,0.,41.9999999999998));
#8095=CARTESIAN_POINT('',(14.9999999999999,0.,39.9999999999998));
#8096=CARTESIAN_POINT('',(6.66441110686217,0.,39.9999999999998));
#8097=CARTESIAN_POINT('',(14.9999999999999,0.,21.9999999999996));
#8098=CARTESIAN_POINT('',(11.7,0.,-54.5));
#8099=CARTESIAN_POINT('Origin',(9.99999999999999,0.,-54.5));
#8100=CARTESIAN_POINT('',(-8.3,0.,-54.5));
#8101=CARTESIAN_POINT('Origin',(-10.,0.,-54.5));
#8102=CARTESIAN_POINT('',(31.5981494835335,0.,-5.17115834247608));
#8103=CARTESIAN_POINT('',(34.5962955363033,0.,-3.435900365615));
#8104=CARTESIAN_POINT('',(20.3347468267002,0.,-11.6901567377733));
#8105=CARTESIAN_POINT('',(31.6018539472303,0.,-8.63525797686139));
#8106=CARTESIAN_POINT('',(31.6043600227769,0.,-10.9787268553713));
#8107=CARTESIAN_POINT('',(34.6037044636967,0.,-10.3640996343854));
#8108=CARTESIAN_POINT('',(23.155784491855,0.,-3.770952896813));
#8109=CARTESIAN_POINT('',(37.6018505164664,0.,-8.628841657524));
#8110=CARTESIAN_POINT('',(21.9411669822374,0.,-17.6928850855512));
#8111=CARTESIAN_POINT('',(37.5981460527697,0.,-5.16474202313859));
#8112=CARTESIAN_POINT('',(37.6060853417382,0.,-12.5888903654135));
#8113=CARTESIAN_POINT('',(27.5510896552791,0.,0.621611940922013));
#8114=CARTESIAN_POINT('',(-22.9981494835335,0.,-8.62884165752389));
#8115=CARTESIAN_POINT('',(-25.9962955363033,0.,-10.3640996343854));
#8116=CARTESIAN_POINT('',(-15.9619116395722,0.,-4.55642902954379));
#8117=CARTESIAN_POINT('',(-23.0018539472303,0.,-5.16474202313859));
#8118=CARTESIAN_POINT('',(-22.9938800075573,0.,-12.6212927595405));
#8119=CARTESIAN_POINT('',(-26.0037044636967,0.,-3.435900365615));
#8120=CARTESIAN_POINT('',(-10.2958663736159,0.,-12.4824417209582));
#8121=CARTESIAN_POINT('',(-29.0018505164665,0.,-5.17115834247608));
#8122=CARTESIAN_POINT('',(-17.5683317951095,0.,1.44629931823401));
#8123=CARTESIAN_POINT('',(-28.9981460527697,0.,-8.63525797686149));
#8124=CARTESIAN_POINT('',(-28.9956053265186,0.,-11.0111292494982));
#8125=CARTESIAN_POINT('',(-14.69117153704,0.,-16.8750065586938));
#8126=CARTESIAN_POINT('',(34.6347517452953,0.,-35.0257878202556));
#8127=CARTESIAN_POINT('',(37.6366022617618,0.,-36.7546294777796));
#8128=CARTESIAN_POINT('',(20.7441568181896,0.,-27.0258427776761));
#8129=CARTESIAN_POINT('',(31.6366056925256,0.,-36.7610457971171));
#8130=CARTESIAN_POINT('',(27.2066408378393,0.,-39.3250075641593));
#8131=CARTESIAN_POINT('',(31.6403101562223,0.,-40.2251454315025));
#8132=CARTESIAN_POINT('',(31.6259253189593,0.,-26.7736680833289));
#8133=CARTESIAN_POINT('',(34.6421606726888,0.,-41.9539870890264));
#8134=CARTESIAN_POINT('',(16.3488516547656,0.,-31.4184076154117));
#8135=CARTESIAN_POINT('',(37.6403067254585,0.,-40.2187291121649));
#8136=CARTESIAN_POINT('',(28.8130609933766,0.,-45.3277359119373));
#8137=CARTESIAN_POINT('',(37.6276506379206,0.,-28.3838315933712));
#8138=CARTESIAN_POINT('Origin',(6.66441110686217,-1.,40.9999999999998));
#8139=CARTESIAN_POINT('',(14.9999999999999,-2.,41.9999999999998));
#8140=CARTESIAN_POINT('',(14.9999999999999,-2.5,42.4999999999998));
#8141=CARTESIAN_POINT('',(8.99999999999985,-2.,41.9999999999998));
#8142=CARTESIAN_POINT('',(8.99999999999985,-0.499999999999998,40.4999999999998));
#8143=CARTESIAN_POINT('',(6.66441110686217,-2.,41.9999999999998));
#8144=CARTESIAN_POINT('Origin',(8.99999999999985,-6.,41.9999999999998));
#8145=CARTESIAN_POINT('',(8.99999999999985,-6.,41.9999999999998));
#8146=CARTESIAN_POINT('',(8.99999999999985,-6.,41.9999999999998));
#8147=CARTESIAN_POINT('',(14.9999999999999,-6.,41.9999999999998));
#8148=CARTESIAN_POINT('',(8.99999999999985,-6.,41.9999999999998));
#8149=CARTESIAN_POINT('',(14.9999999999999,-6.,41.9999999999998));
#8150=CARTESIAN_POINT('Origin',(8.99999999999985,-6.,33.9999999999998));
#8151=CARTESIAN_POINT('',(8.99999999999985,-6.,33.9999999999998));
#8152=CARTESIAN_POINT('',(8.99999999999985,-8.,31.9999999999998));
#8153=CARTESIAN_POINT('',(8.99999999999985,-6.,29.9999999999998));
#8154=CARTESIAN_POINT('',(8.99999999999985,-8.,39.9999999999998));
#8155=CARTESIAN_POINT('',(8.99999999999985,-8.,41.9999999999998));
#8156=CARTESIAN_POINT('',(8.99999999999985,-8.5,39.4999999999998));
#8157=CARTESIAN_POINT('',(8.99999999999985,-6.,37.9999999999998));
#8158=CARTESIAN_POINT('',(8.99999999999985,-6.,35.9999999999998));
#8159=CARTESIAN_POINT('',(8.99999999999985,-6.,35.9999999999998));
#8160=CARTESIAN_POINT('',(8.99999999999985,-2.,35.9999999999998));
#8161=CARTESIAN_POINT('',(8.99999999999985,-6.,35.9999999999998));
#8162=CARTESIAN_POINT('',(8.99999999999985,-2.,37.9999999999998));
#8163=CARTESIAN_POINT('',(8.99999999999985,-2.,34.9999999999998));
#8164=CARTESIAN_POINT('',(8.99999999999985,-4.,37.9999999999998));
#8165=CARTESIAN_POINT('Origin',(8.99999999999985,-7.,40.9999999999998));
#8166=CARTESIAN_POINT('',(14.9999999999999,-8.,39.9999999999998));
#8167=CARTESIAN_POINT('',(14.9999999999999,-6.5,41.4999999999998));
#8168=CARTESIAN_POINT('',(8.99999999999985,-8.,39.9999999999998));
#8169=CARTESIAN_POINT('Origin',(8.99999999999985,-6.,37.9999999999998));
#8170=CARTESIAN_POINT('',(14.9999999999999,-6.,37.9999999999998));
#8171=CARTESIAN_POINT('',(8.99999999999985,-6.,37.9999999999998));
#8172=CARTESIAN_POINT('',(14.9999999999999,-6.,35.9999999999998));
#8173=CARTESIAN_POINT('',(14.9999999999999,-6.,39.9999999999998));
#8174=CARTESIAN_POINT('',(8.99999999999985,-6.,35.9999999999998));
#8175=CARTESIAN_POINT('Origin',(8.99999999999985,-2.,37.9999999999998));
#8176=CARTESIAN_POINT('',(14.9999999999999,-2.,37.9999999999998));
#8177=CARTESIAN_POINT('',(8.99999999999985,-2.,37.9999999999998));
#8178=CARTESIAN_POINT('',(14.9999999999999,-4.,37.9999999999998));
#8179=CARTESIAN_POINT('Origin',(8.99999999999985,-2.,35.9999999999998));
#8180=CARTESIAN_POINT('',(14.9999999999999,-2.,35.9999999999998));
#8181=CARTESIAN_POINT('',(8.99999999999985,-2.,35.9999999999998));
#8182=CARTESIAN_POINT('',(14.9999999999999,-2.,38.9999999999998));
#8183=CARTESIAN_POINT('Origin',(8.99999999999985,-6.,35.9999999999998));
#8184=CARTESIAN_POINT('',(14.9999999999999,-6.,35.9999999999998));
#8185=CARTESIAN_POINT('Origin',(8.99999999999985,-8.,31.9999999999998));
#8186=CARTESIAN_POINT('',(14.9999999999999,-8.,31.9999999999998));
#8187=CARTESIAN_POINT('',(14.9999999999999,-6.,29.9999999999998));
#8188=CARTESIAN_POINT('',(8.99999999999985,-8.,31.9999999999998));
#8189=CARTESIAN_POINT('Origin',(8.99999999999985,-8.,41.9999999999998));
#8190=CARTESIAN_POINT('',(14.9999999999999,-8.,41.9999999999998));
#8191=CARTESIAN_POINT('Origin',(-30.8,-6.,4.99999999999999));
#8192=CARTESIAN_POINT('',(-30.8,0.,5.));
#8193=CARTESIAN_POINT('Origin',(14.9999999999999,-6.,41.9999999999998));
#8194=CARTESIAN_POINT('Origin',(39.457644427449,-6.,-18.));
#8195=CARTESIAN_POINT('',(39.457644427449,-2.,-16.));
#8196=CARTESIAN_POINT('',(39.457644427449,-2.,-20.));
#8197=CARTESIAN_POINT('',(39.457644427449,-2.,-18.));
#8198=CARTESIAN_POINT('Origin',(39.457644427449,-6.,-16.));
#8199=CARTESIAN_POINT('Origin',(39.457644427449,-6.,-20.));
#8200=CARTESIAN_POINT('Origin',(39.457644427449,-4.,-16.));
#8201=CARTESIAN_POINT('',(39.457644427449,-4.,-16.));
#8202=CARTESIAN_POINT('',(39.457644427449,-5.,-16.));
#8203=CARTESIAN_POINT('Origin',(39.457644427449,-6.,-16.));
#8204=CARTESIAN_POINT('Origin',(39.457644427449,-6.,-18.));
#8205=CARTESIAN_POINT('',(39.457644427449,-4.,-20.));
#8206=CARTESIAN_POINT('',(39.457644427449,-4.,-18.));
#8207=CARTESIAN_POINT('Origin',(39.457644427449,-6.,-20.));
#8208=CARTESIAN_POINT('Origin',(39.457644427449,-2.,-20.));
#8209=CARTESIAN_POINT('',(39.457644427449,-4.,-20.));
#8210=CARTESIAN_POINT('Origin',(7.97270148372772,-5.5,-57.4));
#8211=CARTESIAN_POINT('',(11.6165807537309,-5.,-57.3));
#8212=CARTESIAN_POINT('',(11.7320508075689,-6.,-57.5));
#8213=CARTESIAN_POINT('',(8.38341924626905,-5.,-57.3));
#8214=CARTESIAN_POINT('',(7.97270148372772,-5.,-57.3));
#8215=CARTESIAN_POINT('',(8.26794919243112,-6.,-57.5));
#8216=CARTESIAN_POINT('Origin',(20.3906617018861,-5.5,-42.3028460080732));
#8217=CARTESIAN_POINT('',(13.2331615074619,-5.,-54.5));
#8218=CARTESIAN_POINT('',(13.4641016151377,-6.,-54.5));
#8219=CARTESIAN_POINT('',(20.3040591615077,-5.,-42.2528460080732));
#8220=CARTESIAN_POINT('Origin',(6.35612072999677,-5.5,-51.6));
#8221=CARTESIAN_POINT('',(8.38341924626905,-5.,-51.7));
#8222=CARTESIAN_POINT('',(8.26794919243113,-6.,-51.5));
#8223=CARTESIAN_POINT('',(11.616580753731,-5.,-51.7));
#8224=CARTESIAN_POINT('',(6.35612072999677,-5.,-51.7));
#8225=CARTESIAN_POINT('',(11.616580753731,-5.,-51.7));
#8226=CARTESIAN_POINT('Origin',(14.5594239830709,-5.5,-40.8028460080732));
#8227=CARTESIAN_POINT('',(6.7668384925381,-5.,-54.5));
#8228=CARTESIAN_POINT('',(14.6460265234493,-5.,-40.8528460080732));
#8229=CARTESIAN_POINT('',(6.53589838486226,-6.,-54.5));
#8230=CARTESIAN_POINT('Origin',(3.21449119349476,-5.5,-36.9471539919269));
#8231=CARTESIAN_POINT('',(3.12788865311631,-5.,-36.9971539919269));
#8232=CARTESIAN_POINT('Origin',(-1.00016577158952,-5.5,-41.2471539919269));
#8233=CARTESIAN_POINT('',(-0.91356323121107,-5.,-41.1971539919269));
#8234=CARTESIAN_POINT('Origin',(13.2331615074619,-6.,-54.5));
#8235=CARTESIAN_POINT('',(13.2331615074619,-3.,-54.5));
#8236=CARTESIAN_POINT('',(13.2331615074619,-6.,-54.5));
#8237=CARTESIAN_POINT('',(11.6165807537309,-3.,-57.3));
#8238=CARTESIAN_POINT('',(11.6165807537309,-3.,-57.3));
#8239=CARTESIAN_POINT('',(11.6165807537309,-6.,-57.3));
#8240=CARTESIAN_POINT('Origin',(11.616580753731,-6.,-51.7));
#8241=CARTESIAN_POINT('',(11.616580753731,-3.,-51.7));
#8242=CARTESIAN_POINT('',(11.616580753731,-6.,-51.7));
#8243=CARTESIAN_POINT('',(13.2331615074619,-3.,-54.5));
#8244=CARTESIAN_POINT('Origin',(8.38341924626905,-6.,-51.7));
#8245=CARTESIAN_POINT('',(8.38341924626905,-3.,-51.7));
#8246=CARTESIAN_POINT('',(8.38341924626905,-6.,-51.7));
#8247=CARTESIAN_POINT('',(11.616580753731,-3.,-51.7));
#8248=CARTESIAN_POINT('Origin',(-2.02729851627222,-5.5,-57.4));
#8249=CARTESIAN_POINT('',(-8.38341924626904,-5.,-57.3));
#8250=CARTESIAN_POINT('',(-8.26794919243111,-6.,-57.5));
#8251=CARTESIAN_POINT('',(-11.616580753731,-5.,-57.3));
#8252=CARTESIAN_POINT('',(-2.02729851627222,-5.,-57.3));
#8253=CARTESIAN_POINT('',(-11.7320508075689,-6.,-57.5));
#8254=CARTESIAN_POINT('Origin',(2.89066170188613,-5.5,-37.972718989151));
#8255=CARTESIAN_POINT('',(-6.76683849253809,-5.,-54.5));
#8256=CARTESIAN_POINT('',(-6.53589838486224,-6.,-54.5));
#8257=CARTESIAN_POINT('',(2.80405916150769,-5.,-37.922718989151));
#8258=CARTESIAN_POINT('Origin',(-3.64387927000319,-5.5,-51.6));
#8259=CARTESIAN_POINT('',(-11.616580753731,-5.,-51.7));
#8260=CARTESIAN_POINT('',(-11.7320508075689,-6.,-51.5));
#8261=CARTESIAN_POINT('',(-8.38341924626905,-5.,-51.7));
#8262=CARTESIAN_POINT('',(-3.64387927000319,-5.,-51.7));
#8263=CARTESIAN_POINT('',(-8.38341924626905,-5.,-51.7));
#8264=CARTESIAN_POINT('Origin',(-2.94057601692913,-5.5,-36.472718989151));
#8265=CARTESIAN_POINT('',(-13.2331615074619,-5.,-54.5));
#8266=CARTESIAN_POINT('',(-2.85397347655069,-5.,-36.5227189891509));
#8267=CARTESIAN_POINT('',(-13.4641016151378,-6.,-54.5));
#8268=CARTESIAN_POINT('Origin',(-14.2855088065052,-5.5,-41.2772810108491));
#8269=CARTESIAN_POINT('',(-14.3721113468837,-5.,-41.3272810108491));
#8270=CARTESIAN_POINT('Origin',(-18.5001657715895,-5.5,-45.5772810108491));
#8271=CARTESIAN_POINT('',(-18.4135632312111,-5.,-45.5272810108491));
#8272=CARTESIAN_POINT('Origin',(-6.76683849253809,-6.,-54.5));
#8273=CARTESIAN_POINT('',(-6.76683849253809,-3.,-54.5));
#8274=CARTESIAN_POINT('',(-6.76683849253809,-6.,-54.5));
#8275=CARTESIAN_POINT('',(-8.38341924626904,-3.,-57.3));
#8276=CARTESIAN_POINT('',(-8.38341924626904,-3.,-57.3));
#8277=CARTESIAN_POINT('',(-8.38341924626904,-6.,-57.3));
#8278=CARTESIAN_POINT('Origin',(-8.38341924626905,-6.,-51.7));
#8279=CARTESIAN_POINT('',(-8.38341924626905,-3.,-51.7));
#8280=CARTESIAN_POINT('',(-8.38341924626905,-6.,-51.7));
#8281=CARTESIAN_POINT('',(-6.76683849253809,-3.,-54.5));
#8282=CARTESIAN_POINT('Origin',(-11.616580753731,-6.,-51.7));
#8283=CARTESIAN_POINT('',(-11.616580753731,-3.,-51.7));
#8284=CARTESIAN_POINT('',(-11.616580753731,-6.,-51.7));
#8285=CARTESIAN_POINT('',(-8.38341924626905,-3.,-51.7));
#8286=CARTESIAN_POINT('Origin',(-13.2331615074619,-6.,-54.5));
#8287=CARTESIAN_POINT('',(-13.2331615074619,-3.,-54.5));
#8288=CARTESIAN_POINT('',(-13.2331615074619,-6.,-54.5));
#8289=CARTESIAN_POINT('',(-11.616580753731,-3.,-51.7));
#8290=CARTESIAN_POINT('Origin',(-11.616580753731,-6.,-57.3));
#8291=CARTESIAN_POINT('',(-11.616580753731,-3.,-57.3));
#8292=CARTESIAN_POINT('',(-11.616580753731,-6.,-57.3));
#8293=CARTESIAN_POINT('',(-13.2331615074619,-3.,-54.5));
#8294=CARTESIAN_POINT('Origin',(-8.38341924626904,-6.,-57.3));
#8295=CARTESIAN_POINT('',(-11.616580753731,-3.,-57.3));
#8296=CARTESIAN_POINT('Origin',(-10.,-3.,-54.5));
#8297=CARTESIAN_POINT('',(-8.3,-3.,-54.5));
#8298=CARTESIAN_POINT('Origin',(-10.,-3.,-54.5));
#8299=CARTESIAN_POINT('Origin',(6.7668384925381,-6.,-54.5));
#8300=CARTESIAN_POINT('',(6.7668384925381,-3.,-54.5));
#8301=CARTESIAN_POINT('',(6.7668384925381,-6.,-54.5));
#8302=CARTESIAN_POINT('',(8.38341924626905,-3.,-51.7));
#8303=CARTESIAN_POINT('Origin',(8.38341924626905,-6.,-57.3));
#8304=CARTESIAN_POINT('',(8.38341924626905,-3.,-57.3));
#8305=CARTESIAN_POINT('',(8.38341924626905,-6.,-57.3));
#8306=CARTESIAN_POINT('',(6.7668384925381,-3.,-54.5));
#8307=CARTESIAN_POINT('Origin',(11.6165807537309,-6.,-57.3));
#8308=CARTESIAN_POINT('',(8.38341924626905,-3.,-57.3));
#8309=CARTESIAN_POINT('Origin',(9.99999999999999,-3.,-54.5));
#8310=CARTESIAN_POINT('',(11.7,-3.,-54.5));
#8311=CARTESIAN_POINT('Origin',(9.99999999999999,-3.,-54.5));
#8312=CARTESIAN_POINT('Origin',(9.99999999999999,0.,-54.5));
#8313=CARTESIAN_POINT('',(11.7,0.,-54.5));
#8314=CARTESIAN_POINT('Origin',(-10.,0.,-54.5));
#8315=CARTESIAN_POINT('',(-8.3,0.,-54.5));
#8316=CARTESIAN_POINT('Origin',(39.457644427449,-6.,5.));
#8317=CARTESIAN_POINT('',(39.457644427449,-6.,-41.2712812921102));
#8318=CARTESIAN_POINT('Origin',(39.457644427449,-6.,-41.2712812921102));
#8319=CARTESIAN_POINT('',(15.,-6.,-60.5));
#8320=CARTESIAN_POINT('Origin',(-15.,-6.,-60.5));
#8321=CARTESIAN_POINT('',(-30.8,-6.,-9.6712812921102));
#8322=CARTESIAN_POINT('',(-15.,-6.,-60.5));
#8323=CARTESIAN_POINT('Origin',(37.5060853989176,-0.499999999999998,-12.5889973040692));
#8324=CARTESIAN_POINT('',(37.401727148702,-1.,-8.5135855470223));
#8325=CARTESIAN_POINT('',(37.6018505164664,0.,-8.628841657524));
#8326=CARTESIAN_POINT('',(37.3982696492517,-1.,-5.28042588826269));
#8327=CARTESIAN_POINT('',(37.406085456097,-1.,-12.5891042427248));
#8328=CARTESIAN_POINT('',(37.5981460527697,0.,-5.16474202313859));
#8329=CARTESIAN_POINT('Origin',(21.8910743992347,-0.499999999999998,-17.6063360640193));
#8330=CARTESIAN_POINT('',(34.6034574994503,-1.,-10.1331596587597));
#8331=CARTESIAN_POINT('',(34.6037044636967,0.,-10.3640996343854));
#8332=CARTESIAN_POINT('',(21.840981816232,-1.,-17.5197870424875));
#8333=CARTESIAN_POINT('Origin',(23.2056918516729,-0.499999999999998,-3.68429693662599));
#8334=CARTESIAN_POINT('',(31.8017303507482,-1.,-8.5195741117373));
#8335=CARTESIAN_POINT('',(31.6018539472303,0.,-8.63525797686139));
#8336=CARTESIAN_POINT('',(23.2555992114908,-1.,-3.59764097643799));
#8337=CARTESIAN_POINT('Origin',(20.3848394097029,-0.499999999999998,-11.7767057593051));
#8338=CARTESIAN_POINT('',(34.5965425005497,-1.,-3.66684034123999));
#8339=CARTESIAN_POINT('',(31.798272851298,-1.,-5.28641445297769));
#8340=CARTESIAN_POINT('',(20.4349319927056,-1.,-11.8632547808369));
#8341=CARTESIAN_POINT('',(31.798272851298,-1.,-5.28641445297769));
#8342=CARTESIAN_POINT('',(34.5962955363033,0.,-3.435900365615));
#8343=CARTESIAN_POINT('Origin',(31.7043599655975,-0.499999999999998,-10.9786199167156));
#8344=CARTESIAN_POINT('',(31.8043599084181,-1.,-10.97851297806));
#8345=CARTESIAN_POINT('Origin',(27.5011822954612,-0.499999999999998,0.534955980735015));
#8346=CARTESIAN_POINT('',(27.4512749356434,-1.,0.448300020547021));
#8347=CARTESIAN_POINT('Origin',(31.8017303507482,0.,-8.5195741117373));
#8348=CARTESIAN_POINT('',(31.8017303507482,-3.,-8.5195741117373));
#8349=CARTESIAN_POINT('',(31.8017303507482,0.,-8.5195741117373));
#8350=CARTESIAN_POINT('',(34.6034574994503,-3.,-10.1331596587597));
#8351=CARTESIAN_POINT('',(34.6034574994503,-3.,-10.1331596587597));
#8352=CARTESIAN_POINT('',(34.6034574994503,0.,-10.1331596587597));
#8353=CARTESIAN_POINT('Origin',(31.798272851298,0.,-5.28641445297769));
#8354=CARTESIAN_POINT('',(31.798272851298,-3.,-5.28641445297769));
#8355=CARTESIAN_POINT('',(31.798272851298,0.,-5.28641445297769));
#8356=CARTESIAN_POINT('',(31.8017303507482,-3.,-8.5195741117373));
#8357=CARTESIAN_POINT('Origin',(34.5965425005497,0.,-3.66684034123999));
#8358=CARTESIAN_POINT('',(34.5965425005497,-3.,-3.66684034123999));
#8359=CARTESIAN_POINT('',(34.5965425005497,0.,-3.66684034123999));
#8360=CARTESIAN_POINT('',(31.798272851298,-3.,-5.28641445297769));
#8361=CARTESIAN_POINT('Origin',(37.3982696492517,0.,-5.28042588826269));
#8362=CARTESIAN_POINT('',(37.3982696492517,-3.,-5.28042588826269));
#8363=CARTESIAN_POINT('',(37.3982696492517,0.,-5.28042588826269));
#8364=CARTESIAN_POINT('',(34.5965425005497,-3.,-3.66684034123999));
#8365=CARTESIAN_POINT('Origin',(37.401727148702,0.,-8.5135855470223));
#8366=CARTESIAN_POINT('',(37.401727148702,-3.,-8.5135855470223));
#8367=CARTESIAN_POINT('',(37.401727148702,0.,-8.5135855470223));
#8368=CARTESIAN_POINT('',(37.3982696492517,-3.,-5.28042588826269));
#8369=CARTESIAN_POINT('Origin',(34.6034574994503,0.,-10.1331596587597));
#8370=CARTESIAN_POINT('',(37.401727148702,-3.,-8.5135855470223));
#8371=CARTESIAN_POINT('Origin',(34.6,-3.,-6.89999999999998));
#8372=CARTESIAN_POINT('',(36.3,-3.,-6.89999999999998));
#8373=CARTESIAN_POINT('Origin',(34.6,-3.,-6.89999999999998));
#8374=CARTESIAN_POINT('Origin',(34.6,0.,-6.89999999999998));
#8375=CARTESIAN_POINT('',(36.3,0.,-6.89999999999998));
#8376=CARTESIAN_POINT('Origin',(-5.,-9.7,-60.5));
#8377=CARTESIAN_POINT('',(5.,-9.7,-60.5));
#8378=CARTESIAN_POINT('',(5.,0.,-60.5));
#8379=CARTESIAN_POINT('',(-5.,-9.7,-60.5));
#8380=CARTESIAN_POINT('',(-5.,-9.7,-60.5));
#8381=CARTESIAN_POINT('',(-5.,0.,-60.5));
#8382=CARTESIAN_POINT('Origin',(-5.,-12.7,-57.5));
#8383=CARTESIAN_POINT('',(-5.,-12.7,-57.5));
#8384=CARTESIAN_POINT('',(-5.,-12.7,-57.5));
#8385=CARTESIAN_POINT('',(5.,-12.7,-57.5));
#8386=CARTESIAN_POINT('',(5.,-12.7,-57.5));
#8387=CARTESIAN_POINT('',(-5.,-12.7,-57.5));
#8388=CARTESIAN_POINT('Origin',(-5.,-12.7,-47.5));
#8389=CARTESIAN_POINT('',(-5.,-12.7,-49.));
#8390=CARTESIAN_POINT('',(-5.,-12.7,-57.5));
#8391=CARTESIAN_POINT('',(5.,-12.7,-49.));
#8392=CARTESIAN_POINT('',(5.,-12.7,-57.5));
#8393=CARTESIAN_POINT('',(-5.,-12.7,-49.));
#8394=CARTESIAN_POINT('Origin',(-5.,-12.2656854249492,-49.));
#8395=CARTESIAN_POINT('',(-5.,-10.7656854249492,-49.));
#8396=CARTESIAN_POINT('',(-5.,-6.1328427124746,-49.));
#8397=CARTESIAN_POINT('',(5.,-10.7656854249492,-49.));
#8398=CARTESIAN_POINT('',(5.,-6.1328427124746,-49.));
#8399=CARTESIAN_POINT('',(-5.,-10.7656854249492,-49.));
#8400=CARTESIAN_POINT('Origin',(-5.,-8.2656854249492,-51.5));
#8401=CARTESIAN_POINT('',(-5.,-8.2656854249492,-51.5));
#8402=CARTESIAN_POINT('',(-5.,-13.2828427124746,-46.4828427124746));
#8403=CARTESIAN_POINT('',(5.,-8.2656854249492,-51.5));
#8404=CARTESIAN_POINT('',(5.,-13.2828427124746,-46.4828427124746));
#8405=CARTESIAN_POINT('',(-5.,-8.2656854249492,-51.5));
#8406=CARTESIAN_POINT('Origin',(-5.,0.,-51.5));
#8407=CARTESIAN_POINT('',(-5.,-7.802775637732,-51.5));
#8408=CARTESIAN_POINT('',(5.,-7.802775637732,-51.5));
#8409=CARTESIAN_POINT('Origin',(-5.,0.,-23.3826511132716));
#8410=CARTESIAN_POINT('Origin',(5.,0.,-51.2));
#8411=CARTESIAN_POINT('Origin',(20.6942494583717,-0.499999999999998,-27.1124987378635));
#8412=CARTESIAN_POINT('',(37.4367258582438,-1.,-36.8703133429037));
#8413=CARTESIAN_POINT('',(37.6366022617618,0.,-36.7546294777796));
#8414=CARTESIAN_POINT('',(34.6349987095418,-1.,-35.2567277958813));
#8415=CARTESIAN_POINT('',(20.6443420985538,-1.,-27.199154698051));
#8416=CARTESIAN_POINT('',(34.6347517452953,0.,-35.0257878202556));
#8417=CARTESIAN_POINT('Origin',(37.5276506951,-0.499999999999998,-28.3839385320268));
#8418=CARTESIAN_POINT('',(37.4401833576941,-1.,-40.1034730016633));
#8419=CARTESIAN_POINT('',(37.6403067254585,0.,-40.2187291121649));
#8420=CARTESIAN_POINT('',(37.4276507522794,-1.,-28.3840454706825));
#8421=CARTESIAN_POINT('Origin',(27.256733420842,-0.499999999999998,-39.4115565856911));
#8422=CARTESIAN_POINT('',(31.83672906029,-1.,-36.8763019076187));
#8423=CARTESIAN_POINT('',(27.3068260038448,-1.,-39.498105607223));
#8424=CARTESIAN_POINT('',(31.83672906029,-1.,-36.8763019076187));
#8425=CARTESIAN_POINT('Origin',(28.7629684103739,-0.499999999999998,-45.2411868904054));
#8426=CARTESIAN_POINT('',(34.6419137084423,-1.,-41.7230471134007));
#8427=CARTESIAN_POINT('',(34.6421606726888,0.,-41.9539870890264));
#8428=CARTESIAN_POINT('',(28.7128758273712,-1.,-45.1546378688736));
#8429=CARTESIAN_POINT('Origin',(16.3987590145835,-0.499999999999998,-31.3317516552243));
#8430=CARTESIAN_POINT('',(31.8401865597403,-1.,-40.1094615663783));
#8431=CARTESIAN_POINT('',(31.6403101562223,0.,-40.2251454315025));
#8432=CARTESIAN_POINT('',(16.4486663744013,-1.,-31.2450956950368));
#8433=CARTESIAN_POINT('Origin',(31.7259252617799,-0.499999999999998,-26.7735611446733));
#8434=CARTESIAN_POINT('',(31.8259252046005,-1.,-26.7734542060177));
#8435=CARTESIAN_POINT('Origin',(31.83672906029,0.,-36.8763019076187));
#8436=CARTESIAN_POINT('',(31.83672906029,-3.,-36.8763019076187));
#8437=CARTESIAN_POINT('',(31.83672906029,0.,-36.8763019076187));
#8438=CARTESIAN_POINT('',(31.8401865597403,-3.,-40.1094615663783));
#8439=CARTESIAN_POINT('',(31.8401865597403,-3.,-40.1094615663783));
#8440=CARTESIAN_POINT('',(31.8401865597403,0.,-40.1094615663783));
#8441=CARTESIAN_POINT('Origin',(34.6349987095418,0.,-35.2567277958813));
#8442=CARTESIAN_POINT('',(34.6349987095418,-3.,-35.2567277958813));
#8443=CARTESIAN_POINT('',(34.6349987095418,0.,-35.2567277958813));
#8444=CARTESIAN_POINT('',(31.83672906029,-3.,-36.8763019076187));
#8445=CARTESIAN_POINT('Origin',(37.4367258582438,0.,-36.8703133429037));
#8446=CARTESIAN_POINT('',(37.4367258582438,-3.,-36.8703133429037));
#8447=CARTESIAN_POINT('',(37.4367258582438,0.,-36.8703133429037));
#8448=CARTESIAN_POINT('',(34.6349987095418,-3.,-35.2567277958813));
#8449=CARTESIAN_POINT('Origin',(-10.3457737334338,-0.499999999999998,-12.5690976811456));
#8450=CARTESIAN_POINT('',(-23.2017303507482,-1.,-5.28042588826269));
#8451=CARTESIAN_POINT('',(-23.0018539472303,0.,-5.16474202313859));
#8452=CARTESIAN_POINT('',(-26.0034574994503,-1.,-3.66684034123999));
#8453=CARTESIAN_POINT('',(-10.3956810932517,-1.,-12.655753641333));
#8454=CARTESIAN_POINT('',(-26.0037044636967,0.,-3.435900365615));
#8455=CARTESIAN_POINT('Origin',(-16.012004222575,-0.499999999999998,-4.46988000801199));
#8456=CARTESIAN_POINT('',(-25.9965425005497,-1.,-10.1331596587597));
#8457=CARTESIAN_POINT('',(-25.9962955363033,0.,-10.3640996343854));
#8458=CARTESIAN_POINT('',(-23.198272851298,-1.,-8.5135855470223));
#8459=CARTESIAN_POINT('',(-16.0620968055777,-1.,-4.38333098648009));
#8460=CARTESIAN_POINT('',(-23.198272851298,-1.,-8.5135855470223));
#8461=CARTESIAN_POINT('Origin',(-14.6412641772221,-0.499999999999998,-16.7883505985063));
#8462=CARTESIAN_POINT('',(-28.7982696492518,-1.,-8.5195741117373));
#8463=CARTESIAN_POINT('',(-28.9981460527697,0.,-8.63525797686149));
#8464=CARTESIAN_POINT('',(-14.5913568174042,-1.,-16.7016946383188));
#8465=CARTESIAN_POINT('Origin',(-28.895605383698,-0.499999999999998,-11.0110223108426));
#8466=CARTESIAN_POINT('',(-28.801727148702,-1.,-5.28641445297769));
#8467=CARTESIAN_POINT('',(-28.7956054408774,-1.,-11.0109153721869));
#8468=CARTESIAN_POINT('',(-29.0018505164665,0.,-5.17115834247608));
#8469=CARTESIAN_POINT('Origin',(-17.5182392121068,-0.499999999999998,1.359750296702));
#8470=CARTESIAN_POINT('',(-17.4681466291041,-1.,1.27320127517102));
#8471=CARTESIAN_POINT('Origin',(-23.0938799503779,-0.499999999999998,-12.6213996981961));
#8472=CARTESIAN_POINT('',(-23.1938798931985,-1.,-12.6215066368518));
#8473=CARTESIAN_POINT('Origin',(-23.2017303507482,0.,-5.28042588826269));
#8474=CARTESIAN_POINT('',(-23.2017303507482,-3.,-5.28042588826269));
#8475=CARTESIAN_POINT('',(-23.2017303507482,0.,-5.28042588826269));
#8476=CARTESIAN_POINT('',(-26.0034574994503,-3.,-3.66684034123999));
#8477=CARTESIAN_POINT('',(-26.0034574994503,-3.,-3.66684034123999));
#8478=CARTESIAN_POINT('',(-26.0034574994503,0.,-3.66684034123999));
#8479=CARTESIAN_POINT('Origin',(-23.198272851298,0.,-8.5135855470223));
#8480=CARTESIAN_POINT('',(-23.198272851298,-3.,-8.5135855470223));
#8481=CARTESIAN_POINT('',(-23.198272851298,0.,-8.5135855470223));
#8482=CARTESIAN_POINT('',(-23.2017303507482,-3.,-5.28042588826269));
#8483=CARTESIAN_POINT('Origin',(-25.9965425005497,0.,-10.1331596587597));
#8484=CARTESIAN_POINT('',(-25.9965425005497,-3.,-10.1331596587597));
#8485=CARTESIAN_POINT('',(-25.9965425005497,0.,-10.1331596587597));
#8486=CARTESIAN_POINT('',(-23.198272851298,-3.,-8.5135855470223));
#8487=CARTESIAN_POINT('Origin',(-28.7982696492518,0.,-8.5195741117373));
#8488=CARTESIAN_POINT('',(-28.7982696492518,-3.,-8.5195741117373));
#8489=CARTESIAN_POINT('',(-28.7982696492518,0.,-8.5195741117373));
#8490=CARTESIAN_POINT('',(-25.9965425005497,-3.,-10.1331596587597));
#8491=CARTESIAN_POINT('Origin',(-28.801727148702,0.,-5.28641445297769));
#8492=CARTESIAN_POINT('',(-28.801727148702,-3.,-5.28641445297769));
#8493=CARTESIAN_POINT('',(-28.801727148702,0.,-5.28641445297769));
#8494=CARTESIAN_POINT('',(-28.7982696492518,-3.,-8.5195741117373));
#8495=CARTESIAN_POINT('Origin',(-26.0034574994503,0.,-3.66684034123999));
#8496=CARTESIAN_POINT('',(-28.801727148702,-3.,-5.28641445297769));
#8497=CARTESIAN_POINT('Origin',(-26.,-3.,-6.89999999999998));
#8498=CARTESIAN_POINT('',(-24.3,-3.,-6.89999999999998));
#8499=CARTESIAN_POINT('Origin',(-26.,-3.,-6.89999999999998));
#8500=CARTESIAN_POINT('Origin',(37.4401833576941,0.,-40.1034730016633));
#8501=CARTESIAN_POINT('',(37.4401833576941,-3.,-40.1034730016633));
#8502=CARTESIAN_POINT('',(37.4401833576941,0.,-40.1034730016633));
#8503=CARTESIAN_POINT('',(37.4367258582438,-3.,-36.8703133429037));
#8504=CARTESIAN_POINT('Origin',(34.6419137084423,0.,-41.7230471134007));
#8505=CARTESIAN_POINT('',(34.6419137084423,-3.,-41.7230471134007));
#8506=CARTESIAN_POINT('',(34.6419137084423,0.,-41.7230471134007));
#8507=CARTESIAN_POINT('',(37.4401833576941,-3.,-40.1034730016633));
#8508=CARTESIAN_POINT('Origin',(31.8401865597403,0.,-40.1094615663783));
#8509=CARTESIAN_POINT('',(34.6419137084423,-3.,-41.7230471134007));
#8510=CARTESIAN_POINT('Origin',(34.6384562089921,-3.,-38.489887454641));
#8511=CARTESIAN_POINT('',(36.357644427449,-3.,-38.5));
#8512=CARTESIAN_POINT('Origin',(34.657644427449,-3.,-38.5));
#8513=CARTESIAN_POINT('Origin',(-26.,-6.,-6.89999999999998));
#8514=CARTESIAN_POINT('',(-24.3,-6.,-6.89999999999998));
#8515=CARTESIAN_POINT('Origin',(34.657644427449,-6.,-38.5));
#8516=CARTESIAN_POINT('',(36.357644427449,-6.,-38.5));
#8517=CARTESIAN_POINT('Origin',(-30.8,-6.,-9.6712812921102));
#8518=CARTESIAN_POINT('',(141.135581975424,39.3914017334935,-32.8636798240322));
#8519=CARTESIAN_POINT('',(0.,0.,0.));
#8520=UNCERTAINTY_MEASURE_WITH_UNIT(LENGTH_MEASURE(0.01),#8542,
'DISTANCE_ACCURACY_VALUE',
'Maximum model space distance between geometric entities at asserted c
onnectivities');
#8521=UNCERTAINTY_MEASURE_WITH_UNIT(LENGTH_MEASURE(0.01),#8542,
'DISTANCE_ACCURACY_VALUE',
'Maximum model space distance between geometric entities at asserted c
onnectivities');
#8522=UNCERTAINTY_MEASURE_WITH_UNIT(LENGTH_MEASURE(0.01),#8542,
'DISTANCE_ACCURACY_VALUE',
'Maximum model space distance between geometric entities at asserted c
onnectivities');
#8523=UNCERTAINTY_MEASURE_WITH_UNIT(LENGTH_MEASURE(0.01),#8542,
'DISTANCE_ACCURACY_VALUE',
'Maximum model space distance between geometric entities at asserted c
onnectivities');
#8524=UNCERTAINTY_MEASURE_WITH_UNIT(LENGTH_MEASURE(0.01),#8542,
'DISTANCE_ACCURACY_VALUE',
'Maximum model space distance between geometric entities at asserted c
onnectivities');
#8525=UNCERTAINTY_MEASURE_WITH_UNIT(LENGTH_MEASURE(0.01),#8542,
'DISTANCE_ACCURACY_VALUE',
'Maximum model space distance between geometric entities at asserted c
onnectivities');
#8526=UNCERTAINTY_MEASURE_WITH_UNIT(LENGTH_MEASURE(0.01),#8542,
'DISTANCE_ACCURACY_VALUE',
'Maximum model space distance between geometric entities at asserted c
onnectivities');
#8527=UNCERTAINTY_MEASURE_WITH_UNIT(LENGTH_MEASURE(0.01),#8542,
'DISTANCE_ACCURACY_VALUE',
'Maximum model space distance between geometric entities at asserted c
onnectivities');
#8528=UNCERTAINTY_MEASURE_WITH_UNIT(LENGTH_MEASURE(0.01),#8542,
'DISTANCE_ACCURACY_VALUE',
'Maximum model space distance between geometric entities at asserted c
onnectivities');
#8529=UNCERTAINTY_MEASURE_WITH_UNIT(LENGTH_MEASURE(0.01),#8542,
'DISTANCE_ACCURACY_VALUE',
'Maximum model space distance between geometric entities at asserted c
onnectivities');
#8530=UNCERTAINTY_MEASURE_WITH_UNIT(LENGTH_MEASURE(0.01),#8542,
'DISTANCE_ACCURACY_VALUE',
'Maximum model space distance between geometric entities at asserted c
onnectivities');
#8531=(
GEOMETRIC_REPRESENTATION_CONTEXT(3)
GLOBAL_UNCERTAINTY_ASSIGNED_CONTEXT((#8520))
GLOBAL_UNIT_ASSIGNED_CONTEXT((#8542,#8544,#8545))
REPRESENTATION_CONTEXT('','3D')
);
#8532=(
GEOMETRIC_REPRESENTATION_CONTEXT(3)
GLOBAL_UNCERTAINTY_ASSIGNED_CONTEXT((#8521))
GLOBAL_UNIT_ASSIGNED_CONTEXT((#8542,#8544,#8545))
REPRESENTATION_CONTEXT('','3D')
);
#8533=(
GEOMETRIC_REPRESENTATION_CONTEXT(3)
GLOBAL_UNCERTAINTY_ASSIGNED_CONTEXT((#8522))
GLOBAL_UNIT_ASSIGNED_CONTEXT((#8542,#8544,#8545))
REPRESENTATION_CONTEXT('','3D')
);
#8534=(
GEOMETRIC_REPRESENTATION_CONTEXT(3)
GLOBAL_UNCERTAINTY_ASSIGNED_CONTEXT((#8523))
GLOBAL_UNIT_ASSIGNED_CONTEXT((#8542,#8544,#8545))
REPRESENTATION_CONTEXT('','3D')
);
#8535=(
GEOMETRIC_REPRESENTATION_CONTEXT(3)
GLOBAL_UNCERTAINTY_ASSIGNED_CONTEXT((#8524))
GLOBAL_UNIT_ASSIGNED_CONTEXT((#8542,#8544,#8545))
REPRESENTATION_CONTEXT('','3D')
);
#8536=(
GEOMETRIC_REPRESENTATION_CONTEXT(3)
GLOBAL_UNCERTAINTY_ASSIGNED_CONTEXT((#8525))
GLOBAL_UNIT_ASSIGNED_CONTEXT((#8542,#8544,#8545))
REPRESENTATION_CONTEXT('','3D')
);
#8537=(
GEOMETRIC_REPRESENTATION_CONTEXT(3)
GLOBAL_UNCERTAINTY_ASSIGNED_CONTEXT((#8526))
GLOBAL_UNIT_ASSIGNED_CONTEXT((#8542,#8544,#8545))
REPRESENTATION_CONTEXT('','3D')
);
#8538=(
GEOMETRIC_REPRESENTATION_CONTEXT(3)
GLOBAL_UNCERTAINTY_ASSIGNED_CONTEXT((#8527))
GLOBAL_UNIT_ASSIGNED_CONTEXT((#8542,#8544,#8545))
REPRESENTATION_CONTEXT('','3D')
);
#8539=(
GEOMETRIC_REPRESENTATION_CONTEXT(3)
GLOBAL_UNCERTAINTY_ASSIGNED_CONTEXT((#8528))
GLOBAL_UNIT_ASSIGNED_CONTEXT((#8542,#8544,#8545))
REPRESENTATION_CONTEXT('','3D')
);
#8540=(
GEOMETRIC_REPRESENTATION_CONTEXT(3)
GLOBAL_UNCERTAINTY_ASSIGNED_CONTEXT((#8529))
GLOBAL_UNIT_ASSIGNED_CONTEXT((#8542,#8544,#8545))
REPRESENTATION_CONTEXT('','3D')
);
#8541=(
GEOMETRIC_REPRESENTATION_CONTEXT(3)
GLOBAL_UNCERTAINTY_ASSIGNED_CONTEXT((#8530))
GLOBAL_UNIT_ASSIGNED_CONTEXT((#8542,#8544,#8545))
REPRESENTATION_CONTEXT('','3D')
);
#8542=(
LENGTH_UNIT()
NAMED_UNIT(*)
SI_UNIT(.MILLI.,.METRE.)
);
#8543=(
LENGTH_UNIT()
NAMED_UNIT(*)
SI_UNIT($,.METRE.)
);
#8544=(
NAMED_UNIT(*)
PLANE_ANGLE_UNIT()
SI_UNIT($,.RADIAN.)
);
#8545=(
NAMED_UNIT(*)
SI_UNIT($,.STERADIAN.)
SOLID_ANGLE_UNIT()
);
#8546=SHAPE_DEFINITION_REPRESENTATION(#8556,#8582);
#8547=SHAPE_DEFINITION_REPRESENTATION(#8557,#8583);
#8548=SHAPE_DEFINITION_REPRESENTATION(#8558,#8584);
#8549=SHAPE_DEFINITION_REPRESENTATION(#8559,#8585);
#8550=SHAPE_DEFINITION_REPRESENTATION(#8560,#8586);
#8551=SHAPE_DEFINITION_REPRESENTATION(#8561,#8587);
#8552=SHAPE_DEFINITION_REPRESENTATION(#8562,#8588);
#8553=SHAPE_DEFINITION_REPRESENTATION(#8563,#8589);
#8554=SHAPE_DEFINITION_REPRESENTATION(#8564,#8590);
#8555=SHAPE_DEFINITION_REPRESENTATION(#8579,#8591);
#8556=PRODUCT_DEFINITION_SHAPE('',$,#8593);
#8557=PRODUCT_DEFINITION_SHAPE('',$,#8594);
#8558=PRODUCT_DEFINITION_SHAPE('',$,#8595);
#8559=PRODUCT_DEFINITION_SHAPE('',$,#8596);
#8560=PRODUCT_DEFINITION_SHAPE('',$,#8597);
#8561=PRODUCT_DEFINITION_SHAPE('',$,#8598);
#8562=PRODUCT_DEFINITION_SHAPE('',$,#8599);
#8563=PRODUCT_DEFINITION_SHAPE('',$,#8600);
#8564=PRODUCT_DEFINITION_SHAPE('',$,#8601);
#8565=PRODUCT_DEFINITION_SHAPE($,$,#59);
#8566=PRODUCT_DEFINITION_SHAPE($,$,#60);
#8567=PRODUCT_DEFINITION_SHAPE($,$,#61);
#8568=PRODUCT_DEFINITION_SHAPE($,$,#62);
#8569=PRODUCT_DEFINITION_SHAPE($,$,#63);
#8570=PRODUCT_DEFINITION_SHAPE($,$,#64);
#8571=PRODUCT_DEFINITION_SHAPE($,$,#65);
#8572=PRODUCT_DEFINITION_SHAPE($,$,#66);
#8573=PRODUCT_DEFINITION_SHAPE($,$,#67);
#8574=PRODUCT_DEFINITION_SHAPE($,$,#68);
#8575=PRODUCT_DEFINITION_SHAPE($,$,#69);
#8576=PRODUCT_DEFINITION_SHAPE($,$,#70);
#8577=PRODUCT_DEFINITION_SHAPE($,$,#71);
#8578=PRODUCT_DEFINITION_SHAPE($,$,#72);
#8579=PRODUCT_DEFINITION_SHAPE('',$,#8602);
#8580=PRODUCT_DEFINITION_SHAPE($,$,#73);
#8581=PRODUCT_DEFINITION_SHAPE($,$,#74);
#8582=SHAPE_REPRESENTATION('',(#5042,#5531,#5532),#8531);
#8583=SHAPE_REPRESENTATION('',(#5043,#5324),#8532);
#8584=SHAPE_REPRESENTATION('',(#5044,#5311,#5312,#5313,#5314,#5315,#5316,
#5317,#5318,#5319,#5320,#5321,#5322,#5323),#8533);
#8585=SHAPE_REPRESENTATION('',(#5045),#8534);
#8586=SHAPE_REPRESENTATION('',(#5145),#8535);
#8587=SHAPE_REPRESENTATION('',(#5168),#8536);
#8588=SHAPE_REPRESENTATION('',(#5218),#8537);
#8589=SHAPE_REPRESENTATION('',(#5231),#8538);
#8590=SHAPE_REPRESENTATION('',(#5270),#8539);
#8591=SHAPE_REPRESENTATION('',(#5325),#8540);
#8592=PRODUCT_DEFINITION_CONTEXT('part definition',#8624,'design');
#8593=PRODUCT_DEFINITION('\X2\04200430043C0430\X0\',
'Ender3Pro printer mounting plate_ v23',#8603,#8592);
#8594=PRODUCT_DEFINITION('\X2\04110430043B043A0430\X0\_\X2\043E04410438\X0\_
Z_\X2\0432\X0\_\X2\04410431043E04400435\X0\','Ender 3 x carriage',#8604,
#8592);
#8595=PRODUCT_DEFINITION('\X2\042D043A0441044204400443043404350440\X0\_
\X2\0432\X0\_\X2\04410431043E04400435\X0\','Ender 3 x carriage (1)',#8605,
#8592);
#8596=PRODUCT_DEFINITION('\X2\041E0441043D043E04320430043D04380435\X0\_
3','Mounting plate',#8606,#8592);
#8597=PRODUCT_DEFINITION('\X2\042D043A044104460435043D044204400438043A\X0\',
'wheel tensioner',#8607,#8592);
#8598=PRODUCT_DEFINITION('\X2\04120438043D0442\X0\_1','M5x30',#8608,#8592);
#8599=PRODUCT_DEFINITION('\X2\04140438044104420430043D04460438043E043D043D0430044F\X0\_
\X2\043204420443043B043A0430\X0\','wheel standoff',#8609,#8592);
#8600=PRODUCT_DEFINITION('\X2\0420043E043B0438043A\X0\_1',
'rubber wheel',#8610,#8592);
#8601=PRODUCT_DEFINITION('AS 1112 - M5  \X2\04220438043F\X0\ 5',
'm5 nut',#8611,#8592);
#8602=PRODUCT_DEFINITION('GB printhead V3','Mounting plate base v1',#8612,
#8592);
#8603=PRODUCT_DEFINITION_FORMATION('',$,#8626);
#8604=PRODUCT_DEFINITION_FORMATION('',$,#8627);
#8605=PRODUCT_DEFINITION_FORMATION('',$,#8628);
#8606=PRODUCT_DEFINITION_FORMATION('',$,#8629);
#8607=PRODUCT_DEFINITION_FORMATION('',$,#8630);
#8608=PRODUCT_DEFINITION_FORMATION('',$,#8631);
#8609=PRODUCT_DEFINITION_FORMATION('',$,#8632);
#8610=PRODUCT_DEFINITION_FORMATION('',$,#8633);
#8611=PRODUCT_DEFINITION_FORMATION('',$,#8634);
#8612=PRODUCT_DEFINITION_FORMATION('',$,#8635);
#8613=PRODUCT_RELATED_PRODUCT_CATEGORY(
'Ender3Pro printer mounting plate_ v23',
'Ender3Pro printer mounting plate_ v23',(#8626));
#8614=PRODUCT_RELATED_PRODUCT_CATEGORY('Ender 3 x carriage',
'Ender 3 x carriage',(#8627));
#8615=PRODUCT_RELATED_PRODUCT_CATEGORY('Ender 3 x carriage (1)',
'Ender 3 x carriage (1)',(#8628));
#8616=PRODUCT_RELATED_PRODUCT_CATEGORY('Mounting plate',
'Mounting plate',(#8629));
#8617=PRODUCT_RELATED_PRODUCT_CATEGORY('wheel tensioner',
'wheel tensioner',(#8630));
#8618=PRODUCT_RELATED_PRODUCT_CATEGORY('M5x30','M5x30',(#8631));
#8619=PRODUCT_RELATED_PRODUCT_CATEGORY('wheel standoff',
'wheel standoff',(#8632));
#8620=PRODUCT_RELATED_PRODUCT_CATEGORY('rubber wheel','rubber wheel',(#8633));
#8621=PRODUCT_RELATED_PRODUCT_CATEGORY('m5 nut','m5 nut',(#8634));
#8622=PRODUCT_RELATED_PRODUCT_CATEGORY('Mounting plate base v1',
'Mounting plate base v1',(#8635));
#8623=APPLICATION_PROTOCOL_DEFINITION('international standard',
'automotive_design',2009,#8624);
#8624=APPLICATION_CONTEXT(
'Core Data for Automotive Mechanical Design Process');
#8625=PRODUCT_CONTEXT('part definition',#8624,'mechanical');
#8626=PRODUCT('\X2\04200430043C0430\X0\',
'Ender3Pro printer mounting plate_ v23',$,(#8625));
#8627=PRODUCT('\X2\04110430043B043A0430\X0\_\X2\043E04410438\X0\_Z_\X2\0432\X0\_
\X2\04410431043E04400435\X0\','Ender 3 x carriage',$,(#8625));
#8628=PRODUCT('\X2\042D043A0441044204400443043404350440\X0\_\X2\0432\X0\_
\X2\04410431043E04400435\X0\','Ender 3 x carriage (1)',$,(#8625));
#8629=PRODUCT('\X2\041E0441043D043E04320430043D04380435\X0\_3',
'Mounting plate',$,(#8625));
#8630=PRODUCT('\X2\042D043A044104460435043D044204400438043A\X0\',
'wheel tensioner',$,(#8625));
#8631=PRODUCT('\X2\04120438043D0442\X0\_1','M5x30',$,(#8625));
#8632=PRODUCT('\X2\04140438044104420430043D04460438043E043D043D0430044F\X0\_
\X2\043204420443043B043A0430\X0\','wheel standoff',$,(#8625));
#8633=PRODUCT('\X2\0420043E043B0438043A\X0\_1','rubber wheel',$,(#8625));
#8634=PRODUCT('AS 1112 - M5  \X2\04220438043F\X0\ 5','m5 nut',
'\X2\041304300439043A0438\X0\ \X2\04480435044104420438043304400430043D043D044B0435\X0\ 
\X2\043C0435044204400438044704350441043A04380435\X0\ ISO, \X2\0432043A043B044E04470430044F\X0\ 
\X2\043304300439043A0438\X0\ \X2\043D04380437043A04380435\X0\, \X2\043A043E0440043E043D044704300442044B0435\X0\',
(#8625));
#8635=PRODUCT('GB printhead V3','Mounting plate base v1',$,(#8625));
#8636=PRESENTATION_STYLE_ASSIGNMENT((#8643));
#8637=PRESENTATION_STYLE_ASSIGNMENT((#8644));
#8638=PRESENTATION_STYLE_ASSIGNMENT((#8645));
#8639=PRESENTATION_STYLE_ASSIGNMENT((#8646));
#8640=PRESENTATION_STYLE_ASSIGNMENT((#8647));
#8641=PRESENTATION_STYLE_ASSIGNMENT((#8648));
#8642=PRESENTATION_STYLE_ASSIGNMENT((#8649));
#8643=SURFACE_STYLE_USAGE(.BOTH.,#8650);
#8644=SURFACE_STYLE_USAGE(.BOTH.,#8651);
#8645=SURFACE_STYLE_USAGE(.BOTH.,#8652);
#8646=SURFACE_STYLE_USAGE(.BOTH.,#8653);
#8647=SURFACE_STYLE_USAGE(.BOTH.,#8654);
#8648=SURFACE_STYLE_USAGE(.BOTH.,#8655);
#8649=SURFACE_STYLE_USAGE(.BOTH.,#8656);
#8650=SURFACE_SIDE_STYLE('',(#8657));
#8651=SURFACE_SIDE_STYLE('',(#8658));
#8652=SURFACE_SIDE_STYLE('',(#8659));
#8653=SURFACE_SIDE_STYLE('',(#8660));
#8654=SURFACE_SIDE_STYLE('',(#8661));
#8655=SURFACE_SIDE_STYLE('',(#8662));
#8656=SURFACE_SIDE_STYLE('',(#8663));
#8657=SURFACE_STYLE_FILL_AREA(#8664);
#8658=SURFACE_STYLE_FILL_AREA(#8665);
#8659=SURFACE_STYLE_FILL_AREA(#8666);
#8660=SURFACE_STYLE_FILL_AREA(#8667);
#8661=SURFACE_STYLE_FILL_AREA(#8668);
#8662=SURFACE_STYLE_FILL_AREA(#8669);
#8663=SURFACE_STYLE_FILL_AREA(#8670);
#8664=FILL_AREA_STYLE('Stahl - satiniert',(#8671));
#8665=FILL_AREA_STYLE('Opaque(160,160,160)',(#8672));
#8666=FILL_AREA_STYLE('Opaque(190,188,186)',(#8673));
#8667=FILL_AREA_STYLE('Opaque(254,254,255)',(#8674));
#8668=FILL_AREA_STYLE('Opaque(191,191,191)',(#8675));
#8669=FILL_AREA_STYLE('Opaque(244,244,244)',(#8676));
#8670=FILL_AREA_STYLE('Opaque(10,10,10)',(#8677));
#8671=FILL_AREA_STYLE_COLOUR('Stahl - satiniert',#8678);
#8672=FILL_AREA_STYLE_COLOUR('Opaque(160,160,160)',#8679);
#8673=FILL_AREA_STYLE_COLOUR('Opaque(190,188,186)',#8680);
#8674=FILL_AREA_STYLE_COLOUR('Opaque(254,254,255)',#8681);
#8675=FILL_AREA_STYLE_COLOUR('Opaque(191,191,191)',#8682);
#8676=FILL_AREA_STYLE_COLOUR('Opaque(244,244,244)',#8683);
#8677=FILL_AREA_STYLE_COLOUR('Opaque(10,10,10)',#8684);
#8678=COLOUR_RGB('Stahl - satiniert',0.627450980392157,0.627450980392157,
0.627450980392157);
#8679=COLOUR_RGB('Opaque(160,160,160)',0.627450980392157,0.627450980392157,
0.627450980392157);
#8680=COLOUR_RGB('Opaque(190,188,186)',0.745098039215686,0.737254901960784,
0.729411764705882);
#8681=COLOUR_RGB('Opaque(254,254,255)',0.996078431372549,0.996078431372549,
1.);
#8682=COLOUR_RGB('Opaque(191,191,191)',0.749019607843137,0.749019607843137,
0.749019607843137);
#8683=COLOUR_RGB('Opaque(244,244,244)',0.956862745098039,0.956862745098039,
0.956862745098039);
#8684=COLOUR_RGB('Opaque(10,10,10)',0.0392156862745098,0.0392156862745098,
0.0392156862745098);
ENDSEC;
END-ISO-10303-21;
